0.01006,0
0.03072,0
0.02346,0
0.01750,0
0.02445,0
0.03234,0
0.11928,0
0.09997,0
0.06372,0
0.06037,0
0.06888,0
0.10072,0
0.00808,0
0.02135,0
0.02967,0
0.02927,0
0.03997,0
0.04534,0
0.01837,0
0.02985,0
0.03461,0
0.01902,0
0.02482,0
0.02900,0
0.03080,0
0.03012,1
0.06540,1
0.08217,1
0.07925,1
0.08435,1
0.09498,1
0.09874,1
0.11476,1
0.12207,0
0.08920,0
0.05459,0
0.05327,0
0.07668,0
0.08829,0
0.00808,0
0.01735,0
0.03606,0
0.04859,0
0.03992,0
0.04560,0
0.04550,0
0.01006,0
0.03072,0
0.04560,0
0.04618,0
0.04722,0
0.04815,0
0.03588,0
0.03841,0
0.05441,0
0.04711,0
0.04825,0
0.04548,0
0.04300,0
0.00808,0
0.01952,0
0.02129,0
0.01610,0
0.02375,0
0.03231,0
0.10643,0
0.09216,0
0.06682,0
0.05349,0
0.04621,0
0.04954,0
0.06312,0
0.01837,0
0.02995,0
0.02755,0
0.01636,0
0.02890,0
0.03880,0
0.00808,0
0.02889,0
0.02185,0
0.01716,0
0.02340,0
0.02781,0
0.00808,0
0.02547,0
0.02901,0
0.01506,0
0.02414,0
0.03122,0
0.03264,0
0.00808,0
0.01735,0
0.02438,0
0.01136,0
0.02111,0
0.02945,0
0.03213,0
0.01837,0
0.02900,0
0.05932,0
0.06408,0
0.06027,0
0.06866,0
0.07068,0
0.12694,0
0.15479,0
0.11618,0
0.09892,0
0.08953,0
0.08339,0
0.08884,0
0.11442,0
0.08984,0
0.07506,0
0.06770,0
0.05973,0
0.05207,0
0.05387,0
0.01837,0
0.03827,0
0.02482,0
0.02665,0
0.03529,0
0.04143,0
0.00808,0
0.02547,0
0.02901,0
0.01506,0
0.02231,0
0.03209,0
0.03538,0
0.09374,0
0.09109,0
0.06739,0
0.06258,0
0.05799,0
0.05054,0
0.05212,0
0.05220,1
0.06805,1
0.07015,1
0.05650,1
0.05284,1
0.05448,1
0.12932,0
0.08099,0
0.06233,0
0.04798,0
0.04924,0
0.06413,0
0.10197,0
0.09622,0
0.07417,0
0.04973,0
0.04212,0
0.04568,0
0.04385,0
0.04541,0
0.11005,0
0.09068,0
0.06535,0
0.06313,0
0.08560,0
0.10536,0
0.12669,1
0.09600,1
0.10036,1
0.11813,1
0.11541,1
0.10733,1
0.09668,1
0.09622,0
0.07417,0
0.04973,0
0.03507,0
0.03409,0
0.03442,0
0.03864,0
0.15640,0
0.12150,0
0.08809,0
0.06713,0
0.06501,0
0.08706,0
0.09756,0
0.06426,0
0.05436,0
0.05819,0
0.11171,0
0.10754,0
0.09513,0
0.06107,0
0.06305,0
0.09917,0
0.11910,0
0.10121,0
0.08422,0
0.06078,0
0.04626,0
0.03915,0
0.04327,0
0.05368,0
0.11771,0
0.06028,0
0.05116,0
0.04985,0
0.04369,0
0.03897,0
0.04772,0
0.00808,0
0.03208,0
0.02355,0
0.02102,0
0.03490,0
0.04051,0
0.03588,0
0.06148,0
0.08377,0
0.06025,0
0.05302,0
0.26804,0
0.17459,0
0.12151,0
0.09373,0
0.07994,0
0.07763,0
0.07982,0
0.07515,0
0.06307,0
0.05649,0
0.07154,0
0.08731,0
0.08772,0
0.09725,0
0.07002,0
0.04783,0
0.05330,0
0.06176,0
0.07650,0
0.08906,0
0.12434,0
0.11814,0
0.08402,0
0.08012,0
0.08032,0
0.07230,0
0.07740,0
0.02894,0
0.04935,0
0.05326,0
0.03934,0
0.03614,0
0.06775,0
0.06659,0
0.10628,0
0.13169,0
0.13077,0
0.00808,0
0.01797,0
0.03575,0
0.06115,0
0.05802,0
0.06431,0
0.07134,0
0.01006,0
0.01906,0
0.02581,0
0.01204,0
0.02032,0
0.02569,0
0.03082,0
0.00808,0
0.01952,0
0.02129,0
0.02060,0
0.02546,0
0.03755,0
0.12095,0
0.14259,0
0.11430,0
0.10611,0
0.10096,0
0.09279,0
0.09456,0
0.17239,0
0.12123,0
0.09557,0
0.07991,0
0.12336,1
0.12343,1
0.12118,1
0.12650,1
0.01837,0
0.03827,0
0.02482,0
0.02389,0
0.02946,0
0.03266,0
0.01006,0
0.03112,0
0.04898,0
0.03381,0
0.02786,0
0.02802,0
0.03579,0
0.12234,0
0.06657,0
0.04654,0
0.04184,0
0.04560,0
0.04789,0
0.07813,0
0.03012,0
0.05866,0
0.07132,0
0.07365,0
0.06757,0
0.01837,0
0.02562,0
0.04108,0
0.04352,0
0.04052,0
0.04400,0
0.05467,0
0.03044,0
0.03904,0
0.01914,0
0.01799,0
0.01939,0
0.09410,0
0.16337,0
0.12539,0
0.09971,0
0.08898,0
0.00808,0
0.01735,0
0.03384,0
0.04422,0
0.03991,0
0.04244,0
0.04945,0
0.01006,0
0.04630,0
0.04622,0
0.06476,0
0.05709,0
0.06242,0
0.06481,0
0.00808,0
0.02889,0
0.04428,0
0.04153,1
0.08572,1
0.07333,1
0.08846,1
0.09187,1
0.01837,0
0.02442,0
0.04315,0
0.04880,0
0.04920,0
0.05578,0
0.05553,0
0.14570,0
0.10846,0
0.08671,0
0.06617,0
0.06511,0
0.07463,0
0.11024,0
0.03588,0
0.03556,0
0.04943,0
0.06382,0
0.07203,0
0.07846,0
0.08179,0
0.01837,0
0.02442,0
0.03970,0
0.04302,0
0.03764,0
0.04352,0
0.04398,0
0.00808,0
0.02950,0
0.04478,0
0.03001,0
0.02660,0
0.03219,0
0.04020,0
0.09622,0
0.07417,0
0.04973,0
0.03507,0
0.03111,0
0.03222,0
0.03636,0
0.00808,0
0.01735,0
0.02438,0
0.01136,0
0.01963,0
0.03055,0
0.03414,0
0.01837,0
0.02995,0
0.03307,0
0.02344,0
0.03227,0
0.04442,0
0.08343,0
0.07773,0
0.08761,0
0.07790,0
0.07263,0
0.06919,0
0.06196,0
0.05475,0
0.05596,0
0.05093,0
0.06164,0
0.07395,0
0.19633,0
0.11335,0
0.08072,0
0.06782,0
0.07053,0
0.01837,0
0.03986,0
0.02946,0
0.02367,0
0.03374,0
0.04026,0
0.03012,0
0.03313,0
0.04358,0
0.04286,0
0.05422,0
0.04931,0
0.04484,0
0.08697,0
0.07524,0
0.06080,0
0.06260,0
0.06056,0
0.06026,0
0.12393,0
0.08829,0
0.05878,0
0.04257,0
0.04006,0
0.05062,0
0.06902,0
0.01837,0
0.03827,0
0.03191,0
0.03095,0
0.03449,0
0.03913,0
0.01837,0
0.02700,0
0.02606,0
0.01992,0
0.02607,0
0.03619,0
0.03012,0
0.03313,0
0.04322,0
0.05504,0
0.06378,0
0.05600,0
0.05000,0
0.08697,0
0.08898,0
0.07799,0
0.07306,0
0.07279,0
0.07133,0
0.11928,0
0.09997,0
0.06372,0
0.06426,0
0.08399,0
0.12355,0
0.13237,0
0.10244,0
0.09853,0
0.06485,0
0.06234,0
0.06628,0
0.07197,0
0.07484,0
0.03588,0
0.06148,0
0.06331,0
0.04681,0
0.04249,0
0.01837,0
0.02442,0
0.04315,0
0.05678,0
0.04630,0
0.05001,0
0.05591,0
0.03012,0
0.03661,0
0.01851,0
0.01798,0
0.02046,0
0.12434,0
0.11814,0
0.08095,0
0.08102,0
0.07113,0
0.06409,0
0.06980,0
0.01006,0
0.02348,0
0.02298,0
0.01193,0
0.02262,0
0.03123,0
0.01837,0
0.02442,0
0.03979,0
0.05236,0
0.04053,0
0.03823,0
0.03956,0
0.15719,0
0.11862,0
0.09511,0
0.08632,0
0.07063,0
0.06790,0
0.08620,0
0.17085,0
0.10692,0
0.09892,0
0.08441,0
0.06785,0
0.06291,0
0.07975,0
0.01837,0
0.02995,0
0.02755,0
0.01511,0
0.02327,0
0.02688,0
0.00808,0
0.01952,0
0.03119,0
0.02897,0
0.04146,0
0.04755,0
0.06775,0
0.06616,0
0.07461,0
0.07277,0
0.09140,0
0.09178,0
0.00808,0
0.01735,0
0.02438,0
0.01136,0
0.01901,0
0.02867,0
0.03602,0
0.00808,0
0.02950,0
0.04026,0
0.05203,0
0.04360,0
0.04326,0
0.04987,0
0.09361,0
0.08442,0
0.06162,0
0.06215,0
0.06081,0
0.07145,0
0.07364,0
0.03044,0
0.05023,0
0.07632,0
0.04406,0
0.03732,0
0.03044,0
0.03121,0
0.02434,0
0.02330,0
0.02545,0
0.00808,0
0.04964,0
0.05777,0
0.07682,0
0.08416,0
0.08418,0
0.03012,0
0.04842,0
0.05296,0
0.04076,0
0.03571,0
0.00808,0
0.02341,0
0.02239,0
0.01531,0
0.02181,0
0.02974,0
0.06291,1
0.10098,1
0.10267,1
0.08224,0
0.07029,0
0.07383,0
0.05921,0
0.05178,0
0.05372,0
0.06868,0
0.08503,0
0.06208,0
0.04156,0
0.04521,0
0.04748,0
0.05209,0
0.09502,0
0.07747,0
0.05014,0
0.05086,0
0.07409,0
0.10521,0
0.13693,0
0.13904,0
0.11807,0
0.09954,0
0.09201,0
0.08331,0
0.08340,0
0.01006,0
0.01980,0
0.05328,0
0.08279,0
0.11512,0
0.11453,0
0.12142,0
0.01837,0
0.03827,0
0.03191,0
0.03495,0
0.04311,0
0.04832,0
0.09746,0
0.07578,0
0.13629,0
0.11506,0
0.09842,0
0.08524,0
0.08305,0
0.05761,0
0.04893,0
0.04970,0
0.04491,0
0.04714,0
0.04481,0
0.04211,0
0.18548,0
0.10067,0
0.07380,0
0.05422,0
0.05714,0
0.10061,0
0.08503,0
0.06208,0
0.04156,0
0.04466,0
0.05041,0
0.05421,0
0.00808,0
0.02341,0
0.02776,0
0.02459,0
0.03096,0
0.03503,0
0.00808,0
0.02547,0
0.03898,0
0.05210,0
0.03606,0
0.03567,0
0.03745,0
0.09622,0
0.07417,0
0.04973,0
0.03507,0
0.03962,0
0.04448,0
0.04710,0
0.01837,0
0.01697,1
0.05070,1
0.06105,1
0.08727,1
0.07506,1
0.08032,1
0.08415,1
0.05761,0
0.05035,0
0.05811,0
0.04176,0
0.04919,0
0.04200,0
0.03760,0
0.07515,0
0.06314,0
0.06707,0
0.06168,0
0.07437,0
0.07372,0
0.02894,0
0.03668,0
0.01728,0
0.01733,0
0.01882,0
0.11771,0
0.06028,0
0.04822,0
0.04935,1
0.05775,1
0.05385,1
0.06235,1
0.15417,0
0.11014,0
0.07729,0
0.06076,0
0.05333,0
0.05873,0
0.06482,0
0.03012,0
0.04842,0
0.05296,0
0.03852,0
0.03506,0
0.09925,0
0.09101,0
0.07356,0
0.05421,0
0.05588,0
0.08094,0
0.01006,0
0.01906,0
0.05084,0
0.09477,1
0.10375,1
0.11165,1
0.14137,1
0.14855,1
0.16672,1
0.16602,1
0.12425,0
0.09369,0
0.09223,0
0.07556,0
0.06241,0
0.06561,0
0.08336,0
0.07412,1
0.05934,1
0.07926,1
0.10740,1
0.12743,1
0.13127,1
0.00808,0
0.01952,0
0.02129,0
0.02060,0
0.02779,0
0.03275,0
0.01006,0
0.02131,0
0.02250,0
0.01755,0
0.02452,0
0.03883,0
0.12213,0
0.08905,0
0.08266,0
0.05672,0
0.04604,0
0.04596,0
0.05217,0
0.01006,0
0.02495,0
0.04037,0
0.05238,0
0.03974,0
0.03896,0
0.04591,0
0.08579,0
0.09550,0
0.07941,0
0.06938,0
0.06635,0
0.06050,0
0.06227,0
0.01837,0
0.03827,0
0.03191,0
0.03298,0
0.04403,0
0.04856,0
0.03012,0
0.03313,0
0.04494,0
0.03332,0
0.03753,0
0.03571,0
0.03355,0
0.03012,0
0.02120,0
0.02871,0
0.02300,0
0.02910,0
0.02957,0
0.02921,0
0.03044,0
0.02322,0
0.03547,0
0.02656,0
0.03431,0
0.03106,0
0.02884,0
0.00808,0
0.02889,0
0.02185,0
0.02039,0
0.03266,0
0.03818,0
0.01006,0
0.06584,0
0.05577,0
0.06075,0
0.05870,0
0.06701,0
0.06748,0
0.10142,0
0.09082,0
0.07258,0
0.06277,0
0.06603,0
0.02894,0
0.02774,0
0.03855,0
0.03114,0
0.03582,0
0.03398,0
0.03140,0
0.02894,0
0.02751,0
0.03537,0
0.02919,0
0.03457,0
0.03401,0
0.03201,0
0.00808,0
0.08522,1
0.08764,1
0.08801,1
0.09587,1
0.12536,1
0.12221,1
0.08393,0
0.04746,0
0.03988,0
0.04400,0
0.04919,0
0.06084,0
0.07253,0
0.02894,0
0.02119,0
0.02787,0
0.02805,0
0.03307,0
0.03251,0
0.03169,0
0.01006,0
0.01906,0
0.03361,0
0.06990,0
0.07529,0
0.07845,0
0.08627,0
0.12441,0
0.10838,0
0.07487,0
0.07015,0
0.08115,0
0.09151,0
0.03012,0
0.03621,0
0.04202,0
0.03526,0
0.04461,0
0.04116,0
0.03868,0
0.12976,0
0.08531,0
0.06037,0
0.04456,0
0.04765,0
0.07349,0
0.09756,0
0.06426,0
0.05797,0
0.06337,0
0.11227,0
0.01837,0
0.03827,0
0.02482,0
0.02128,0
0.02326,0
0.02958,0
0.11771,0
0.06028,0
0.05116,0
0.04985,0
0.04325,0
0.03962,0
0.04388,0
0.00808,0
0.10720,1
0.13465,1
0.12477,1
0.12275,1
0.12036,1
0.11469,1
0.03012,0
0.03241,0
0.03190,0
0.03478,0
0.04349,0
0.03848,0
0.03469,0
0.09622,0
0.10763,0
0.12809,0
0.11509,0
0.10189,0
0.09055,0
0.08716,0
0.10542,0
0.09447,0
0.06871,0
0.05198,0
0.05378,0
0.05787,0
0.09132,0
0.06472,0
0.06062,0
0.05563,0
0.04034,0
0.04160,0
0.06133,0
0.02894,0
0.04753,0
0.04300,0
0.05390,0
0.06077,0
0.06765,0
0.07638,0
0.09746,0
0.08441,0
0.06845,0
0.06034,0
0.05356,0
0.04643,0
0.04843,0
0.10116,0
0.10249,0
0.07427,0
0.06448,0
0.05724,0
0.05066,0
0.05286,0
0.01006,0
0.05354,0
0.06237,0
0.05474,0
0.04655,0
0.05371,0
0.07443,0
0.08073,0
0.06996,0
0.06222,0
0.05554,0
0.04965,0
0.05230,0
0.00808,0
0.02135,0
0.02967,0
0.02545,0
0.03009,0
0.03345,0
0.03012,0
0.04842,0
0.07582,0
0.04173,0
0.03589,0
0.08343,0
0.09261,0
0.08093,0
0.07647,0
0.07638,0
0.07164,0
0.00808,0
0.02205,0
0.03991,0
0.05322,0
0.04612,0
0.04988,0
0.05569,0
0.07176,0
0.03588,0
0.04223,0
0.04455,0
0.03995,0
0.04298,0
0.00808,0
0.01952,0
0.02642,0
0.02480,0
0.04128,0
0.04630,0
0.12669,0
0.08898,0
0.06674,0
0.04909,0
0.04085,0
0.04183,0
0.05283,0
0.09622,0
0.08828,0
0.07888,0
0.07268,0
0.07361,0
0.06783,0
0.06708,0
0.00808,0
0.01735,0
0.03096,0
0.01787,0
0.02376,0
0.02717,0
0.03031,0
0.08045,0
0.06618,0
0.06735,0
0.05268,0
0.04401,0
0.05627,0
0.08156,0
0.06709,0
0.04306,0
0.04812,0
0.07485,0
0.09959,0
0.00808,0
0.02547,0
0.02901,0
0.01506,0
0.02229,0
0.02690,0
0.03156,0
0.03044,0
0.03254,0
0.04308,0
0.03777,0
0.04105,0
0.03949,0
0.03776,0
0.08503,0
0.06208,0
0.04156,0
0.04466,0
0.04898,0
0.05341,0
0.08940,0
0.07572,0
0.09070,0
0.08054,0
0.08534,0
0.08217,0
0.08172,0
0.00808,0
0.02341,0
0.02239,0
0.01531,0
0.02400,0
0.02876,0
0.02894,0
0.03594,0
0.04209,0
0.04991,0
0.04280,0
0.04033,0
0.03847,0
0.01006,0
0.02324,0
0.05504,0
0.07328,0
0.06841,0
0.06513,0
0.07178,0
0.03044,0
0.04744,0
0.05620,0
0.06837,0
0.09349,0
0.08823,0
0.07977,0
0.00808,0
0.02547,0
0.04088,0
0.04555,0
0.04142,0
0.04805,0
0.04878,0
0.23450,0
0.13317,0
0.11634,0
0.09497,0
0.07703,0
0.07658,0
0.09568,0
0.08232,0
0.08300,0
0.06636,0
0.06663,0
0.07049,0
0.06980,0
0.03044,0
0.02893,0
0.05940,0
0.07654,0
0.08084,0
0.07442,0
0.06804,0
0.00808,0
0.02950,0
0.05028,0
0.06714,0
0.06015,0
0.05859,0
0.06567,0
0.01837,0
0.02442,0
0.02898,0
0.01510,0
0.02283,0
0.03347,0
0.03592,0
0.00808,0
0.03208,0
0.02355,0
0.02160,0
0.03036,0
0.03379,0
0.02894,0
0.03265,0
0.03983,0
0.04931,0
0.05514,0
0.04736,0
0.04244,0
0.07848,0
0.06875,0
0.06705,0
0.06299,0
0.05776,0
0.06551,0
0.01006,0
0.02131,0
0.02809,0
0.02570,0
0.03244,0
0.04122,0
0.09888,1
0.08701,1
0.09105,1
0.05231,1
0.05774,1
0.05329,1
0.07169,0
0.10196,0
0.12757,0
0.10974,0
0.10435,0
0.10391,0
0.10055,0
0.10391,0
0.08496,0
0.07065,0
0.05547,0
0.05759,0
0.08354,0
0.01006,0
0.01980,0
0.04178,0
0.03084,0
0.03127,0
0.03851,0
0.04169,0
0.00808,0
0.02889,0
0.02185,0
0.01658,0
0.02438,0
0.03172,0
0.00808,0
0.02889,0
0.02185,0
0.02039,0
0.02779,0
0.03343,0
0.09622,0
0.07417,0
0.04973,0
0.03944,0
0.03515,0
0.03560,0
0.03923,0
0.01837,0
0.02995,0
0.02755,0
0.01511,0
0.02497,0
0.03886,0
0.00808,0
0.01797,0
0.04323,0
0.06227,0
0.06251,0
0.06990,0
0.06975,0
0.01006,0
0.03072,0
0.02346,0
0.02016,0
0.02420,0
0.03486,0
0.01006,0
0.11652,1
0.11608,1
0.12372,1
0.01006,0
0.03072,0
0.02346,0
0.01750,0
0.02519,0
0.03424,0
0.00808,0
0.02950,0
0.04478,0
0.03001,0
0.02738,0
0.03148,0
0.03938,0
0.08928,1
0.08320,1
0.08508,1
0.10575,1
0.12155,1
0.11844,1
0.11769,1
0.00808,0
0.02341,0
0.02239,0
0.01150,0
0.02418,0
0.03219,0
0.00808,0
0.02994,0
0.02081,0
0.01613,0
0.02502,0
0.03434,0
0.03588,0
0.03856,0
0.06814,0
0.07193,0
0.07187,0
0.06877,0
0.06378,0
0.10491,0
0.07404,0
0.06740,0
0.06126,0
0.05630,0
0.06686,0
0.18311,0
0.18253,0
0.11986,0
0.10615,0
0.08848,0
0.07690,0
0.08070,0
0.03012,0
0.02722,0
0.04092,0
0.05385,0
0.05577,0
0.04722,0
0.04199,0
0.03044,0
0.03121,0
0.02434,0
0.02366,0
0.02461,0
0.01006,0
0.03112,0
0.04986,0
0.09327,0
0.09559,0
0.09855,0
0.10383,0
0.11833,0
0.16645,0
0.13665,0
0.09914,0
0.08144,0
0.07514,0
0.07727,0
0.13244,0
0.10943,0
0.09111,0
0.06795,0
0.06641,0
0.07744,0
0.10194,0
0.09852,0
0.07464,0
0.05374,0
0.05151,0
0.05930,0
0.02894,0
0.04935,0
0.05326,0
0.04147,0
0.03685,0
0.10755,0
0.06760,0
0.04671,0
0.04070,0
0.04444,0
0.04832,0
0.07534,0
0.17239,1
0.10521,1
0.09571,1
0.10193,1
0.10562,1
0.10148,1
0.01006,0
0.02348,0
0.02298,0
0.01587,0
0.02261,0
0.03475,0
0.15318,0
0.11076,0
0.10811,0
0.08924,0
0.07680,0
0.07197,0
0.08215,0
0.01837,0
0.02562,0
0.04831,0
0.05891,0
0.05700,0
0.06658,0
0.06871,0
0.01837,0
0.02995,0
0.02755,0
0.01511,0
0.02963,0
0.03474,0
0.13969,0
0.12520,0
0.11290,0
0.09744,0
0.09177,0
0.08286,0
0.08574,0
0.00808,0
0.02547,0
0.04088,0
0.05189,0
0.04764,0
0.05029,0
0.04971,0
0.01006,0
0.01980,0
0.03470,0
0.02766,0
0.03210,0
0.04383,0
0.05035,0
0.06775,0
0.06659,0
0.10123,0
0.12732,0
0.12040,0
0.00808,1
0.02889,1
0.04428,1
0.03837,1
0.04334,1
0.04953,1
0.06005,1
0.06931,1
0.08735,1
0.00808,0
0.01952,0
0.02129,0
0.01610,0
0.02776,0
0.03804,0
0.03588,0
0.04040,0
0.03966,0
0.03081,0
0.03612,0
0.03524,0
0.03307,0
0.11996,0
0.10845,0
0.09177,0
0.06740,0
0.06522,0
0.08726,0
0.10207,0
0.14558,0
0.07412,1
0.08012,1
0.07999,1
0.08225,1
0.07535,1
0.08070,1
0.08343,0
0.09261,0
0.09022,0
0.07919,0
0.07414,0
0.06989,0
0.01837,0
0.03827,0
0.03191,0
0.03095,0
0.03817,0
0.04527,0
0.03025,1
0.04257,1
0.05507,1
0.04404,1
0.04407,1
0.04681,1
0.03012,0
0.03661,0
0.01851,0
0.01798,0
0.02046,0
0.01837,0
0.14312,1
0.13596,1
0.11994,1
0.12121,1
0.11435,1
0.10793,1
0.18576,0
0.12313,0
0.08634,0
0.07369,0
0.08795,0
0.15052,0
0.11976,0
0.10349,0
0.09270,0
0.07640,0
0.07113,0
0.09570,0
0.00808,0
0.02547,0
0.02901,0
0.01506,0
0.02152,0
0.02672,0
0.04080,0
0.03012,0
0.04636,0
0.03707,0
0.04033,0
0.04852,0
0.04562,0
0.04189,0
0.00808,0
0.02994,0
0.02718,0
0.02938,0
0.03082,0
0.03379,0
0.08224,0
0.05495,0
0.05340,0
0.06493,0
0.05506,0
0.05707,0
0.06775,0
0.08224,0
0.06301,0
0.05834,0
0.06189,0
0.05281,0
0.05119,0
0.06344,0
0.00808,0
0.02205,0
0.03987,0
0.03147,0
0.02866,0
0.03943,0
0.04281,0
0.01837,0
0.03827,0
0.03191,0
0.03095,0
0.03774,0
0.04010,0
0.01006,0
0.01906,0
0.03578,0
0.03648,1
0.06215,1
0.08869,1
0.10107,1
0.09840,1
0.10142,0
0.09082,0
0.07258,0
0.06277,0
0.07420,1
0.13001,1
0.13269,1
0.13178,1
0.08835,0
0.09369,0
0.06409,0
0.06977,0
0.06445,0
0.06852,0
0.07187,0
0.00808,0
0.01952,0
0.02129,0
0.02060,0
0.02546,0
0.03411,0
0.08224,0
0.06660,0
0.07550,0
0.06547,0
0.05618,0
0.05369,0
0.06993,0
0.03588,0
0.07139,0
0.08221,0
0.08370,0
0.07536,0
0.03012,0
0.04996,0
0.04264,0
0.05608,0
0.05907,0
0.07050,0
0.07705,0
0.00808,0
0.02341,0
0.02239,0
0.01531,0
0.02120,0
0.02746,0
0.07169,0
0.10196,0
0.13137,0
0.11056,0
0.10301,0
0.09869,0
0.09564,0
0.08095,0
0.07989,0
0.05493,0
0.05451,0
0.06704,0
0.09718,0
0.08343,0
0.07773,0
0.08248,0
0.07874,0
0.08404,0
0.07856,0
0.01006,0
0.02131,0
0.02250,0
0.02150,0
0.03307,1
0.04266,1
0.02894,0
0.03668,0
0.01728,0
0.01743,0
0.02011,0
0.00808,0
0.01952,0
0.02129,0
0.01610,0
0.02443,0
0.03113,0
0.01006,0
0.02348,0
0.02298,0
0.01193,0
0.02073,0
0.03428,0
0.18576,0
0.12313,0
0.08634,0
0.07369,0
0.08795,0
0.00808,0
0.02994,0
0.06299,1
0.06530,1
0.03044,0
0.03335,0
0.07733,0
0.04938,0
0.04282,0
0.08232,0
0.06990,0
0.06589,0
0.06343,0
0.06022,0
0.06000,0
0.01837,0
0.02562,0
0.03782,0
0.05326,0
0.04657,0
0.04870,0
0.05074,0
0.03012,0
0.03401,0
0.03169,0
0.02898,0
0.03866,0
0.03268,0
0.02985,0
0.00808,0
0.02547,0
0.03898,0
0.05210,0
0.04416,0
0.04733,0
0.04921,0
0.00808,0
0.02994,0
0.02718,0
0.02607,0
0.03453,0
0.03745,0
0.02894,0
0.04980,0
0.04914,0
0.04624,0
0.04387,0
0.01006,0
0.01980,0
0.04843,0
0.03548,0
0.03271,0
0.03651,0
0.04683,0
0.08232,0
0.06990,0
0.06589,0
0.05754,0
0.05306,0
0.05409,0
0.00808,0
0.01797,0
0.03366,0
0.02626,0
0.02426,0
0.03102,0
0.03885,0
0.01006,0
0.05456,0
0.06576,0
0.05587,0
0.04936,0
0.05356,0
0.01006,0
0.02495,0
0.04230,0
0.05301,0
0.04824,0
0.05080,0
0.05015,0
0.00808,0
0.04424,0
0.04325,0
0.06148,0
0.06313,0
0.06348,0
0.06466,0
0.09361,0
0.08371,0
0.05987,0
0.05539,0
0.09973,0
0.12481,0
0.17085,0
0.10485,0
0.09112,0
0.08129,0
0.06745,0
0.06853,0
0.07771,0
0.01006,0
0.03072,0
0.05610,1
0.08261,1
0.08905,1
0.00808,0
0.06597,0
0.07382,0
0.06100,0
0.05292,0
0.06448,0
0.06472,0
0.07188,0
0.06975,0
0.04711,0
0.04667,0
0.06555,0
0.03588,0
0.03841,0
0.04257,0
0.03249,0
0.03565,0
0.03672,0
0.03586,0
0.03044,0
0.03184,0
0.04037,0
0.04863,0
0.04391,0
0.03970,0
0.03627,0
0.06665,1
0.06798,1
0.07906,1
0.08414,1
0.08074,1
0.08297,1
0.08187,1
0.03012,0
0.03401,0
0.03262,0
0.02993,0
0.03467,0
0.03352,0
0.03153,0
0.11771,0
0.06028,0
0.05033,0
0.04736,0
0.05390,0
0.05118,0
0.05973,0
0.12803,0
0.08663,0
0.09210,0
0.07930,0
0.06772,0
0.06819,0
0.09462,0
0.01837,0
0.06470,0
0.06529,0
0.08253,0
0.08620,0
0.08376,0
0.08426,0
0.14045,0
0.11089,0
0.08487,0
0.06475,0
0.05906,0
0.07696,0
0.10280,0
0.00808,0
0.02547,0
0.02901,0
0.01506,0
0.02152,0
0.02672,0
0.03437,0
0.10542,0
0.09711,0
0.09232,0
0.06795,0
0.06558,0
0.07485,0
0.10571,0
0.01006,0
0.01906,0
0.03655,0
0.06789,0
0.08720,0
0.08473,0
0.09055,0
0.06775,0
0.06694,0
0.10679,0
0.13078,0
0.12371,0
0.13034,0
0.08057,0
0.08215,0
0.06474,0
0.05409,0
0.05784,0
0.00808,0
0.02547,0
0.03611,0
0.02186,0
0.02288,0
0.02787,0
0.03532,0
0.03012,0
0.02749,0
0.03212,0
0.02647,0
0.03327,0
0.03135,0
0.03059,0
0.10121,0
0.07810,0
0.06086,0
0.04517,0
0.03805,0
0.04244,0
0.06085,0
0.01006,0
0.02301,0
0.03365,0
0.03890,0
0.04145,0
0.04394,0
0.13034,0
0.10279,0
0.08265,0
0.07965,0
0.06456,0
0.06630,0
0.03588,0
0.05370,0
0.05638,0
0.04123,0
0.04277,0
0.04027,0
0.03699,0
0.27652,0
0.15093,0
0.11561,0
0.10521,0
0.08609,0
0.07898,0
0.09614,0
0.01006,0
0.02495,0
0.03739,0
0.02259,0
0.02786,0
0.03705,0
0.03932,0
0.00808,0
0.02889,0
0.02185,0
0.02039,0
0.02491,0
0.03121,0
0.13532,0
0.07019,0
0.04617,0
0.03846,0
0.04116,0
0.04892,0
0.06937,0
0.14576,0
0.10706,0
0.09269,0
0.06524,0
0.05271,0
0.04939,0
0.06367,0
0.08232,0
0.06990,0
0.05722,0
0.05704,0
0.06206,0
0.06129,0
0.12393,0
0.10575,0
0.09905,0
0.07291,0
0.06907,0
0.07534,0
0.10630,0
0.00808,0
0.02547,0
0.04088,0
0.05774,0
0.05399,0
0.05589,0
0.05450,0
0.07176,0
0.03588,0
0.03807,0
0.04848,0
0.04444,0
0.05232,0
0.05761,0
0.06465,0
0.05226,0
0.06063,0
0.06333,0
0.06833,0
0.07514,0
0.01837,0
0.02442,0
0.03176,0
0.05260,0
0.04395,0
0.04376,0
0.04342,0
0.00808,0
0.01735,0
0.03090,0
0.05676,0
0.05031,0
0.05128,0
0.04970,0
0.09622,0
0.07417,0
0.04973,0
0.03944,0
0.04003,0
0.03940,0
0.04277,0
0.01006,0
0.01906,0
0.03578,0
0.03967,0
0.03762,0
0.04036,0
0.04363,0
0.00808,0
0.02889,0
0.02185,0
0.01748,0
0.02454,0
0.02892,0
0.08045,0
0.06949,0
0.05952,0
0.07581,0
0.08810,0
0.08862,0
0.01006,0
0.03193,0
0.02090,0
0.01757,0
0.02285,0
0.02907,0
0.07305,0
0.04903,0
0.04605,0
0.06106,0
0.09756,0
0.01837,0
0.02995,0
0.03541,0
0.02771,0
0.03853,0
0.04220,0
0.11481,0
0.08066,0
0.05308,0
0.05488,0
0.07908,0
0.09018,0
0.00808,0
0.02994,0
0.02081,0
0.01959,0
0.02146,0
0.02815,0
0.00808,0
0.01735,0
0.02438,0
0.01136,0
0.01901,0
0.02334,0
0.02734,0
0.02894,0
0.03294,0
0.04572,0
0.04580,0
0.04812,0
0.04574,0
0.04320,0
0.14558,0
0.07281,0
0.05995,0
0.05640,0
0.04910,0
0.04309,0
0.04659,0
0.00808,0
0.02547,0
0.02901,0
0.01506,0
0.02414,0
0.03122,0
0.03363,0
0.00808,0
0.01797,0
0.03366,0
0.02626,0
0.02631,0
0.03537,0
0.04064,0
0.01006,0
0.01906,0
0.03866,0
0.05359,0
0.04936,0
0.05205,0
0.05128,0
0.08343,0
0.09261,0
0.08126,0
0.06716,0
0.06278,0
0.05952,0
0.13276,0
0.10476,0
0.07024,0
0.04994,0
0.05128,0
0.07600,0
0.02894,0
0.02119,0
0.03158,0
0.04532,0
0.04976,0
0.04358,0
0.04022,0
0.00808,0
0.01735,0
0.03090,0
0.05530,0
0.05216,0
0.05449,0
0.05272,0
0.14202,0
0.18464,0
0.14389,0
0.11202,0
0.10174,0
0.00808,0
0.02341,0
0.02776,0
0.02459,0
0.03202,0
0.03554,0
0.00808,0
0.01952,0
0.02129,0
0.01610,0
0.02776,0
0.03804,0
0.12425,0
0.09391,0
0.07920,0
0.08513,0
0.06998,0
0.07218,0
0.08637,0
0.00808,0
0.02950,0
0.04691,0
0.03335,0
0.02723,0
0.03040,0
0.03774,0
0.05761,0
0.06186,0
0.03187,0
0.02784,0
0.02842,0
0.00808,0
0.02994,0
0.02718,0
0.02607,0
0.03578,0
0.04169,0
0.00808,0
0.02889,0
0.02185,0
0.01716,0
0.02340,0
0.03036,0
0.09575,0
0.07342,0
0.08670,1
0.09003,1
0.10402,1
0.11437,1
0.12549,1
0.13164,1
0.14137,1
0.13034,0
0.09229,0
0.09126,0
0.07868,0
0.06338,0
0.06549,0
0.03012,0
0.03401,0
0.03380,0
0.02935,0
0.03208,0
0.03350,0
0.03314,0
0.00808,0
0.09212,1
0.09811,1
0.09154,1
0.09537,1
0.09842,1
0.09351,1
0.08343,0
0.09261,0
0.09055,0
0.07532,0
0.06985,0
0.07621,1
0.08048,1
0.08513,1
0.01837,0
0.02900,0
0.05131,0
0.03863,0
0.03409,0
0.03914,0
0.04597,0
0.12803,0
0.08310,0
0.07720,0
0.06658,0
0.05663,0
0.05802,0
0.08466,0
0.01006,0
0.02495,0
0.03049,0
0.01583,0
0.02048,0
0.03130,0
0.03914,0
0.10178,0
0.09222,0
0.06628,0
0.04822,0
0.04542,0
0.05332,0
0.08720,0
0.01006,0
0.01906,0
0.03255,0
0.05723,0
0.05301,0
0.05489,0
0.05393,0
0.03012,0
0.04842,0
0.05296,0
0.03852,0
0.03506,0
0.03044,0
0.03397,0
0.03306,0
0.02717,0
0.03253,0
0.03284,0
0.03208,0
0.00808,0
0.01952,0
0.02642,0
0.02480,0
0.03029,0
0.03675,0
0.15417,0
0.10986,0
0.07447,0
0.05640,0
0.05213,0
0.05197,0
0.06168,0
0.01006,0
0.02348,0
0.02298,0
0.01587,0
0.02231,0
0.03020,0
0.07437,1
0.06747,1
0.06459,1
0.07821,1
0.09014,1
0.11389,1
0.13532,0
0.07019,0
0.04617,0
0.03987,0
0.04178,0
0.04701,0
0.06195,0
0.09991,0
0.07642,0
0.07179,0
0.04884,0
0.04632,0
0.06343,0
0.00808,0
0.02950,0
0.05028,0
0.06714,0
0.07666,1
0.12393,0
0.09828,0
0.09650,0
0.07156,0
0.06904,0
0.07283,0
0.10396,0
0.01006,0
0.06584,0
0.05686,0
0.06984,0
0.07353,0
0.07022,0
0.08107,0
0.01837,0
0.02995,0
0.02755,0
0.01909,0
0.02385,0
0.02887,0
0.00808,0
0.01952,0
0.03119,0
0.02897,0
0.03953,0
0.04350,0
0.09348,0
0.07399,0
0.06868,0
0.05358,0
0.05220,0
0.05398,0
0.01837,0
0.05810,0
0.06379,0
0.06816,0
0.07964,0
0.08145,0
0.10142,0
0.09082,0
0.09099,1
0.16015,1
0.12697,1
0.12391,1
0.12249,1
0.18311,0
0.18253,0
0.11089,0
0.09133,0
0.08604,0
0.07671,0
0.08210,0
0.08503,0
0.07274,0
0.07369,0
0.06889,0
0.07907,0
0.08118,0
0.12669,0
0.09686,0
0.06518,0
0.04856,0
0.04251,0
0.04425,0
0.06196,0
0.01006,0
0.02131,0
0.02250,0
0.02867,0
0.03340,0
0.03971,0
0.00808,0
0.01952,0
0.02129,0
0.02060,0
0.02832,0
0.03752,0
0.00808,0
0.01952,0
0.02642,0
0.02480,0
0.03372,0
0.03772,0
0.11928,0
0.09997,0
0.06700,0
0.06390,0
0.07607,0
0.10503,0
0.00808,0
0.01735,0
0.02438,0
0.01136,0
0.02111,0
0.02945,0
0.03116,0
0.00808,0
0.01797,0
0.04335,0
0.02977,0
0.02660,0
0.03069,0
0.03829,0
0.00808,0
0.02950,0
0.04353,0
0.08231,0
0.11167,0
0.10874,0
0.11084,0
0.01006,0
0.03072,0
0.02346,0
0.02016,0
0.02420,0
0.03486,0
0.00808,0
0.01797,0
0.03575,0
0.05846,0
0.04844,0
0.05928,0
0.06578,0
0.01006,0
0.02131,0
0.02250,0
0.02867,0
0.03494,0
0.04374,0
0.11962,0
0.09791,0
0.07862,0
0.06277,0
0.06400,0
0.07422,0
0.11020,0
0.07644,0
0.05591,0
0.06804,0
0.06628,0
0.05470,0
0.05427,0
0.10244,0
0.08072,0
0.05502,0
0.04870,0
0.07214,0
0.09937,0
0.10835,0
0.00808,0
0.02547,0
0.02901,0
0.01506,0
0.02414,0
0.03122,0
0.03363,0
0.00808,0
0.02889,0
0.02185,0
0.01901,0
0.02473,0
0.03000,0
0.00808,0
0.02950,0
0.04478,0
0.03001,0
0.02459,0
0.02853,0
0.03615,0
0.08976,0
0.06753,0
0.04259,0
0.04742,0
0.04639,0
0.05466,0
0.05610,0
0.08503,0
0.07283,0
0.08566,0
0.10399,0
0.10971,0
0.11339,0
0.11570,0
0.11709,0
0.10479,0
0.08491,0
0.07562,0
0.06674,0
0.06001,0
0.06543,0
0.00808,0
0.02341,0
0.02239,0
0.01271,0
0.03189,0
0.03642,0
0.07644,0
0.04434,0
0.04659,0
0.04380,0
0.04182,0
0.04544,0
0.03012,0
0.04842,0
0.05296,0
0.04076,0
0.03571,0
0.12560,0
0.07908,0
0.05237,0
0.05233,0
0.06042,0
0.06653,0
0.07250,0
0.00808,0
0.02547,0
0.03611,0
0.02186,0
0.02920,0
0.03552,0
0.03704,0
0.01006,0
0.02348,0
0.02854,0
0.02017,0
0.02804,0
0.03713,0
0.00808,0
0.02889,0
0.02185,0
0.01716,0
0.02306,0
0.03431,0
0.09991,0
0.08506,0
0.06700,0
0.04627,0
0.04536,0
0.06349,0
0.01837,0
0.02700,0
0.02606,0
0.01992,0
0.03086,0
0.03805,0
0.00808,0
0.01735,0
0.03175,0
0.04809,0
0.04154,0
0.04521,0
0.04468,0
0.03588,0
0.03963,0
0.03869,0
0.03090,0
0.03636,0
0.03554,0
0.03425,0
0.00808,0
0.05379,0
0.06343,0
0.05551,0
0.04648,0
0.05170,0
0.08224,0
0.06301,0
0.05834,0
0.06786,0
0.05734,0
0.05458,0
0.06566,0
0.00808,0
0.02994,0
0.02718,0
0.03975,0
0.04527,0
0.05154,0
0.01006,0
0.03072,0
0.04560,0
0.04361,0
0.04956,0
0.05611,0
0.00808,0
0.02547,0
0.04301,0
0.05833,0
0.05355,0
0.05514,0
0.05365,0
0.01006,0
0.03072,0
0.04732,1
0.06021,1
0.09394,1
0.10713,1
0.11722,1
0.11742,1
0.01837,0
0.02901,0
0.03441,0
0.03220,0
0.03335,0
0.03879,0
0.07169,0
0.08426,0
0.06420,0
0.04784,0
0.04464,0
0.04349,0
0.04596,0
0.08940,1
0.08672,1
0.09549,1
0.14757,1
0.12875,1
0.12372,1
0.12217,1
0.29620,0
0.19552,0
0.13060,0
0.09953,0
0.08368,0
0.08204,0
0.08587,0
0.08503,0
0.06208,0
0.04156,0
0.05251,0
0.05268,0
0.05522,0
0.01006,0
0.02301,0
0.03365,0
0.03890,0
0.04368,0
0.04822,0
0.11247,0
0.10445,0
0.08151,0
0.06878,0
0.06100,0
0.05216,0
0.05299,0
0.09911,0
0.06183,0
0.05534,0
0.05841,0
0.11155,0
0.00808,0
0.01797,0
0.05737,0
0.07942,0
0.11010,0
0.11071,0
0.11434,0
0.09614,0
0.08118,0
0.10152,0
0.08464,0
0.08002,0
0.08555,0
0.08387,0
0.03044,0
0.02893,0
0.03744,0
0.05086,0
0.04637,0
0.04452,0
0.04247,0
0.00808,0
0.02547,0
0.04075,0
0.05157,0
0.04476,0
0.04663,0
0.04557,0
0.01837,0
0.03737,0
0.04588,0
0.05617,0
0.05366,0
0.06728,0
0.06801,0
0.09622,0
0.09229,0
0.12069,0
0.10040,0
0.08907,0
0.08024,0
0.07876,0
0.07644,0
0.05591,0
0.05149,0
0.05005,0
0.04568,0
0.05308,0
0.01006,0
0.01980,0
0.03923,0
0.05363,0
0.05160,0
0.05698,0
0.05946,0
0.00808,0
0.02889,0
0.02185,0
0.01661,0
0.02536,0
0.03005,0
0.01837,0
0.02995,0
0.02755,0
0.01909,0
0.02330,0
0.02633,0
0.01006,0
0.03193,0
0.02764,0
0.03187,0
0.04071,0
0.05157,0
0.06775,0
0.07611,0
0.09386,0
0.09418,0
0.10177,0
0.00808,0
0.01952,0
0.02642,0
0.02514,0
0.03697,0
0.04638,0
0.01006,0
0.01906,0
0.02581,0
0.01204,0
0.02025,0
0.03106,0
0.03335,0
0.01837,0
0.02700,0
0.03202,0
0.03442,0
0.04271,0
0.05006,0
0.08224,0
0.06660,0
0.07550,0
0.06547,0
0.05618,0
0.05802,0
0.07307,0
0.12207,0
0.08920,0
0.06013,0
0.05123,0
0.07314,0
0.08944,0
0.10265,0
0.07176,0
0.03445,0
0.04490,0
0.04846,0
0.04402,0
0.04734,0
0.02894,0
0.04935,0
0.07518,0
0.04280,0
0.03700,0
0.00808,0
0.02547,0
0.03464,0
0.05181,0
0.03977,0
0.03951,0
0.04643,0
0.11247,0
0.09159,0
0.06570,0
0.06002,0
0.05387,0
0.04697,0
0.04924,0
0.00808,0
0.01797,0
0.03807,0
0.05238,0
0.05420,0
0.06576,0
0.06920,0
0.08037,1
0.09933,1
0.09856,1
0.09265,1
0.08305,1
0.08159,1
0.08327,1
0.02894,0
0.03668,0
0.01728,0
0.01733,0
0.01882,0
0.00808,0
0.02547,0
0.02901,0
0.01506,0
0.02414,0
0.03122,0
0.03363,0
0.08940,0
0.09430,0
0.09959,0
0.07919,0
0.08238,0
0.07709,0
0.07618,0
0.00808,0
0.02950,0
0.04478,0
0.03001,0
0.02738,0
0.03264,0
0.04006,0
0.01837,0
0.03676,0
0.02716,0
0.02021,0
0.02752,0
0.03623,0
0.12973,0
0.08827,0
0.05506,0
0.05382,0
0.07682,0
0.10834,0
0.11771,0
0.06028,0
0.04192,0
0.04112,0
0.03766,0
0.03613,0
0.04567,0
0.00808,0
0.01952,0
0.02642,0
0.03049,0
0.03949,0
0.04498,0
0.03012,0
0.03485,0
0.03655,0
0.03303,0
0.03671,0
0.03592,0
0.03466,0
0.09925,0
0.08699,0
0.07158,0
0.05538,0
0.05772,0
0.08322,0
0.23970,0
0.14685,0
0.10063,0
0.08216,0
0.09572,0
0.02894,0
0.03417,0
0.05498,0
0.07208,0
0.07374,0
0.01006,0
0.03112,0
0.04666,0
0.04391,0
0.04489,0
0.05313,0
0.06088,0
0.03012,0
0.02012,0
0.02827,0
0.02959,0
0.03814,0
0.03330,0
0.03053,0
0.03012,0
0.04842,0
0.05296,0
0.03852,0
0.03506,0
0.01006,0
0.02348,0
0.02854,0
0.02112,0
0.02970,0
0.04216,0
0.18250,0
0.12169,0
0.09689,0
0.08064,0
0.06646,0
0.06655,0
0.07673,0
0.00808,0
0.01735,0
0.02438,0
0.01136,0
0.01901,0
0.02562,0
0.02914,0
0.08393,0
0.04746,0
0.04012,0
0.04053,0
0.04847,0
0.05994,0
0.06732,0
0.02894,0
0.02751,0
0.03579,0
0.03109,0
0.04277,0
0.04094,0
0.03788,0
0.08928,0
0.07959,0
0.05508,0
0.05345,0
0.06256,0
0.08423,0
0.09594,0
0.03588,0
0.05481,0
0.05461,0
0.05107,0
0.04767,0
0.09746,0
0.08078,0
0.06886,0
0.06215,0
0.05486,0
0.04800,0
0.05065,0
0.00808,0
0.01735,0
0.03479,0
0.05657,0
0.07716,0
0.07902,0
0.08481,0
0.00808,0
0.02341,0
0.02239,0
0.01531,0
0.02319,0
0.03586,0
0.00808,0
0.02950,0
0.03978,0
0.02844,0
0.02575,0
0.04067,0
0.04549,0
0.13532,1
0.09097,1
0.07582,1
0.07994,1
0.07574,1
0.10840,1
0.11465,1
0.01006,0
0.01906,0
0.02581,0
0.01204,0
0.02032,0
0.03264,0
0.03686,0
0.03588,0
0.04114,0
0.03766,0
0.03978,0
0.04489,0
0.04226,0
0.03919,0
0.00808,0
0.02889,0
0.02185,0
0.01661,0
0.02040,0
0.02903,0
0.00808,0
0.03208,0
0.02355,0
0.02160,0
0.02934,0
0.03646,0
0.00808,0
0.01735,0
0.03090,0
0.06302,0
0.05583,0
0.05903,0
0.06284,0
0.00808,0
0.02994,0
0.02081,0
0.01959,0
0.02373,0
0.02972,0
0.00808,0
0.01797,0
0.03246,0
0.04899,0
0.05043,0
0.05540,0
0.06071,0
0.01006,0
0.06917,0
0.07530,0
0.06772,0
0.06010,0
0.06165,0
0.10214,0
0.08241,0
0.05401,0
0.05275,0
0.06478,0
0.07487,0
0.00808,0
0.02341,0
0.02776,0
0.01980,0
0.03174,0
0.04129,0
0.07443,0
0.06611,0
0.06069,0
0.04466,0
0.04519,0
0.06359,0
0.07305,0
0.04903,0
0.04290,0
0.04530,0
0.05161,0
0.06195,0
0.07823,0
0.03012,0
0.03307,0
0.03670,0
0.03412,0
0.04111,0
0.03570,0
0.03241,0
0.00808,0
0.02547,0
0.03607,0
0.06066,0
0.05925,0
0.06436,0
0.06354,0
0.01837,0
0.02442,0
0.02898,0
0.01510,0
0.02283,0
0.03470,0
0.03859,0
0.05958,0
0.06905,0
0.05184,0
0.05390,0
0.06505,0
0.07965,0
0.03044,0
0.03184,0
0.04152,0
0.03465,0
0.03802,0
0.03946,0
0.03835,0
0.00808,0
0.01735,0
0.02604,0
0.04752,0
0.04392,0
0.04612,0
0.04654,0
0.01837,0
0.02985,0
0.03461,0
0.01902,0
0.02569,0
0.03477,0
0.03755,0
0.08503,0
0.05143,0
0.03619,0
0.04524,0
0.08129,1
0.12071,1
0.12719,1
0.12369,1
0.11946,1
0.06775,0
0.06616,0
0.06189,0
0.07952,0
0.08682,0
0.08733,0
0.03044,0
0.03167,0
0.03754,0
0.04862,0
0.04641,0
0.04090,0
0.03797,0
0.03044,0
0.03397,0
0.05004,0
0.05886,0
0.05938,0
0.05762,0
0.05303,0
0.20341,0
0.15402,0
0.12098,0
0.08874,0
0.08511,0
0.10985,0
0.01006,0
0.03112,0
0.04571,0
0.06638,0
0.06118,0
0.06430,0
0.06690,0
0.03044,0
0.06678,0
0.07679,0
0.08143,0
0.07191,0
0.13034,0
0.09229,0
0.08257,0
0.07035,0
0.05754,0
0.06005,0
0.02894,0
0.03298,0
0.03616,0
0.03212,0
0.03819,0
0.03421,0
0.03160,0
0.00808,0
0.01952,0
0.02129,0
0.02060,0
0.02546,0
0.02957,0
0.10755,0
0.06840,0
0.04935,0
0.04280,0
0.05760,0
0.05876,0
0.09488,0
0.08503,0
0.07283,0
0.07326,0
0.07038,0
0.07716,0
0.07643,0
0.19633,0
0.11280,0
0.08165,0
0.07040,0
0.07338,0
0.18311,0
0.18229,0
0.12302,0
0.11137,0
0.09597,0
0.08590,0
0.08975,0
0.00808,0
0.02205,0
0.03991,0
0.05322,0
0.04936,0
0.05329,0
0.05872,0
0.00808,0
0.01735,0
0.03141,0
0.06526,0
0.10623,0
0.11387,0
0.11595,0
0.05761,0
0.04992,0
0.05395,0
0.06551,0
0.11304,0
0.11513,0
0.12455,0
0.08156,0
0.06332,0
0.04095,0
0.04642,0
0.08604,0
0.10966,0
0.01837,0
0.02700,0
0.03202,0
0.02901,0
0.03386,0
0.04686,0
0.02894,0
0.03032,0
0.04545,0
0.03181,0
0.03533,0
0.03497,0
0.03406,0
0.15004,0
0.08938,0
0.06069,0
0.05169,0
0.05479,0
0.06655,0
0.07763,0
0.01006,0
0.03329,0
0.02538,0
0.02429,0
0.02902,0
0.03209,0
0.00808,0
0.02341,0
0.02239,0
0.01150,0
0.02224,0
0.03084,0
0.00808,0
0.01735,0
0.03606,0
0.04859,0
0.03747,0
0.03703,0
0.03876,0
0.11771,0
0.06028,0
0.04822,0
0.05037,0
0.04512,0
0.04293,0
0.05233,0
0.01837,0
0.02442,0
0.03970,0
0.04302,0
0.03989,0
0.04744,0
0.04874,0
0.00808,0
0.01735,0
0.03096,0
0.01787,0
0.02008,0
0.02601,0
0.03586,0
0.08503,0
0.05143,0
0.03111,0
0.03637,0
0.04178,0
0.04581,0
0.02894,0
0.03668,0
0.01728,0
0.01743,0
0.02011,0
0.00808,0
0.01735,0
0.03090,0
0.05328,0
0.04937,0
0.04883,0
0.04956,0
0.03044,1
0.03904,1
0.05313,1
0.09176,1
0.10132,1
0.02894,0
0.05070,0
0.04374,0
0.05337,0
0.06155,0
0.06883,0
0.07819,0
0.01837,0
0.03986,0
0.02946,0
0.02525,0
0.03327,0
0.03695,0
0.11928,0
0.07692,0
0.05234,0
0.05301,0
0.06628,0
0.09765,0
0.03044,0
0.05023,0
0.05514,0
0.04325,0
0.03753,0
0.07684,1
0.07768,1
0.08309,0
0.06664,0
0.04432,0
0.04694,0
0.05838,0
0.08572,0
0.08971,0
0.13276,0
0.10113,0
0.08412,0
0.06208,0
0.06164,0
0.08564,0
0.01006,0
0.01906,0
0.03684,0
0.04908,0
0.03475,0
0.03693,0
0.03873,0
0.03044,0
0.03904,0
0.01914,0
0.01799,0
0.01939,0
0.02894,0
0.03222,0
0.03417,0
0.03630,0
0.04479,0
0.04055,0
0.03715,0
0.00808,0
0.02341,0
0.02239,0
0.01150,0
0.02224,0
0.03512,0
0.03044,0
0.03335,0
0.07978,0
0.06119,0
0.05342,0
0.10214,0
0.07862,0
0.05042,0
0.05096,0
0.06571,0
0.07817,0
0.11928,0
0.09997,0
0.06372,0
0.05926,0
0.07107,0
0.08178,0
0.03012,0
0.03020,0
0.04012,0
0.05973,0
0.10720,0
0.11150,0
0.11940,0
0.00808,0
0.01735,0
0.02438,0
0.01136,0
0.01901,0
0.02348,0
0.02726,0
0.09622,0
0.08459,0
0.09765,0
0.10642,0
0.08626,0
0.08429,0
0.08603,0
0.00808,0
0.02341,0
0.02239,0
0.01271,0
0.02616,0
0.03682,0
0.13673,0
0.07575,0
0.04978,0
0.04263,0
0.04489,0
0.04835,0
0.06579,0
0.12234,0
0.11388,0
0.08225,0
0.08071,0
0.07764,0
0.07095,0
0.07034,0
0.08102,0
0.05035,0
0.04314,0
0.04281,0
0.04393,0
0.08176,0
0.08890,0
0.06472,0
0.05615,0
0.06098,0
0.04481,0
0.04473,0
0.06148,0
0.07305,0
0.04903,0
0.04605,0
0.06106,0
0.08337,0
0.07443,0
0.05927,0
0.05586,0
0.04172,0
0.04352,0
0.06241,0
0.01006,0
0.03072,0
0.02346,0
0.01833,0
0.02436,0
0.03551,0
0.00808,0
0.01952,0
0.02129,0
0.02777,0
0.03912,0
0.04833,0
0.06775,0
0.06694,0
0.08263,0
0.10838,0
0.10770,0
0.02894,0
0.03668,0
0.01728,0
0.01733,0
0.01882,0
0.10142,0
0.09082,0
0.07258,0
0.06277,0
0.06447,0
0.00808,0
0.01735,0
0.03432,0
0.04477,0
0.04029,0
0.04161,0
0.04310,0
0.03012,0
0.02722,0
0.03432,0
0.05835,1
0.06934,1
0.06829,1
0.07029,0
0.04698,0
0.04402,0
0.04377,0
0.05048,0
0.06096,0
0.07396,0
0.03012,0
0.02937,0
0.04536,0
0.03355,0
0.03559,0
0.03672,0
0.03615,0
0.12669,0
0.09731,0
0.06766,0
0.05004,0
0.04310,0
0.04055,0
0.05069,0
0.10754,1
0.09513,1
0.06473,1
0.07066,1
0.07799,1
0.08876,1
0.12126,1
0.00808,0
0.02341,0
0.02239,0
0.01531,0
0.02116,0
0.03040,0
0.05761,0
0.04010,0
0.04390,0
0.05081,0
0.04479,0
0.04051,0
0.03692,0
0.06775,0
0.06547,0
0.09024,0
0.12012,0
0.11967,0
0.03044,0
0.03397,0
0.04022,0
0.03149,0
0.03640,0
0.03590,0
0.03466,0
0.00808,0
0.02950,0
0.04468,0
0.05571,0
0.05002,0
0.05730,0
0.05937,0
0.12572,0
0.09971,0
0.08092,0
0.07237,0
0.06562,0
0.06069,0
0.06227,0
0.09622,0
0.10763,0
0.12939,0
0.10666,0
0.10289,0
0.09197,0
0.08839,0
0.08503,0
0.05143,0
0.03057,0
0.03403,0
0.04775,0
0.05289,0
0.00808,0
0.02341,0
0.02239,0
0.01150,0
0.01905,0
0.02873,0
0.07443,0
0.05927,0
0.05288,0
0.04310,0
0.04413,0
0.06084,0
0.10491,0
0.07404,0
0.06740,0
0.06126,0
0.06957,0
0.07136,0
0.00808,0
0.01797,0
0.04044,0
0.03201,0
0.03610,0
0.04673,0
0.05253,0
0.03044,0
0.03904,0
0.01914,0
0.01799,0
0.01939,0
0.10542,0
0.07512,0
0.05608,0
0.04032,0
0.04086,0
0.06111,0
0.06891,0
0.00808,0
0.01952,0
0.02129,0
0.01610,0
0.02453,0
0.03335,0
0.10142,0
0.09082,0
0.07258,0
0.06277,0
0.06603,0
0.03012,0
0.03128,0
0.04280,0
0.05121,0
0.04735,0
0.04406,0
0.04040,0
0.00808,0
0.01797,0
0.03366,0
0.02626,0
0.02426,0
0.03233,0
0.03625,0
0.00808,0
0.01797,0
0.03691,0
0.03387,0
0.03392,0
0.04746,0
0.05072,0
0.03012,0
0.03661,0
0.01851,0
0.01789,0
0.01924,0
0.00808,0
0.01735,0
0.02438,0
0.01136,0
0.01529,0
0.02052,0
0.02371,0
0.08393,0
0.07604,1
0.10110,1
0.10256,1
0.09395,1
0.09316,1
0.10148,1
0.10598,1
0.03012,0
0.03661,0
0.01851,0
0.01789,0
0.01924,0
0.08393,1
0.04746,1
0.04321,1
0.07346,1
0.09925,0
0.09378,0
0.07770,0
0.05995,0
0.06232,0
0.08735,0
0.03012,0
0.03020,0
0.03209,0
0.03916,0
0.03974,0
0.03833,0
0.03669,0
0.01837,0
0.03827,0
0.02482,0
0.02128,0
0.02772,0
0.03406,0
0.19633,0
0.11335,0
0.08072,0
0.06782,0
0.07618,0
0.00808,0
0.06597,0
0.06691,0
0.06053,0
0.05178,0
0.06377,0
0.10244,1
0.09552,1
0.09153,1
0.08608,1
0.08896,1
0.10706,1
0.11014,1
0.01837,0
0.02995,0
0.03307,0
0.02344,0
0.03442,0
0.04087,0
0.01006,0
0.01906,0
0.03225,0
0.01849,0
0.02494,0
0.03493,0
0.03782,0
0.01837,0
0.03676,0
0.04970,0
0.04336,0
0.05301,0
0.04982,0
0.11996,0
0.09889,0
0.08323,0
0.06412,0
0.06321,0
0.07382,0
0.11141,0
0.00808,0
0.01735,0
0.03096,0
0.01787,0
0.02008,0
0.02601,0
0.03388,0
0.25515,0
0.13513,0
0.09175,0
0.07550,0
0.08148,0
0.08224,0
0.07010,0
0.07781,0
0.06680,0
0.05894,0
0.06122,0
0.07238,0
0.00808,0
0.02341,0
0.03102,0
0.02418,0
0.03166,0
0.03724,0
0.06775,0
0.06694,0
0.08263,0
0.10838,0
0.11035,0
0.09911,0
0.06183,0
0.05534,0
0.06149,0
0.11169,0
0.03012,0
0.03241,0
0.03653,0
0.02896,0
0.03411,0
0.03219,0
0.02975,0
0.10142,0
0.09082,0
0.07401,0
0.06301,0
0.06563,0
0.00808,0
0.01952,0
0.02642,0
0.02480,0
0.03573,0
0.04494,0
0.03588,0
0.03954,0
0.04087,0
0.03473,0
0.04398,0
0.03915,0
0.03545,0
0.07176,1
0.04374,1
0.04620,1
0.06132,1
0.07540,1
0.08135,1
0.01837,0
0.02442,0
0.02898,0
0.01510,0
0.02411,0
0.03205,0
0.03429,0
0.00808,0
0.02994,0
0.02081,0
0.02987,0
0.03056,0
0.03590,0
0.01837,0
0.02700,0
0.02606,0
0.02454,0
0.03445,0
0.04294,0
0.00808,0
0.02547,0
0.03898,0
0.05210,0
0.03952,0
0.03717,0
0.03756,0
0.07443,0
0.07572,0
0.07201,0
0.04930,0
0.04836,0
0.06633,0
0.01006,0
0.02348,0
0.03113,0
0.02452,0
0.03309,0
0.03943,0
0.14832,0
0.10305,0
0.07111,0
0.05323,0
0.04408,0
0.04359,0
0.05450,0
0.00808,0
0.03208,0
0.02355,0
0.01990,0
0.03546,0
0.04187,0
0.15318,0
0.11023,0
0.09202,0
0.07781,0
0.06570,0
0.06569,0
0.07552,0
0.03044,0
0.03326,0
0.03724,0
0.03160,0
0.03765,0
0.03686,0
0.03457,0
0.01837,0
0.02562,0
0.04748,0
0.04468,0
0.04877,0
0.06305,0
0.06709,0
0.01837,0
0.02562,0
0.04607,0
0.03448,0
0.03023,0
0.03715,0
0.04289,0
0.01006,0
0.01980,0
0.03355,0
0.05027,0
0.04775,0
0.05227,0
0.05497,0
0.00808,0
0.04618,0
0.04349,0
0.06165,0
0.05553,0
0.05996,0
0.06251,0
0.01837,0
0.06257,0
0.06063,0
0.07458,0
0.06798,0
0.06967,0
0.06844,0
0.03012,0
0.03307,0
0.03968,0
0.04801,0
0.04224,0
0.03924,0
0.03739,0
0.03012,0
0.03401,0
0.04459,0
0.08064,0
0.09375,0
0.09698,0
0.10234,0
0.01006,0
0.02348,0
0.02298,0
0.01193,0
0.02467,0
0.03265,0
0.00808,0
0.02950,0
0.04814,0
0.03732,0
0.03138,0
0.03571,0
0.03837,0
0.06472,0
0.05615,0
0.05380,0
0.03993,0
0.04144,0
0.06154,0
0.00808,0
0.02950,0
0.04683,0
0.02976,0
0.02771,0
0.03753,0
0.04258,0
0.07644,0
0.04434,0
0.05772,0
0.05834,0
0.05297,0
0.05457,0
0.00808,0
0.02547,0
0.04088,0
0.04555,0
0.03728,0
0.03907,0
0.04430,0
0.15012,1
0.12580,1
0.09825,1
0.09034,1
0.07523,1
0.06654,1
0.07182,1
0.06429,1
0.07802,1
0.03044,0
0.03167,0
0.03754,0
0.04207,0
0.03679,0
0.03721,0
0.03456,0
0.11771,0
0.06028,0
0.04822,0
0.05457,0
0.04996,0
0.04683,0
0.05080,0
0.03588,0
0.03455,0
0.04133,0
0.04923,0
0.04673,0
0.04356,0
0.04029,0
0.03588,0
0.03964,0
0.05103,0
0.04388,0
0.05095,0
0.04364,0
0.03931,0
0.00808,0
0.04225,0
0.05423,0
0.08754,0
0.09353,0
0.09409,0
0.03044,0
0.03904,0
0.01914,0
0.01799,0
0.01939,0
0.09791,0
0.08274,0
0.07076,0
0.05236,0
0.05195,0
0.06863,0
0.01006,0
0.03193,0
0.02764,0
0.03037,0
0.03500,0
0.03976,0
0.00808,0
0.01735,0
0.03683,0
0.04489,0
0.04677,0
0.05297,0
0.05378,0
0.12393,0
0.09897,0
0.06855,0
0.05134,0
0.04810,0
0.06883,0
0.08090,0
0.01837,0
0.02700,0
0.03584,0
0.03894,0
0.04088,0
0.04663,0
0.07644,0
0.04434,0
0.05772,0
0.05834,0
0.05211,0
0.05363,0
0.00808,0
0.01952,0
0.02129,0
0.01663,0
0.02918,0
0.03463,0
0.00808,0
0.01735,0
0.03175,0
0.04809,0
0.03446,0
0.03785,0
0.04863,0
0.00808,0
0.02889,0
0.02185,0
0.01661,0
0.02454,0
0.03626,0
0.25515,0
0.13513,0
0.09175,0
0.07550,0
0.08861,0
0.05761,0
0.06186,0
0.03187,0
0.02778,0
0.02717,0
0.02894,0
0.03032,0
0.03624,0
0.03957,0
0.04638,0
0.04305,0
0.03941,0
0.03044,0
0.03581,0
0.03768,0
0.03355,0
0.03692,0
0.03643,0
0.03510,0
0.12726,0
0.09979,0
0.09451,0
0.07212,0
0.05937,0
0.05619,0
0.06691,0
0.06775,1
0.07832,1
0.08618,1
0.08249,1
0.07355,1
0.09612,1
0.09178,1
0.10272,1
0.08343,0
0.07773,0
0.08248,0
0.07412,0
0.07014,0
0.06706,0
0.01837,0
0.02985,0
0.04596,0
0.06148,0
0.05672,0
0.05801,0
0.05629,0
0.06775,0
0.06694,0
0.09799,0
0.11194,0
0.11548,0
0.00808,0
0.02889,0
0.02185,0
0.01830,0
0.02579,0
0.03753,0
0.00808,0
0.01735,0
0.02438,0
0.01136,0
0.01970,0
0.03261,0
0.04469,0
0.00808,0
0.02547,0
0.04239,0
0.06328,0
0.08567,0
0.09953,0
0.10490,0
0.08343,0
0.09261,0
0.08525,0
0.07904,0
0.07861,0
0.07324,0
0.15012,0
0.12580,0
0.09335,0
0.08408,0
0.07327,0
0.06630,0
0.07296,0
0.03012,0
0.12440,1
0.10553,1
0.09215,1
0.06775,0
0.06694,0
0.09799,0
0.12486,0
0.11841,0
0.03044,0
0.03381,0
0.04020,0
0.05013,0
0.04845,0
0.04242,0
0.03821,0
0.01006,0
0.03193,0
0.02090,0
0.02133,0
0.02716,0
0.03308,0
0.10875,0
0.09732,0
0.07306,0
0.06887,0
0.05842,0
0.05077,0
0.05280,0
0.00808,0
0.02889,0
0.02185,0
0.01748,0
0.02454,0
0.02892,0
0.03044,0
0.04646,0
0.05714,0
0.05889,0
0.05378,0
0.00808,0
0.02994,0
0.02081,0
0.01959,0
0.02773,0
0.03646,0
0.00808,0
0.01952,0
0.02129,0
0.02060,0
0.03121,0
0.03540,0
0.07443,0
0.07572,0
0.07201,0
0.05398,0
0.05173,0
0.06894,0
0.03588,0
0.05370,0
0.05603,0
0.07360,0
0.08297,0
0.08134,0
0.08923,0
0.02894,0
0.04935,0
0.07518,0
0.04280,0
0.03700,0
0.06472,0
0.07188,0
0.06637,0
0.04788,0
0.04749,0
0.06614,0
0.01006,0
0.04892,0
0.05020,0
0.06364,0
0.07793,0
0.11450,0
0.11361,0
0.00808,0
0.01797,0
0.03575,0
0.05846,0
0.05569,0
0.06517,0
0.06611,0
0.00808,0
0.02889,0
0.02185,0
0.01941,0
0.02399,0
0.03480,0
0.00808,0
0.01952,0
0.02129,0
0.01610,0
0.03002,0
0.03530,0
0.15012,0
0.11829,1
0.12702,1
0.11039,1
0.09658,1
0.08813,1
0.08683,1
0.00808,0
0.01952,0
0.02129,0
0.02060,0
0.02779,0
0.03145,0
0.07412,0
0.05934,0
0.03953,0
0.04556,0
0.04298,0
0.05095,0
0.05511,0
0.10817,0
0.09109,0
0.07642,0
0.06022,0
0.06189,0
0.08775,0
0.08976,0
0.06249,0
0.03975,0
0.04473,0
0.08300,0
0.10612,0
0.03012,0
0.02832,0
0.03728,0
0.04591,0
0.04082,0
0.03763,0
0.03461,0
0.00808,0
0.01952,0
0.02129,0
0.02060,0
0.02671,0
0.03389,0
0.18576,0
0.13097,0
0.08904,0
0.07100,0
0.08212,0
0.02894,0
0.03668,0
0.01728,0
0.01743,0
0.02011,0
0.02894,0
0.03111,0
0.04856,0
0.03952,0
0.04795,0
0.04482,0
0.04136,0
0.01006,0
0.02348,0
0.03113,0
0.03004,0
0.04035,0
0.04803,0
0.13532,0
0.07672,0
0.05354,0
0.04648,0
0.05149,0
0.05387,0
0.08441,0
0.00808,0
0.02341,0
0.02239,0
0.01150,0
0.02030,0
0.03490,0
0.01837,0
0.02901,0
0.03441,0
0.03260,0
0.03907,0
0.04651,0
0.08857,0
0.07008,0
0.06573,0
0.05526,0
0.05523,0
0.05510,0
0.12560,0
0.07908,0
0.05237,0
0.05688,0
0.06641,0
0.06544,0
0.06706,0
0.12441,0
0.10838,0
0.07157,0
0.06711,0
0.07477,0
0.08739,0
0.13276,0
0.10476,0
0.07024,0
0.05338,0
0.05431,0
0.07860,0
0.12234,0
0.11388,0
0.08211,0
0.07184,0
0.06839,0
0.06081,0
0.06581,0
0.00808,0
0.01952,0
0.03119,0
0.03508,0
0.04373,0
0.04627,0
0.08697,1
0.07524,1
0.09225,1
0.08849,1
0.13249,1
0.14026,1
0.00808,0
0.03208,0
0.04406,0
0.03975,0
0.03963,0
0.03975,0
0.00808,0
0.01952,0
0.02642,0
0.02480,0
0.03189,0
0.03973,0
0.01837,0
0.02562,0
0.06285,0
0.09035,0
0.10995,0
0.11082,0
0.10705,0
0.00808,0
0.02889,0
0.02185,0
0.01921,0
0.02370,0
0.03068,0
0.03044,0
0.03335,0
0.07733,0
0.04938,0
0.04282,0
0.11771,0
0.06028,0
0.05116,0
0.04985,0
0.10149,1
0.10742,1
0.10101,1
0.10117,1
0.10980,1
0.20212,0
0.14340,0
0.11258,0
0.09750,0
0.08071,0
0.08142,0
0.09092,0
0.02894,0
0.04980,0
0.04914,0
0.04624,0
0.04387,0
0.00808,0
0.02889,0
0.04428,0
0.03986,0
0.03843,0
0.04067,0
0.07176,0
0.04374,0
0.05401,0
0.05381,0
0.04629,0
0.04841,0
0.10542,0
0.09447,0
0.06903,0
0.05202,0
0.05415,0
0.06418,0
0.07695,0
0.01837,0
0.02995,0
0.02755,0
0.01909,0
0.03180,0
0.04327,0
0.07061,0
0.06017,0
0.05998,0
0.05702,0
0.06682,0
0.07771,0
0.06472,0
0.07562,0
0.06698,0
0.04871,0
0.04854,0
0.06727,0
0.09622,1
0.10763,1
0.11528,1
0.16904,1
0.14324,1
0.13287,1
0.12820,1
0.00808,0
0.03208,0
0.02355,0
0.02102,0
0.02753,0
0.02950,0
0.07443,0
0.06474,0
0.05224,0
0.04051,0
0.04292,0
0.06255,0
0.00808,0
0.02547,0
0.04239,0
0.07587,0
0.09566,0
0.09544,0
0.09877,0
0.08503,0
0.05143,0
0.03057,0
0.03678,0
0.04222,0
0.04775,0
0.00808,0
0.02889,0
0.02185,0
0.01716,0
0.01868,0
0.02673,0
0.03588,0
0.03661,0
0.03887,0
0.04732,0
0.04948,0
0.04613,0
0.04248,0
0.10552,0
0.07167,0
0.04737,0
0.05119,0
0.05739,0
0.07175,0
0.08608,0
0.17085,0
0.10668,0
0.08599,0
0.07760,0
0.06198,0
0.05840,0
0.06797,0
0.03044,0
0.03347,0
0.05336,0
0.06002,0
0.05664,0
0.13034,0
0.09229,0
0.08122,0
0.06980,0
0.05652,0
0.05959,0
0.08232,0
0.06990,0
0.06047,0
0.06364,0
0.06400,0
0.06383,0
0.00808,0
0.04792,0
0.05736,0
0.05157,0
0.04361,0
0.04799,0
0.09366,0
0.09286,0
0.07476,0
0.06282,0
0.06511,0
0.11481,0
0.09745,0
0.06727,0
0.06430,0
0.08602,0
0.09581,0
0.00808,0
0.01952,0
0.02129,0
0.01610,0
0.02194,0
0.02952,0
0.00808,0
0.01797,0
0.04077,0
0.02931,0
0.03331,0
0.03814,0
0.04306,0
0.21126,0
0.10742,0
0.07963,0
0.06679,0
0.05509,0
0.05913,0
0.10755,0
0.06760,0
0.04671,0
0.03869,0
0.04097,0
0.04638,0
0.06227,0
0.03012,1
0.02749,1
0.03462,1
0.05704,1
0.06741,1
0.06747,1
0.09264,1
0.15998,0
0.13240,0
0.09128,0
0.06591,0
0.06415,0
0.08691,0
0.01006,0
0.01906,0
0.03225,0
0.01849,0
0.02064,0
0.02996,0
0.04327,0
0.01006,0
0.03329,0
0.02538,0
0.02248,0
0.02904,0
0.03252,0
0.08928,0
0.09232,0
0.06662,0
0.06487,0
0.07234,0
0.09222,0
0.09699,0
0.07169,0
0.06797,0
0.05283,0
0.04140,0
0.04831,0
0.05395,0
0.05683,0
0.03044,0
0.03904,0
0.01914,0
0.01819,0
0.02065,0
0.25515,0
0.13513,0
0.09175,0
0.08099,0
0.09398,0
0.00808,0
0.01735,0
0.03755,0
0.06372,0
0.08614,0
0.08749,0
0.08733,0
0.18311,0
0.18253,0
0.11089,0
0.09015,0
0.07692,0
0.06937,0
0.06995,0
0.02894,0
0.03085,0
0.04106,0
0.03811,0
0.04228,0
0.04022,0
0.03742,0
0.24277,0
0.17764,0
0.16045,0
0.13528,0
0.11670,0
0.10988,0
0.12039,0
0.08697,0
0.07524,0
0.06290,0
0.07065,0
0.06474,0
0.06355,0
0.01006,0
0.01980,0
0.04317,0
0.04136,0
0.04146,0
0.04400,0
0.05026,0
0.01006,0
0.03112,0
0.04641,0
0.03162,0
0.02837,0
0.03230,0
0.03618,0
0.01837,0
0.06325,0
0.05337,0
0.05831,0
0.07967,0
0.08974,0
0.09540,0
0.00808,0
0.02547,0
0.04239,0
0.06630,0
0.08692,0
0.08423,0
0.09091,0
0.03588,0
0.03556,0
0.04505,0
0.08094,0
0.09461,0
0.09698,0
0.09845,0
0.00808,0
0.01797,0
0.03366,0
0.03339,0
0.03620,0
0.04333,0
0.04983,0
0.00808,0
0.01735,0
0.03683,0
0.05245,0
0.04648,0
0.04564,0
0.04608,0
0.10142,1
0.05828,1
0.08441,1
0.07478,1
0.07052,1
0.07667,1
0.06853,1
0.07176,0
0.03588,0
0.05098,0
0.05413,0
0.04688,0
0.04846,0
0.13532,0
0.07672,0
0.05354,0
0.04382,0
0.04298,0
0.04982,0
0.08681,0
0.00808,0
0.01735,0
0.01874,0
0.03792,0
0.03448,0
0.03572,0
0.03751,0
0.01006,0
0.02348,0
0.02298,0
0.01587,0
0.02450,0
0.02921,0
0.01837,0
0.02562,0
0.04831,0
0.05601,0
0.05256,0
0.05344,0
0.06191,0
0.00808,0
0.01735,0
0.02438,0
0.01136,0
0.01970,0
0.03072,0
0.03582,0
0.06020,1
0.10345,1
0.11505,1
0.03078,1
0.04763,1
0.05778,1
0.05185,1
0.04805,1
0.06892,1
0.08420,1
0.08659,1
0.02894,0
0.02119,0
0.03693,0
0.04401,0
0.03815,0
0.03741,0
0.03654,0
0.07443,0
0.07572,0
0.07201,0
0.04930,0
0.04836,0
0.06427,0
0.11771,0
0.06028,0
0.04684,0
0.07473,1
0.10754,1
0.10135,1
0.09544,1
0.09701,1
0.10556,1
0.01006,0
0.01290,1
0.04236,1
0.06882,1
0.09432,1
0.10168,1
0.11195,1
0.11232,1
0.08102,0
0.05035,0
0.04619,0
0.04491,0
0.04886,0
0.06569,0
0.07300,0
0.11041,0
0.08314,0
0.07655,0
0.07277,0
0.07994,0
0.08351,0
0.01006,0
0.02131,0
0.02250,0
0.01698,0
0.02850,0
0.03380,0
0.00808,0
0.07393,1
0.08136,1
0.08629,1
0.09687,1
0.09686,1
0.09321,1
0.00808,0
0.01735,0
0.03606,0
0.04859,0
0.04167,0
0.04474,0
0.04421,0
0.09366,0
0.07697,0
0.06511,0
0.05691,0
0.05201,0
0.04644,0
0.04990,0
0.08901,0
0.06690,0
0.06453,0
0.06657,0
0.05583,0
0.05620,0
0.00808,0
0.02341,0
0.02239,0
0.01531,0
0.02400,0
0.03368,0
0.05461,1
0.06471,1
0.03012,0
0.03661,0
0.01851,0
0.01798,0
0.02046,0
0.13708,0
0.07232,0
0.04855,0
0.04411,0
0.04199,0
0.05531,0
0.06712,0
0.00808,0
0.01952,0
0.02129,0
0.02060,0
0.03121,0
0.03540,0
0.02894,0
0.03668,0
0.01728,0
0.01733,0
0.01882,0
0.00808,0
0.02547,0
0.04088,0
0.05189,0
0.04502,0
0.04550,0
0.05162,0
0.03044,0
0.05023,0
0.07632,0
0.04176,0
0.03477,0
0.12785,0
0.08921,0
0.06551,0
0.06386,0
0.08660,0
0.10821,0
0.07176,0
0.04374,0
0.05055,0
0.04713,0
0.04047,0
0.04279,0
0.07443,0
0.07572,0
0.06256,0
0.04590,0
0.04572,0
0.06419,0
0.01006,0
0.03193,0
0.02090,0
0.02026,0
0.02799,0
0.03493,0
0.00808,0
0.03208,0
0.02355,0
0.01990,0
0.03181,0
0.03985,0
0.01837,0
0.02985,0
0.04592,0
0.05560,0
0.04951,0
0.04844,0
0.04868,0
0.07644,0
0.04434,0
0.04861,0
0.05095,0
0.04595,0
0.04883,0
0.10613,0
0.08185,0
0.07533,0
0.04873,0
0.03988,0
0.03991,0
0.04976,0
0.01006,0
0.03329,0
0.02538,0
0.02098,0
0.03342,0
0.04034,0
0.12095,0
0.14259,0
0.11980,0
0.10346,0
0.09599,0
0.08700,0
0.08967,0
0.12932,0
0.10354,0
0.07337,0
0.05326,0
0.04884,0
0.07769,0
0.08976,0
0.09852,0
0.07432,0
0.05437,0
0.05331,0
0.05912,0
0.01837,0
0.03737,0
0.04576,0
0.03361,0
0.02772,0
0.03243,0
0.03578,0
0.12694,0
0.14664,0
0.11742,0
0.09979,0
0.09660,0
0.08791,0
0.08690,0
0.17549,1
0.10008,1
0.11324,1
0.11288,1
0.10126,1
0.09366,1
0.08230,1
0.09567,1
0.10666,1
0.03012,0
0.16031,1
0.15978,1
0.13430,1
0.13651,1
0.12628,1
0.11232,1
0.00808,0
0.01952,0
0.02129,0
0.01610,0
0.02776,0
0.03317,0
0.12463,0
0.09957,0
0.06851,0
0.05038,0
0.04697,0
0.05977,0
0.07892,0
0.00808,0
0.02994,0
0.02081,0
0.01959,0
0.02146,0
0.02802,0
0.00808,0
0.02341,0
0.02239,0
0.01531,0
0.02319,0
0.03052,0
0.08697,0
0.07524,0
0.05288,0
0.06107,0
0.05245,0
0.05372,0
0.21126,0
0.10742,0
0.09214,0
0.08542,0
0.07078,0
0.07311,0
0.03012,0
0.04842,0
0.07582,0
0.04173,0
0.03589,0
0.00808,0
0.01735,0
0.03384,0
0.04946,0
0.04655,0
0.05337,0
0.05420,0
0.00808,0
0.02341,0
0.02776,0
0.02819,1
0.09305,1
0.09305,1
0.10532,1
0.12207,0
0.08920,0
0.05459,0
0.05327,0
0.07668,0
0.09817,0
0.17239,1
0.14185,1
0.16061,1
0.13905,1
0.12760,1
0.11981,1
0.00808,0
0.03468,0
0.05246,0
0.05798,0
0.05723,0
0.06930,0
0.20212,0
0.14361,0
0.11855,0
0.09796,0
0.07943,0
0.08013,0
0.08979,0
0.11833,0
0.18019,0
0.14014,0
0.10589,0
0.08766,0
0.08042,0
0.09246,0
0.02894,0
0.11289,1
0.09742,1
0.08571,1
0.01837,0
0.05810,0
0.06379,0
0.06816,0
0.07964,0
0.08714,0
0.03044,0
0.03904,0
0.01914,0
0.01799,0
0.01939,0
0.03012,0
0.04963,0
0.05044,0
0.04589,0
0.04464,0
0.07437,0
0.06747,0
0.06448,0
0.05957,0
0.06681,0
0.06978,0
0.13086,1
0.10979,1
0.09003,1
0.08570,1
0.06904,1
0.06986,1
0.08642,1
0.00808,0
0.02994,0
0.02081,0
0.02022,0
0.03007,0
0.03880,0
0.12425,0
0.09733,0
0.08249,0
0.07096,0
0.05739,0
0.05938,0
0.07526,0
0.08503,0
0.07085,0
0.07080,0
0.06621,0
0.07281,0
0.07648,0
0.00808,0
0.01797,0
0.03246,0
0.05976,1
0.06631,1
0.10368,1
0.12493,1
0.12620,1
0.12106,1
0.13481,1
0.10721,0
0.08015,0
0.05458,0
0.03852,0
0.03678,0
0.04704,0
0.06582,0
0.00808,0
0.02889,0
0.02185,0
0.01661,0
0.02454,0
0.03626,0
0.00808,0
0.01797,0
0.03800,0
0.05939,0
0.09495,0
0.09938,0
0.10081,0
0.03012,0
0.04963,0
0.05044,0
0.04676,0
0.04425,0
0.14888,1
0.13579,1
0.09939,1
0.08499,1
0.08393,1
0.08792,1
0.10185,1
0.19633,0
0.11335,0
0.08072,0
0.07090,0
0.07277,0
0.12981,0
0.09020,0
0.07923,0
0.06401,0
0.05448,0
0.05698,0
0.01006,0
0.03072,0
0.02346,0
0.01833,0
0.02525,0
0.02693,0
0.03044,0
0.11268,1
0.09112,1
0.08041,1
0.18311,0
0.18229,0
0.12416,0
0.10993,0
0.09179,0
0.07993,0
0.08340,0
0.18297,1
0.13208,1
0.09387,1
0.10383,1
0.09832,1
0.09364,1
0.10050,1
0.11266,1
0.10132,1
0.00808,0
0.02341,0
0.03102,0
0.02958,0
0.03667,0
0.03975,0
0.00808,0
0.02205,0
0.04688,0
0.07157,0
0.06516,0
0.07298,0
0.07707,0
0.07305,0
0.04903,0
0.04605,0
0.06106,0
0.09756,0
0.01006,0
0.04392,0
0.06387,0
0.06703,0
0.06330,0
0.07528,0
0.03044,0
0.02170,0
0.03130,0
0.06869,0
0.07968,0
0.08213,0
0.08893,0
0.00808,0
0.02341,0
0.02239,0
0.01150,0
0.02224,0
0.02871,0
0.00808,0
0.05532,0
0.06281,0
0.07513,0
0.07672,0
0.08769,0
0.08992,0
0.01837,0
0.03986,0
0.04919,0
0.04532,0
0.04747,0
0.05528,0
0.00808,0
0.02889,0
0.02185,0
0.01661,0
0.02536,0
0.03294,0
0.01837,0
0.02985,0
0.03461,0
0.01902,0
0.02098,0
0.02984,0
0.04016,0
0.08940,0
0.07599,0
0.09245,0
0.07832,0
0.07212,0
0.07510,0
0.07626,0
0.00808,0
0.02547,0
0.04239,0
0.07175,0
0.07885,0
0.08315,0
0.09607,0
0.11920,0
0.10479,0
0.08293,0
0.07679,0
0.06547,0
0.05600,0
0.05654,0
0.12463,0
0.09957,0
0.06851,0
0.04728,0
0.04297,0
0.04972,0
0.08319,0
0.00808,0
0.02341,0
0.02239,0
0.01531,0
0.02120,0
0.03491,0
0.01006,0
0.03193,0
0.02764,0
0.02806,0
0.03251,0
0.03769,0
0.00808,0
0.01735,0
0.02438,0
0.01136,0
0.01901,0
0.02414,0
0.03120,0
0.02894,0
0.03032,0
0.04088,0
0.04462,0
0.04259,0
0.03697,0
0.03343,0
0.00808,0
0.01952,0
0.02129,0
0.01610,0
0.02423,0
0.03414,0
0.10533,0
0.08436,0
0.06850,0
0.06160,0
0.05474,0
0.04796,0
0.05034,0
0.08503,1
0.06208,1
0.04156,1
0.04521,1
0.05587,1
0.06476,1
0.14576,0
0.10885,0
0.09181,0
0.06832,0
0.05595,0
0.05234,0
0.05703,0
0.03044,0
0.03326,0
0.04090,0
0.03372,0
0.04297,0
0.03789,0
0.03417,0
0.03044,0
0.03397,0
0.04242,0
0.06063,0
0.10154,0
0.10688,0
0.10853,0
0.00808,0
0.02950,0
0.04478,0
0.06850,0
0.06307,0
0.07102,0
0.07107,0
0.01006,0
0.02495,0
0.03049,0
0.01583,0
0.02222,0
0.02531,0
0.02764,0
0.06335,1
0.07110,1
0.07285,1
0.15719,0
0.11862,0
0.09526,0
0.08441,0
0.06939,0
0.06521,0
0.07579,0
0.09622,0
0.07417,0
0.04973,0
0.03944,0
0.03816,0
0.03659,0
0.04007,0
0.02894,0
0.04935,0
0.05326,0
0.04147,0
0.03685,0
0.01837,0
0.02442,0
0.03970,0
0.04830,0
0.03783,0
0.04094,0
0.04217,0
0.01837,0
0.02995,0
0.03307,0
0.02841,0
0.03471,0
0.04254,0
0.13360,0
0.07547,0
0.05117,0
0.04376,0
0.05803,0
0.06086,0
0.07478,0
0.10045,0
0.07914,0
0.07258,0
0.06405,0
0.06494,0
0.06580,0
0.07169,0
0.08862,0
0.08540,0
0.08231,0
0.08116,0
0.07341,0
0.07234,0
0.07644,0
0.04434,0
0.04730,0
0.04949,0
0.04498,0
0.05283,0
0.03012,0
0.03474,0
0.08024,0
0.05995,0
0.05221,0
0.08940,0
0.09171,0
0.10325,0
0.08504,0
0.08521,0
0.08291,0
0.08264,0
0.02894,0
0.03615,0
0.03781,0
0.04025,0
0.04159,0
0.04229,0
0.03918,0
0.08835,0
0.08090,0
0.06349,0
0.06390,0
0.08805,0
0.11012,0
0.04806,0
0.06151,0
0.05081,0
0.06028,0
0.07025,0
0.07702,0
0.08576,0
0.01006,0
0.03193,0
0.02764,0
0.03126,0
0.03684,0
0.04221,0
0.03012,0
0.03307,0
0.03923,0
0.03654,0
0.04117,0
0.03934,0
0.03659,0
0.03012,0
0.03474,0
0.07278,1
0.06076,1
0.05247,1
0.00808,0
0.02994,0
0.02081,0
0.02057,0
0.02494,0
0.02841,0
0.03588,0
0.02910,0
0.03672,0
0.04332,0
0.04598,0
0.03995,0
0.03738,0
0.00808,0
0.01735,0
0.02438,0
0.01136,0
0.01529,0
0.02052,0
0.02486,0
0.09663,0
0.07546,0
0.06451,0
0.04845,0
0.04018,0
0.03983,0
0.05138,0
0.02894,0
0.04935,0
0.07518,0
0.07359,1
0.10029,1
0.13712,1
0.13765,1
0.13278,1
0.03012,0
0.04636,0
0.05031,0
0.03610,0
0.03863,0
0.03664,0
0.03374,0
0.08503,0
0.05143,0
0.03619,0
0.04524,0
0.05376,0
0.05513,0
0.03588,0
0.04937,0
0.02330,0
0.02234,0
0.02411,0
0.12932,0
0.10125,0
0.08085,0
0.06114,0
0.05994,0
0.07891,0
0.09425,0
0.03044,0
0.03904,0
0.01914,0
0.01819,0
0.02065,0
0.10142,0
0.09082,0
0.07401,0
0.06301,0
0.06563,0
0.03588,0
0.04937,0
0.02330,0
0.02254,0
0.02292,0
0.08835,0
0.09369,0
0.06711,0
0.07277,0
0.07241,0
0.07457,0
0.07916,0
0.10178,0
0.09222,0
0.06543,0
0.04701,0
0.04372,0
0.05674,0
0.07056,0
0.01837,0
0.02995,0
0.02755,0
0.01511,0
0.02688,0
0.03676,0
0.01837,0
0.03676,0
0.02716,0
0.02021,0
0.02752,0
0.03880,0
0.07644,1
0.05591,1
0.06654,1
0.07425,1
0.08096,1
0.09503,1
0.13154,1
0.12726,1
0.00808,0
0.02135,0
0.02967,0
0.03070,0
0.03851,0
0.04953,0
0.00808,0
0.02994,0
0.02081,0
0.01613,0
0.01778,0
0.02521,0
0.01837,0
0.02442,0
0.03979,0
0.05236,0
0.04459,0
0.04716,0
0.04739,0
0.03044,0
0.03121,0
0.02434,0
0.03854,1
0.00808,0
0.02889,0
0.02185,0
0.01661,0
0.02564,0
0.02712,0
0.00808,0
0.02547,0
0.03611,0
0.02186,0
0.02721,0
0.03503,0
0.03942,0
0.03012,0
0.03173,0
0.04835,0
0.03680,0
0.04830,0
0.04423,0
0.04068,0
0.01837,0
0.02562,0
0.03782,0
0.05326,0
0.04864,1
0.06699,1
0.05915,1
0.06751,1
0.07342,1
0.02894,0
0.03222,0
0.04584,0
0.03359,0
0.03801,0
0.03716,0
0.03514,0
0.01837,0
0.02995,0
0.07312,1
0.08716,1
0.12351,1
0.12263,1
0.03588,0
0.04937,0
0.02330,0
0.02254,0
0.02292,0
0.09374,0
0.08903,0
0.07784,0
0.07686,0
0.07047,0
0.06135,0
0.06181,0
0.01837,0
0.02900,0
0.04518,0
0.07342,0
0.11252,0
0.11558,0
0.11695,0
0.01837,0
0.02442,0
0.02898,0
0.01510,0
0.01835,0
0.02329,0
0.02691,0
0.03012,0
0.03020,0
0.04012,0
0.06285,0
0.07330,0
0.07813,0
0.09122,0
0.08928,0
0.07959,0
0.05508,0
0.05371,0
0.07375,0
0.08426,0
0.09540,0
0.00808,0
0.02547,0
0.04075,0
0.05745,0
0.05374,0
0.05570,0
0.05440,0
0.00808,0
0.01735,0
0.03096,0
0.01787,0
0.02376,0
0.02717,0
0.03031,0
0.00808,0
0.01735,0
0.02438,0
0.01136,0
0.01970,0
0.02850,0
0.03186,0
0.00808,0
0.02994,0
0.02718,0
0.02768,0
0.03618,0
0.03876,0
0.00808,0
0.01952,0
0.02129,0
0.02060,0
0.03121,0
0.04029,0
0.10045,0
0.07914,0
0.07258,0
0.06405,0
0.05529,0
0.06138,0
0.12207,0
0.08836,0
0.05459,0
0.05429,0
0.07617,0
0.10037,0
0.12060,0
0.08887,0
0.08252,0
0.07298,0
0.06255,0
0.06472,0
0.09244,0
0.00808,0
0.02889,0
0.02185,0
0.01716,0
0.03248,0
0.03571,0
0.09756,0
0.06426,0
0.05797,0
0.06103,0
0.11333,0
0.00808,0
0.02547,0
0.04088,0
0.05326,0
0.04707,0
0.05246,0
0.05238,0
0.01837,0
0.02562,0
0.04366,0
0.05671,0
0.05192,0
0.05595,0
0.06103,0
0.01837,0
0.07358,1
0.08860,1
0.10098,1
0.10141,1
0.11400,1
0.03012,0
0.06540,0
0.07756,0
0.07877,0
0.07162,0
0.18576,0
0.13097,0
0.08904,0
0.07288,0
0.08571,0
0.08232,0
0.08300,0
0.07106,0
0.07258,0
0.06217,0
0.06211,0
0.11928,0
0.09997,0
0.06700,0
0.06301,0
0.07460,0
0.10154,0
0.00808,0
0.02994,0
0.02718,0
0.04179,0
0.04041,0
0.04493,0
0.12932,0
0.12001,1
0.08786,1
0.06579,1
0.06486,1
0.07460,1
0.10941,1
0.02894,0
0.02774,0
0.04221,0
0.05326,0
0.04879,0
0.04639,0
0.04390,0
0.00808,0
0.02135,0
0.02967,0
0.03327,0
0.04470,0
0.04948,0
0.01837,0
0.03737,0
0.04588,0
0.05617,0
0.05099,0
0.05216,0
0.05447,0
0.11962,0
0.07752,0
0.05898,0
0.04487,0
0.04264,0
0.06655,0
0.10373,0
0.00808,0
0.02205,0
0.04756,0
0.04561,0
0.04703,0
0.05658,0
0.06436,0
0.00808,0
0.01952,0
0.02129,0
0.01610,0
0.02375,0
0.03814,0
0.03044,0
0.03904,0
0.01914,0
0.01819,0
0.02065,0
0.06472,0
0.05570,0
0.05991,0
0.04219,0
0.04256,0
0.05951,0
0.13034,0
0.08057,0
0.06690,0
0.05542,0
0.04786,0
0.05288,0
0.03012,0
0.16031,1
0.14204,1
0.13313,1
0.13093,1
0.12182,1
0.10983,1
0.03012,0
0.04963,0
0.05044,0
0.04589,0
0.04464,0
0.03588,0
0.04655,0
0.07179,0
0.07781,0
0.08320,0
0.07456,0
0.07199,1
0.02894,0
0.03222,0
0.03225,0
0.02963,0
0.03466,0
0.03419,0
0.03232,0
0.00808,0
0.02205,0
0.04850,0
0.06669,1
0.10139,1
0.11748,1
0.11486,1
0.00808,0
0.02205,0
0.04598,0
0.05755,0
0.05227,0
0.05973,0
0.06337,0
0.17239,0
0.11387,0
0.09312,0
0.07847,0
0.06509,0
0.06888,0
0.00808,0
0.02547,0
0.03898,0
0.05210,0
0.04416,0
0.04651,0
0.05181,0
0.18548,0
0.10882,0
0.08082,0
0.05866,0
0.05399,0
0.09909,0
0.01006,0
0.02495,0
0.03049,0
0.01583,0
0.02222,0
0.02617,0
0.03290,0
0.00808,0
0.04202,1
0.06568,1
0.11559,1
0.15146,1
0.14295,1
0.14347,1
0.00808,0
0.02889,0
0.02185,0
0.01901,0
0.02226,0
0.02781,0
0.01006,0
0.01906,0
0.03684,0
0.04908,0
0.03786,0
0.03774,0
0.03911,0
0.03044,0
0.02322,0
0.04206,0
0.03586,0
0.03893,0
0.03526,0
0.03234,0
0.00808,0
0.01797,0
0.04077,0
0.03422,0
0.03703,0
0.04393,0
0.05030,0
0.12560,0
0.07908,0
0.05237,0
0.05233,0
0.06042,0
0.06653,0
0.07250,0
0.00808,0
0.04365,0
0.05869,0
0.06214,0
0.07415,0
0.08219,0
0.10657,0
0.08074,0
0.04886,0
0.04951,0
0.07402,0
0.08537,0
0.10359,0
0.07815,0
0.07157,0
0.05864,0
0.05644,0
0.06639,0
0.02894,0
0.03668,0
0.01728,0
0.01733,0
0.01882,0
0.08045,0
0.06910,0
0.06684,0
0.05477,0
0.04730,0
0.05937,0
0.00808,0
0.01952,0
0.02129,0
0.01663,0
0.02918,0
0.03959,0
0.04806,0
0.03892,0
0.04251,0
0.03493,0
0.04186,0
0.03701,0
0.03396,0
0.09518,0
0.08299,0
0.07211,0
0.06247,0
0.05777,0
0.05197,0
0.05500,0
0.09925,0
0.10371,0
0.07484,0
0.06009,0
0.06107,0
0.08642,0
0.01837,0
0.02562,0
0.04681,0
0.07301,0
0.09790,0
0.10402,0
0.10821,0
0.03012,0
0.04261,0
0.07927,0
0.04852,0
0.04052,0
0.11655,0
0.09252,0
0.06188,0
0.04726,0
0.04041,0
0.04263,0
0.04756,0
0.14558,0
0.07281,0
0.05598,0
0.05735,0
0.05044,0
0.04568,0
0.04916,0
0.01006,0
0.02348,0
0.03113,0
0.02522,0
0.03791,0
0.04718,0
0.06775,0
0.06547,0
0.08745,0
0.11260,0
0.11075,0
0.10643,0
0.08764,0
0.06115,0
0.04566,0
0.04060,0
0.03960,0
0.04787,0
0.08343,0
0.09261,0
0.08126,0
0.06916,0
0.06353,0
0.06017,0
0.09911,0
0.06183,0
0.05255,0
0.05686,0
0.11048,0
0.03012,0
0.03661,0
0.01851,0
0.01789,0
0.01924,0
0.08901,0
0.06690,0
0.06151,0
0.06704,0
0.05866,0
0.05864,0
0.10454,0
0.07162,0
0.06445,0
0.05366,0
0.04453,0
0.04341,0
0.07277,0
0.00808,0
0.02994,0
0.02718,0
0.02607,0
0.02813,0
0.03159,0
0.06472,0
0.07655,0
0.06126,0
0.04380,0
0.04457,0
0.06376,0
0.01837,0
0.02995,0
0.02755,0
0.01511,0
0.02963,0
0.03947,0
0.11481,0
0.09745,0
0.06343,0
0.06116,0
0.08111,0
0.10485,0
0.13178,0
0.07183,0
0.05058,0
0.04755,0
0.05097,0
0.05889,0
0.07672,0
0.03012,0
0.02722,0
0.03924,0
0.07004,0
0.08214,0
0.09612,0
0.10819,0
0.00808,0
0.02950,0
0.04478,0
0.03572,0
0.03750,0
0.03845,0
0.04162,0
0.01006,0
0.03072,0
0.02346,0
0.01803,0
0.02610,0
0.02745,0
0.08156,0
0.06332,0
0.04083,0
0.04515,0
0.07279,0
0.09541,0
0.09991,0
0.08506,0
0.06700,0
0.05096,0
0.04896,0
0.06425,0
0.01006,0
0.01906,0
0.02581,0
0.01204,0
0.01961,0
0.02398,0
0.02769,0
0.01006,0
0.02324,0
0.06285,0
0.08143,0
0.07641,0
0.08513,0
0.08408,0
0.00808,0
0.02341,0
0.03102,0
0.02418,0
0.02939,0
0.04309,0
0.21126,1
0.11686,1
0.10571,1
0.11289,1
0.11065,1
0.10716,1
0.12207,0
0.08920,0
0.05459,0
0.05327,0
0.07413,0
0.08997,0
0.00808,0
0.01952,0
0.02129,0
0.01610,0
0.02453,0
0.03017,0
0.00808,0
0.02547,0
0.04088,0
0.05189,0
0.04583,0
0.05173,0
0.05204,0
0.02894,0
0.03282,0
0.03633,0
0.03277,0
0.03459,0
0.03636,0
0.03580,0
0.01837,0
0.02995,0
0.03307,0
0.02444,0
0.03217,0
0.04485,0
0.03012,0
0.04996,0
0.04264,0
0.05299,0
0.05863,0
0.06539,0
0.07397,0
0.03012,0
0.02968,0
0.02341,0
0.02313,0
0.04196,1
0.02894,0
0.03298,0
0.03407,0
0.03370,0
0.03734,0
0.03716,0
0.03582,0
0.09052,1
0.08287,1
0.06927,1
0.05458,1
0.04577,1
0.21126,0
0.12971,0
0.10780,0
0.10085,0
0.08391,0
0.08429,0
0.07169,0
0.08742,0
0.12287,0
0.11284,0
0.09943,0
0.08838,0
0.08574,0
0.00808,0
0.02547,0
0.04239,0
0.06630,0
0.08692,0
0.08412,0
0.08959,0
0.01837,0
0.02700,0
0.02606,0
0.02454,0
0.03148,0
0.03530,0
0.00808,0
0.02547,0
0.02901,0
0.01506,0
0.02229,0
0.03061,0
0.03362,0
0.03012,0
0.14706,1
0.13995,1
0.11411,1
0.12167,1
0.11459,1
0.10451,1
0.01837,0
0.02700,0
0.03584,0
0.04351,0
0.04791,0
0.05391,0
0.00808,0
0.02950,0
0.04468,0
0.05571,0
0.04727,0
0.04855,0
0.05766,0
0.11771,0
0.06028,0
0.05116,0
0.04985,0
0.04369,0
0.03937,0
0.04794,0
0.03044,0
0.05023,0
0.05514,0
0.04088,0
0.03696,0
0.00808,0
0.01797,0
0.03366,0
0.03339,0
0.03620,0
0.04331,0
0.04454,0
0.11962,0
0.09141,0
0.07646,0
0.06265,0
0.05731,0
0.08034,0
0.11724,0
0.03012,0
0.03661,0
0.01851,0
0.01789,0
0.01924,0
0.02894,0
0.02751,0
0.04009,0
0.04795,0
0.04929,0
0.04614,0
0.04249,0
0.00808,0
0.02547,0
0.02901,0
0.01506,0
0.02231,0
0.03209,0
0.03538,0
0.09924,0
0.09872,0
0.07022,0
0.07137,0
0.06197,0
0.05626,0
0.06311,0
0.00808,0
0.02994,0
0.02081,0
0.02129,0
0.02712,0
0.03053,0
0.03012,0
0.03401,0
0.03219,0
0.02614,0
0.03171,0
0.02918,0
0.02707,0
0.03012,0
0.03661,0
0.01851,0
0.01789,0
0.01924,0
0.00808,0
0.01735,0
0.01874,0
0.02874,0
0.03618,0
0.04166,0
0.04139,0
0.01837,0
0.02442,0
0.03593,0
0.06073,0
0.05736,0
0.06542,1
0.08145,1
0.10036,1
0.11017,1
0.10941,1
0.10246,0
0.08223,0
0.13910,0
0.12383,0
0.10439,0
0.09040,0
0.08711,0
0.01837,0
0.07179,0
0.05992,0
0.07132,0
0.06280,0
0.06701,0
0.07249,0
0.00808,0
0.03208,0
0.04406,0
0.04587,0
0.05222,0
0.05476,0
0.01006,0
0.05886,0
0.06085,0
0.08046,0
0.08628,0
0.11577,0
0.11437,0
0.12393,0
0.08829,0
0.05878,0
0.04257,0
0.04027,0
0.04792,0
0.08159,0
0.00808,0
0.01735,0
0.02438,0
0.01136,0
0.01970,0
0.02518,0
0.03036,0
0.01006,0
0.03072,0
0.02346,0
0.01750,0
0.02740,0
0.03202,0
0.00808,0
0.03218,1
0.05417,1
0.06580,1
0.06832,1
0.10660,1
0.11607,1
0.12981,0
0.08906,0
0.08159,0
0.06622,0
0.05609,0
0.06292,0
0.12463,0
0.10937,1
0.08697,1
0.08669,1
0.08104,1
0.09733,1
0.00808,0
0.02205,0
0.04490,0
0.03352,0
0.02847,0
0.03469,0
0.04174,0
0.01837,0
0.02562,0
0.04089,0
0.06537,0
0.06110,0
0.06964,0
0.07435,0
0.01837,0
0.03986,0
0.02946,0
0.02474,0
0.02976,0
0.03601,0
0.01006,0
0.03072,0
0.02346,0
0.01833,0
0.03210,0
0.03548,0
0.07029,1
0.04698,1
0.04402,1
0.04518,1
0.06109,1
0.06593,1
0.08591,1
0.02894,0
0.03298,0
0.03616,0
0.03645,0
0.03931,0
0.03725,0
0.03466,0
0.06775,0
0.06262,0
0.07868,0
0.10416,0
0.10363,0
0.01837,0
0.03827,0
0.02482,0
0.02521,0
0.03937,0
0.04478,0
0.00808,0
0.05070,0
0.06128,0
0.05439,0
0.05517,0
0.05507,0
0.09814,0
0.07462,0
0.04949,0
0.05877,0
0.06526,0
0.06623,0
0.12560,0
0.10694,0
0.07043,0
0.06247,0
0.08016,0
0.10992,0
0.00808,0
0.02994,0
0.02718,0
0.03116,0
0.03751,0
0.04236,0
0.07644,1
0.04434,1
0.05993,1
0.05910,1
0.05240,1
0.05455,1
0.08097,1
0.08444,1
0.08888,1
0.03012,0
0.02120,0
0.02706,0
0.03006,0
0.03321,0
0.03392,0
0.03172,0
0.09447,1
0.09025,1
0.10060,1
0.09265,1
0.10176,1
0.10124,1
0.03044,0
0.03811,0
0.04683,0
0.05935,0
0.05544,0
0.04954,0
0.04639,0
0.00808,0
0.02547,0
0.03898,0
0.05299,0
0.04459,0
0.04935,0
0.05071,0
0.02894,0
0.03222,0
0.04180,0
0.04722,0
0.04145,0
0.03874,0
0.03704,0
0.29620,0
0.18808,0
0.12868,0
0.09815,0
0.08405,0
0.08688,0
0.08685,0
0.01006,0
0.03112,0
0.05178,0
0.05604,0
0.05028,0
0.05124,0
0.05199,0
0.09622,0
0.07417,0
0.04973,0
0.03931,0
0.04561,0
0.04301,0
0.04579,0
0.00808,0
0.01952,0
0.02129,0
0.02060,0
0.02719,0
0.03545,0
0.09366,0
0.07680,0
0.05848,0
0.05540,0
0.04871,0
0.04243,0
0.04536,0
0.01006,0
0.01906,0
0.03532,0
0.03904,0
0.03891,0
0.04359,0
0.04434,0
0.00808,0
0.01952,0
0.02129,0
0.02060,0
0.03121,0
0.04029,0
0.01006,0
0.01906,0
0.03684,0
0.04908,0
0.03475,0
0.03527,0
0.04243,0
0.03044,0
0.03904,0
0.01914,0
0.01819,0
0.02065,0
0.13276,1
0.08372,1
0.06767,1
0.04664,1
0.04123,1
0.06773,1
0.00808,0
0.02994,0
0.02718,0
0.02607,0
0.02813,0
0.03411,0
0.01837,0
0.02442,0
0.04229,0
0.06277,0
0.06984,0
0.08077,0
0.08181,0
0.10721,1
0.09242,1
0.11591,1
0.08393,1
0.08185,1
0.08254,1
0.09615,1
0.03012,0
0.04842,0
0.07582,0
0.04000,0
0.03350,0
0.08343,0
0.09261,0
0.08126,0
0.07364,0
0.06767,0
0.06532,0
0.13068,1
0.11068,1
0.10991,1
0.08625,1
0.07401,1
0.07642,1
0.01837,0
0.02562,0
0.03899,0
0.03121,0
0.03157,0
0.03771,0
0.04074,0
0.12207,0
0.07489,0
0.04644,0
0.04043,0
0.05833,0
0.08406,0
0.09957,0
0.02894,0
0.04935,0
0.05326,0
0.04147,0
0.03685,0
0.00808,0
0.03208,0
0.02355,0
0.02359,0
0.02786,0
0.03797,0
0.12095,0
0.14259,0
0.11940,0
0.11713,0
0.10726,0
0.09735,0
0.09847,0
0.09746,0
0.08875,0
0.07691,0
0.06648,0
0.05930,0
0.05138,0
0.05314,0
0.01837,0
0.03676,0
0.02716,0
0.02440,0
0.02786,0
0.03390,0
0.01837,0
0.02900,0
0.04531,0
0.05714,0
0.04936,0
0.05458,0
0.05573,0
0.19633,1
0.11335,1
0.08072,1
0.08980,0
0.10562,0
0.07555,0
0.06814,0
0.06503,0
0.05948,0
0.06509,0
0.00808,0
0.01735,0
0.03606,0
0.04859,0
0.03747,0
0.03360,0
0.03594,0
0.01006,0
0.03072,0
0.02346,0
0.01750,0
0.02256,0
0.02529,0
0.11041,0
0.08314,0
0.07660,0
0.06269,0
0.05398,0
0.06217,0
0.01837,0
0.02985,0
0.03461,0
0.03254,1
0.08808,1
0.10685,1
0.10378,1
0.10577,1
0.08697,0
0.07524,0
0.06080,0
0.05841,0
0.05797,0
0.05697,0
0.08940,0
0.08190,0
0.09349,1
0.08761,1
0.11324,1
0.12903,1
0.12838,1
0.12176,1
0.11704,1
0.18311,0
0.18253,0
0.11856,0
0.10621,0
0.08961,0
0.07950,0
0.08418,0
0.10754,0
0.08727,0
0.05800,0
0.05564,0
0.10580,0
0.13422,0
0.01006,0
0.02324,0
0.04245,0
0.03331,0
0.02826,0
0.03516,0
0.04531,0
0.07176,1
0.04374,1
0.05055,1
0.06325,1
0.07715,1
0.08061,1
0.13034,0
0.08057,0
0.07599,0
0.06026,0
0.04873,0
0.05336,0
0.03012,0
0.03661,0
0.01851,0
0.01789,0
0.01924,0
0.15719,1
0.11094,1
0.10017,1
0.09170,1
0.09784,1
0.12190,1
0.13693,0
0.13904,0
0.11090,0
0.10890,0
0.10574,0
0.09587,0
0.09788,0
0.10121,0
0.08646,0
0.06148,0
0.04543,0
0.04000,0
0.04110,0
0.05087,0
0.01006,0
0.03072,0
0.04560,0
0.04050,0
0.04623,0
0.05054,0
0.01837,0
0.05215,0
0.06153,0
0.07352,0
0.08440,0
0.09907,0
0.10503,0
0.01837,0
0.02442,0
0.03489,0
0.05188,0
0.04355,0
0.04239,0
0.04751,0
0.00808,0
0.01952,0
0.02642,0
0.02480,0
0.03029,0
0.03988,0
0.07305,0
0.04903,0
0.04290,0
0.03946,0
0.04259,0
0.08006,0
0.08227,0
0.01837,0
0.03676,0
0.06620,1
0.08476,1
0.09578,1
0.11067,0
0.08357,0
0.07922,0
0.05513,0
0.04519,0
0.04468,0
0.05392,0
0.00808,0
0.02341,0
0.02239,0
0.01150,0
0.01872,0
0.03304,0
0.01837,0
0.05328,0
0.06000,0
0.08081,0
0.09599,0
0.09804,0
0.01006,0
0.03329,0
0.02538,0
0.02192,0
0.03707,0
0.04694,0
0.03044,0
0.03904,0
0.01914,0
0.01799,0
0.01939,0
0.08503,0
0.06208,0
0.04156,0
0.05251,0
0.05268,0
0.05610,0
0.01837,0
0.02700,0
0.02606,0
0.02454,0
0.03445,0
0.03809,0
0.02894,0
0.03668,0
0.01728,0
0.01733,0
0.01882,0
0.01837,0
0.03676,0
0.02716,0
0.02661,0
0.03871,0
0.04111,0
0.03044,0
0.03904,0
0.01914,0
0.01799,0
0.01939,0
0.00808,0
0.02994,0
0.02081,0
0.02022,0
0.02394,0
0.03097,0
0.02894,0
0.03222,0
0.03642,0
0.03214,0
0.03698,0
0.03527,0
0.03409,0
0.00808,0
0.01735,0
0.02438,0
0.01136,0
0.02111,0
0.02945,0
0.03116,0
0.03044,0
0.03581,0
0.03480,0
0.03101,0
0.04141,0
0.04013,0
0.03718,0
0.01006,0
0.03072,0
0.02346,0
0.01750,0
0.02519,0
0.03245,0
0.10116,0
0.09678,1
0.08389,1
0.06783,1
0.06226,1
0.00808,0
0.02889,0
0.02185,0
0.01921,0
0.02417,0
0.02806,0
0.03044,0
0.05023,0
0.05514,0
0.04088,0
0.03696,0
0.06775,0
0.06262,0
0.10077,0
0.12591,0
0.12039,0
0.00808,0
0.01735,0
0.03096,0
0.01787,0
0.02590,0
0.03331,0
0.03534,0
0.02894,0
0.04935,0
0.07518,0
0.04280,0
0.03700,0
0.09622,1
0.09035,1
0.06133,1
0.04778,1
0.04144,1
0.04920,1
0.05653,1
0.07092,1
0.07777,1
0.08920,1
0.08357,1
0.09175,1
0.09172,1
0.17057,0
0.09695,0
0.06998,0
0.05559,0
0.05734,0
0.10114,0
0.17239,0
0.10630,0
0.08093,0
0.06945,0
0.05914,0
0.06379,0
0.01837,0
0.02995,0
0.02755,0
0.01909,0
0.02454,0
0.03699,0
0.01006,0
0.02495,0
0.03049,0
0.01583,0
0.02491,0
0.03173,0
0.03406,0
0.00808,0
0.02950,0
0.04026,0
0.05203,0
0.04360,0
0.04863,0
0.05449,0
0.09925,0
0.09587,0
0.08863,0
0.06561,0
0.06635,0
0.08982,0
0.07644,0
0.04434,0
0.05772,0
0.05985,0
0.05186,0
0.05292,0
0.10304,0
0.07862,0
0.06043,0
0.04294,0
0.04568,0
0.05605,0
0.07552,0
0.00808,0
0.02547,0
0.03611,0
0.02186,0
0.02288,0
0.02593,0
0.02924,0
0.11771,0
0.06028,0
0.04192,0
0.03955,0
0.03561,0
0.03493,0
0.04008,0
0.03044,0
0.03904,0
0.01914,0
0.01819,0
0.02065,0
0.01006,0
0.03072,0
0.02554,1
0.02035,1
0.02669,1
0.03652,1
0.12434,0
0.10756,0
0.07808,0
0.07945,0
0.08275,0
0.07655,0
0.08223,0
0.03012,0
0.03828,0
0.05085,0
0.04013,0
0.04074,0
0.04090,0
0.03974,0
0.05761,0
0.05583,0
0.05512,0
0.06408,0
0.06016,0
0.05536,0
0.05009,0
0.11067,0
0.09103,0
0.08103,0
0.05759,0
0.04709,0
0.04569,0
0.05358,0
0.09614,0
0.07537,0
0.08851,0
0.07373,0
0.06947,0
0.06920,0
0.07008,0
0.00808,0
0.02341,0
0.02239,0
0.01150,0
0.02224,0
0.03084,0
0.01837,0
0.02995,0
0.03307,0
0.02344,0
0.02839,0
0.03340,0
0.12234,0
0.06986,0
0.04876,0
0.04341,0
0.04576,0
0.04945,0
0.06492,0
0.03044,0
0.03167,0
0.03917,0
0.03311,0
0.03675,0
0.03450,0
0.03160,0
0.00808,0
0.02547,0
0.03607,0
0.06066,0
0.05945,0
0.05706,0
0.05647,0
0.03012,0
0.12440,1
0.10553,1
0.09215,1
0.07176,0
0.03588,0
0.04221,0
0.03867,0
0.03766,0
0.04183,0
0.11928,0
0.07692,0
0.05260,0
0.05213,0
0.07442,0
0.11237,0
0.12299,0
0.01837,0
0.03827,0
0.03191,0
0.02960,0
0.03308,0
0.03785,0
0.00808,0
0.01797,0
0.04323,0
0.06227,0
0.05924,0
0.06059,0
0.06467,0
0.00808,0
0.01952,0
0.02129,0
0.01610,0
0.02776,0
0.03804,0
0.00808,0
0.02341,0
0.02239,0
0.06256,1
0.12932,0
0.09713,0
0.06971,0
0.05395,0
0.05590,0
0.06475,0
0.08664,0
0.03044,0
0.03263,0
0.03713,0
0.04102,0
0.04549,0
0.04317,0
0.03986,0
0.09746,0
0.08751,0
0.07698,0
0.06962,0
0.06199,0
0.05396,0
0.05569,0
0.03012,0
0.03255,0
0.04922,0
0.04046,0
0.04297,0
0.03957,0
0.03684,0
0.03044,0
0.03335,0
0.07733,0
0.04938,0
0.04282,0
0.00808,0
0.02994,0
0.02718,0
0.02968,0
0.03816,0
0.04402,0
0.11771,0
0.06028,0
0.05116,0
0.04985,0
0.04369,0
0.03937,0
0.04794,0
0.00808,0
0.02950,0
0.04026,0
0.05203,0
0.04360,0
0.04840,0
0.05427,0
0.03012,0
0.03474,0
0.07691,0
0.04703,0
0.03941,0
0.00808,0
0.01797,0
0.05681,1
0.06967,1
0.07996,1
0.00808,0
0.03208,0
0.02355,0
0.02694,0
0.02738,0
0.03161,0
0.00808,0
0.02889,0
0.04428,0
0.03837,0
0.04285,0
0.04498,0
0.01006,0
0.03112,0
0.04544,0
0.04099,0
0.04405,0
0.04575,0
0.05473,0
0.08232,0
0.06990,0
0.06268,0
0.06455,0
0.06750,0
0.06529,0
0.03012,0
0.02157,0
0.03315,0
0.03359,0
0.03811,0
0.03657,0
0.03406,0
0.01006,0
0.03329,0
0.02538,0
0.05168,1
0.05924,1
0.00808,0
0.01735,0
0.03479,0
0.05657,0
0.07716,0
0.07659,0
0.08585,0
0.03588,0
0.04655,0
0.04844,0
0.04270,0
0.05344,0
0.04813,0
0.04467,0
0.12393,0
0.09828,0
0.09650,0
0.07156,0
0.06904,0
0.08264,0
0.11467,0
0.01837,0
0.03737,0
0.05087,0
0.04067,0
0.04110,0
0.04657,0
0.05220,0
0.09725,0
0.07002,0
0.04783,0
0.04805,0
0.04787,0
0.05758,0
0.06206,0
0.00808,0
0.01735,0
0.03479,0
0.06250,0
0.06383,0
0.07897,0
0.08777,0
0.08224,0
0.07029,0
0.07383,0
0.05921,0
0.05178,0
0.05372,0
0.06434,0
0.01006,0
0.03193,0
0.02090,0
0.02207,0
0.03008,0
0.03617,0
0.03044,0
0.03904,0
0.01914,0
0.01799,0
0.01939,0
0.10471,0
0.09460,0
0.06896,0
0.07450,0
0.10987,0
0.13054,0
0.02894,0
0.02119,0
0.03452,0
0.03029,0
0.03589,0
0.03418,0
0.03188,0
0.03012,0
0.03661,0
0.01851,0
0.01798,0
0.02046,0
0.03012,0
0.02832,0
0.04444,0
0.06008,0
0.06018,0
0.05389,0
0.04837,0
0.00808,0
0.05070,0
0.06097,0
0.07179,0
0.07516,0
0.09368,0
0.09554,0
0.09622,0
0.09035,0
0.06133,0
0.04778,0
0.04736,0
0.04461,0
0.04664,0
0.02894,0
0.05070,0
0.04374,0
0.05580,0
0.06637,0
0.07704,0
0.08965,0
0.00808,0
0.02135,0
0.02967,0
0.02545,1
0.06378,1
0.07799,1
0.07943,1
0.08377,1
0.11371,1
0.07644,0
0.04434,0
0.05772,0
0.05985,0
0.05186,0
0.05742,0
0.10121,0
0.09415,0
0.06408,0
0.04769,0
0.03876,0
0.04345,0
0.05027,0
0.14386,0
0.11085,0
0.10207,0
0.08666,0
0.07049,0
0.07102,0
0.01837,0
0.03986,0
0.02946,0
0.02474,0
0.03565,0
0.03868,0
0.10542,0
0.08192,0
0.06369,0
0.05026,0
0.04995,0
0.07037,0
0.07723,0
0.11833,0
0.16645,0
0.14494,0
0.10645,0
0.08729,0
0.07942,0
0.08276,0
0.03044,0
0.03554,0
0.04465,0
0.04160,0
0.04512,0
0.04243,0
0.03908,0
0.03044,0
0.05023,0
0.07632,0
0.04406,0
0.03732,0
0.09746,0
0.08441,0
0.08235,0
0.07098,0
0.06163,0
0.05325,0
0.05482,0
0.09622,1
0.09828,1
0.09111,1
0.09268,1
0.08602,1
0.11360,1
0.11264,1
0.03012,0
0.04261,0
0.07927,0
0.05005,0
0.04304,0
0.00808,0
0.01797,0
0.04323,0
0.05425,0
0.04952,0
0.05014,0
0.05884,0
0.00808,0
0.02547,0
0.02446,0
0.03433,0
0.03782,0
0.04407,0
0.04712,0
0.09366,0
0.09286,0
0.07385,0
0.06327,0
0.06480,0
0.12932,0
0.09713,0
0.07266,0
0.05356,0
0.05346,0
0.07821,0
0.09002,0
0.12382,0
0.09640,0
0.06530,0
0.06469,0
0.06996,0
0.08494,0
0.09129,0
0.08393,0
0.04746,0
0.03988,0
0.04433,0
0.05349,0
0.06181,0
0.06967,0
0.07169,0
0.06797,0
0.05283,0
0.04267,0
0.04908,0
0.04648,0
0.04866,0
0.15640,0
0.11659,0
0.08979,0
0.06930,0
0.06669,0
0.08888,0
0.01006,0
0.02495,0
0.03739,0
0.02259,0
0.02787,0
0.03203,0
0.03642,0
0.03012,0
0.02832,0
0.03728,0
0.04591,0
0.04208,0
0.03708,0
0.03490,0
0.01006,0
0.02495,0
0.03049,0
0.01583,0
0.02296,0
0.03151,0
0.03632,0
0.08835,0
0.09198,0
0.06175,0
0.05687,0
0.07618,0
0.09883,0
0.00808,0
0.01952,0
0.02129,0
0.02060,0
0.02832,0
0.03752,0
0.07169,0
0.08426,0
0.06420,0
0.05427,0
0.05613,0
0.05146,0
0.05283,0
0.01006,0
0.04985,0
0.06534,0
0.05319,0
0.04686,0
0.05715,0
0.09575,0
0.07342,0
0.04752,0
0.04453,0
0.09118,0
0.11012,0
0.03012,0
0.03661,0
0.01851,0
0.01789,0
0.01924,0
0.03012,0
0.03661,0
0.01851,0
0.01798,0
0.02046,0
0.00808,0
0.02889,0
0.04428,0
0.04380,0
0.03918,0
0.04122,0
0.00808,0
0.02994,0
0.02081,0
0.03179,0
0.03279,0
0.03787,0
0.10533,0
0.10689,0
0.08553,0
0.07381,0
0.06159,0
0.05367,0
0.05549,0
0.01006,0
0.08362,1
0.12970,1
0.10998,1
0.10369,1
0.09872,1
0.03044,0
0.03554,0
0.04937,0
0.05240,0
0.05482,0
0.05072,0
0.04544,0
0.01837,0
0.02901,0
0.03441,0
0.02994,0
0.03385,0
0.03918,0
0.00808,0
0.01735,0
0.02438,0
0.01136,0
0.01970,0
0.03261,0
0.04469,0
0.06576,0
0.11488,0
0.09713,0
0.08599,0
0.07758,0
0.07254,0
0.01837,0
0.02700,0
0.02606,0
0.01992,0
0.03356,0
0.04679,0
0.11041,0
0.08314,0
0.07655,0
0.07277,0
0.07315,0
0.07796,0
0.05761,0
0.06186,0
0.03187,0
0.02784,0
0.02842,0
0.00808,0
0.01952,0
0.02129,0
0.02060,0
0.02832,0
0.03273,0
0.01006,0
0.02301,0
0.03034,0
0.04183,0
0.04687,0
0.05057,0
0.01837,0
0.07179,0
0.06144,0
0.06482,0
0.06864,0
0.07263,0
0.07774,0
0.13673,0
0.07431,0
0.05130,0
0.04734,0
0.04870,0
0.06378,0
0.07636,0
0.07443,0
0.07572,0
0.07201,0
0.04930,0
0.04836,0
0.06427,0
0.01837,0
0.03737,0
0.04897,0
0.04437,0
0.04642,0
0.04988,0
0.05502,0
0.11962,0
0.09281,0
0.07378,0
0.05551,0
0.05779,0
0.06934,0
0.10613,0
0.03012,0
0.03128,0
0.04060,0
0.05967,0
0.07900,0
0.08488,0
0.09400,0
0.01837,0
0.02985,0
0.04592,0
0.05676,0
0.04538,0
0.04565,0
0.05560,0
0.00808,0
0.02341,0
0.02239,0
0.01531,0
0.02170,0
0.03100,0
0.12969,0
0.17251,0
0.12242,1
0.10509,1
0.10428,1
0.09917,1
0.10074,1
0.00808,0
0.01952,0
0.02129,0
0.01610,0
0.02776,0
0.03804,0
0.00808,0
0.01735,0
0.04140,1
0.06143,1
0.07253,1
0.07535,1
0.08552,1
0.09240,1
0.09265,1
0.00808,0
0.02341,0
0.02239,0
0.01150,0
0.02418,0
0.02991,0
0.01837,0
0.02442,0
0.03594,0
0.02152,0
0.02305,0
0.02883,0
0.03187,0
0.02894,0
0.03522,0
0.07640,0
0.04945,0
0.04293,0
0.08343,1
0.09261,1
0.10905,1
0.11539,1
0.10478,1
0.12799,1
0.00808,0
0.02950,0
0.04026,0
0.05203,0
0.04360,0
0.04863,0
0.05042,0
0.08697,0
0.07524,0
0.06080,0
0.05996,0
0.05872,0
0.05890,0
0.02894,0
0.04935,0
0.07518,0
0.04103,0
0.03464,0
0.00808,0
0.02341,0
0.02239,0
0.01150,0
0.02685,0
0.03734,0
0.14202,0
0.18464,0
0.14389,0
0.11202,0
0.10157,0
0.00808,0
0.02950,0
0.04026,0
0.05203,0
0.04360,0
0.04840,0
0.05021,0
0.13708,0
0.07591,0
0.05210,0
0.04888,0
0.05658,0
0.06037,0
0.07744,0
0.02894,0
0.11289,1
0.10815,1
0.11249,1
0.10970,1
0.00808,0
0.02341,0
0.02239,0
0.01531,0
0.02749,0
0.03199,0
0.08928,0
0.07959,0
0.05508,0
0.05727,0
0.06685,0
0.07195,0
0.08146,0
0.12726,0
0.08786,0
0.07542,0
0.05176,0
0.04224,0
0.04180,0
0.05171,0
0.03012,0
0.03661,0
0.01851,0
0.01789,0
0.01924,0
0.01006,0
0.01906,0
0.02581,0
0.01204,0
0.02025,0
0.03106,0
0.03462,0
0.07437,1
0.10008,1
0.09363,1
0.09113,1
0.08023,1
0.08035,1
0.07305,0
0.04903,0
0.04281,0
0.04737,0
0.05934,0
0.06885,0
0.08095,0
0.13034,0
0.09229,0
0.07608,0
0.07478,0
0.06270,0
0.06495,0
0.02894,0
0.03668,0
0.01728,0
0.01733,0
0.01882,0
0.00808,0
0.02994,0
0.02081,0
0.02137,0
0.03003,0
0.04191,0
0.03588,0
0.03661,0
0.04335,0
0.03391,0
0.04182,0
0.03646,0
0.03343,0
0.03012,0
0.03241,0
0.04300,0
0.04105,0
0.04886,0
0.04436,0
0.04131,0
0.08503,0
0.07283,0
0.07326,0
0.07038,0
0.08388,0
0.08358,0
0.08928,0
0.09040,0
0.06153,0
0.06735,0
0.07083,0
0.07326,0
0.08097,0
0.03012,0
0.02749,0
0.04063,0
0.06172,0
0.07463,0
0.07990,0
0.08659,0
0.01837,0
0.03737,0
0.05045,0
0.05999,0
0.05079,0
0.05302,0
0.05408,0
0.01006,0
0.01906,0
0.03655,0
0.05712,0
0.06671,0
0.06998,0
0.08010,0
0.00808,0
0.01797,0
0.03807,0
0.05238,0
0.04995,0
0.05441,0
0.05957,0
0.09991,0
0.08511,0
0.07253,0
0.05446,0
0.05300,0
0.06804,0
0.00808,0
0.02135,0
0.03316,0
0.03693,0
0.04587,0
0.05239,0
0.03588,0
0.03954,0
0.03739,0
0.03042,0
0.04277,0
0.04079,0
0.03735,0
0.10362,0
0.08171,0
0.13852,0
0.11383,0
0.09788,0
0.08469,0
0.08203,0
0.03044,0
0.03396,0
0.05769,0
0.06693,0
0.07295,0
0.07223,0
0.06714,0
0.09925,0
0.07987,0
0.06706,0
0.05051,0
0.05347,0
0.07965,0
0.00808,0
0.02889,0
0.02185,0
0.01716,0
0.02340,0
0.03036,0
0.03044,0
0.04744,0
0.04403,0
0.03737,0
0.06339,1
0.07907,1
0.09459,1
0.11138,1
0.11023,1
0.01006,0
0.02324,0
0.04245,0
0.03331,0
0.03018,0
0.03510,0
0.03859,0
0.01837,0
0.03737,0
0.04851,0
0.07209,0
0.06513,0
0.06583,0
0.06502,0
0.01006,0
0.01906,0
0.02581,0
0.01204,0
0.01774,0
0.02915,0
0.03143,0
0.00808,0
0.01735,0
0.02438,0
0.01136,0
0.02111,0
0.02945,0
0.03213,0
0.00808,0
0.02950,0
0.04468,0
0.05571,0
0.05002,0
0.05562,0
0.06062,0
0.00808,0
0.02547,0
0.04393,1
0.07880,1
0.07867,1
0.07996,1
0.08513,1
0.01006,0
0.01906,0
0.03255,0
0.05785,0
0.05081,0
0.05150,0
0.05111,0
0.03012,0
0.02968,0
0.02341,0
0.02313,0
0.02413,0
0.00808,0
0.02135,0
0.02967,0
0.02969,0
0.03770,0
0.04031,0
0.03012,0
0.04261,0
0.06404,0
0.05218,0
0.04505,0
0.00808,0
0.04964,0
0.06926,0
0.07487,0
0.08161,0
0.08039,0
0.00808,0
0.05748,0
0.06926,0
0.07628,0
0.08675,0
0.10979,0
0.11142,0
0.00808,0
0.01735,0
0.02438,0
0.01136,0
0.01529,0
0.02052,0
0.02486,0
0.01837,0
0.02900,0
0.06698,0
0.07481,0
0.07086,0
0.07299,0
0.07414,0
0.01837,0
0.02985,0
0.03461,0
0.01902,0
0.02482,0
0.02737,0
0.03053,0
0.00808,0
0.02547,0
0.02901,0
0.01506,0
0.02414,0
0.03122,0
0.03264,0
0.03012,0
0.03241,0
0.03682,0
0.03011,0
0.03815,0
0.03400,0
0.03094,0
0.01006,0
0.02131,0
0.02250,0
0.01698,0
0.02223,0
0.02934,0
0.09925,0
0.07987,0
0.06706,0
0.05051,0
0.05497,0
0.08098,0
0.00808,0
0.02950,0
0.04517,0
0.06554,0
0.06067,0
0.06258,0
0.06667,0
0.09991,0
0.08506,0
0.06700,0
0.05096,0
0.04896,0
0.06642,0
0.00808,0
0.05026,0
0.06567,0
0.08339,0
0.07276,0
0.07597,0
0.07641,0
0.01006,0
0.03072,0
0.02346,0
0.01833,0
0.02397,0
0.02845,0
0.00808,0
0.02547,0
0.02901,0
0.01506,0
0.02333,0
0.03202,0
0.04079,0
0.01006,0
0.03112,0
0.04179,0
0.05333,0
0.04727,0
0.06012,0
0.06703,0
0.01837,0
0.02985,0
0.04596,0
0.05589,0
0.04876,0
0.05402,0
0.05390,0
0.07953,0
0.07135,0
0.05197,0
0.05304,0
0.09165,0
0.11524,0
0.01006,0
0.03193,0
0.02764,0
0.03022,1
0.07948,1
0.06832,1
0.07999,1
0.08303,1
0.06775,0
0.06262,0
0.07868,0
0.10416,0
0.10363,0
0.07398,0
0.05635,0
0.03640,0
0.04264,0
0.04100,0
0.04931,0
0.05433,0
0.02894,0
0.04935,0
0.05326,0
0.03934,0
0.03614,0
0.00808,0
0.02547,0
0.03611,0
0.02186,0
0.02669,0
0.02921,0
0.03200,0
0.09814,0
0.06296,0
0.04017,0
0.04623,0
0.04794,0
0.05162,0
0.01837,0
0.02442,0
0.02410,0
0.03278,0
0.03866,0
0.04370,0
0.04398,0
0.10858,0
0.10530,0
0.08333,0
0.07385,0
0.06845,0
0.06189,0
0.06759,0
0.00808,0
0.02994,0
0.02081,0
0.01687,0
0.02667,0
0.03294,0
0.01006,0
0.03193,0
0.02090,0
0.02126,0
0.02975,0
0.04163,0
0.01837,0
0.03737,0
0.04576,0
0.03685,0
0.03736,0
0.04225,0
0.04809,0
0.15719,0
0.11094,0
0.08808,0
0.07611,0
0.06532,0
0.06859,0
0.08413,0
0.10142,0
0.09082,0
0.07401,0
0.06301,0
0.06461,0
0.08503,0
0.05143,0
0.03619,0
0.04254,0
0.04240,0
0.04597,0
0.22186,0
0.14899,0
0.10623,0
0.07943,0
0.07180,0
0.11288,0
0.02566,1
0.05806,1
0.06966,1
0.07906,1
0.06435,1
0.05812,1
0.06002,1
0.06816,1
0.08232,0
0.06990,0
0.06589,0
0.06868,0
0.06504,0
0.06387,0
0.03012,0
0.03658,0
0.03905,0
0.03826,0
0.04752,0
0.04048,0
0.03649,0
0.01837,0
0.02442,0
0.03970,0
0.05067,0
0.04460,0
0.04490,0
0.04559,0
0.17057,0
0.12035,0
0.10393,0
0.07889,0
0.07621,0
0.10412,0
0.06775,0
0.06694,0
0.10679,0
0.13078,0
0.12902,0
0.12694,0
0.13384,0
0.10622,0
0.09199,0
0.08068,0
0.07232,0
0.07710,0
0.05761,0
0.06186,0
0.03187,0
0.02778,0
0.02717,0
0.08224,0
0.06301,0
0.05664,0
0.04609,0
0.04150,0
0.04515,0
0.05705,0
0.00808,0
0.02547,0
0.03048,0
0.04423,0
0.04153,0
0.04035,0
0.04093,0
0.13673,0
0.07575,0
0.04978,0
0.04095,0
0.03894,0
0.04658,0
0.08357,0
0.00808,0
0.02994,0
0.02081,0
0.02061,0
0.02934,0
0.04156,0
0.08697,1
0.08898,1
0.06760,1
0.07016,1
0.06484,1
0.01837,1
0.03827,1
0.02482,1
0.01969,1
0.02763,1
0.03686,1
0.03384,1
0.00808,0
0.01952,0
0.02129,0
0.01610,0
0.03002,0
0.04029,0
0.15799,1
0.11491,1
0.09660,1
0.08471,1
0.08535,1
0.08084,1
0.09367,1
0.00808,0
0.04527,0
0.05942,0
0.06199,0
0.06785,0
0.07773,0
0.00808,0
0.02994,0
0.02081,0
0.02150,0
0.03062,0
0.03933,0
0.13276,0
0.11931,0
0.08529,0
0.06396,0
0.06451,0
0.08794,0
0.11067,0
0.09350,0
0.08845,0
0.05599,0
0.04596,0
0.04506,0
0.06133,0
0.07953,0
0.06364,0
0.04630,0
0.05098,0
0.08721,0
0.11274,0
0.03012,0
0.03307,0
0.04351,0
0.03851,0
0.04203,0
0.03983,0
0.03691,0
0.03588,0
0.02910,0
0.03653,0
0.03439,0
0.03685,0
0.03717,0
0.03458,0
0.08393,0
0.04746,0
0.04234,0
0.04417,0
0.05932,0
0.06329,0
0.07459,0
0.10858,0
0.11649,0
0.08349,0
0.07329,0
0.07074,0
0.06328,0
0.06311,0
0.11962,0
0.09791,0
0.07862,0
0.05943,0
0.05866,0
0.07379,0
0.10945,0
0.01006,0
0.04392,0
0.05536,0
0.08749,0
0.09248,0
0.09436,0
0.00808,0
0.06909,1
0.06566,1
0.07487,1
0.07621,1
0.07960,1
0.20212,0
0.14361,0
0.11872,0
0.10082,0
0.08203,0
0.08179,0
0.09112,0
0.17085,0
0.11819,0
0.09615,0
0.08711,0
0.06967,0
0.07004,0
0.07847,0
0.00808,0
0.02341,0
0.02239,0
0.01150,0
0.02063,0
0.03537,0
0.01006,0
0.03072,0
0.02346,0
0.01750,0
0.02565,0
0.03025,0
0.00808,0
0.02341,0
0.02239,0
0.02427,0
0.03662,0
0.04600,0
0.08393,0
0.04746,0
0.04321,0
0.05436,0
0.09016,0
0.06775,0
0.06547,0
0.10423,0
0.11645,0
0.12973,0
0.01837,0
0.02442,0
0.02898,0
0.01510,0
0.02273,0
0.03315,0
0.03512,0
0.15640,0
0.11664,0
0.08333,0
0.05991,0
0.06042,0
0.08280,0
0.01006,0
0.01980,0
0.04178,0
0.03084,0
0.03127,0
0.03535,0
0.04283,0
0.00808,0
0.02994,0
0.02718,0
0.02607,0
0.03064,0
0.03601,0
0.01837,0
0.02985,0
0.04888,0
0.05402,0
0.04946,0
0.04845,0
0.04823,0
0.03012,0
0.04842,0
0.05296,0
0.04076,0
0.03571,0
0.01837,0
0.02901,0
0.03441,0
0.03260,0
0.03907,0
0.04651,0
0.01006,0
0.01077,1
0.04142,1
0.05607,1
0.06859,1
0.08221,1
0.09026,1
0.09496,1
0.03044,0
0.03381,0
0.04019,0
0.04068,0
0.04186,0
0.04178,0
0.03845,0
0.02529,1
0.04525,1
0.07781,1
0.08664,1
0.09239,1
0.07935,1
0.10491,1
0.13600,1
0.13034,0
0.09791,0
0.08310,0
0.07690,0
0.06322,0
0.06484,0
0.01837,0
0.03737,0
0.05328,0
0.03736,0
0.03080,0
0.03329,0
0.03623,0
0.01006,0
0.02131,0
0.02250,0
0.02150,0
0.03201,0
0.04094,0
0.00808,0
0.01952,0
0.02129,0
0.01610,0
0.02776,0
0.03804,0
0.06971,1
0.08902,1
0.09944,1
0.01837,0
0.02995,0
0.02755,0
0.01511,0
0.02290,0
0.03144,0
0.10014,0
0.14652,0
0.11181,0
0.09139,0
0.08287,0
0.08584,0
0.10004,0
0.08928,0
0.07329,0
0.05097,0
0.04718,0
0.06005,0
0.07719,0
0.09100,0
0.01006,0
0.01980,0
0.03809,0
0.06233,0
0.05898,0
0.06774,0
0.07280,0
0.03044,0
0.03184,0
0.04645,0
0.04295,0
0.05054,0
0.04634,0
0.04329,0
0.12379,0
0.08735,0
0.08508,0
0.06946,0
0.05812,0
0.06009,0
0.08871,0
0.09366,0
0.09286,0
0.07385,0
0.06327,0
0.06480,0
0.08697,0
0.07524,0
0.06376,0
0.05597,0
0.05274,0
0.05340,0
0.12969,1
0.11536,1
0.11062,1
0.11260,1
0.15429,1
0.15515,1
0.15338,1
0.03044,0
0.03402,0
0.03694,0
0.03491,0
0.04383,0
0.03966,0
0.03722,0
0.07176,0
0.04374,0
0.05327,0
0.05522,0
0.04510,0
0.04630,0
0.11481,0
0.08985,0
0.05834,0
0.05736,0
0.07703,0
0.09966,0
0.12560,0
0.07908,0
0.05475,0
0.05464,0
0.05588,0
0.06532,0
0.06554,0
0.00808,0
0.01735,0
0.03432,0
0.05001,0
0.04716,0
0.06329,0
0.06464,0
0.03012,0
0.04261,0
0.06404,0
0.05218,0
0.04505,0
0.03588,0
0.05370,0
0.04730,0
0.05160,0
0.05177,0
0.04445,0
0.04062,0
0.00808,0
0.01797,0
0.04044,0
0.03201,0
0.02820,0
0.03212,0
0.03962,0
0.00808,0
0.02135,0
0.02967,0
0.02545,0
0.03739,0
0.04328,0
0.03012,0
0.03128,0
0.03599,0
0.03401,0
0.04181,0
0.03620,0
0.03293,0
0.03012,0
0.04842,0
0.07582,0
0.04173,0
0.03589,0
0.00808,0
0.02889,0
0.02185,0
0.02039,0
0.02551,0
0.03505,0
0.00808,0
0.01952,0
0.02642,0
0.05992,1
0.07380,1
0.00808,0
0.02341,0
0.02239,0
0.01531,0
0.02275,0
0.02601,0
0.03044,0
0.03904,0
0.01914,0
0.01799,0
0.01939,0
0.18072,1
0.10232,1
0.10110,1
0.09208,1
0.08382,1
0.07153,1
0.08574,1
0.12176,1
0.12463,0
0.09957,0
0.06851,0
0.04728,0
0.04423,0
0.05661,0
0.08934,0
0.00808,0
0.02135,0
0.02967,0
0.02545,0
0.03366,0
0.03963,0
0.03044,0
0.05023,0
0.05514,0
0.04325,0
0.03753,0
0.08343,0
0.07773,0
0.07973,0
0.07361,0
0.06951,0
0.06703,0
0.18311,0
0.18253,0
0.11993,0
0.10048,0
0.08535,0
0.07564,0
0.08027,0
0.03588,0
0.03556,0
0.04701,0
0.03864,0
0.04127,0
0.03844,0
0.03531,0
0.02646,1
0.04588,1
0.05857,1
0.08672,1
0.12368,1
0.12730,1
0.12932,1
0.13018,1
0.01837,0
0.02985,0
0.04044,0
0.06562,0
0.05404,0
0.05186,0
0.05195,0
0.01006,0
0.02348,0
0.02854,0
0.02508,0
0.03244,0
0.04083,0
0.01837,0
0.09690,1
0.10473,1
0.11553,1
0.10244,0
0.08475,0
0.05875,0
0.05790,0
0.06580,0
0.07963,0
0.08968,0
0.02894,0
0.03057,0
0.04375,0
0.05599,0
0.06168,0
0.05612,0
0.05069,0
0.02894,0
0.03668,0
0.01728,0
0.01733,0
0.01882,0
0.00808,0
0.01735,0
0.02438,0
0.01136,0
0.01963,0
0.03055,0
0.03287,0
0.02894,0
0.05050,0
0.04363,0
0.05577,0
0.05759,0
0.06170,0
0.07437,0
0.04806,0
0.04554,0
0.06126,0
0.06686,0
0.06082,0
0.14558,0
0.07281,0
0.05598,0
0.05735,0
0.05044,0
0.04568,0
0.04916,0
0.00808,0
0.01735,0
0.03606,0
0.04873,0
0.04397,0
0.04863,0
0.04859,0
0.08697,0
0.07524,0
0.06581,0
0.06257,0
0.05347,0
0.05412,0
0.08697,0
0.07524,0
0.05288,0
0.05360,0
0.05449,0
0.05512,0
0.00808,0
0.01797,0
0.04077,0
0.03657,0
0.03764,0
0.04307,0
0.04920,0
0.03012,0
0.04996,0
0.04264,0
0.05806,0
0.07029,0
0.07397,0
0.07993,0
0.03012,0
0.02177,1
0.08151,1
0.11864,1
0.11395,1
0.10716,1
0.08503,0
0.07283,0
0.07702,0
0.11824,0
0.11713,0
0.12165,0
0.12179,0
0.00808,0
0.02205,0
0.04623,0
0.04116,0
0.03698,0
0.04096,0
0.04552,0
0.01006,0
0.03329,0
0.02538,0
0.02268,0
0.02976,0
0.04042,0
0.01006,0
0.02131,0
0.02809,0
0.02570,0
0.03646,0
0.04062,0
0.10496,0
0.08818,0
0.07416,0
0.04952,0
0.03968,0
0.03901,0
0.04629,0
0.03044,0
0.03581,0
0.04369,0
0.05137,0
0.04418,0
0.04075,0
0.03864,0
0.07305,0
0.04903,0
0.04290,0
0.04386,0
0.06000,0
0.06368,0
0.07072,0
0.21126,0
0.10052,0
0.07172,0
0.06078,0
0.04983,0
0.05504,0
0.13034,0
0.09791,0
0.07612,0
0.06756,0
0.05429,0
0.05693,0
0.13708,0
0.07591,0
0.05210,0
0.04847,0
0.04791,0
0.05345,0
0.07094,0
0.00808,0
0.02950,0
0.04814,0
0.03732,0
0.07331,1
0.08637,1
0.02894,0
0.02910,0
0.02215,0
0.02253,0
0.02366,0
0.10184,0
0.09097,0
0.06379,0
0.06563,0
0.08846,0
0.11244,0
0.10121,0
0.09616,0
0.07154,0
0.05400,0
0.05224,0
0.05275,0
0.06172,0
0.00808,0
0.02889,0
0.02185,0
0.01661,0
0.02536,0
0.03294,0
0.00808,0
0.04225,0
0.07313,0
0.08123,0
0.09208,0
0.09408,0
0.01837,0
0.02985,0
0.06132,1
0.08333,1
0.08159,1
0.08426,1
0.08883,1
0.01837,0
0.03827,0
0.03191,0
0.03298,0
0.03579,0
0.04004,0
0.11771,0
0.06028,0
0.05033,0
0.04281,0
0.03841,0
0.03583,0
0.04554,0
0.01006,0
0.06764,0
0.07342,0
0.07801,0
0.08445,0
0.09406,0
0.10587,0
0.01837,0
0.03676,0
0.02716,0
0.02021,0
0.02752,0
0.03447,0
0.01006,0
0.01906,0
0.02581,0
0.01204,0
0.02171,0
0.03000,0
0.03259,0
0.06775,0
0.06547,0
0.10423,0
0.11645,0
0.12102,0
0.01837,0
0.02700,0
0.03202,0
0.03442,0
0.03734,0
0.04278,0
0.00808,0
0.01952,0
0.02129,0
0.02060,0
0.02615,0
0.03967,0
0.07644,0
0.06194,0
0.06210,0
0.06052,0
0.05488,0
0.06178,0
0.14386,0
0.11939,0
0.09312,0
0.08156,0
0.06600,0
0.06691,0
0.08095,0
0.08568,0
0.06127,0
0.06034,0
0.06882,0
0.09793,0
0.00808,0
0.02547,0
0.02901,0
0.01506,0
0.02333,0
0.02911,0
0.03220,0
0.07998,1
0.09217,1
0.10459,1
0.09159,1
0.08181,1
0.11920,0
0.08197,0
0.13062,0
0.11247,0
0.09615,0
0.08318,0
0.08060,0
0.00808,0
0.01797,0
0.04177,0
0.03083,0
0.02948,0
0.03436,0
0.04185,0
0.00808,0
0.02547,0
0.02901,0
0.01506,0
0.02414,0
0.03122,0
0.03363,0
0.27652,0
0.14870,0
0.13013,0
0.10229,0
0.08264,0
0.07650,0
0.09398,0
0.00808,0
0.03208,0
0.02355,0
0.01990,0
0.02553,0
0.03330,0
0.03012,0
0.03241,0
0.03682,0
0.03874,0
0.04327,0
0.04034,0
0.03685,0
0.02894,0
0.02119,0
0.03902,0
0.04803,0
0.04941,0
0.04827,0
0.04425,0
0.03012,0
0.03485,0
0.04425,0
0.07513,0
0.08615,0
0.09848,0
0.10530,0
0.00808,0
0.02547,0
0.02901,0
0.01506,0
0.02152,0
0.02563,0
0.03549,0
0.01006,0
0.03193,0
0.02090,0
0.01997,0
0.02377,0
0.02730,0
0.03588,0
0.04937,0
0.02330,0
0.02254,0
0.02292,0
0.03012,0
0.03661,0
0.01851,0
0.01789,0
0.01924,0
0.11771,0
0.06028,0
0.05033,0
0.04713,0
0.04165,0
0.03886,0
0.04339,0
0.00808,0
0.01735,0
0.02438,0
0.01136,0
0.01970,0
0.02979,0
0.03407,0
0.00808,0
0.01735,0
0.03175,0
0.04809,0
0.03783,0
0.03745,0
0.03897,0
0.00808,0
0.02547,0
0.02901,0
0.01506,0
0.03413,1
0.04693,1
0.08094,1
0.08851,1
0.09068,1
0.29620,0
0.17990,0
0.12790,0
0.09645,0
0.08156,0
0.07474,0
0.08060,0
0.00808,0
0.01735,0
0.04728,1
0.05340,1
0.07098,1
0.09133,1
0.09403,1
0.10385,1
0.11870,1
0.15122,1
0.08503,0
0.07283,0
0.08566,0
0.11179,0
0.12909,0
0.12142,0
0.12399,0
0.03012,0
0.03661,0
0.01851,0
0.01798,0
0.02046,0
0.01006,0
0.05322,1
0.05293,1
0.07311,1
0.06351,1
0.07059,1
0.06375,1
0.00808,0
0.02547,0
0.03607,0
0.06830,0
0.05956,0
0.06266,0
0.06113,0
0.00808,0
0.02547,0
0.02901,0
0.01506,0
0.02231,0
0.03209,0
0.03538,0
0.00808,0
0.02341,0
0.02776,0
0.01980,0
0.03174,0
0.04129,0
0.10362,0
0.08421,0
0.06926,0
0.06028,0
0.05498,0
0.04894,0
0.05177,0
0.00808,0
0.01735,0
0.03606,0
0.04859,0
0.04167,0
0.04474,0
0.04539,0
0.00808,0
0.01735,0
0.03683,0
0.04489,0
0.04346,0
0.04333,0
0.04367,0
0.19633,0
0.11280,0
0.08165,0
0.07276,0
0.07960,0
0.03044,0
0.03068,0
0.04065,0
0.03142,0
0.03625,0
0.03546,0
0.03430,0
0.03012,0
0.03661,0
0.01851,0
0.01798,0
0.02046,0
0.03044,0
0.02322,0
0.02936,0
0.02961,0
0.03471,0
0.03406,0
0.03296,0
0.01006,1
0.01980,1
0.03470,1
0.03464,1
0.03989,1
0.05987,1
0.06879,1
0.11041,1
0.08297,1
0.07675,1
0.07968,1
0.10094,1
0.10037,1
0.00808,0
0.01797,0
0.05071,0
0.07584,0
0.11212,0
0.11756,0
0.11849,0
0.00808,0
0.02994,0
0.02718,0
0.02987,0
0.03630,0
0.04141,0
0.11747,0
0.08396,0
0.08019,0
0.05580,0
0.04556,0
0.04539,0
0.05792,0
0.01006,0
0.02348,0
0.02854,0
0.02017,0
0.03466,0
0.04145,0
0.00808,0
0.01735,0
0.03606,0
0.04859,0
0.04225,0
0.04656,0
0.04856,0
0.02894,0
0.03222,0
0.03710,0
0.03710,0
0.04078,0
0.03768,0
0.03489,0
0.00808,0
0.02994,0
0.02718,0
0.03123,0
0.03987,0
0.04503,0
0.15417,0
0.10787,0
0.07398,0
0.05477,0
0.04604,0
0.05312,0
0.05968,0
0.07564,0
0.08312,0
0.06175,0
0.05495,0
0.05020,0
0.04348,0
0.04591,0
0.01006,0
0.01980,0
0.03700,0
0.05931,0
0.05613,0
0.05870,0
0.06674,0
0.03012,0
0.03313,0
0.03578,0
0.04505,0
0.04676,0
0.04311,0
0.03908,0
0.20212,1
0.13051,1
0.10962,1
0.12689,1
0.12397,1
0.12107,1
0.12534,1
0.09814,0
0.07462,0
0.05052,0
0.05168,0
0.05673,0
0.05948,0
0.01006,0
0.02324,0
0.04745,1
0.08696,1
0.10329,1
0.10811,1
0.10298,1
0.02894,0
0.03085,0
0.03922,0
0.05167,0
0.05640,0
0.04794,0
0.04285,0
0.00808,0
0.02547,0
0.03607,0
0.06066,0
0.06201,0
0.06386,0
0.06196,0
0.00808,0
0.02341,0
0.02239,0
0.01271,0
0.02616,0
0.03191,0
0.02894,0
0.02751,0
0.04601,0
0.05381,0
0.08601,0
0.08191,0
0.07436,0
0.02894,0
0.03668,0
0.01728,0
0.01733,0
0.01882,0
0.12694,0
0.14014,0
0.10664,0
0.09172,0
0.08125,0
0.07396,0
0.07454,0
0.04806,0
0.03997,0
0.03964,0
0.04073,0
0.04450,0
0.04195,0
0.03984,0
0.00808,0
0.01735,0
0.03606,0
0.04859,0
0.03747,0
0.03703,0
0.03876,0
0.00808,0
0.01797,0
0.03575,0
0.06115,0
0.05802,0
0.05989,0
0.06469,0
0.08503,0
0.05143,0
0.03619,0
0.03871,0
0.05201,0
0.05546,0
0.09502,0
0.06096,0
0.04232,0
0.04609,0
0.07129,0
0.10382,0
0.00808,0
0.01797,0
0.03366,0
0.02626,0
0.02426,0
0.03233,0
0.03734,0
0.13051,0
0.07039,0
0.04902,0
0.05144,0
0.04575,0
0.04999,0
0.06518,0
0.12932,0
0.09841,0
0.08913,0
0.06720,0
0.06508,0
0.07019,0
0.10551,0
0.12976,0
0.08531,0
0.06829,0
0.05162,0
0.05350,0
0.07842,0
0.15640,0
0.11659,0
0.10028,0
0.07078,0
0.06725,0
0.08658,0
0.00808,0
0.02341,0
0.03102,0
0.02489,0
0.03749,0
0.04679,0
0.09663,0
0.08514,0
0.08219,0
0.05553,0
0.04631,0
0.04645,0
0.05562,0
0.01006,0
0.01906,0
0.03866,0
0.04563,0
0.04372,0
0.04362,0
0.04307,0
0.11928,0
0.07692,0
0.05260,0
0.05114,0
0.06244,0
0.09284,0
0.29620,0
0.18588,0
0.12787,0
0.09681,0
0.08254,0
0.07845,0
0.08353,0
0.01006,0
0.02348,0
0.03113,0
0.02522,0
0.03290,0
0.03608,0
0.03012,0
0.02120,0
0.03134,0
0.04023,0
0.04046,0
0.03517,0
0.03213,0
0.03012,0
0.04261,0
0.08282,0
0.06323,0
0.05309,0
0.08045,0
0.06949,0
0.05952,0
0.07671,0
0.08482,0
0.08672,0
0.12932,0
0.10066,0
0.07486,0
0.14135,1
0.12752,1
0.12018,1
0.11562,1
0.12341,1
0.15447,1
0.07169,0
0.06427,0
0.06874,0
0.06796,0
0.06507,0
0.06138,0
0.06225,0
0.08224,1
0.07972,1
0.06846,1
0.06013,1
0.08241,1
0.08198,1
0.09104,1
0.03044,0
0.05041,0
0.05147,0
0.04667,0
0.04529,0
0.12560,0
0.08915,0
0.06105,0
0.05949,0
0.08063,0
0.09157,0
0.09348,0
0.07399,0
0.06868,0
0.05751,0
0.04938,0
0.05319,0
0.02526,1
0.06033,1
0.05036,1
0.03895,1
0.04342,1
0.04842,1
0.05769,1
0.02894,0
0.03668,0
0.01728,0
0.01733,0
0.03332,1
0.05097,1
0.09829,1
0.09890,1
0.00808,0
0.02341,0
0.02776,0
0.02459,0
0.03202,0
0.04048,0
0.17085,0
0.10692,0
0.10044,0
0.08745,0
0.07029,0
0.06513,0
0.08177,0
0.19633,0
0.11335,0
0.08072,0
0.07090,0
0.07294,0
0.15998,0
0.11669,0
0.08261,0
0.06094,0
0.06196,0
0.08552,0
0.00808,0
0.01735,0
0.03090,0
0.05645,0
0.05432,0
0.05354,0
0.05231,0
0.08102,0
0.05035,0
0.04594,0
0.04919,0
0.05211,0
0.06151,0
0.07154,0
0.03012,0
0.03661,0
0.01851,0
0.01798,0
0.02046,0
0.03012,0
0.03313,0
0.04494,0
0.03635,0
0.04386,0
0.03817,0
0.03496,0
0.03588,0
0.06148,0
0.06331,0
0.04681,0
0.04249,0
0.01006,0
0.04587,0
0.06084,0
0.06318,0
0.06924,0
0.07538,0
0.02403,1
0.13140,1
0.12926,1
0.12072,1
0.11782,1
0.11022,1
0.11136,1
0.12197,1
0.00808,0
0.02341,0
0.02239,0
0.01531,0
0.02211,0
0.03536,0
0.00808,0
0.01735,0
0.03606,0
0.04859,0
0.03992,0
0.04560,0
0.04684,0
0.10267,0
0.09399,0
0.08096,0
0.06989,0
0.06246,0
0.05498,0
0.05705,0
0.00808,0
0.02994,0
0.05730,1
0.06379,1
0.10314,1
0.12622,1
0.12314,1
0.12177,1
0.09991,0
0.09571,0
0.07274,0
0.05061,0
0.04862,0
0.06581,0
0.09622,1
0.07431,1
0.05508,1
0.04704,1
0.04924,1
0.04835,1
0.05210,1
0.00808,0
0.01735,0
0.02438,0
0.01136,0
0.01529,0
0.01774,0
0.02251,0
0.01006,0
0.01906,0
0.02581,0
0.01204,0
0.01590,0
0.02335,0
0.02620,0
0.06775,0
0.06659,0
0.08367,0
0.10743,0
0.10682,0
0.09518,1
0.08336,1
0.06536,1
0.05585,1
0.05086,1
0.04415,1
0.04004,1
0.05109,1
0.09614,0
0.09008,0
0.10415,0
0.08698,0
0.08187,0
0.08083,0
0.08096,0
0.10754,0
0.09513,0
0.06473,0
0.06587,0
0.10099,0
0.12077,0
0.00808,0
0.02547,0
0.02901,0
0.01506,0
0.02229,0
0.03393,0
0.03791,0
0.10721,0
0.07856,0
0.05288,0
0.03657,0
0.03515,0
0.04995,0
0.07028,0
0.12434,0
0.10756,0
0.07552,0
0.06759,0
0.05989,0
0.05542,0
0.06238,0
0.10496,0
0.07939,0
0.07092,0
0.04844,0
0.03983,0
0.04122,0
0.05157,0
0.12393,0
0.08823,0
0.06058,0
0.04351,0
0.04119,0
0.06025,0
0.08783,0
0.11920,0
0.08197,0
0.13062,0
0.12051,0
0.09903,0
0.08548,0
0.08333,0
0.03044,0
0.03263,0
0.04433,0
0.03680,0
0.04410,0
0.03853,0
0.03507,0
0.09366,0
0.09286,0
0.07476,0
0.06282,0
0.06827,0
0.05761,0
0.05426,0
0.05738,0
0.07446,0
0.09585,0
0.09764,0
0.10378,0
0.00808,0
0.02135,0
0.02967,0
0.02988,0
0.03154,0
0.03737,0
0.00808,0
0.01735,0
0.03479,0
0.06019,0
0.07193,0
0.07737,0
0.08668,0
0.01006,0
0.08362,1
0.12970,1
0.12325,1
0.12280,1
0.12203,1
0.12283,1
0.00808,0
0.01797,0
0.04077,0
0.03657,0
0.03764,0
0.04116,0
0.04568,0
0.00808,0
0.02994,0
0.02081,0
0.02129,0
0.02463,0
0.03112,0
0.03012,0
0.03241,0
0.03605,0
0.03754,0
0.04003,0
0.04050,0
0.03757,0
0.05761,0
0.06186,0
0.03187,0
0.02784,0
0.02842,0
0.01837,0
0.03827,0
0.02482,0
0.02525,0
0.03154,0
0.03761,0
0.01837,0
0.02442,0
0.03593,0
0.06086,0
0.05715,0
0.06294,0
0.06259,0
0.00808,0
0.02889,0
0.02185,0
0.01661,0
0.02454,0
0.03626,0
0.01837,0
0.02700,0
0.03202,0
0.02865,0
0.03877,0
0.04475,0
0.09622,0
0.08828,0
0.08801,0
0.07470,0
0.07060,0
0.06558,0
0.06506,0
0.00808,0
0.01735,0
0.03479,0
0.06663,0
0.08620,0
0.08371,0
0.08962,0
0.00808,0
0.01797,0
0.03807,0
0.05238,0
0.04682,0
0.05211,0
0.05581,0
0.09614,0
0.09078,0
0.11685,0
0.09283,0
0.09750,0
0.09279,0
0.08898,0
0.08156,0
0.06332,0
0.04481,0
0.04323,0
0.09015,0
0.11318,0
0.08393,0
0.04746,0
0.04234,0
0.04633,0
0.08410,0
0.01006,0
0.02131,0
0.02250,0
0.02150,0
0.03201,0
0.04094,0
0.00808,0
0.04202,0
0.06635,0
0.06806,0
0.07643,0
0.07533,0
0.00808,0
0.02994,0
0.02718,0
0.03116,0
0.03751,0
0.04236,0
0.08224,0
0.06301,0
0.07531,1
0.08364,1
0.09073,1
0.10346,1
0.01006,0
0.02131,0
0.02250,0
0.02150,0
0.02854,0
0.03526,0
0.11771,0
0.06028,0
0.04192,0
0.04112,0
0.03766,0
0.03498,0
0.04453,0
0.01837,0
0.05264,0
0.04915,0
0.06565,0
0.07422,0
0.09665,0
0.10481,0
0.03012,0
0.02722,0
0.03464,0
0.04269,0
0.04401,0
0.04111,0
0.03794,0
0.01837,0
0.02442,0
0.03594,0
0.02152,0
0.02305,0
0.02883,0
0.03187,0
0.20212,0
0.14361,0
0.11173,0
0.09512,0
0.07977,0
0.07608,0
0.08922,0
0.01006,0
0.01906,0
0.03361,0
0.05846,0
0.07988,0
0.08178,0
0.08276,0
0.14386,0
0.11827,0
0.09037,0
0.07610,0
0.10732,1
0.13642,1
0.13899,1
0.13530,1
0.13496,1
0.01837,0
0.03827,0
0.02482,0
0.03541,0
0.04226,0
0.04636,0
0.14045,0
0.10327,0
0.08568,0
0.06502,0
0.06333,0
0.07180,0
0.10800,0
0.07437,0
0.07044,0
0.06740,0
0.06244,0
0.05832,0
0.06883,0
0.02894,0
0.02797,0
0.04274,0
0.05537,0
0.05520,0
0.04813,0
0.04343,0
0.08901,0
0.06690,0
0.07194,0
0.06391,0
0.05609,0
0.05638,0
0.03588,0
0.04937,0
0.02330,0
0.02234,0
0.02411,0
0.04282,1
0.09225,1
0.09877,1
0.00808,0
0.01952,0
0.02129,0
0.02060,0
0.02615,0
0.03519,0
0.00808,0
0.02950,0
0.04814,0
0.03732,0
0.03891,0
0.04238,0
0.04668,0
0.00808,0
0.02135,0
0.02967,0
0.02969,0
0.03134,0
0.03764,0
0.03012,0
0.05119,0
0.04389,0
0.05983,0
0.06188,0
0.06959,0
0.07815,0
0.27652,0
0.14273,0
0.11083,0
0.09670,0
0.07929,0
0.07842,0
0.09096,0
0.15640,0
0.13025,0
0.09708,0
0.07518,0
0.07210,0
0.09363,0
0.01837,0
0.02700,0
0.02606,0
0.01992,0
0.03086,0
0.03571,0
0.01006,0
0.02301,0
0.03034,0
0.02967,0
0.04111,0
0.04628,0
0.08503,0
0.05143,0
0.03111,0
0.03674,0
0.04168,0
0.04695,0
0.03012,0
0.03661,0
0.01851,0
0.01789,0
0.01924,0
0.00808,0
0.02547,0
0.04301,0
0.05833,0
0.05233,0
0.05339,0
0.05504,0
0.00808,0
0.01735,0
0.03683,0
0.05245,0
0.04648,0
0.04293,0
0.04281,0
0.09980,0
0.07207,0
0.05298,0
0.06442,0
0.08602,0
0.10686,0
0.00808,0
0.02547,0
0.02901,0
0.01506,0
0.02152,0
0.03022,0
0.03926,0
0.00808,0
0.01797,0
0.04323,0
0.05425,0
0.05145,0
0.06205,0
0.06846,0
0.01837,0
0.03827,0
0.03191,0
0.03311,0
0.03773,0
0.04243,0
0.00808,0
0.02950,0
0.04691,0
0.03335,0
0.02723,0
0.03308,0
0.04270,0
0.09622,0
0.07417,0
0.04973,0
0.03507,0
0.03559,0
0.03508,0
0.03867,0
0.04806,0
0.06182,0
0.05051,0
0.06313,0
0.06118,0
0.09582,0
0.10073,0
0.10533,0
0.09844,1
0.07742,1
0.06327,1
0.05873,1
0.03012,0
0.03661,0
0.01851,0
0.01789,0
0.01924,0
0.02894,0
0.03668,0
0.01728,0
0.01733,0
0.01882,0
0.01837,0
0.02901,0
0.06946,1
0.08324,1
0.08602,1
0.00808,0
0.01735,0
0.02438,0
0.01136,0
0.02111,0
0.02945,0
0.03116,0
0.13051,0
0.07329,0
0.05114,0
0.04696,0
0.04807,0
0.05386,0
0.08922,0
0.00808,0
0.03208,0
0.02355,0
0.02102,0
0.02797,0
0.03425,0
0.12669,0
0.10055,0
0.06860,0
0.05145,0
0.04414,0
0.04490,0
0.05408,0
0.13034,0
0.08031,0
0.06268,0
0.04998,0
0.04384,0
0.04965,0
0.00808,0
0.01797,0
0.03807,0
0.05238,0
0.04682,0
0.05174,0
0.05725,0
0.10142,0
0.09082,0
0.07258,0
0.06277,0
0.06550,0
0.03012,0
0.03173,0
0.05357,0
0.07554,0
0.09149,0
0.08194,0
0.07413,0
0.00808,0
0.02994,0
0.02081,0
0.02154,0
0.02751,0
0.03352,0
0.10215,0
0.07225,0
0.06637,0
0.06573,0
0.05679,0
0.05484,0
0.06679,0
0.00808,0
0.02994,0
0.02081,0
0.01959,0
0.02373,0
0.02972,0
0.03044,0
0.03167,0
0.04972,0
0.06250,0
0.08193,0
0.07433,0
0.06662,0
0.08503,0
0.05143,0
0.03619,0
0.04524,0
0.05376,0
0.05647,0
0.00808,0
0.02341,0
0.02239,0
0.01271,0
0.02173,0
0.03126,0
0.03044,0
0.05023,0
0.07632,0
0.04176,0
0.03477,0
0.01006,0
0.01906,0
0.02064,0
0.02953,0
0.03505,0
0.04512,0
0.04587,0
0.08393,0
0.04746,0
0.04321,0
0.04720,0
0.06084,0
0.06815,0
0.06994,0
0.03012,0
0.04842,0
0.07582,0
0.04173,0
0.03589,0
0.01837,0
0.02442,0
0.03970,0
0.04302,0
0.03616,0
0.03716,0
0.03783,0
0.15403,0
0.17498,0
0.11605,0
0.09414,0
0.07988,0
0.07166,0
0.07653,0
0.02894,0
0.03412,0
0.03253,0
0.02672,0
0.03031,0
0.03244,0
0.03225,0
0.07169,0
0.06797,0
0.05283,0
0.04267,0
0.04908,0
0.04781,0
0.05070,0
0.12215,0
0.07910,0
0.05316,0
0.05365,0
0.07865,0
0.09097,0
0.03044,0
0.03167,0
0.04526,0
0.03545,0
0.03817,0
0.03724,0
0.03617,0
0.10426,0
0.09586,0
0.06111,0
0.06014,0
0.08482,0
0.10609,0
0.03012,0
0.04636,0
0.04244,0
0.04747,0
0.04528,0
0.03966,0
0.03571,0
0.06344,1
0.06789,1
0.03588,0
0.04937,0
0.02330,0
0.02254,0
0.02292,0
0.00808,0
0.02205,0
0.04850,0
0.03673,0
0.04043,0
0.05148,0
0.05462,0
0.02894,0
0.03615,0
0.04112,0
0.03284,0
0.03733,0
0.03605,0
0.03375,0
0.01837,0
0.02700,0
0.03584,0
0.03894,0
0.04149,0
0.04659,0
0.00808,0
0.02341,0
0.03102,0
0.02418,0
0.03820,0
0.04731,0
0.01837,0
0.02562,0
0.04234,0
0.06320,0
0.05936,0
0.05969,0
0.06342,0
0.09622,0
0.10763,0
0.12809,0
0.10673,0
0.10371,0
0.09311,0
0.09017,0
0.01837,0
0.03827,0
0.03191,0
0.03495,0
0.04025,0
0.04257,0
0.00808,0
0.01735,0
0.03096,0
0.01787,0
0.02376,0
0.02954,0
0.03242,0
0.18311,0
0.18253,0
0.11089,0
0.09165,0
0.07768,0
0.06814,0
0.06897,0
0.03588,0
0.04370,0
0.05205,0
0.04436,0
0.04612,0
0.04207,0
0.03821,0
0.13034,0
0.09951,0
0.07721,0
0.07774,0
0.06549,0
0.06722,0
0.01006,0
0.03193,0
0.02090,0
0.02021,0
0.02906,0
0.03771,0
0.01006,0
0.03193,0
0.02090,0
0.01836,0
0.02562,0
0.03238,0
0.03044,0
0.02322,0
0.02936,0
0.02795,0
0.03805,0
0.03338,0
0.03000,0
0.13244,0
0.11838,0
0.08930,0
0.06436,0
0.06288,0
0.07500,0
0.10781,0
0.01006,0
0.01906,0
0.03655,0
0.05794,0
0.07820,0
0.08164,0
0.08717,0
0.03012,0
0.03661,0
0.01851,0
0.01789,0
0.01924,0
0.01006,0
0.02495,0
0.03739,0
0.02259,0
0.02734,0
0.03503,0
0.04443,0
0.03044,0
0.03811,0
0.04044,0
0.03244,0
0.03820,0
0.03715,0
0.03421,0
0.00808,0
0.02950,0
0.04585,0
0.04259,0
0.03892,0
0.04175,0
0.04750,0
0.05777,0
0.08143,0
0.09605,0
0.08128,0
0.08077,0
0.07799,0
0.07803,0
0.00808,0
0.02950,0
0.05028,0
0.05742,0
0.05205,0
0.05438,0
0.05501,0
0.03588,0
0.04937,0
0.02330,0
0.02234,0
0.02411,0
0.00808,0
0.02889,0
0.02185,0
0.02039,0
0.02714,0
0.03380,0
0.01006,0
0.02495,0
0.04494,0
0.05112,0
0.05265,0
0.05551,0
0.05402,0
0.11197,0
0.07788,0
0.06291,0
0.06555,0
0.05798,0
0.05019,0
0.05324,0
0.13969,0
0.10674,0
0.09280,0
0.09272,0
0.08588,0
0.07660,0
0.08024,0
0.00808,0
0.02889,0
0.02185,0
0.01748,0
0.02371,0
0.03268,0
0.00808,0
0.02205,0
0.05748,0
0.04942,0
0.04251,0
0.04715,0
0.04886,0
0.00808,0
0.01735,0
0.03432,0
0.04627,0
0.04414,0
0.04787,0
0.04685,0
0.01837,0
0.02995,0
0.02755,0
0.01511,0
0.02307,0
0.03196,0
0.00808,0
0.02341,0
0.02776,0
0.02459,0
0.02865,0
0.04030,0
0.00808,0
0.01735,0
0.03606,0
0.04859,0
0.03747,0
0.03770,0
0.04180,0
0.03012,0
0.03485,0
0.03666,0
0.04541,0
0.04387,0
0.03898,0
0.03551,0
0.12434,0
0.12758,0
0.08971,0
0.08813,0
0.07693,0
0.06899,0
0.06966,0
0.00808,0
0.02341,0
0.02239,0
0.01531,0
0.02120,0
0.03101,0
0.00808,0
0.02341,0
0.02776,0
0.02459,0
0.03034,0
0.03809,0
0.02894,0
0.02751,0
0.04150,0
0.04653,0
0.04243,0
0.03955,0
0.03634,0
0.01006,0
0.02348,0
0.02298,0
0.01193,0
0.02262,0
0.03258,0
0.01837,0
0.03676,0
0.02716,0
0.02112,0
0.02844,0
0.03797,0
0.01837,0
0.02442,0
0.02898,0
0.01510,0
0.02283,0
0.03470,0
0.03706,0
0.10178,0
0.09222,0
0.06543,0
0.04701,0
0.04550,0
0.05324,0
0.08763,0
0.04806,0
0.04404,0
0.05257,0
0.04418,0
0.04672,0
0.04272,0
0.03957,0
0.10491,0
0.07404,0
0.06844,0
0.05409,0
0.04717,0
0.04936,0
0.07122,0
0.07501,0
0.05261,0
0.05477,0
0.07185,0
0.08492,0
0.03044,0
0.05023,0
0.07632,0
0.04176,0
0.03477,0
0.04806,0
0.03892,0
0.04251,0
0.04468,0
0.04794,0
0.04463,0
0.04112,0
0.01006,0
0.02324,0
0.04407,0
0.03304,0
0.03692,0
0.05123,0
0.05090,0
0.09622,0
0.07417,0
0.04973,0
0.04212,0
0.04568,0
0.04272,0
0.04578,0
0.00808,0
0.01952,0
0.02642,0
0.02514,0
0.03697,0
0.04638,0
0.00808,0
0.01952,0
0.03119,0
0.03508,0
0.03667,0
0.04145,0
0.03044,0
0.05798,1
0.07624,1
0.11071,1
0.10317,1
0.01006,0
0.03329,0
0.04523,0
0.04060,0
0.04518,0
0.05504,0
0.01837,0
0.03986,0
0.02946,0
0.02474,0
0.03636,0
0.03906,0
0.03012,0
0.03085,0
0.04218,0
0.03658,0
0.03966,0
0.03755,0
0.03595,0
0.09756,0
0.06426,0
0.05573,0
0.06028,0
0.11258,0
0.03012,0
0.03621,0
0.04561,0
0.04134,0
0.04285,0
0.04281,0
0.03954,0
0.11709,0
0.11349,0
0.08138,0
0.07722,0
0.07853,0
0.07121,0
0.07439,0
0.02894,0
0.02751,0
0.04670,0
0.03863,0
0.04095,0
0.03813,0
0.03511,0
0.06775,0
0.06659,0
0.09314,0
0.12197,0
0.12409,0
0.11381,0
0.09330,0
0.06758,0
0.05189,0
0.04678,0
0.04823,0
0.05557,0
0.08224,0
0.06301,0
0.06665,0
0.06246,0
0.05222,0
0.05426,0
0.06491,0
0.00808,0
0.02950,0
0.04478,0
0.03001,0
0.02920,0
0.03401,0
0.04105,0
0.05237,1
0.05931,1
0.03044,0
0.03396,0
0.03820,0
0.03504,0
0.03830,0
0.03753,0
0.03605,0
0.10542,0
0.07395,0
0.05689,0
0.04458,0
0.04404,0
0.05641,0
0.08972,0
0.08224,0
0.06301,0
0.05555,0
0.04847,0
0.04105,0
0.04389,0
0.05521,0
0.03012,0
0.02749,0
0.04063,0
0.07072,0
0.08814,0
0.09807,0
0.10455,0
0.02894,0
0.03282,0
0.03840,0
0.03156,0
0.03515,0
0.03415,0
0.03315,0
0.10121,0
0.08200,0
0.06123,0
0.04763,0
0.04069,0
0.04538,0
0.05498,0
0.13244,0
0.09378,0
0.07755,0
0.05908,0
0.05891,0
0.07424,0
0.09478,0
0.07443,0
0.07572,0
0.07201,0
0.05398,0
0.05224,0
0.06394,0
0.12207,0
0.08526,0
0.05578,0
0.05018,0
0.06815,0
0.08103,0
0.09622,0
0.10763,0
0.12939,0
0.10727,0
0.09952,0
0.08856,0
0.08685,0
0.14558,0
0.07281,0
0.05834,0
0.05233,0
0.04588,0
0.04079,0
0.04890,0
0.17085,0
0.11105,0
0.09410,0
0.08289,0
0.06551,0
0.06074,0
0.07606,0
0.01837,0
0.07353,0
0.07174,0
0.06705,0
0.06765,0
0.07554,0
0.10858,0
0.10530,0
0.08656,0
0.07488,0
0.06859,0
0.06123,0
0.06111,0
0.13673,0
0.07861,0
0.05270,0
0.04358,0
0.04846,0
0.05280,0
0.07153,0
0.08503,0
0.04967,1
0.07652,1
0.05870,1
0.06594,1
0.06615,1
0.07251,1
0.00808,0
0.02547,0
0.03048,0
0.04423,0
0.03861,0
0.03931,0
0.04460,0
0.01006,0
0.05456,0
0.05963,0
0.06114,0
0.05662,0
0.06036,0
0.12379,0
0.08368,0
0.07098,0
0.06035,0
0.04842,0
0.04554,0
0.07343,0
0.18810,0
0.13059,0
0.11249,0
0.09465,0
0.08004,0
0.07474,0
0.08542,0
0.12726,0
0.08786,0
0.07219,0
0.05329,0
0.04344,0
0.04216,0
0.05158,0
0.00808,0
0.02341,0
0.02239,0
0.01531,0
0.03112,1
0.04480,1
0.07559,1
0.08895,1
0.09387,1
0.08393,0
0.04746,0
0.03988,0
0.03957,0
0.04638,0
0.05813,0
0.06264,0
0.15467,0
0.11762,1
0.09934,1
0.09457,1
0.10624,1
0.10045,1
0.10209,1
0.10405,1
0.12146,1
0.01006,0
0.03193,0
0.02090,0
0.01812,0
0.02815,0
0.03695,0
0.01837,0
0.11995,1
0.12167,1
0.11375,1
0.00808,0
0.01797,0
0.04177,0
0.03083,0
0.02784,0
0.03363,0
0.03706,0
0.12932,0
0.09879,0
0.07068,0
0.05119,0
0.05109,0
0.06614,0
0.09234,0
0.07644,0
0.05591,0
0.05316,0
0.06201,0
0.05427,0
0.05486,0
0.00808,0
0.02889,0
0.02185,0
0.02291,0
0.02842,0
0.03467,0
0.00808,0
0.03208,0
0.02355,0
0.02166,0
0.03014,0
0.03418,0
0.01837,0
0.02442,0
0.03594,0
0.02152,0
0.02755,0
0.03613,0
0.03937,0
0.08503,0
0.06208,0
0.04771,0
0.04977,0
0.05003,0
0.05345,0
0.08697,0
0.07524,0
0.06581,0
0.06625,0
0.06323,0
0.06193,0
0.01006,0
0.01906,0
0.03578,0
0.04601,0
0.04110,0
0.04325,0
0.04817,0
0.09622,0
0.07417,0
0.04973,0
0.03944,0
0.03515,0
0.03560,0
0.03923,0
0.01006,0
0.01980,0
0.03700,0
0.06183,0
0.05840,0
0.05997,0
0.06458,0
0.01006,0
0.02348,0
0.02298,0
0.01193,0
0.02732,0
0.03514,0
0.00808,0
0.02547,0
0.04075,0
0.05157,0
0.04159,0
0.04183,0
0.04249,0
0.08835,0
0.06620,0
0.04573,0
0.04914,0
0.07289,0
0.09767,0
0.02894,0
0.03294,0
0.04449,0
0.03506,0
0.04004,0
0.03944,0
0.03697,0
0.07169,0
0.06427,0
0.06874,0
0.06861,0
0.06984,0
0.06430,0
0.06376,0
0.00808,0
0.05026,0
0.05842,0
0.07822,0
0.08557,0
0.11315,0
0.12062,0
0.13034,1
0.08468,1
0.07947,1
0.08586,1
0.09109,1
0.08872,1
0.03588,0
0.03856,0
0.04652,0
0.04718,0
0.05397,0
0.04918,0
0.04546,0
0.01006,0
0.13513,1
0.11757,1
0.10572,1
0.11500,1
0.11253,1
0.08343,1
0.09261,1
0.08597,1
0.08633,1
0.09240,1
0.09478,1
0.18311,0
0.18229,0
0.12512,0
0.10441,0
0.08880,0
0.07898,0
0.07881,0
0.00808,0
0.01091,1
0.04644,1
0.08772,1
0.11956,1
0.12547,1
0.13223,1
0.12653,1
0.03588,0
0.03843,0
0.02805,0
0.02755,0
0.02769,0
0.09991,0
0.08506,0
0.06700,0
0.04627,0
0.04493,0
0.06064,0
0.01837,0
0.02995,0
0.03307,0
0.02344,0
0.03009,0
0.03809,0
0.00808,0
0.02889,0
0.02185,0
0.01661,0
0.02536,0
0.03021,0
0.03012,0
0.03661,0
0.01851,0
0.01789,0
0.01924,0
0.01837,0
0.03676,0
0.02716,0
0.02083,0
0.02234,0
0.02980,0
0.00808,0
0.03208,0
0.02355,0
0.02160,0
0.02647,0
0.03367,0
0.00808,0
0.01735,0
0.03384,0
0.04548,0
0.04193,0
0.04884,0
0.05000,0
0.01837,0
0.02995,0
0.02755,0
0.01511,0
0.02688,0
0.03197,0
0.02894,0
0.03668,0
0.01728,0
0.01743,0
0.02011,0
0.01837,0
0.02995,0
0.02755,0
0.01636,0
0.02270,0
0.02878,0
0.07176,0
0.03588,0
0.04042,0
0.05105,0
0.04577,0
0.05315,0
0.12669,0
0.08898,0
0.06774,0
0.05223,0
0.04638,0
0.04727,0
0.05611,0
0.02894,0
0.04578,0
0.04212,0
0.04664,0
0.04150,0
0.03843,0
0.03533,0
0.03012,0
0.03474,0
0.06185,0
0.05072,0
0.04374,0
0.12407,1
0.14101,1
0.11975,1
0.10201,1
0.10217,1
0.08927,1
0.09175,1
0.11833,0
0.18019,0
0.15202,0
0.11099,0
0.09087,0
0.08239,0
0.08208,0
0.06472,1
0.07975,1
0.08472,1
0.08917,1
0.09966,1
0.10663,1
0.11565,1
0.11830,1
0.13356,1
0.03012,0
0.04842,0
0.07582,0
0.04173,0
0.03589,0
0.01837,0
0.02700,0
0.03202,0
0.02901,0
0.03600,0
0.04129,0
0.00808,0
0.02341,0
0.02239,0
0.01150,0
0.02059,0
0.02611,0
0.01006,0
0.02348,0
0.02298,0
0.01587,0
0.02362,0
0.02873,0
0.03012,0
0.04636,0
0.04313,0
0.03438,0
0.03684,0
0.03598,0
0.03481,0
0.03044,0
0.04765,1
0.08190,1
0.10420,1
0.11041,1
0.10792,1
0.09995,1
0.13034,0
0.09791,0
0.08765,0
0.07299,0
0.05768,0
0.05988,0
0.03012,0
0.03241,0
0.04563,0
0.04306,0
0.04563,0
0.04280,0
0.03970,0
0.03012,0
0.02968,0
0.02341,0
0.02313,0
0.02413,0
0.03044,0
0.03381,0
0.04428,0
0.08007,0
0.08847,0
0.08956,0
0.09559,0
0.08224,0
0.06660,0
0.07550,0
0.06547,0
0.05565,0
0.05779,0
0.07305,0
0.00808,0
0.02341,0
0.02239,0
0.01531,0
0.02400,0
0.03135,0
0.03012,0
0.04842,0
0.05296,0
0.03852,0
0.03506,0
0.03012,0
0.03401,0
0.03588,0
0.03592,0
0.03828,0
0.03880,0
0.03605,0
0.02894,0
0.05050,0
0.04363,0
0.05397,0
0.05544,0
0.06004,0
0.06849,0
0.03044,0
0.05023,0
0.05514,0
0.04325,0
0.03753,0
0.02894,0
0.03615,0
0.03433,0
0.03163,0
0.03468,0
0.03252,0
0.03045,0
0.01006,0
0.01906,0
0.03532,0
0.04545,0
0.04133,0
0.04872,0
0.04877,0
0.00808,0
0.02950,0
0.04691,0
0.03335,0
0.02723,0
0.03040,0
0.03774,0
0.00808,0
0.05195,0
0.05984,0
0.06434,0
0.07078,0
0.07290,0
0.00808,0
0.02547,0
0.04088,0
0.05189,0
0.04764,0
0.05029,0
0.04971,0
0.02894,0
0.03282,0
0.04525,0
0.03664,0
0.03944,0
0.03727,0
0.03490,0
0.08503,0
0.05143,0
0.03619,0
0.04224,0
0.04871,0
0.05141,0
0.08503,0
0.05143,0
0.03111,0
0.04407,0
0.05293,0
0.05612,0
0.00808,0
0.02889,0
0.02185,0
0.01661,0
0.02454,0
0.03191,0
0.02894,0
0.04935,0
0.05326,0
0.04147,0
0.03685,0
0.20341,0
0.14908,0
0.11844,0
0.08852,0
0.08502,0
0.12463,0
0.11247,0
0.08482,0
0.07436,0
0.06671,0
0.05888,0
0.05084,0
0.05219,0
0.00808,0
0.01952,0
0.02129,0
0.02060,0
0.02832,0
0.03538,0
0.00808,0
0.03208,0
0.02355,0
0.02102,0
0.03490,0
0.03462,0
0.03012,0
0.04842,0
0.07582,0
0.04000,0
0.03350,0
0.10533,0
0.08436,0
0.07437,0
0.07380,0
0.06451,0
0.05622,0
0.05720,0
0.00808,0
0.02889,0
0.02185,0
0.01661,0
0.02536,0
0.03294,0
0.25515,0
0.13513,0
0.09175,0
0.07791,0
0.09145,0
0.01837,0
0.03827,0
0.03191,0
0.03495,0
0.04223,0
0.07217,1
0.08230,1
0.08505,1
0.03012,0
0.03474,0
0.07691,0
0.04842,0
0.04180,0
0.11928,0
0.09997,0
0.06700,0
0.06390,0
0.07607,0
0.08506,0
0.01006,0
0.03072,0
0.02346,0
0.02032,0
0.02785,0
0.03187,0
0.00808,0
0.01735,0
0.03432,0
0.04378,0
0.04013,0
0.04423,0
0.04459,0
0.01006,0
0.02131,0
0.02250,0
0.02150,0
0.02854,0
0.03526,0
0.10721,1
0.14026,1
0.11639,1
0.10093,1
0.08654,1
0.08129,1
0.11083,1
0.00808,0
0.02341,0
0.02776,0
0.01980,0
0.02734,0
0.03369,0
0.02894,0
0.04578,0
0.05107,0
0.06249,0
0.10971,0
0.11208,0
0.12074,0
0.11556,0
0.10360,0
0.06856,0
0.06461,0
0.07215,0
0.08334,0
0.02894,0
0.03668,0
0.01728,0
0.01733,0
0.01882,0
0.09756,0
0.06426,0
0.05573,0
0.06028,0
0.11258,0
0.09622,0
0.06793,0
0.05738,0
0.04782,0
0.04496,0
0.04386,0
0.04710,0
0.00808,0
0.04225,0
0.06153,0
0.07481,0
0.08515,0
0.09043,0
0.10362,0
0.08171,0
0.13852,0
0.11453,0
0.10283,0
0.08881,0
0.08575,0
0.01837,0
0.02700,0
0.02606,0
0.02454,0
0.02925,0
0.03406,0
0.10386,0
0.07550,0
0.05351,0
0.05693,0
0.05332,0
0.06007,0
0.06561,0
0.03044,0
0.04646,0
0.06142,0
0.06561,0
0.06128,0
0.01006,0
0.01906,0
0.02581,0
0.01204,0
0.01590,0
0.02102,0
0.02528,0
0.06472,0
0.05615,0
0.05380,0
0.04342,0
0.04454,0
0.06164,0
0.03044,0
0.04640,0
0.04058,0
0.05474,0
0.05779,0
0.06461,0
0.07655,0
0.03588,0
0.03954,0
0.06375,0
0.07456,0
0.08489,0
0.07868,0
0.07227,0
0.06775,0
0.06547,0
0.08160,0
0.10674,0
0.10958,0
0.03044,0
0.03904,0
0.01914,0
0.01799,0
0.01939,0
0.01006,0
0.02495,0
0.03777,0
0.06944,0
0.06022,0
0.06320,0
0.06026,0
0.00808,0
0.02889,0
0.02185,0
0.01748,0
0.02585,0
0.03049,0
0.01006,0
0.03112,0
0.03994,0
0.03587,0
0.03624,0
0.04250,0
0.04364,0
0.03044,0
0.03121,0
0.02434,0
0.02330,0
0.02545,0
0.00808,0
0.04202,0
0.05004,0
0.07113,0
0.08164,0
0.08612,0
0.00808,0
0.01735,0
0.02438,0
0.01136,0
0.01529,0
0.02284,0
0.02693,0
0.16632,0
0.09181,0
0.06803,0
0.05049,0
0.05465,0
0.08519,0
0.12207,0
0.08526,0
0.05138,0
0.05031,0
0.07139,0
0.08437,0
0.00808,0
0.01952,0
0.02642,0
0.03049,0
0.03490,0
0.04600,0
0.02894,0
0.02797,0
0.04070,0
0.03629,0
0.04524,0
0.03878,0
0.03513,0
0.07176,0
0.04374,0
0.05055,0
0.05387,0
0.04550,0
0.05171,0
0.00808,0
0.01797,0
0.03366,0
0.02626,0
0.02793,0
0.03605,0
0.04225,0
0.09622,0
0.10763,0
0.12809,0
0.11648,0
0.10749,0
0.09465,0
0.09020,0
0.09905,0
0.08955,0
0.06353,0
0.06555,0
0.10184,0
0.11859,0
0.08224,0
0.06301,0
0.05834,0
0.06373,0
0.05397,0
0.05671,0
0.07221,0
0.03012,0
0.03307,0
0.03670,0
0.04618,0
0.04555,0
0.04071,0
0.03701,0
0.29620,0
0.17676,0
0.12198,0
0.09321,0
0.07959,0
0.07663,0
0.07882,0
0.09911,0
0.06183,0
0.05187,0
0.05953,0
0.11019,0
0.12504,0
0.09168,0
0.06671,0
0.05137,0
0.04616,0
0.04940,0
0.06320,0
0.01837,0
0.05417,0
0.04922,0
0.06687,0
0.07332,0
0.08980,0
0.09924,0
0.01006,0
0.03786,0
0.03906,0
0.05038,0
0.05879,0
0.06498,0
0.07051,0
0.06775,0
0.06694,0
0.08815,0
0.11316,0
0.11183,0
0.03012,0
0.03173,0
0.04169,0
0.03813,0
0.04297,0
0.03801,0
0.03446,0
0.00808,0
0.02205,0
0.04850,0
0.03673,0
0.05621,1
0.10215,0
0.08007,0
0.07204,0
0.06285,0
0.05239,0
0.04959,0
0.06552,0
0.00808,0
0.01735,0
0.03606,0
0.04873,0
0.04051,0
0.04031,0
0.04066,0
0.08224,0
0.06660,0
0.07550,0
0.06203,0
0.05518,0
0.05789,0
0.06916,0
0.01837,0
0.03676,0
0.02716,0
0.02021,0
0.02820,0
0.03315,0
0.01006,0
0.01980,0
0.03355,0
0.05027,0
0.04775,0
0.05387,0
0.05701,0
0.01837,0
0.06470,0
0.06529,0
0.08253,0
0.07268,0
0.07611,0
0.07468,0
0.13693,0
0.13904,0
0.13266,1
0.11050,1
0.10368,1
0.00808,0
0.01735,0
0.03479,0
0.06250,0
0.06646,0
0.08887,0
0.09360,0
0.03588,0
0.04937,0
0.02330,0
0.02254,0
0.02292,0
0.12932,0
0.09769,0
0.08206,0
0.06151,0
0.06201,0
0.07548,0
0.10028,0
0.00808,0
0.04872,0
0.04428,0
0.05595,0
0.06700,0
0.08769,0
0.09906,0
0.08224,0
0.06660,0
0.07550,0
0.06547,0
0.05773,0
0.05519,0
0.06712,0
0.12207,0
0.08920,0
0.05459,0
0.05327,0
0.07668,0
0.08829,0
0.09614,0
0.17376,1
0.13961,1
0.12724,1
0.11795,1
0.11582,1
0.11165,1
0.13708,0
0.07591,0
0.05210,0
0.04698,0
0.05287,0
0.05637,0
0.07260,0
0.00808,0
0.02341,0
0.02239,0
0.01531,0
0.02749,0
0.03199,0
0.19633,0
0.11280,0
0.08165,0
0.07276,0
0.07495,0
0.10754,0
0.07743,0
0.05141,0
0.05916,0
0.09820,0
0.12755,0
0.03044,0
0.04141,0
0.07972,0
0.05103,0
0.04401,0
0.00808,0
0.02341,0
0.02776,0
0.01980,0
0.02565,0
0.03591,0
0.05777,0
0.09684,0
0.12068,0
0.12936,1
0.12267,1
0.12339,1
0.08901,0
0.06690,0
0.06817,0
0.07065,0
0.06019,0
0.05974,0
0.00808,0
0.01735,0
0.02438,0
0.01136,0
0.01970,0
0.02920,0
0.03468,0
0.03012,0
0.04842,0
0.07582,0
0.04173,0
0.03589,0
0.12441,0
0.09753,0
0.06633,0
0.06455,0
0.08115,0
0.11591,0
0.12588,0
0.03588,0
0.04937,0
0.02330,0
0.02254,0
0.02292,0
0.03012,0
0.03474,0
0.06185,0
0.05072,0
0.04374,0
0.00808,0
0.01952,0
0.02129,0
0.02060,0
0.03121,0
0.03800,0
0.00808,0
0.01735,0
0.03090,0
0.05530,0
0.05001,0
0.05341,0
0.06221,0
0.12560,0
0.07689,0
0.05282,0
0.05272,0
0.05198,0
0.06203,0
0.06337,0
0.00808,0
0.03208,0
0.02355,0
0.02326,0
0.03009,0
0.03381,0
0.00808,0
0.02889,0
0.02185,0
0.01661,0
0.02492,0
0.02656,0
0.01006,0
0.03072,0
0.02346,0
0.01750,0
0.02608,0
0.03080,0
0.00808,0
0.02341,0
0.02776,0
0.02459,0
0.03034,0
0.03634,0
0.01837,0
0.02562,0
0.04498,0
0.04873,0
0.04812,0
0.05337,0
0.05562,0
0.10121,0
0.09415,0
0.06309,0
0.04847,0
0.04677,0
0.04666,0
0.05696,0
0.00808,0
0.03208,0
0.02355,0
0.01990,0
0.03650,0
0.04015,0
0.01006,0
0.01906,0
0.03684,0
0.04941,0
0.03765,0
0.03802,0
0.04015,0
0.08224,0
0.06665,0
0.05979,0
0.04886,0
0.04251,0
0.04194,0
0.05922,0
0.00808,0
0.02341,0
0.02239,0
0.01531,0
0.02749,0
0.03199,0
0.10142,1
0.09082,1
0.07258,1
0.08240,1
0.08196,1
0.11041,0
0.08297,0
0.07675,0
0.07914,0
0.08812,0
0.08843,0
0.10533,0
0.07845,0
0.06865,0
0.05905,0
0.05230,0
0.04528,0
0.04775,0
0.10533,0
0.07287,0
0.07126,0
0.06482,0
0.05560,0
0.04839,0
0.06795,1
0.07487,1
0.07802,1
0.12504,0
0.09168,0
0.06671,0
0.05137,0
0.04458,0
0.05046,0
0.05478,0
0.03044,0
0.03904,0
0.01914,0
0.01799,0
0.01939,0
0.12030,0
0.09196,0
0.06876,0
0.11573,1
0.12545,1
0.11907,1
0.10799,1
0.10731,1
0.11218,1
0.13090,1
0.17057,1
0.13203,1
0.11299,1
0.10987,1
0.11822,1
0.11745,1
0.09622,0
0.07417,0
0.04973,0
0.03944,0
0.04358,0
0.05517,0
0.05620,0
0.00808,0
0.01735,0
0.03096,0
0.01787,0
0.02440,0
0.03441,0
0.03738,0
0.03044,0
0.05023,0
0.07576,0
0.05467,0
0.04745,0
0.12932,0
0.09361,0
0.06685,0
0.04802,0
0.05062,0
0.06917,0
0.08679,0
0.08343,0
0.09261,0
0.08665,0
0.07553,0
0.06952,0
0.10403,1
0.10914,1
0.10977,1
0.11057,1
0.10496,0
0.07849,0
0.06946,0
0.04855,0
0.03979,0
0.03992,0
0.04959,0
0.00808,0
0.02994,0
0.02341,1
0.09007,1
0.10993,1
0.10835,1
0.10499,1
0.07176,0
0.05416,0
0.06540,0
0.05949,0
0.05263,0
0.05421,0
0.06516,1
0.10837,1
0.10108,1
0.09195,1
0.08273,1
0.09622,0
0.07417,0
0.04973,0
0.03931,0
0.04561,0
0.04417,0
0.04662,0
0.02894,0
0.02774,0
0.04221,0
0.04737,0
0.04474,0
0.03873,0
0.03513,0
0.13969,0
0.11248,0
0.09558,0
0.08571,0
0.08081,0
0.07159,0
0.06971,0
0.09366,0
0.07555,0
0.07041,0
0.06262,0
0.05680,0
0.05000,0
0.05195,0
0.03588,0
0.04937,0
0.02330,0
0.02234,0
0.02411,0
0.12228,0
0.12860,0
0.09177,0
0.07656,0
0.06786,0
0.06206,0
0.06790,0
0.00808,0
0.02547,0
0.03898,0
0.05210,0
0.04233,0
0.04691,0
0.04657,0
0.18026,0
0.13513,0
0.10989,0
0.08156,0
0.07941,0
0.10536,0
0.03012,0
0.03313,0
0.03606,0
0.03559,0
0.04419,0
0.04014,0
0.03769,0
0.03044,0
0.05041,0
0.05147,0
0.04748,0
0.04486,0
0.08343,0
0.09261,0
0.08665,0
0.07247,0
0.06488,0
0.06110,0
0.01006,0
0.01906,0
0.03866,0
0.05359,0
0.04698,0
0.04817,0
0.04826,0
0.00808,0
0.02341,0
0.02239,0
0.01531,0
0.02400,0
0.02876,0
0.18311,1
0.18253,1
0.11089,1
0.09133,1
0.08940,1
0.10186,0
0.10232,0
0.10565,0
0.09009,0
0.07728,0
0.07363,0
0.07684,0
0.08503,0
0.07283,0
0.07408,0
0.10601,0
0.10441,0
0.11846,0
0.12137,0
0.05777,0
0.09684,0
0.12068,0
0.09712,0
0.10190,0
0.10251,0
0.09845,0
0.11247,0
0.08709,0
0.14143,0
0.12179,0
0.10692,0
0.09192,0
0.08858,0
0.01006,0
0.02131,0
0.02809,0
0.03139,0
0.03592,0
0.04080,0
0.03012,0
0.03661,0
0.01851,0
0.01798,0
0.02046,0
0.01006,0
0.02301,0
0.03034,0
0.02586,0
0.03019,0
0.03623,0
0.01837,0
0.05328,0
0.07197,0
0.07916,0
0.08540,0
0.08801,0
0.08503,0
0.05143,0
0.03111,0
0.03419,0
0.04047,0
0.04573,0
0.07169,0
0.08426,0
0.06420,0
0.05259,0
0.04568,0
0.04469,0
0.04715,0
0.01837,0
0.01547,1
0.04345,1
0.03521,1
0.06087,1
0.07897,1
0.08957,1
0.09295,1
0.07644,0
0.05591,0
0.06142,0
0.05512,0
0.04611,0
0.04773,0
0.00808,0
0.02341,0
0.02239,0
0.01271,0
0.02168,0
0.02868,0
0.07305,0
0.04903,0
0.04605,0
0.04874,0
0.07353,0
0.00808,0
0.02547,0
0.04088,0
0.05326,0
0.04284,0
0.04246,0
0.04922,0
0.00808,0
0.02994,0
0.02081,0
0.02057,0
0.02301,0
0.02967,0
0.12694,0
0.13414,0
0.10335,0
0.09462,0
0.08487,0
0.07765,0
0.07786,0
0.01837,0
0.02900,0
0.05092,0
0.07171,0
0.06470,0
0.06566,0
0.06511,0
0.01006,0
0.02131,0
0.03229,0
0.02982,0
0.03632,0
0.04840,0
0.00808,0
0.02889,0
0.04428,0
0.03837,0
0.04461,0
0.04889,0
0.11771,1
0.06028,1
0.05033,1
0.04281,1
0.03914,1
0.00808,0
0.01952,0
0.02129,0
0.01610,0
0.02194,0
0.03207,0
0.11137,0
0.07437,0
0.05147,0
0.04989,0
0.06939,0
0.10401,0
0.03012,0
0.03661,0
0.01851,0
0.01789,0
0.01924,0
0.09849,0
0.08424,0
0.06550,0
0.05841,0
0.05288,0
0.04731,0
0.05090,0
0.00808,0
0.02205,0
0.05385,0
0.06288,0
0.06165,0
0.06107,0
0.06242,0
0.09925,0
0.09378,0
0.07762,0
0.06205,0
0.06271,0
0.08469,0
0.00808,0
0.01952,0
0.02129,0
0.01610,0
0.02776,0
0.03317,0
0.01006,0
0.02348,0
0.03113,0
0.02452,0
0.03202,0
0.03758,0
0.00808,0
0.01735,0
0.03606,0
0.04873,0
0.03737,0
0.03764,0
0.03947,0
0.09791,0
0.07936,0
0.06405,0
0.04948,0
0.05131,0
0.07129,0
0.13299,0
0.09277,0
0.05492,0
0.05327,0
0.07312,0
0.09747,0
0.19633,0
0.11335,0
0.08072,0
0.06782,0
0.07053,0
0.03012,0
0.03701,0
0.05941,0
0.05929,0
0.07078,0
0.06443,0
0.05887,0
0.11996,0
0.10845,0
0.09177,0
0.06740,0
0.06573,0
0.07630,0
0.11217,0
0.08503,0
0.05143,0
0.03111,0
0.03718,0
0.04261,0
0.04671,0
0.03044,0
0.03381,0
0.04428,0
0.07501,0
0.08951,0
0.09818,0
0.10346,0
0.11833,0
0.18019,0
0.14501,0
0.10170,0
0.08251,0
0.07541,0
0.08063,0
0.11771,0
0.06028,0
0.05033,0
0.04713,0
0.04245,0
0.04000,0
0.04896,0
0.07169,0
0.07962,0
0.10649,0
0.10723,0
0.10477,0
0.10315,0
0.09862,0
0.02894,0
0.04935,0
0.05326,0
0.04147,0
0.03685,0
0.00808,0
0.01952,0
0.02129,0
0.02777,0
0.03912,0
0.04833,0
0.00808,0
0.02341,0
0.02776,0
0.02459,0
0.02865,0
0.03385,0
0.01837,0
0.07076,1
0.07949,1
0.07534,1
0.08319,1
0.09253,1
0.10797,1
0.14048,1
0.14187,1
0.10721,0
0.08801,0
0.08679,0
0.06389,0
0.06000,0
0.06548,0
0.09786,0
0.07169,0
0.06797,0
0.05283,0
0.04536,0
0.04943,0
0.04766,0
0.04918,0
0.00808,0
0.01952,0
0.02642,0
0.02480,0
0.03573,0
0.04494,0
0.03012,0
0.03313,0
0.04241,0
0.06950,0
0.08532,0
0.08878,0
0.10033,0
0.12976,0
0.09689,0
0.08798,0
0.06298,0
0.06180,0
0.08511,0
0.00808,0
0.01735,0
0.02438,0
0.01136,0
0.01970,0
0.03261,0
0.04153,0
0.03012,0
0.04261,0
0.06404,0
0.04954,0
0.04468,0
0.00808,0
0.01735,0
0.03090,0
0.05658,0
0.05340,0
0.05245,0
0.05252,0
0.02894,0
0.04935,0
0.05326,0
0.03934,0
0.03614,0
0.03044,0
0.03904,0
0.01914,0
0.01799,0
0.01939,0
0.00808,0
0.02547,0
0.02446,0
0.04395,0
0.03888,0
0.03828,0
0.03819,0
0.00808,0
0.01735,0
0.03432,0
0.04477,0
0.04029,0
0.04371,0
0.04482,0
0.10142,0
0.09082,0
0.07258,0
0.06277,0
0.06603,0
0.00808,0
0.03208,0
0.02355,0
0.02243,0
0.03125,0
0.03783,0
0.08697,0
0.08898,0
0.06760,0
0.06647,0
0.06537,0
0.06561,0
0.10721,0
0.07594,0
0.05557,0
0.03997,0
0.03753,0
0.04753,0
0.08256,0
0.00808,0
0.04424,0
0.04441,0
0.06293,0
0.05586,0
0.05995,0
0.06237,0
0.10754,0
0.08727,0
0.05729,0
0.06562,0
0.06303,0
0.06837,0
0.06988,0
0.00808,0
0.01735,0
0.02438,0
0.01136,0
0.02111,0
0.02945,0
0.03116,0
0.01006,0
0.02495,0
0.03049,0
0.01583,0
0.01839,0
0.02232,0
0.02639,0
0.13532,1
0.07655,1
0.07415,1
0.06781,1
0.06924,1
0.08315,1
0.09914,1
0.01006,0
0.02324,0
0.04989,0
0.07199,1
0.10488,1
0.12092,1
0.11905,1
0.15467,0
0.11422,0
0.09441,0
0.07284,0
0.07086,0
0.09363,0
0.11197,0
0.08748,0
0.07386,0
0.06391,0
0.05619,0
0.04970,0
0.05201,0
0.12976,0
0.08435,0
0.08052,0
0.05803,0
0.05821,0
0.08271,0
0.08503,0
0.05143,0
0.03111,0
0.03690,0
0.04228,0
0.04701,0
0.00808,0
0.01735,0
0.02438,0
0.01136,0
0.01970,0
0.02676,0
0.03266,0
0.01006,0
0.03193,0
0.02090,0
0.02248,0
0.02619,0
0.03262,0
0.07437,0
0.06747,0
0.06448,0
0.05957,0
0.05727,0
0.06189,0
0.03044,0
0.03904,0
0.01914,0
0.03704,1
0.05413,1
0.10777,1
0.11165,1
0.11068,1
0.06576,0
0.09589,0
0.09468,0
0.08994,0
0.08268,0
0.07774,0
0.18845,0
0.10037,0
0.07306,0
0.05341,0
0.05590,0
0.09952,0
0.12976,0
0.10157,0
0.09419,0
0.07056,0
0.06885,0
0.09212,0
0.08095,0
0.07115,0
0.04744,0
0.04902,0
0.06376,0
0.07662,0
0.00808,0
0.01735,0
0.02438,0
0.01136,0
0.02111,0
0.02945,0
0.03116,0
0.02894,0
0.03282,0
0.04525,0
0.03582,0
0.04275,0
0.03892,0
0.03674,0
0.09911,0
0.06183,0
0.06095,0
0.06413,0
0.11540,0
0.02894,0
0.04295,0
0.06438,0
0.05053,0
0.04572,0
0.01837,0
0.02442,0
0.03969,0
0.04238,0
0.03591,0
0.03869,0
0.04617,0
0.00808,0
0.02994,0
0.02081,0
0.02061,0
0.02667,0
0.03262,0
0.01006,0
0.03193,0
0.02764,0
0.03126,0
0.03548,0
0.04019,0
0.00808,0
0.01735,0
0.03090,0
0.05530,0
0.05102,0
0.05532,0
0.06379,0
0.02422,1
0.04469,1
0.06909,1
0.09010,1
0.11237,1
0.12551,1
0.12188,1
0.12124,1
0.09852,0
0.07464,0
0.05374,0
0.05151,0
0.06245,0
0.11481,0
0.08066,0
0.05721,0
0.05895,0
0.08278,0
0.09351,0
0.00808,0
0.04964,0
0.06926,0
0.07487,0
0.09573,0
0.09111,0
0.06576,0
0.11488,0
0.10128,0
0.08561,0
0.07664,0
0.07092,0
0.12434,1
0.10756,1
0.07300,1
0.06086,1
0.05445,1
0.01006,0
0.02131,0
0.02250,0
0.01698,0
0.02448,0
0.03295,0
0.13034,0
0.08057,0
0.07092,0
0.07189,0
0.05937,0
0.06218,0
0.14202,0
0.18464,0
0.14389,0
0.11202,0
0.10174,0
0.00808,0
0.02889,0
0.02185,0
0.02039,0
0.02573,0
0.03710,0
0.17085,0
0.10668,0
0.08769,0
0.08013,0
0.06375,0
0.06109,0
0.07034,0
0.21126,0
0.11686,0
0.09665,0
0.09322,0
0.07595,0
0.07197,0
0.11962,0
0.07752,0
0.05898,0
0.04487,0
0.04851,0
0.06328,0
0.10101,0
0.01006,0
0.03976,1
0.05153,1
0.05345,1
0.05385,1
0.05910,1
0.03044,0
0.03904,0
0.01914,0
0.01799,0
0.01939,0
0.03044,0
0.03904,0
0.01914,0
0.01799,0
0.01939,0
0.14570,0
0.09704,0
0.07686,0
0.05794,0
0.05790,0
0.07157,0
0.10840,0
0.10362,0
0.09142,0
0.07193,0
0.06332,0
0.05667,0
0.04911,0
0.05072,0
0.01006,0
0.03072,0
0.02346,0
0.01987,0
0.03160,0
0.03250,0
0.09991,0
0.08323,0
0.06637,0
0.04978,0
0.04834,0
0.06564,0
0.15719,1
0.12569,1
0.10299,1
0.10449,1
0.10985,1
0.11138,1
0.11351,1
0.03012,0
0.04963,0
0.05044,0
0.04676,0
0.04425,0
0.08503,0
0.06541,0
0.05568,0
0.05731,0
0.05823,0
0.06076,0
0.01837,0
0.03737,0
0.04588,0
0.05617,0
0.04966,0
0.05379,0
0.05881,0
0.07443,0
0.07572,0
0.07201,0
0.05091,0
0.04913,0
0.06678,0
0.13191,0
0.09569,0
0.06706,0
0.05005,0
0.04279,0
0.04433,0
0.05402,0
0.06775,0
0.06547,0
0.09024,0
0.12012,0
0.11453,0
0.08697,0
0.08898,0
0.06760,0
0.07363,0
0.06789,0
0.06713,0
0.00808,0
0.01735,0
0.02438,0
0.01136,0
0.01970,0
0.02921,0
0.03683,0
0.08224,0
0.06660,0
0.07550,0
0.06547,0
0.05565,0
0.05779,0
0.06869,0
0.08393,0
0.04746,0
0.04012,0
0.03655,0
0.04329,0
0.05125,0
0.05607,0
0.02894,0
0.02797,0
0.03693,0
0.04487,0
0.04709,0
0.04044,0
0.03648,0
0.00808,0
0.02994,0
0.02081,0
0.01613,0
0.02531,0
0.03809,0
0.09756,0
0.06426,0
0.05797,0
0.06103,0
0.11333,0
0.03012,0
0.03661,0
0.01851,0
0.01798,0
0.02046,0
0.09991,0
0.07459,0
0.05787,0
0.04066,0
0.04129,0
0.06015,0
0.01837,0
0.02562,0
0.04089,0
0.06286,0
0.05885,0
0.06048,0
0.06085,0
0.00808,0
0.02994,0
0.02081,0
0.02176,0
0.03190,0
0.03866,0
0.01837,0
0.07179,0
0.05992,0
0.07132,0
0.07553,0
0.07115,0
0.08146,0
0.08697,0
0.07524,0
0.05288,0
0.05772,0
0.06260,0
0.06170,0
0.02540,1
0.04580,1
0.05527,1
0.06142,1
0.07159,1
0.07496,1
0.07952,1
0.08503,0
0.06208,0
0.04771,0
0.04921,0
0.05129,0
0.05450,0
0.08102,0
0.05035,0
0.04619,0
0.04398,0
0.05392,0
0.06079,0
0.07383,0
0.03012,0
0.04842,0
0.07582,0
0.04173,0
0.03589,0
0.03012,0
0.03241,0
0.04186,0
0.05490,0
0.05051,0
0.04542,0
0.04092,0
0.09991,0
0.07370,0
0.06285,0
0.04640,0
0.04596,0
0.06428,0
0.00808,0
0.02950,0
0.04683,0
0.02976,0
0.03247,0
0.03635,0
0.04362,0
0.01006,0
0.02348,0
0.02298,0
0.01193,0
0.02262,0
0.03123,0
0.00808,0
0.02547,0
0.02901,0
0.01506,0
0.01770,0
0.02430,0
0.02816,0
0.00808,0
0.01952,0
0.02129,0
0.02060,0
0.02611,0
0.03816,0
0.01837,0
0.03827,0
0.02482,0
0.01969,0
0.02182,0
0.02833,0
0.00808,0
0.04925,0
0.04582,0
0.05925,0
0.06229,0
0.06877,0
0.06925,0
0.00808,0
0.02341,0
0.02776,0
0.01980,0
0.02772,0
0.03686,0
0.10533,0
0.08436,0
0.07641,0
0.06963,0
0.06013,0
0.05243,0
0.05414,0
0.20212,0
0.14340,0
0.11984,0
0.10748,0
0.08723,0
0.08021,0
0.09315,0
0.07169,0
0.07962,0
0.09685,0
0.09594,0
0.09035,0
0.08352,0
0.08182,0
0.03012,0
0.03661,0
0.01851,0
0.01798,0
0.02046,0
0.01006,0
0.03329,0
0.02538,0
0.02548,0
0.02916,0
0.03505,0
0.03012,0
0.03313,0
0.03581,0
0.04423,0
0.04307,0
0.03858,0
0.03523,0
0.03588,0
0.05481,0
0.05461,0
0.05107,0
0.04767,0
0.08503,0
0.05143,0
0.03619,0
0.03919,0
0.04482,0
0.04974,0
0.01837,0
0.02985,0
0.04592,0
0.05560,0
0.04434,0
0.04317,0
0.04382,0
0.01837,0
0.02700,0
0.02606,0
0.02051,0
0.03231,0
0.04217,0
0.05761,0
0.04625,0
0.05376,0
0.05829,0
0.05818,0
0.04905,0
0.04340,0
0.09622,0
0.07417,0
0.04973,0
0.04212,0
0.04568,0
0.04385,0
0.04541,0
0.25515,0
0.13513,0
0.09175,0
0.07595,0
0.09117,0
0.06775,0
0.06547,0
0.08160,0
0.10674,0
0.10958,0
0.21126,0
0.10897,0
0.07552,0
0.06311,0
0.05237,0
0.05686,0
0.10178,0
0.09222,0
0.06628,0
0.04822,0
0.04542,0
0.06457,0
0.07536,0
0.16316,0
0.12713,0
0.09868,0
0.07686,0
0.06972,0
0.09197,0
0.12425,0
0.00808,0
0.04964,0
0.06926,0
0.07314,0
0.08501,0
0.08462,0
0.02894,0
0.04578,0
0.05107,0
0.06888,0
0.08537,0
0.08741,0
0.10052,0
0.11442,0
0.08316,0
0.06276,0
0.05562,0
0.05141,0
0.04481,0
0.04767,0
0.02894,0
0.03594,0
0.04613,0
0.05838,0
0.05433,0
0.05167,0
0.04696,0
0.03588,0
0.03556,0
0.04845,0
0.05087,0
0.04998,0
0.04379,0
0.04081,0
0.01006,0
0.03072,0
0.02346,0
0.02139,0
0.02109,0
0.02838,0
0.08503,0
0.05143,0
0.03111,0
0.03357,0
0.04782,0
0.05204,0
0.07176,1
0.03445,1
0.04177,1
0.04413,1
0.05767,1
0.01006,0
0.01906,0
0.03684,0
0.04908,0
0.03475,0
0.03460,0
0.03941,0
0.00808,0
0.01952,0
0.02129,0
0.01663,0
0.02557,0
0.03460,0
0.00808,0
0.02341,0
0.02776,0
0.01980,0
0.03174,0
0.04129,0
0.09622,0
0.07417,0
0.04973,0
0.03846,0
0.04186,0
0.04203,0
0.04514,0
0.02894,0
0.03668,0
0.01728,0
0.01733,0
0.01882,0
0.02894,0
0.04578,0
0.03735,0
0.05312,1
0.05883,1
0.01837,0
0.02700,0
0.03584,0
0.03894,0
0.04206,0
0.04248,0
0.09991,1
0.08506,1
0.08952,1
0.09167,1
0.10454,1
0.09900,1
0.01006,0
0.03193,0
0.02090,0
0.01997,0
0.02682,0
0.03320,0
0.03044,0
0.05023,0
0.05514,0
0.04088,0
0.03696,0
0.00808,0
0.06439,0
0.05373,0
0.05929,0
0.05753,0
0.06575,0
0.06643,0
0.00808,0
0.02341,0
0.03102,0
0.02958,0
0.03986,0
0.04759,0
0.08393,0
0.04746,0
0.04234,0
0.04327,0
0.05868,0
0.06824,0
0.07386,0
0.00808,0
0.01735,0
0.03683,0
0.05245,0
0.04797,0
0.04855,0
0.05021,0
0.03044,0
0.03347,0
0.04891,0
0.05098,0
0.04965,0
0.09911,0
0.06183,0
0.05255,0
0.05686,0
0.11048,0
0.12560,1
0.07908,1
0.05237,1
0.09047,1
0.11535,1
0.11404,1
0.16962,0
0.12116,0
0.10493,0
0.08178,0
0.08034,0
0.10745,0
0.03588,0
0.05951,1
0.09161,1
0.09544,1
0.10237,1
0.10304,1
0.09553,1
0.01837,0
0.02995,0
0.03541,0
0.03328,0
0.03946,0
0.04452,0
0.00808,0
0.01735,0
0.03432,0
0.05001,0
0.04658,0
0.04683,0
0.05145,0
0.03012,0
0.03474,0
0.07691,0
0.04842,0
0.04180,0
0.01837,0
0.02700,0
0.02606,0
0.01992,0
0.03086,0
0.03571,0
0.12973,0
0.09188,0
0.06278,0
0.05710,0
0.07631,0
0.10750,0
0.01837,0
0.02442,0
0.02898,0
0.01510,0
0.02210,0
0.03127,0
0.03714,0
0.01837,0
0.02442,0
0.04071,0
0.06164,0
0.08065,0
0.07958,0
0.08843,0
0.08579,0
0.09360,1
0.08381,1
0.06602,1
0.06098,1
0.08232,0
0.06990,0
0.05206,0
0.05380,0
0.05392,0
0.05389,0
0.00808,0
0.01735,0
0.02438,0
0.01136,0
0.01970,0
0.03261,0
0.04469,0
0.03012,0
0.03661,0
0.01851,0
0.01798,0
0.02046,0
0.10721,0
0.08031,0
0.07292,0
0.05431,0
0.05239,0
0.06314,0
0.09541,0
0.09614,0
0.09008,0
0.10415,0
0.08918,0
0.08031,0
0.08187,0
0.08163,0
0.00808,0
0.02341,0
0.02776,0
0.02459,0
0.03538,0
0.04358,0
0.01006,0
0.01906,0
0.03255,0
0.05605,0
0.05045,0
0.05159,0
0.05143,0
0.07169,0
0.10196,0
0.13137,0
0.10942,0
0.10566,0
0.09506,0
0.09231,0
0.17057,0
0.11182,0
0.08520,0
0.06665,0
0.06844,0
0.11245,0
0.08835,0
0.06079,0
0.04351,0
0.04740,0
0.07292,0
0.08564,0
0.03588,0
0.06148,0
0.08500,0
0.04879,0
0.04096,0
0.09743,0
0.14659,0
0.11908,0
0.09159,0
0.08173,0
0.08049,0
0.08955,0
0.09622,0
0.09035,0
0.06133,0
0.05046,0
0.05219,0
0.04766,0
0.04853,0
0.00808,0
0.02547,0
0.03607,0
0.06123,0
0.05515,0
0.05335,0
0.06257,0
0.03012,0
0.03701,0
0.03767,0
0.03177,0
0.03925,0
0.03519,0
0.03244,0
0.05611,1
0.08095,1
0.10542,0
0.09711,0
0.08826,0
0.06733,0
0.06583,0
0.07537,0
0.10714,0
0.10819,0
0.06661,0
0.04710,0
0.04384,0
0.04239,0
0.04620,0
0.07726,0
0.02388,1
0.04250,1
0.05522,1
0.08346,1
0.10580,1
0.10425,1
0.09235,1
0.09659,1
0.09636,1
0.09814,0
0.07462,0
0.05699,0
0.04788,1
0.06638,1
0.07161,1
0.07791,1
0.00808,0
0.01735,0
0.02438,0
0.01136,0
0.01963,0
0.04002,0
0.04199,0
0.12560,0
0.09230,0
0.05974,0
0.06326,0
0.07701,0
0.08954,0
0.09516,0
0.02402,1
0.03244,1
0.04442,1
0.05663,1
0.03962,1
0.03829,1
0.03990,1
0.01006,0
0.02348,0
0.02298,0
0.01587,0
0.02598,0
0.03298,0
0.00808,0
0.03208,0
0.04406,0
0.04460,0
0.04602,0
0.05352,0
0.18845,0
0.10851,0
0.07644,0
0.05493,0
0.05729,0
0.10034,0
0.09622,0
0.08806,0
0.11207,0
0.10896,0
0.09969,0
0.09150,0
0.08870,0
0.00808,0
0.01735,0
0.03606,0
0.04873,0
0.03737,0
0.03948,0
0.03995,0
0.11928,0
0.09997,0
0.06372,0
0.06037,0
0.07126,0
0.08469,0
0.01006,0
0.07702,1
0.05930,1
0.06141,1
0.06638,1
0.00808,0
0.01735,0
0.03606,0
0.04859,0
0.04167,0
0.04474,0
0.04539,0
0.00808,0
0.02950,0
0.04026,0
0.05203,0
0.06808,1
0.00808,0
0.02341,0
0.02776,0
0.01980,0
0.02772,0
0.03686,0
0.09925,0
0.08944,0
0.07284,0
0.05504,0
0.05650,0
0.08192,0
0.11771,0
0.06028,0
0.05033,0
0.05045,0
0.04540,0
0.04106,0
0.04516,0
0.01006,0
0.01980,0
0.04178,0
0.03084,0
0.03127,0
0.03851,0
0.04430,0
0.00808,0
0.02135,0
0.02967,0
0.02671,0
0.03130,0
0.03717,0
0.10542,0
0.09633,0
0.08461,0
0.06227,0
0.05955,0
0.06540,0
0.09824,0
0.19633,0
0.11280,0
0.08165,0
0.07007,0
0.07302,0
0.26804,0
0.18824,0
0.12939,0
0.10110,0
0.08746,0
0.08107,0
0.08610,0
0.10142,0
0.09082,0
0.07258,0
0.06277,0
0.06460,0
0.00808,0
0.02889,0
0.02185,0
0.01901,0
0.02724,0
0.03155,0
0.02894,0
0.03623,0
0.05369,0
0.04039,0
0.04388,0
0.04217,0
0.03934,0
0.02894,0
0.02751,0
0.03537,0
0.03164,0
0.03477,0
0.03429,0
0.03313,0
0.09925,0
0.09101,0
0.08358,0
0.06128,0
0.06326,0
0.08694,0
0.08503,0
0.05143,0
0.03619,0
0.03919,0
0.05112,0
0.05423,0
0.03012,0
0.03313,0
0.03606,0
0.03414,0
0.03774,0
0.03550,0
0.03260,0
0.00808,0
0.01735,0
0.02438,0
0.01136,0
0.01963,0
0.03055,0
0.03414,0
0.10721,0
0.07183,0
0.05145,0
0.03578,0
0.03638,0
0.04696,0
0.06943,0
0.01837,0
0.02442,0
0.03970,0
0.05604,1
0.06768,1
0.08958,1
0.08800,1
0.01006,0
0.02348,0
0.02298,0
0.01587,0
0.02261,0
0.03054,0
0.00808,0
0.01952,0
0.02642,0
0.02514,0
0.03697,0
0.04638,0
0.01006,0
0.02348,0
0.02298,0
0.01587,0
0.02115,0
0.03366,0
0.01837,0
0.02995,0
0.03307,0
0.02841,0
0.03471,0
0.03769,0
0.09991,0
0.09571,0
0.08028,0
0.05876,0
0.05517,0
0.07190,0
0.00808,0
0.02205,0
0.05374,0
0.04686,0
0.04359,0
0.04677,0
0.05239,0
0.07443,0
0.06523,0
0.06768,0
0.04947,0
0.04881,0
0.06645,0
0.00808,0
0.02547,0
0.02901,0
0.01506,0
0.01770,0
0.02430,0
0.02816,0
0.00808,0
0.01735,0
0.03384,0
0.04422,0
0.04090,0
0.04691,0
0.04949,0
0.23970,1
0.15153,1
0.10232,1
0.08146,1
0.06782,1
0.09569,1
0.08432,1
0.10491,0
0.07227,0
0.06550,0
0.07033,0
0.07519,0
0.08275,0
0.14090,0
0.12791,0
0.11274,0
0.08735,0
0.08280,0
0.10334,0
0.11540,0
0.00808,0
0.02994,0
0.02718,0
0.02768,0
0.03232,0
0.03744,0
0.10805,0
0.08541,0
0.06602,0
0.05296,0
0.04779,0
0.05111,0
0.06258,0
0.00808,0
0.01735,0
0.03384,0
0.03794,0
0.03711,0
0.03920,0
0.05122,0
0.01837,0
0.02900,0
0.05131,0
0.07141,1
0.10662,1
0.10070,1
0.09599,1
0.03044,0
0.03263,0
0.03713,0
0.03487,0
0.03979,0
0.03866,0
0.03605,0
0.03044,0
0.03904,0
0.01914,0
0.01819,0
0.02065,0
0.12434,1
0.11814,1
0.09490,1
0.08675,1
0.08387,1
0.08760,1
0.09145,1
0.03012,0
0.02749,0
0.03662,0
0.04996,0
0.05176,0
0.04543,0
0.04195,0
0.01837,0
0.02995,0
0.02755,0
0.01909,0
0.02591,0
0.03277,0
0.09791,0
0.09878,0
0.09156,0
0.06894,0
0.06580,0
0.08251,0
0.17085,0
0.10485,0
0.09073,0
0.08394,0
0.06801,0
0.06929,0
0.07869,0
0.01837,0
0.02562,0
0.04366,0
0.05671,0
0.05192,0
0.05727,0
0.06076,0
0.12215,0
0.08206,0
0.05486,0
0.05613,0
0.08156,0
0.09535,0
0.03012,0
0.03661,0
0.01851,0
0.01789,0
0.01924,0
0.06775,0
0.06262,0
0.10077,0
0.12591,0
0.12567,0
0.01006,0
0.01906,0
0.03684,0
0.04908,0
0.04199,0
0.04497,0
0.04551,0
0.07515,0
0.06030,0
0.05405,0
0.06867,0
0.07792,0
0.07562,0
0.06775,1
0.06262,1
0.08268,1
0.10230,1
0.11116,1
0.01837,0
0.02442,0
0.03969,0
0.04872,0
0.04324,0
0.04416,0
0.04488,0
0.00808,0
0.02994,0
0.02718,0
0.03151,0
0.03300,0
0.03601,0
0.08940,0
0.07599,0
0.09410,0
0.07761,0
0.08235,0
0.07936,0
0.07856,0
0.01837,0
0.02442,0
0.04315,0
0.05678,0
0.04942,0
0.04802,0
0.05220,0
0.09911,0
0.06183,0
0.05499,0
0.06063,0
0.11201,0
0.01837,0
0.02442,0
0.02898,0
0.01510,0
0.02411,0
0.03205,0
0.03429,0
0.03012,0
0.03474,0
0.07691,0
0.04703,0
0.03941,0
0.07644,0
0.05591,0
0.05316,0
0.05326,0
0.04599,0
0.04777,0
0.01837,0
0.02700,0
0.02606,0
0.02454,0
0.03148,0
0.04015,0
0.08928,0
0.07329,0
0.05097,0
0.05925,0
0.05512,0
0.06174,0
0.06920,0
0.14386,0
0.11048,0
0.09823,0
0.08240,0
0.06679,0
0.06847,0
0.26804,0
0.19003,0
0.12976,0
0.10112,0
0.08698,0
0.08092,0
0.08614,0
0.00808,0
0.02341,0
0.02239,0
0.01531,0
0.02120,0
0.02963,0
0.06761,0
0.07052,0
0.04909,0
0.05196,0
0.06850,0
0.07915,0
0.13708,0
0.07591,0
0.05210,0
0.04623,0
0.05045,0
0.05339,0
0.07058,0
0.13034,0
0.09951,0
0.08531,0
0.07155,0
0.05729,0
0.05990,0
0.08343,0
0.09261,0
0.08126,0
0.07753,0
0.08285,0
0.07780,0
0.00808,0
0.02205,0
0.04367,0
0.04228,0
0.03736,0
0.04140,0
0.04380,0
0.01837,0
0.03737,0
0.05328,0
0.03736,0
0.03277,0
0.03740,0
0.04407,0
0.01837,0
0.03986,0
0.02946,0
0.02842,0
0.03279,0
0.03546,0
0.01837,0
0.03827,0
0.02482,0
0.02101,0
0.02544,0
0.03130,0
0.00808,0
0.03468,0
0.05528,0
0.05567,0
0.05261,0
0.05774,0
0.00808,0
0.01797,0
0.03366,0
0.03339,0
0.03658,0
0.04531,0
0.04931,0
0.01006,0
0.01906,0
0.02581,0
0.01204,0
0.01590,0
0.02621,0
0.03600,0
0.00808,0
0.01735,0
0.03432,0
0.03856,0
0.03689,0
0.04711,0
0.05268,0
0.00808,0
0.02341,0
0.02239,0
0.01150,0
0.03067,0
0.03511,0
0.11451,0
0.13126,0
0.10235,0
0.08686,0
0.08619,0
0.01006,0
0.03112,0
0.04188,0
0.04139,0
0.04051,0
0.04565,0
0.05461,0
0.03044,0
0.03263,0
0.05815,0
0.06792,0
0.07380,0
0.06906,0
0.06376,0
0.03012,0
0.02120,0
0.03658,0
0.04507,0
0.04425,0
0.03789,0
0.03431,0
0.00808,0
0.02994,0
0.02081,0
0.01929,0
0.02852,0
0.03545,0
0.10178,0
0.09222,0
0.06543,0
0.04812,0
0.04501,0
0.05294,0
0.08701,0
0.02894,0
0.03668,0
0.01728,0
0.01743,0
0.02011,0
0.17085,0
0.11819,0
0.09615,0
0.08711,0
0.07011,0
0.06663,0
0.07539,0
0.18845,0
0.10037,0
0.07306,0
0.05341,0
0.05590,0
0.09952,0
0.18311,1
0.18253,1
0.11411,1
0.10287,1
0.08692,1
0.07656,1
0.07886,1
0.07176,0
0.05416,0
0.05301,0
0.06184,0
0.05541,0
0.05690,0
0.17239,0
0.10467,0
0.09411,0
0.08804,0
0.07630,0
0.07937,0
0.00808,0
0.02889,0
0.02185,0
0.01716,0
0.02306,0
0.03431,0
0.01006,0
0.02495,0
0.03049,0
0.01583,0
0.01839,0
0.02435,0
0.02701,0
0.03588,0
0.03954,0
0.04541,0
0.03573,0
0.04283,0
0.03807,0
0.03488,0
0.10142,0
0.09082,0
0.07258,0
0.06277,0
0.06447,0
0.09756,0
0.06426,0
0.05865,0
0.05823,0
0.11361,0
0.00808,0
0.01952,0
0.02129,0
0.02060,0
0.02779,0
0.04045,0
0.01006,0
0.02495,0
0.02644,0
0.04499,0
0.04215,0
0.04559,0
0.04440,0
0.03012,0
0.03661,0
0.01851,0
0.01789,0
0.01924,0
0.01837,0
0.02995,0
0.02755,0
0.01511,0
0.03169,0
0.04340,0
0.11833,0
0.18019,0
0.14540,0
0.10739,0
0.08893,0
0.08104,0
0.08580,0
0.12560,0
0.07908,0
0.05475,0
0.05932,0
0.06464,0
0.07389,0
0.08644,0
0.01006,0
0.02131,0
0.03229,0
0.03592,0
0.03978,0
0.04405,0
0.00808,0
0.01952,0
0.02129,0
0.01663,0
0.02383,0
0.03338,0
0.05958,0
0.05763,0
0.04367,0
0.04687,0
0.06086,0
0.07105,0
0.00808,0
0.01735,0
0.03090,0
0.05645,0
0.05423,0
0.06057,0
0.06064,0
0.02894,0
0.02119,0
0.02821,0
0.03232,0
0.04048,0
0.03584,0
0.03232,0
0.17269,0
0.11828,0
0.08620,0
0.06651,0
0.06812,0
0.11106,0
0.09814,0
0.06296,0
0.08922,1
0.08166,1
0.09746,0
0.10138,0
0.07364,0
0.06436,0
0.05826,0
0.05024,0
0.05187,0
0.00808,0
0.02341,0
0.02239,0
0.01531,0
0.02106,0
0.02882,0
0.09991,0
0.08256,0
0.08315,0
0.06313,0
0.06083,0
0.07469,0
0.08343,0
0.07773,0
0.08847,0
0.07789,0
0.07188,0
0.07043,0
0.00808,0
0.01735,0
0.03606,0
0.04859,0
0.03446,0
0.03756,0
0.04415,0
0.08309,0
0.07080,0
0.04660,0
0.04795,0
0.05984,0
0.07298,0
0.01006,0
0.01980,0
0.04798,0
0.09000,0
0.09111,0
0.09900,0
0.10896,0
0.11481,0
0.08066,0
0.05721,0
0.05206,0
0.07900,0
0.09144,0
0.09636,0
0.00808,0
0.01952,0
0.04359,1
0.05291,1
0.08385,1
0.09995,1
0.10891,1
0.10592,1
0.03012,0
0.04842,0
0.05296,0
0.03852,0
0.03506,0
0.08095,0
0.07673,0
0.05128,0
0.05192,0
0.06727,0
0.09702,0
0.23970,0
0.14685,0
0.10063,0
0.08216,0
0.09572,0
0.01006,0
0.02495,0
0.03739,0
0.02259,0
0.02734,0
0.02949,0
0.03192,0
0.00808,0
0.02889,0
0.04428,0
0.03837,0
0.03874,0
0.04196,0
0.19633,0
0.11335,0
0.08072,0
0.06782,0
0.07063,0
0.11324,1
0.08694,1
0.08524,1
0.09563,1
0.10615,1
0.10333,1
0.01006,0
0.03193,0
0.02090,0
0.03055,0
0.02958,0
0.03525,0
0.15318,0
0.11904,0
0.11307,0
0.09318,0
0.07756,0
0.07062,0
0.07994,0
0.09614,0
0.10332,0
0.08937,1
0.09390,1
0.11969,1
0.11450,1
0.11083,1
0.03012,0
0.03415,0
0.05383,0
0.06012,0
0.05646,0
0.01006,0
0.02495,0
0.03777,0
0.06331,0
0.05464,0
0.05149,0
0.05681,0
0.10121,0
0.08200,0
0.05869,0
0.04329,0
0.03598,0
0.04148,0
0.05455,0
0.08503,0
0.05143,0
0.03111,0
0.03446,0
0.04016,0
0.04430,0
0.00808,0
0.02994,0
0.02081,0
0.03179,0
0.03951,0
0.04484,0
0.13244,0
0.08426,0
0.05895,0
0.04182,0
0.04549,0
0.05643,0
0.07853,0
0.11928,0
0.09997,0
0.06700,0
0.06301,0
0.07084,0
0.10087,0
0.01837,0
0.02985,0
0.04888,0
0.05402,0
0.05319,0
0.06068,0
0.06827,0
0.01006,0
0.02348,0
0.02298,0
0.02465,0
0.03924,0
0.04857,0
0.01837,0
0.02985,0
0.04888,0
0.06249,0
0.05507,0
0.05905,0
0.05660,0
0.00808,0
0.04451,0
0.04312,0
0.05637,0
0.05900,0
0.06656,0
0.06768,0
0.11481,1
0.09745,1
0.09420,1
0.10916,1
0.10882,1
0.12848,1
0.03588,0
0.04937,0
0.02330,0
0.02254,0
0.02292,0
0.13360,0
0.07547,0
0.05117,0
0.04376,0
0.04960,0
0.05903,0
0.07783,0
0.01279,1
0.03505,1
0.03700,1
0.03211,1
0.03578,1
0.04029,1
0.08102,0
0.05035,0
0.04285,0
0.04309,0
0.05959,0
0.05686,0
0.07281,0
0.09499,0
0.08287,0
0.07940,0
0.06958,0
0.05958,0
0.05932,0
0.06523,0
0.00808,0
0.01952,0
0.02129,0
0.01610,0
0.02614,0
0.03591,0
0.02894,0
0.03668,0
0.01728,0
0.01733,0
0.01882,0
0.00808,0
0.02994,0
0.02081,0
0.01766,0
0.02074,0
0.02757,0
0.14558,0
0.07281,0
0.05052,0
0.04773,0
0.04276,0
0.04013,0
0.04865,0
0.00808,0
0.02994,0
0.02718,0
0.03123,0
0.03987,0
0.04231,0
0.01837,0
0.02985,0
0.04044,0
0.06520,0
0.05352,0
0.05018,0
0.04969,0
0.00808,0
0.04785,1
0.05256,1
0.03606,1
0.03849,1
0.04779,1
0.05778,1
0.12207,1
0.10009,1
0.09196,1
0.08745,1
0.08711,1
0.09906,1
0.00808,0
0.02341,0
0.02776,0
0.01980,0
0.03174,0
0.03640,0
0.00808,0
0.03208,0
0.04406,0
0.04269,0
0.05116,0
0.05264,0
0.07290,1
0.08400,1
0.08928,0
0.07959,0
0.05859,0
0.05316,0
0.06908,0
0.09475,0
0.10385,0
0.00808,0
0.01797,0
0.04323,0
0.05425,0
0.04952,0
0.05182,0
0.05694,0
0.09814,0
0.06296,0
0.04017,0
0.05067,0
0.05829,0
0.05966,0
0.00808,0
0.04792,0
0.05736,0
0.05373,0
0.04801,0
0.05194,0
0.09911,0
0.06183,0
0.05255,0
0.05686,0
0.11048,0
0.12207,0
0.08467,0
0.05174,0
0.04828,0
0.06667,0
0.09970,0
0.00808,0
0.06439,0
0.05373,0
0.05929,0
0.05753,0
0.06575,0
0.06643,0
0.07305,0
0.04903,0
0.04605,0
0.04597,0
0.04835,0
0.06478,0
0.07823,0
0.00808,0
0.02547,0
0.07083,1
0.09344,1
0.11425,1
0.10862,1
0.10296,1
0.15012,0
0.12580,0
0.09335,0
0.08385,0
0.08303,0
0.07525,0
0.08080,0
0.02894,0
0.03615,0
0.03991,0
0.03015,0
0.03462,0
0.04739,0
0.05109,0
0.03012,0
0.04842,0
0.05296,0
0.03852,0
0.03506,0
0.01837,0
0.02442,0
0.03593,0
0.06723,0
0.05753,0
0.05720,0
0.05599,0
0.00808,0
0.06909,1
0.06566,1
0.06502,1
0.07822,1
0.08012,1
0.00808,0
0.02994,0
0.02081,0
0.01959,0
0.03144,0
0.03763,0
0.11920,0
0.08920,0
0.07375,0
0.07009,0
0.06137,0
0.05305,0
0.05395,0
0.01006,0
0.01906,0
0.03225,0
0.01849,0
0.02431,0
0.02763,0
0.03070,0
0.06775,0
0.06547,0
0.08160,0
0.10674,0
0.10958,0
0.01837,0
0.02442,0
0.03969,0
0.04872,0
0.04576,0
0.04926,0
0.04834,0
0.11928,0
0.07692,0
0.05234,0
0.05160,0
0.06529,0
0.07787,0
0.12393,0
0.09236,0
0.06298,0
0.04637,0
0.04343,0
0.05399,0
0.08826,0
0.00808,0
0.01797,0
0.04267,0
0.07589,0
0.10409,0
0.10395,0
0.10690,0
0.00808,0
0.02950,0
0.04026,0
0.05203,0
0.04360,0
0.04886,0
0.05802,0
0.11067,0
0.08146,0
0.08057,0
0.04980,0
0.04062,0
0.04047,0
0.04964,0
0.03012,0
0.07525,1
0.10439,1
0.12320,1
0.10593,1
0.09241,1
0.08407,1
0.00808,0
0.06439,0
0.05373,0
0.06718,0
0.05687,0
0.05880,0
0.06337,0
0.00808,0
0.02889,0
0.04428,0
0.03998,0
0.05208,0
0.05527,0
0.00808,0
0.02341,0
0.03102,0
0.02958,0
0.03986,0
0.04759,0
0.08503,0
0.06541,0
0.05568,0
0.06604,0
0.06183,0
0.06417,0
0.05761,0
0.07328,0
0.09320,0
0.05424,0
0.04491,0
0.00808,0
0.02135,0
0.03316,0
0.03854,0
0.04635,0
0.05147,0
0.03012,0
0.03313,0
0.03648,0
0.03228,0
0.03499,0
0.03147,0
0.02898,0
0.00808,0
0.02994,0
0.02081,0
0.02057,0
0.02920,0
0.04116,0
0.00808,0
0.02205,0
0.05374,0
0.04932,0
0.04656,0
0.04891,0
0.05232,0
0.01837,0
0.06470,0
0.07499,0
0.08008,0
0.08118,0
0.09402,0
0.09806,0
0.03588,0
0.04655,0
0.04769,0
0.05143,0
0.04688,0
0.04481,0
0.04104,0
0.01006,0
0.02301,0
0.03034,0
0.02967,0
0.03733,0
0.04237,0
0.03012,0
0.03661,0
0.01851,0
0.01789,0
0.01924,0
0.00808,0
0.02341,0
0.02239,0
0.01150,0
0.02418,0
0.03219,0
0.03044,0
0.03904,0
0.01914,0
0.01819,0
0.02065,0
0.00808,0
0.02950,0
0.04517,0
0.06827,0
0.06264,0
0.06407,0
0.06686,0
0.07176,0
0.03588,0
0.04067,0
0.04361,0
0.04015,0
0.04835,0
0.01006,0
0.02495,0
0.03049,0
0.01583,0
0.02296,0
0.03450,0
0.03839,0
0.00808,0
0.02205,0
0.04114,0
0.03191,0
0.02918,0
0.04522,0
0.05424,0
0.01006,0
0.02324,0
0.04638,0
0.04122,0
0.04052,0
0.04668,0
0.05101,0
0.00808,0
0.01735,0
0.02438,0
0.01136,0
0.01970,0
0.03091,0
0.03526,0
0.00808,0
0.02547,0
0.03898,0
0.05299,0
0.04646,0
0.04899,0
0.04934,0
0.08343,0
0.09261,0
0.08558,0
0.07578,0
0.06883,0
0.06409,0
0.00808,0
0.02950,0
0.04406,0
0.07497,0
0.09764,0
0.10472,0
0.10675,0
0.01837,0
0.02442,0
0.03970,0
0.04928,0
0.04449,0
0.04985,0
0.05033,0
0.01837,0
0.02995,0
0.02755,0
0.01511,0
0.02341,0
0.02848,0
0.12669,0
0.09686,0
0.06739,0
0.04866,0
0.04174,0
0.04195,0
0.05247,0
0.10858,1
0.11649,1
0.08356,1
0.07623,1
0.07349,1
0.07198,1
0.07445,1
0.02894,0
0.02448,0
0.03466,0
0.03168,0
0.03407,0
0.03537,0
0.03468,0
0.01837,0
0.02562,0
0.04831,0
0.05891,0
0.05370,1
0.08377,1
0.08913,1
0.09095,1
0.12198,0
0.07797,0
0.06389,0
0.05739,0
0.04896,0
0.04304,0
0.04582,0
0.01006,0
0.01980,0
0.03809,0
0.05962,0
0.05662,0
0.05901,0
0.06098,0
0.01006,0
0.02495,0
0.03777,0
0.06944,0
0.06022,0
0.06320,0
0.06155,0
0.09622,0
0.08828,0
0.08061,0
0.07017,0
0.07381,0
0.06859,0
0.06757,0
0.10178,0
0.09222,0
0.06628,0
0.04899,0
0.04652,0
0.05610,0
0.09063,0
0.08446,0
0.06821,0
0.06515,0
0.05110,0
0.05066,0
0.05542,0
0.02894,0
0.03818,0
0.04372,0
0.03970,0
0.04110,0
0.04186,0
0.04047,0
0.09518,0
0.10371,0
0.08324,0
0.07084,0
0.06401,0
0.05524,0
0.05664,0
0.03044,0
0.03347,0
0.05267,0
0.06004,0
0.05680,0
0.09622,0
0.10763,0
0.12939,0
0.11458,0
0.10596,0
0.09269,0
0.08938,0
0.02894,0
0.03200,0
0.03718,0
0.03397,0
0.03819,0
0.03697,0
0.03420,0
0.00808,0
0.02994,0
0.02081,0
0.01929,0
0.02749,0
0.03673,0
0.03044,0
0.03381,0
0.04428,0
0.06719,0
0.08236,0
0.08639,0
0.09808,0
0.10496,0
0.08924,0
0.08104,0
0.05754,0
0.04691,0
0.04595,0
0.06193,0
0.00808,0
0.02889,0
0.02185,0
0.01716,0
0.02776,0
0.03838,0
0.00808,0
0.01735,0
0.03606,0
0.04873,0
0.04397,0
0.04752,0
0.05360,0
0.01837,0
0.02562,0
0.04748,0
0.03579,0
0.03470,0
0.03806,0
0.04491,0
0.10178,0
0.09222,0
0.06543,0
0.04812,0
0.04501,0
0.06528,0
0.07600,0
0.01006,0
0.03072,0
0.04560,0
0.03909,0
0.04317,0
0.04569,0
0.05761,0
0.04632,0
0.04617,0
0.04025,0
0.04384,0
0.04044,0
0.03722,0
0.02894,0
0.02751,0
0.03537,0
0.03417,0
0.03709,0
0.03447,0
0.03216,0
0.01837,0
0.02562,0
0.03782,0
0.05326,0
0.05353,0
0.05500,0
0.06420,0
0.19633,0
0.11335,0
0.08072,0
0.07514,0
0.08134,0
0.01006,0
0.03112,0
0.04179,0
0.05333,0
0.04841,0
0.05782,0
0.06112,0
0.02550,1
0.04539,1
0.05647,1
0.04694,1
0.06947,1
0.10738,1
0.11052,1
0.10964,1
0.11920,0
0.08920,0
0.06473,0
0.06541,0
0.05513,0
0.04766,0
0.04984,0
0.03044,0
0.06959,1
0.05256,1
0.05337,1
0.05007,1
0.01837,0
0.02900,0
0.05131,0
0.03863,0
0.03216,0
0.03834,0
0.04252,0
0.10754,0
0.09513,0
0.06107,0
0.06305,0
0.09917,0
0.12179,0
0.11833,0
0.18019,0
0.14795,0
0.10825,0
0.08876,0
0.08076,0
0.08520,0
0.03012,0
0.03020,0
0.03115,0
0.02734,0
0.03166,0
0.03135,0
0.03064,0
0.09991,0
0.08323,0
0.06350,0
0.04759,0
0.04626,0
0.06146,0
0.08102,0
0.05035,0
0.04594,0
0.04303,0
0.04827,0
0.05880,0
0.07090,0
0.00808,0
0.02341,0
0.02239,0
0.01531,0
0.02400,0
0.03368,0
0.13969,0
0.10674,0
0.09264,0
0.08283,0
0.08456,0
0.07575,0
0.07913,0
0.01837,0
0.02442,0
0.03594,0
0.02152,0
0.02305,0
0.02666,0
0.02903,0
0.10359,0
0.07785,0
0.08095,0
0.08027,0
0.08524,0
0.08757,0
0.02894,0
0.03282,0
0.03633,0
0.02942,0
0.03416,0
0.03424,0
0.03330,0
0.01006,0
0.01906,0
0.03225,0
0.01849,0
0.04375,1
0.05412,1
0.11285,0
0.09377,0
0.07943,0
0.05406,0
0.04406,0
0.04343,0
0.05620,0
0.01837,0
0.02995,0
0.02755,0
0.01909,0
0.02385,0
0.03110,0
0.01006,0
0.02131,0
0.02250,0
0.02150,0
0.03201,0
0.03866,0
0.11709,1
0.10694,1
0.08793,1
0.14146,1
0.11794,1
0.11335,1
0.11515,1
0.12669,0
0.10714,0
0.07761,0
0.10565,1
0.11002,1
0.09856,1
0.09520,1
0.10713,1
0.11899,1
0.02894,0
0.03668,0
0.01728,0
0.01733,0
0.01882,0
0.01006,0
0.03112,0
0.05372,0
0.04678,0
0.04344,0
0.04469,0
0.05000,0
0.00808,0
0.01735,0
0.02438,0
0.01136,0
0.01529,0
0.02052,0
0.02486,0
0.09759,0
0.08516,0
0.08295,0
0.07312,0
0.06454,0
0.05571,0
0.05697,0
0.01837,0
0.03986,0
0.02946,0
0.02367,0
0.03951,0
0.04546,0
0.10643,0
0.07420,0
0.05385,0
0.04054,0
0.03609,0
0.03991,0
0.05817,0
0.00808,0
0.02547,0
0.03607,0
0.06100,0
0.05483,0
0.05322,0
0.05176,0
0.05761,0
0.04992,0
0.04925,0
0.03936,0
0.04122,0
0.04078,0
0.03762,0
0.03044,0
0.03396,0
0.03646,0
0.03048,0
0.03563,0
0.03506,0
0.03292,0
0.03044,0
0.03904,0
0.01914,0
0.01819,0
0.02065,0
0.11197,0
0.08309,0
0.06898,0
0.06042,0
0.05308,0
0.04680,0
0.04945,0
0.00808,0
0.01797,0
0.03101,0
0.03342,0
0.03849,0
0.04221,0
0.04553,0
0.02894,0
0.03668,0
0.01728,0
0.01743,0
0.02011,0
0.12560,0
0.07908,0
0.05237,0
0.05688,0
0.06199,0
0.07229,0
0.08424,0
0.01006,0
0.05049,0
0.05905,0
0.08216,0
0.08518,0
0.08809,0
0.11041,0
0.08297,0
0.07571,0
0.06471,0
0.06358,0
0.06914,0
0.01006,0
0.01906,0
0.03578,0
0.03967,0
0.03725,0
0.04549,0
0.04709,0
0.00808,0
0.02547,0
0.04075,0
0.04533,0
0.04033,0
0.04473,0
0.04791,0
0.00808,0
0.02341,0
0.03102,0
0.02958,0
0.03667,0
0.04219,0
0.01006,0
0.03329,0
0.02538,0
0.02192,0
0.03563,0
0.04095,0
0.19633,1
0.11280,1
0.08165,1
0.07234,1
0.08022,1
0.03012,0
0.03661,0
0.01851,0
0.01789,0
0.01924,0
0.01837,0
0.02442,0
0.05690,0
0.08064,0
0.09916,0
0.09545,0
0.09746,0
0.01837,0
0.03827,0
0.06309,1
0.08115,1
0.11703,1
0.11373,1
0.00808,0
0.02994,0
0.02081,0
0.01766,0
0.02732,0
0.03356,0
0.02894,0
0.04935,0
0.05326,0
0.04147,0
0.03685,0
0.10754,0
0.09513,0
0.06074,0
0.06251,0
0.08703,0
0.11781,0
0.00808,0
0.05195,0
0.05884,0
0.05556,0
0.04785,0
0.05238,0
0.00808,0
0.02341,0
0.02239,0
0.01531,0
0.02067,0
0.02896,0
0.03588,0
0.04056,0
0.04757,0
0.04914,0
0.04255,0
0.03920,0
0.03749,0
0.08224,0
0.07029,0
0.07383,0
0.05921,0
0.04971,0
0.05187,0
0.06696,0
0.06775,0
0.06262,0
0.07589,0
0.10090,0
0.10352,0
0.11928,1
0.09727,1
0.10351,1
0.08436,1
0.08135,1
0.09895,1
0.09622,0
0.07417,0
0.04973,0
0.03846,0
0.04482,0
0.05079,0
0.05317,0
0.01837,1
0.03827,1
0.06206,1
0.06581,1
0.07758,1
0.10620,1
0.12900,1
0.13154,1
0.08393,0
0.04746,0
0.03988,0
0.04221,0
0.05766,0
0.06065,0
0.07171,0
0.12560,0
0.07908,0
0.05237,0
0.05688,0
0.06002,0
0.06306,0
0.06210,0
0.14386,0
0.10194,0
0.10072,0
0.09113,0
0.07780,0
0.07820,0
0.06775,0
0.06547,0
0.09371,0
0.09976,0
0.10042,0
0.00808,0
0.02889,0
0.02185,0
0.01661,0
0.02532,0
0.02740,0
0.01006,0
0.01906,0
0.03255,0
0.05748,0
0.05678,0
0.05556,0
0.05555,0
0.00808,0
0.02889,0
0.02185,0
0.01661,0
0.02454,0
0.03626,0
0.00808,0
0.02341,0
0.02239,0
0.01150,0
0.02624,0
0.03255,0
0.00808,0
0.01735,0
0.02438,0
0.01136,0
0.01901,0
0.02526,0
0.03621,0
0.01837,0
0.02985,0
0.04826,0
0.06722,0
0.08848,0
0.10235,0
0.10740,0
0.00808,0
0.02547,0
0.03607,0
0.06486,0
0.05696,0
0.06294,0
0.06244,0
0.06775,0
0.06547,0
0.08160,0
0.10674,0
0.10595,0
0.12463,0
0.09957,0
0.06851,0
0.04728,0
0.04297,0
0.05437,0
0.08657,0
0.00808,0
0.01735,0
0.01874,0
0.02874,0
0.03437,0
0.04314,0
0.04451,0
0.12393,0
0.08781,0
0.05947,0
0.04449,0
0.04215,0
0.06011,0
0.08773,0
0.10142,0
0.09082,0
0.07401,0
0.06301,0
0.06563,0
0.00808,0
0.02950,0
0.03823,0
0.02821,0
0.02322,0
0.02890,0
0.03646,0
0.00808,0
0.02547,0
0.02901,0
0.01506,0
0.02229,0
0.02690,0
0.05259,1
0.10148,1
0.11456,1
0.11411,1
0.01837,0
0.02562,0
0.04831,0
0.05891,0
0.05481,0
0.05556,0
0.06418,0
0.00808,0
0.02341,0
0.02239,0
0.01531,0
0.02319,0
0.03052,0
0.00808,0
0.01797,0
0.04323,0
0.06227,0
0.06073,0
0.07181,0
0.07710,0
0.11928,0
0.09997,0
0.06700,0
0.06408,0
0.07786,0
0.09705,0
0.10055,0
0.00808,0
0.04758,0
0.05855,0
0.07455,0
0.08404,0
0.11344,0
0.11294,0
0.13034,0
0.09229,0
0.09125,1
0.09400,1
0.09682,1
0.02894,0
0.04935,0
0.07357,0
0.05422,0
0.04672,0
0.03012,0
0.03828,0
0.04196,0
0.04752,0
0.04146,0
0.03883,0
0.03541,0
0.00808,0
0.02950,0
0.03978,0
0.03415,0
0.03509,0
0.03816,0
0.04886,0
0.11442,1
0.09652,1
0.08228,1
0.07703,1
0.09172,1
0.10195,1
0.10536,1
0.08343,0
0.07773,0
0.07799,0
0.07233,0
0.06951,0
0.06686,0
0.19633,0
0.11335,0
0.08072,0
0.07090,0
0.07277,0
0.01837,0
0.03737,0
0.04588,0
0.05617,0
0.05099,0
0.06174,0
0.05984,0
0.01837,0
0.03986,0
0.02946,0
0.02474,0
0.03184,0
0.03299,0
0.00808,0
0.03208,0
0.02355,0
0.02326,0
0.02878,0
0.07152,1
0.08768,1
0.08781,1
0.01837,0
0.02442,0
0.04071,0
0.06071,0
0.06340,0
0.06811,0
0.07719,0
0.00808,0
0.01735,0
0.03606,0
0.04859,0
0.03992,0
0.04560,0
0.04684,0
0.10643,0
0.08405,0
0.06250,0
0.04634,0
0.04065,0
0.04458,0
0.05321,0
0.00808,0
0.02547,0
0.04186,0
0.07247,0
0.09323,0
0.09025,0
0.09297,0
0.02894,0
0.03668,0
0.01728,0
0.01733,0
0.01882,0
0.03012,0
0.02012,0
0.03489,0
0.04818,0
0.05319,0
0.04993,0
0.04659,0
0.10362,0
0.09179,0
0.08740,0
0.08747,0
0.08498,0
0.07602,0
0.07621,0
0.00808,0
0.01952,0
0.02129,0
0.02060,0
0.03121,0
0.04029,0
0.21126,0
0.10744,0
0.07987,0
0.06680,0
0.05512,0
0.05431,0
0.03012,0
0.03128,0
0.03676,0
0.04464,0
0.05304,0
0.04777,0
0.04428,0
0.08393,0
0.04746,0
0.04234,0
0.04577,0
0.04992,0
0.08058,0
0.08631,0
0.02894,0
0.03085,0
0.03620,0
0.03829,0
0.04600,0
0.04080,0
0.03704,0
0.03588,0
0.04056,0
0.04127,0
0.04415,0
0.03890,0
0.03827,0
0.03738,0
0.13034,0
0.09791,0
0.08128,0
0.07910,1
0.06372,1
0.06494,1
0.10142,0
0.09082,0
0.07258,0
0.06277,0
0.06447,0
0.00808,0
0.01735,0
0.03432,0
0.03856,0
0.03689,0
0.03978,0
0.04318,0
0.01006,0
0.01906,0
0.02581,0
0.01204,0
0.01961,0
0.02398,0
0.02656,0
0.01006,0
0.01906,0
0.03225,0
0.01849,0
0.02064,0
0.02706,0
0.03042,0
0.00808,0
0.02994,0
0.02081,0
0.02531,0
0.03027,0
0.03569,0
0.14558,0
0.07281,0
0.05802,0
0.05894,0
0.05468,0
0.05161,0
0.05991,0
0.00808,0
0.01735,0
0.03606,0
0.04859,0
0.04167,0
0.04474,0
0.04539,0
0.08503,0
0.06208,0
0.04054,0
0.04405,0
0.04863,0
0.05331,0
0.00808,0
0.04365,0
0.06387,0
0.05966,0
0.06177,0
0.06235,0
0.02894,0
0.05050,0
0.04363,0
0.05577,0
0.05957,0
0.09387,0
0.09855,0
0.04806,0
0.14156,1
0.13601,1
0.11125,1
0.09682,1
0.01837,0
0.02995,0
0.02755,0
0.01511,0
0.02140,0
0.03085,0
0.00808,0
0.01797,0
0.03807,0
0.05238,0
0.04851,0
0.05437,0
0.05828,0
0.01006,0
0.03072,0
0.02346,0
0.01750,0
0.02598,0
0.02794,0
0.13034,0
0.08057,0
0.08215,0
0.07043,0
0.05975,0
0.06253,0
0.02894,0
0.03668,0
0.01728,0
0.01743,0
0.02011,0
0.09622,0
0.08828,0
0.07372,0
0.06317,0
0.06153,0
0.05865,0
0.05938,0
0.03012,0
0.03307,0
0.04021,0
0.03497,0
0.04528,0
0.03878,0
0.03498,0
0.00808,0
0.01952,0
0.02642,0
0.02480,0
0.03785,0
0.04599,0
0.06775,0
0.06547,0
0.08160,0
0.10674,0
0.10958,0
0.01837,0
0.02995,0
0.02755,0
0.02791,0
0.04271,0
0.05359,0
0.09814,1
0.06296,1
0.07618,1
0.11843,1
0.11317,1
0.11381,1
0.29620,0
0.18642,0
0.12597,0
0.09711,0
0.08204,0
0.08026,0
0.08136,0
0.00808,0
0.02950,0
0.05028,0
0.06714,0
0.07105,1
0.02894,0
0.02751,0
0.03628,0
0.04797,0
0.04460,0
0.04110,0
0.03742,0
0.01006,0
0.01906,0
0.03361,0
0.07352,0
0.11180,0
0.11653,0
0.11440,0
0.06673,0
0.06185,0
0.04440,0
0.04749,0
0.07390,0
0.10181,0
0.02894,0
0.02910,0
0.02215,0
0.02253,0
0.02366,0
0.03012,0
0.03661,0
0.01851,0
0.01798,0
0.02046,0
0.06775,0
0.06694,0
0.09029,0
0.11914,0
0.11349,0
0.00808,0
0.01797,0
0.04177,0
0.03083,0
0.03083,0
0.03618,0
0.04090,0
0.03588,0
0.06148,0
0.08500,0
0.05048,0
0.04321,0
0.13034,0
0.08057,0
0.07744,0
0.06714,0
0.05674,0
0.06007,0
0.08697,0
0.07524,0
0.06891,0
0.06842,0
0.06544,0
0.06484,0
0.07443,0
0.08394,0
0.07654,0
0.05267,0
0.05081,0
0.06807,0
0.00808,0
0.02994,0
0.02081,0
0.01959,0
0.02773,0
0.03992,0
0.06472,1
0.04075,1
0.07777,1
0.07682,1
0.06286,1
0.07184,1
0.07966,1
0.10130,1
0.19633,0
0.11335,0
0.08072,0
0.07090,0
0.07277,0
0.13191,0
0.10109,0
0.07373,0
0.05843,0
0.04947,0
0.05284,0
0.06023,0
0.06775,1
0.16648,1
0.12764,1
0.13332,1
0.13250,1
0.00808,0
0.02994,0
0.02718,0
0.02768,0
0.03588,0
0.04725,0
0.00808,0
0.02889,0
0.04428,0
0.03837,0
0.04334,0
0.05214,0
0.00808,0
0.02450,1
0.03806,1
0.05386,1
0.04393,1
0.04839,1
0.04912,1
0.12726,0
0.09687,0
0.08635,0
0.06150,0
0.04966,0
0.04713,0
0.05469,0
0.12669,0
0.09686,0
0.06751,0
0.04953,0
0.04294,0
0.04196,0
0.05306,0
0.07443,0
0.07136,0
0.06507,0
0.05280,0
0.05252,0
0.07145,0
0.03044,0
0.03397,0
0.04612,0
0.03713,0
0.04055,0
0.03826,0
0.03570,0
0.11041,0
0.08297,0
0.07849,0
0.06128,0
0.05950,0
0.06497,0
0.02894,0
0.03668,0
0.01728,0
0.01743,0
0.02011,0
0.08224,0
0.06660,0
0.07550,0
0.06547,0
0.05618,0
0.05802,0
0.07307,0
0.01837,0
0.02442,0
0.04315,0
0.05678,0
0.04630,0
0.04660,0
0.05100,0
0.13532,0
0.07672,0
0.05354,0
0.04648,0
0.04731,0
0.05258,0
0.06683,0
0.11833,1
0.18019,1
0.14501,1
0.12185,1
0.12997,1
0.12012,1
0.10774,1
0.00808,0
0.02547,0
0.02901,0
0.01506,0
0.02152,0
0.02501,0
0.02753,0
0.00808,0
0.01797,0
0.04323,0
0.05145,0
0.05451,0
0.06289,0
0.06496,0
0.00808,0
0.01735,0
0.02438,0
0.01136,0
0.02111,0
0.02945,0
0.03116,0
0.08503,0
0.05143,0
0.03619,0
0.03949,0
0.04311,0
0.04804,0
0.00808,0
0.02889,0
0.02185,0
0.01921,0
0.02370,0
0.02762,0
0.00808,0
0.01735,0
0.03090,0
0.05645,0
0.05657,0
0.05977,0
0.05884,0
0.11962,0
0.09560,0
0.07545,0
0.05788,0
0.05384,0
0.07486,0
0.11229,0
0.00808,0
0.02341,0
0.02776,0
0.02075,0
0.03586,0
0.04548,0
0.03588,0
0.04040,0
0.04136,0
0.03593,0
0.03985,0
0.03690,0
0.03392,0
0.00808,0
0.02950,0
0.04478,0
0.03001,0
0.02820,0
0.04140,0
0.04653,0
0.01006,0
0.02348,0
0.02854,0
0.02017,0
0.02602,0
0.03499,0
0.03012,0
0.03661,0
0.01851,0
0.01798,0
0.02046,0
0.00808,0
0.02547,0
0.03898,0
0.05210,0
0.03952,0
0.03878,0
0.04019,0
0.03588,0
0.04040,0
0.04327,0
0.03517,0
0.03769,0
0.03474,0
0.03252,0
0.03588,0
0.04937,0
0.02330,0
0.02254,0
0.02292,0
0.00808,0
0.02950,0
0.04468,0
0.05571,0
0.04727,0
0.04820,0
0.05243,0
0.11285,0
0.08812,0
0.07759,0
0.05402,0
0.04405,0
0.04272,0
0.05149,0
0.08669,0
0.07816,0
0.05468,0
0.05516,0
0.06731,0
0.08044,0
0.13532,1
0.07019,1
0.04617,1
0.03877,1
0.03707,1
0.04264,1
0.06395,1
0.11771,0
0.06028,0
0.05116,0
0.04985,0
0.04325,0
0.03962,0
0.04842,0
0.01837,0
0.05627,0
0.05113,0
0.06768,0
0.06016,0
0.06453,0
0.06908,0
0.08901,0
0.05569,0
0.07171,0
0.06603,0
0.05872,0
0.05962,0
0.01837,0
0.01488,1
0.04534,1
0.05504,1
0.06593,1
0.07120,1
0.08142,1
0.00808,0
0.01797,0
0.03991,0
0.04422,0
0.04487,0
0.05060,0
0.05228,0
0.01006,0
0.02348,0
0.02298,0
0.01193,0
0.02108,0
0.02904,0
0.17269,0
0.12957,0
0.11459,0
0.08566,0
0.08277,0
0.10947,0
0.15004,0
0.08453,0
0.06005,0
0.05109,0
0.05314,0
0.05394,0
0.08974,0
0.07305,0
0.04903,0
0.04290,0
0.05811,0
0.09564,0
0.12207,0
0.08920,0
0.05459,0
0.04978,0
0.06926,0
0.08138,0
0.00808,0
0.02547,0
0.02901,0
0.01506,0
0.01683,1
0.05987,1
0.07148,1
0.07632,1
0.00808,0
0.02547,0
0.02901,0
0.01506,0
0.02414,0
0.03122,0
0.03363,0
0.00808,0
0.02341,0
0.02239,0
0.01150,0
0.02029,0
0.03469,0
0.01837,0
0.03827,0
0.02482,0
0.01969,0
0.02870,0
0.03463,0
0.00808,0
0.02547,0
0.02901,0
0.01506,0
0.01770,0
0.02366,0
0.03077,0
0.00808,0
0.02547,0
0.04075,0
0.05157,0
0.04560,0
0.05153,0
0.05193,0
0.09366,0
0.09642,0
0.07879,0
0.06695,0
0.05987,0
0.05279,0
0.05487,0
0.03012,0
0.02722,0
0.04092,0
0.05385,0
0.04935,0
0.04465,0
0.04179,0
0.13532,0
0.07019,0
0.04617,0
0.04130,0
0.04754,0
0.04988,0
0.08067,0
0.09614,0
0.19122,1
0.15980,1
0.15313,1
0.14186,1
0.13336,1
0.08503,1
0.07274,1
0.08572,1
0.11255,1
0.10841,1
0.12078,1
0.03012,0
0.02012,0
0.03529,0
0.02920,0
0.04288,0
0.04011,0
0.03692,0
0.02894,0
0.04295,0
0.06438,0
0.05053,0
0.04572,0
0.08095,1
0.08568,1
0.08604,1
0.08257,1
0.07082,1
0.10721,0
0.08015,0
0.05458,0
0.03870,0
0.03813,0
0.05557,0
0.09154,0
0.02830,1
0.04690,1
0.05394,1
0.04465,1
0.07660,1
0.09273,1
0.10186,1
0.10107,1
0.02894,0
0.03668,0
0.01728,0
0.01733,0
0.01882,0
0.01006,0
0.01906,0
0.02064,0
0.04666,1
0.05601,1
0.08232,0
0.06990,0
0.05206,0
0.05344,0
0.05447,0
0.05540,0
0.01837,0
0.02442,0
0.03979,0
0.05236,0
0.03734,0
0.04011,0
0.04395,0
0.03012,0
0.03020,0
0.03624,0
0.03056,0
0.03806,0
0.03354,0
0.03033,0
0.02894,0
0.03282,0
0.04525,0
0.03847,0
0.04059,0
0.03814,0
0.03513,0
0.01837,0
0.02442,0
0.04315,0
0.04880,0
0.04942,0
0.05379,0
0.05520,0
0.00808,0
0.01952,0
0.03119,0
0.02897,0
0.03499,0
0.04355,0
0.02894,0
0.03668,0
0.01728,0
0.01743,0
0.02011,0
0.09746,0
0.08028,0
0.07118,0
0.06156,0
0.05472,0
0.04793,0
0.05084,0
0.00808,0
0.01735,0
0.02438,0
0.01136,0
0.01963,0
0.03055,0
0.03414,0
0.00808,0
0.02341,0
0.02776,0
0.01980,0
0.03174,0
0.03640,0
0.09814,0
0.07818,0
0.05714,0
0.05460,0
0.06577,0
0.06755,0
0.06775,0
0.06616,0
0.06189,0
0.07952,0
0.08781,0
0.08880,0
0.02894,0
0.03085,0
0.04338,0
0.03451,0
0.05904,1
0.06196,1
0.00808,0
0.01952,0
0.02642,0
0.02480,0
0.02924,0
0.03229,0
0.14202,0
0.18464,0
0.14389,0
0.11202,0
0.10157,0
0.08503,0
0.06208,0
0.04771,0
0.05474,0
0.05694,0
0.05993,0
0.01006,0
0.01906,0
0.03866,0
0.04563,0
0.04890,0
0.05255,0
0.05158,0
0.03044,0
0.04744,0
0.04875,0
0.05370,0
0.04609,0
0.04401,0
0.04224,0
0.01837,0
0.02442,0
0.02898,0
0.01510,0
0.01835,0
0.02481,0
0.03182,0
0.06472,0
0.05984,0
0.04940,0
0.03532,0
0.03758,0
0.05537,0
0.00808,0
0.02994,0
0.02718,0
0.02987,0
0.03630,0
0.03888,0
0.00808,0
0.01735,0
0.02438,0
0.01136,0
0.01529,0
0.02052,0
0.02486,0
0.01006,0
0.01087,1
0.05739,1
0.06814,1
0.08402,1
0.07220,1
0.09457,1
0.13086,1
0.13723,1
0.00808,0
0.04527,0
0.05942,0
0.06199,0
0.07364,0
0.08218,0
0.00808,0
0.02994,0
0.02081,0
0.01766,0
0.02074,0
0.02504,0
0.11928,0
0.09997,0
0.06372,0
0.06037,0
0.07267,0
0.08470,0
0.03012,0
0.03828,0
0.04283,0
0.04133,0
0.05029,0
0.04426,0
0.03997,0
0.01006,0
0.02131,0
0.02250,0
0.02150,0
0.02910,0
0.04132,1
0.03588,0
0.05308,0
0.09037,0
0.05754,0
0.04775,0
0.00808,0
0.02341,0
0.06717,1
0.09114,1
0.10043,1
0.01837,0
0.02995,0
0.02755,0
0.01909,0
0.02330,0
0.03454,0
0.00808,0
0.02994,0
0.02718,0
0.02968,0
0.03449,0
0.03935,0
0.08697,0
0.07524,0
0.05288,0
0.04965,0
0.04771,0
0.04970,0
0.01837,0
0.02442,0
0.03593,0
0.06068,0
0.05894,0
0.06460,0
0.06409,0
0.03588,0
0.05825,0
0.04876,0
0.05811,0
0.06956,0
0.07459,0
0.08040,0
0.01006,0
0.03112,0
0.04610,0
0.07178,0
0.09194,0
0.10228,0
0.11177,0
0.07169,0
0.08426,0
0.06420,0
0.05143,0
0.05567,0
0.05287,0
0.05425,0
0.02894,0
0.03668,0
0.01728,0
0.01743,0
0.02011,0
0.00808,0
0.02341,0
0.02776,0
0.01980,0
0.02734,0
0.03709,0
0.03012,0
0.03128,0
0.03551,0
0.02950,0
0.03841,0
0.03389,0
0.03103,0
0.03012,0
0.04842,0
0.07582,0
0.04000,0
0.03350,0
0.10214,0
0.08700,0
0.05694,0
0.05634,0
0.06733,0
0.09498,0
0.06775,0
0.06694,0
0.10679,0
0.13078,0
0.12371,0
0.01837,0
0.02442,0
0.03593,0
0.05948,0
0.05304,0
0.05136,0
0.05110,0
0.00808,0
0.02547,0
0.04075,0
0.05010,0
0.04180,0
0.04320,0
0.04373,0
0.11067,0
0.08857,0
0.08225,0
0.06298,0
0.05243,0
0.05125,0
0.05661,0
0.12095,0
0.14259,0
0.11940,0
0.11016,0
0.10685,0
0.09727,0
0.09298,0
0.12393,0
0.09064,0
0.08091,0
0.06158,0
0.06028,0
0.06667,0
0.09953,0
0.08503,0
0.05143,0
0.03619,0
0.03871,0
0.04244,0
0.04737,0
0.00808,0
0.01735,0
0.02438,0
0.01136,0
0.02111,0
0.02945,0
0.03116,0
0.01006,0
0.03072,0
0.02346,0
0.02016,0
0.02420,0
0.03486,0
0.00808,0
0.01797,0
0.03366,0
0.02626,0
0.02603,0
0.03592,0
0.04298,0
0.19633,0
0.11335,0
0.08072,0
0.07090,0
0.07277,0
0.01837,0
0.02442,0
0.03594,0
0.02152,0
0.02742,0
0.03699,0
0.03957,0
0.09924,1
0.09872,1
0.07233,1
0.07288,1
0.07549,1
0.08123,1
0.08743,1
0.03012,0
0.03621,0
0.04561,0
0.03989,0
0.04271,0
0.04111,0
0.03926,0
0.09991,0
0.08506,0
0.07744,0
0.05698,0
0.05390,0
0.07048,0
0.11996,0
0.10845,0
0.09177,0
0.06740,0
0.06573,0
0.07263,0
0.10870,0
0.03012,0
0.02832,0
0.04283,0
0.05061,0
0.04431,0
0.04032,0
0.03700,0
0.02894,0
0.04295,0
0.06438,0
0.05053,0
0.04572,0
0.01837,0
0.03827,0
0.02482,0
0.02101,0
0.03391,0
0.03972,0
0.00808,0
0.06597,0
0.08063,0
0.08088,0
0.09953,0
0.10040,0
0.11771,0
0.06028,0
0.05033,0
0.04713,0
0.04245,0
0.03886,0
0.04781,0
0.00808,0
0.04964,0
0.06926,0
0.07487,0
0.08161,0
0.08416,0
0.09725,1
0.07002,1
0.04793,1
0.08750,1
0.10722,1
0.11076,1
0.03044,0
0.03867,0
0.04007,0
0.04242,0
0.04364,0
0.04444,0
0.04265,0
0.02894,0
0.03282,0
0.04005,0
0.03125,0
0.03514,0
0.03517,0
0.03421,0
0.01006,0
0.02348,0
0.02298,0
0.01193,0
0.02467,0
0.03030,0
0.00808,0
0.02950,0
0.04468,0
0.05571,0
0.04975,0
0.05078,0
0.05353,0
0.10613,1
0.08712,1
0.09745,1
0.08411,1
0.11128,1
0.09996,1
0.10365,1
0.08697,0
0.07524,0
0.06200,0
0.05596,0
0.04969,0
0.05131,0
0.00808,0
0.02889,0
0.02185,0
0.04862,1
0.27652,0
0.14273,0
0.11425,0
0.08828,0
0.07434,0
0.07306,0
0.09036,0
0.00808,0
0.02889,0
0.02185,0
0.02291,0
0.02979,0
0.03656,0
0.20341,0
0.11907,0
0.08448,0
0.06374,0
0.06447,0
0.10608,0
0.08224,0
0.05495,0
0.05363,0
0.04329,0
0.03719,0
0.03724,0
0.05059,0
0.00808,0
0.02994,0
0.02081,0
0.03179,0
0.03677,0
0.04187,0
0.03012,0
0.05866,0
0.07664,0
0.07902,0
0.07241,0
0.01837,0
0.02995,0
0.03307,0
0.02344,0
0.03442,0
0.04325,0
0.03044,0
0.03184,0
0.03979,0
0.03584,0
0.04039,0
0.03961,0
0.03800,0
0.03044,0
0.03167,0
0.03938,0
0.05838,0
0.07207,0
0.07644,0
0.08875,0
0.08503,0
0.07283,0
0.07408,0
0.10875,0
0.10372,0
0.11829,0
0.12135,0
0.09575,0
0.07342,0
0.04752,0
0.04453,0
0.09118,0
0.11360,0
0.00808,0
0.01735,0
0.03606,0
0.04859,0
0.03446,0
0.03426,0
0.03643,0
0.22186,0
0.17191,0
0.13643,0
0.10395,0
0.09719,0
0.13421,0
0.03012,0
0.02968,0
0.02341,0
0.02263,0
0.02495,0
0.01837,0
0.02700,0
0.02606,0
0.02051,0
0.03231,0
0.04217,0
0.02894,0
0.03668,0
0.01728,0
0.01733,0
0.01882,0
0.00808,0
0.01797,0
0.03691,0
0.06161,0
0.05860,0
0.06711,0
0.06950,0
0.02894,0
0.04935,0
0.05326,0
0.03934,0
0.03614,0
0.03044,0
0.03904,0
0.01914,0
0.01799,0
0.01939,0
0.06775,0
0.06262,0
0.07868,0
0.10416,0
0.10363,0
0.12726,0
0.09687,0
0.08602,0
0.06139,0
0.04981,0
0.04852,0
0.05424,0
0.14576,0
0.10186,0
0.09150,0
0.06088,0
0.04880,0
0.04766,0
0.05987,0
0.18297,0
0.12730,0
0.11772,0
0.09793,0
0.08148,0
0.07679,0
0.08855,0
0.09622,0
0.10763,0
0.12939,0
0.10727,0
0.10026,0
0.10132,0
0.09800,0
0.03012,0
0.04261,0
0.07927,0
0.05005,0
0.04304,0
0.00808,0
0.02341,0
0.02239,0
0.01531,0
0.02211,0
0.02661,0
0.11197,0
0.08287,0
0.13789,0
0.11555,0
0.09907,0
0.08619,0
0.08410,0
0.14558,0
0.07281,0
0.05052,0
0.04773,0
0.04276,0
0.03910,0
0.04316,0
0.00808,0
0.03208,0
0.02355,0
0.02243,0
0.03247,0
0.03611,0
0.03044,0
0.03904,0
0.01914,0
0.01799,0
0.01939,0
0.08697,0
0.07524,0
0.06891,0
0.06116,0
0.05676,0
0.05729,0
0.00808,0
0.01735,0
0.03432,0
0.04477,0
0.04029,0
0.04166,0
0.04176,0
0.00808,0
0.02341,0
0.02239,0
0.01531,0
0.02400,0
0.03368,0
0.09622,0
0.10763,0
0.12939,0
0.11436,0
0.10188,0
0.10027,0
0.09694,0
0.01006,0
0.01906,0
0.03225,0
0.01849,0
0.02431,0
0.02493,0
0.02842,0
0.12393,0
0.08781,0
0.05947,0
0.04449,0
0.04191,0
0.05426,0
0.06820,0
0.01006,0
0.01906,0
0.03684,0
0.04941,0
0.04417,0
0.04933,0
0.05918,0
0.00808,0
0.03208,0
0.02355,0
0.01990,0
0.02888,0
0.03329,0
0.10121,0
0.09899,0
0.06972,0
0.05391,0
0.04747,0
0.04925,0
0.05508,0
0.03044,0
0.03347,0
0.05336,0
0.06002,0
0.05664,0
0.03012,0
0.03661,0
0.01851,0
0.01789,0
0.01924,0
0.01837,0
0.03986,0
0.02946,0
0.02525,0
0.02535,0
0.03010,0
0.01006,0
0.04747,0
0.04509,0
0.06301,0
0.05798,0
0.06177,0
0.07266,0
0.12441,0
0.08949,0
0.06071,0
0.05903,0
0.07009,0
0.09991,0
0.02894,0
0.03265,0
0.03817,0
0.04022,0
0.04885,0
0.04475,0
0.04169,0
0.09622,0
0.09035,0
0.06133,0
0.04778,0
0.04982,0
0.05642,0
0.05658,0
0.03044,0
0.09379,1
0.10784,1
0.11084,1
0.12235,1
0.11109,1
0.09981,1
0.10362,0
0.08421,0
0.06926,0
0.06676,0
0.05744,0
0.05048,0
0.05289,0
0.03044,0
0.03184,0
0.06133,0
0.06778,0
0.07763,0
0.07359,0
0.06652,0
0.09622,0
0.08828,0
0.08061,0
0.07229,0
0.07439,0
0.07044,0
0.07042,0
0.03012,0
0.02120,0
0.02995,0
0.03430,0
0.03864,0
0.03551,0
0.03292,0
0.00808,0
0.02341,0
0.03102,0
0.02958,0
0.03667,0
0.04467,0
0.11771,0
0.06028,0
0.04822,0
0.05195,0
0.04877,0
0.04553,0
0.05478,0
0.00808,0
0.03208,0
0.02355,0
0.02102,0
0.02299,0
0.03033,0
0.00808,0
0.02341,0
0.02239,0
0.01531,0
0.02305,0
0.02635,0
0.01837,0
0.03676,0
0.02716,0
0.02315,0
0.03191,0
0.03714,0
0.00808,0
0.01735,0
0.03096,0
0.01787,0
0.02376,0
0.02660,0
0.02857,0
0.03012,0
0.04636,0
0.04244,0
0.04747,0
0.04142,0
0.03855,0
0.03688,0
0.03012,0
0.03313,0
0.04241,0
0.06123,0
0.10877,0
0.11109,0
0.11705,0
0.08980,0
0.10562,0
0.07590,0
0.08254,0
0.08320,0
0.07558,0
0.07515,0
0.03044,0
0.03007,0
0.04686,0
0.05502,0
0.06414,0
0.05714,0
0.05155,0
0.01006,0
0.02495,0
0.04230,0
0.05425,0
0.04818,0
0.04853,0
0.04826,0
0.10215,0
0.07225,0
0.06503,0
0.05388,0
0.04602,0
0.04512,0
0.06254,0
0.03012,0
0.03661,0
0.01851,0
0.01798,0
0.02046,0
0.09759,0
0.08536,0
0.07511,0
0.06503,0
0.05658,0
0.04973,0
0.05206,0
0.03012,0
0.03661,0
0.01851,0
0.01789,0
0.01924,0
0.09614,0
0.08118,0
0.10152,0
0.08911,0
0.08564,0
0.08598,0
0.08511,0
0.00808,0
0.01952,0
0.02129,0
0.02060,0
0.02832,0
0.03752,0
0.03012,0
0.04963,0
0.05044,0
0.04676,0
0.04425,0
0.18576,0
0.12313,0
0.08634,0
0.07369,0
0.08795,0
0.12215,0
0.09586,0
0.06138,0
0.05876,0
0.08090,0
0.09450,0
0.06673,0
0.06185,0
0.04479,0
0.04827,0
0.07497,0
0.09593,0
0.00808,0
0.03208,0
0.02355,0
0.01990,0
0.02825,0
0.03938,0
0.03012,0
0.02832,0
0.03728,0
0.04591,0
0.04082,0
0.03787,0
0.03622,0
0.01006,0
0.03329,0
0.02538,0
0.02786,0
0.02867,0
0.03990,0
0.01006,0
0.03072,0
0.02346,0
0.01750,0
0.02598,0
0.02847,0
0.01006,0
0.03072,0
0.02346,0
0.02139,0
0.02536,0
0.03176,0
0.00808,0
0.01735,0
0.03432,0
0.04378,0
0.03445,0
0.03757,0
0.04942,0
0.00808,0
0.02889,0
0.02690,1
0.06641,1
0.07352,1
0.06314,1
0.08000,1
0.08171,1
0.00808,0
0.04795,0
0.04497,0
0.05735,0
0.06505,0
0.06818,0
0.06803,0
0.01837,0
0.02700,0
0.03202,0
0.03442,0
0.03982,0
0.04497,0
0.13276,0
0.10476,0
0.08905,0
0.06652,0
0.06454,0
0.08693,0
0.03012,0
0.04842,0
0.05296,0
0.03852,0
0.03506,0
0.00808,0
0.02547,0
0.03607,0
0.06023,0
0.04992,0
0.04995,0
0.05001,0
0.00808,0
0.02205,0
0.04490,0
0.03352,0
0.03050,0
0.03839,0
0.04528,0
0.11041,0
0.08314,0
0.07660,0
0.06269,0
0.05836,0
0.06656,0
0.07644,0
0.04434,0
0.04928,0
0.05070,0
0.04538,0
0.04784,0
0.00808,0
0.01735,0
0.03090,0
0.06302,0
0.05689,0
0.05808,0
0.05656,0
0.03044,0
0.03263,0
0.04099,0
0.05504,0
0.05740,0
0.05037,0
0.04631,0
0.00808,0
0.01797,0
0.03366,0
0.03096,0
0.04377,1
0.05943,1
0.06542,1
0.09614,0
0.09484,0
0.09485,0
0.07488,0
0.07378,0
0.07754,0
0.07677,0
0.02894,0
0.04295,0
0.07864,0
0.05102,0
0.04409,0
0.03012,0
0.03661,0
0.01851,0
0.01789,0
0.01924,0
0.03012,0
0.03661,0
0.01851,0
0.01789,0
0.01924,0
0.00808,0
0.02889,0
0.02185,0
0.01661,0
0.01987,0
0.02864,0
0.07443,0
0.06296,0
0.05739,0
0.04178,0
0.04277,0
0.06173,0
0.03588,0
0.04937,0
0.02330,0
0.02254,0
0.02292,0
0.00808,0
0.02135,0
0.03316,0
0.03586,0
0.04371,0
0.05440,0
0.00808,0
0.02341,0
0.02776,0
0.01980,0
0.02565,0
0.03127,0
0.01837,0
0.03986,0
0.04919,0
0.04309,0
0.05705,0
0.06060,0
0.00808,0
0.01735,0
0.03090,0
0.05647,0
0.05618,0
0.06208,0
0.06204,0
0.01837,0
0.02442,0
0.03979,0
0.05236,0
0.04053,0
0.03954,0
0.04608,0
0.00808,0
0.01797,0
0.03457,0
0.03616,0
0.03406,0
0.03817,0
0.04509,0
0.08503,1
0.07274,1
0.11291,1
0.12045,1
0.11289,1
0.05958,1
0.07196,1
0.07297,1
0.08198,1
0.09172,1
0.10369,1
0.06472,0
0.06221,0
0.05744,0
0.04272,0
0.04368,0
0.06350,0
0.10015,0
0.07140,0
0.04661,0
0.04791,0
0.06261,0
0.07565,0
0.00808,0
0.09931,1
0.09379,1
0.11653,1
0.09664,1
0.09380,1
0.08922,1
0.08393,0
0.04746,0
0.04321,0
0.04448,0
0.04902,0
0.05987,0
0.06730,0
0.00808,0
0.02889,0
0.02185,0
0.01716,0
0.02306,0
0.03431,0
0.03044,0
0.03347,0
0.04891,0
0.05394,0
0.05004,0
0.02894,0
0.03222,0
0.03681,0
0.03219,0
0.03437,0
0.03484,0
0.03253,0
0.02622,1
0.04387,1
0.05624,1
0.10090,1
0.08352,1
0.11659,1
0.13756,1
0.13513,1
0.13352,1
0.08901,0
0.06690,0
0.06360,0
0.05447,0
0.04766,0
0.04949,0
0.00808,0
0.01735,0
0.03090,0
0.05608,0
0.05246,0
0.05440,0
0.05349,0
0.00808,0
0.02341,0
0.02776,0
0.02459,0
0.02937,0
0.03591,0
0.08224,0
0.07010,0
0.06295,0
0.05348,0
0.04950,0
0.05444,0
0.06741,0
0.01837,0
0.02442,0
0.02898,0
0.01510,0
0.02283,0
0.03693,0
0.04341,0
0.03012,0
0.03128,0
0.04247,0
0.04111,0
0.04623,0
0.04142,0
0.03784,0
0.09366,0
0.09286,0
0.07476,0
0.06282,0
0.06511,0
0.24277,0
0.17764,0
0.14522,0
0.13394,0
0.11657,0
0.10945,0
0.12209,0
0.03012,0
0.03307,0
0.04999,0
0.05367,0
0.06030,0
0.05553,0
0.04989,0
0.01006,0
0.03193,0
0.02090,0
0.01757,0
0.02657,0
0.03898,0
0.00808,0
0.02341,0
0.02776,0
0.01980,0
0.02727,0
0.04054,0
0.01837,0
0.02995,0
0.03307,0
0.02344,0
0.02799,0
0.03100,0
0.00808,0
0.02994,0
0.02718,0
0.02768,0
0.03626,0
0.04236,0
0.00808,0
0.01735,0
0.03090,0
0.06096,0
0.05395,0
0.05316,0
0.05848,0
0.00808,0
0.01952,0
0.02129,0
0.01610,0
0.02776,0
0.03804,0
0.02894,0
0.03282,0
0.04220,0
0.06949,0
0.08512,0
0.08800,0
0.09596,0
0.03012,0
0.02722,0
0.03585,0
0.04946,0
0.04756,0
0.04475,0
0.04115,0
0.00808,0
0.08744,1
0.07756,1
0.08266,1
0.07232,1
0.11928,0
0.07692,0
0.05260,0
0.05269,0
0.06677,0
0.09705,0
0.03012,0
0.05119,0
0.04389,0
0.06515,0
0.06469,0
0.06677,0
0.07653,0
0.10339,1
0.11933,1
0.10967,1
0.10018,1
0.08394,1
0.08435,1
0.09816,1
0.03012,0
0.03661,0
0.01851,0
0.01789,0
0.01924,0
0.03012,0
0.03701,0
0.03796,0
0.03764,0
0.04069,0
0.04798,1
0.03588,0
0.03856,0
0.04402,0
0.03954,0
0.04323,0
0.04175,0
0.03886,0
0.01006,0
0.03112,0
0.04845,0
0.03129,0
0.03536,0
0.03797,0
0.04054,0
0.10875,0
0.09732,0
0.07024,0
0.05980,0
0.05397,0
0.04818,0
0.05246,0
0.00808,0
0.02341,0
0.02239,0
0.01271,0
0.02168,0
0.02745,0
0.03044,0
0.05023,0
0.05514,0
0.04088,0
0.03696,0
0.00808,0
0.02994,0
0.02718,0
0.02938,0
0.03329,0
0.03815,0
0.00808,0
0.02994,0
0.02081,0
0.01959,0
0.02146,0
0.02802,0
0.09905,1
0.10542,1
0.10545,1
0.09389,1
0.08994,1
0.12228,1
0.12291,1
0.10552,0
0.07102,0
0.04587,0
0.05150,0
0.05638,0
0.06714,0
0.08006,0
0.01006,0
0.02348,0
0.02298,0
0.02465,0
0.03222,0
0.03899,0
0.03012,0
0.02722,0
0.03585,0
0.04277,0
0.03758,0
0.03502,0
0.03384,0
0.02894,0
0.03222,0
0.05248,0
0.06462,0
0.06955,0
0.06497,0
0.05986,0
0.07169,0
0.08862,0
0.09251,0
0.08728,0
0.08500,0
0.07754,0
0.07515,0
0.06964,0
0.08125,0
0.05878,0
0.05826,0
0.06882,0
0.09721,0
0.14446,1
0.09279,1
0.10866,1
0.07888,1
0.07313,1
0.08164,1
0.09717,1
0.01837,0
0.02442,0
0.03594,0
0.02152,0
0.02495,0
0.03295,0
0.03650,0
0.03012,0
0.03661,0
0.01851,0
0.01798,0
0.02046,0
0.13969,0
0.11248,0
0.09575,0
0.09429,0
0.08708,0
0.07730,0
0.07664,0
0.03012,0
0.03661,0
0.01851,0
0.01798,0
0.02046,0
0.01006,0
0.01906,0
0.03225,0
0.01849,0
0.02431,0
0.03291,0
0.04257,0
0.08503,0
0.07274,0
0.07369,0
0.06889,0
0.07733,0
0.07991,0
0.00808,0
0.01797,0
0.03246,0
0.04899,0
0.04321,0
0.04914,0
0.05106,0
0.10142,0
0.09082,0
0.07258,0
0.06277,0
0.06460,0
0.02894,0
0.03222,0
0.03653,0
0.04305,0
0.03984,0
0.03878,0
0.03619,0
0.04806,0
0.07655,1
0.09060,1
0.12244,1
0.10954,1
0.29620,0
0.18588,0
0.12787,0
0.09681,0
0.08080,0
0.07581,0
0.07901,0
0.00808,0
0.02341,0
0.02239,0
0.01531,0
0.02120,0
0.02636,0
0.01837,0
0.07145,0
0.07342,0
0.07459,0
0.08953,0
0.10638,0
0.11586,0
0.01837,0
0.02562,0
0.03782,0
0.05326,0
0.04657,0
0.05213,0
0.05352,0
0.01006,0
0.01980,0
0.04178,0
0.03797,0
0.03962,0
0.04385,0
0.05027,0
0.01006,0
0.02348,0
0.03113,0
0.03004,0
0.04320,0
0.04607,0
0.00808,0
0.03208,0
0.04406,0
0.04209,0
0.04642,0
0.04976,0
0.02894,0
0.03282,0
0.03690,0
0.03245,0
0.03672,0
0.03468,0
0.03242,0
0.12932,0
0.09713,0
0.07266,0
0.05586,0
0.05770,0
0.07400,0
0.09944,0
0.07169,0
0.06797,0
0.05283,0
0.03857,0
0.04375,0
0.05505,0
0.05648,0
0.01837,0
0.02442,0
0.03594,0
0.02152,0
0.02676,0
0.03149,0
0.04050,0
0.02894,0
0.03298,0
0.03605,0
0.03251,0
0.03438,0
0.03639,0
0.03580,0
0.00808,0
0.02950,0
0.04478,0
0.03001,0
0.02459,0
0.03511,1
0.04187,1
0.07825,0
0.05936,0
0.04399,0
0.04255,0
0.05572,0
0.08850,0
0.09306,0
0.02894,0
0.03668,0
0.01728,0
0.01743,0
0.02011,0
0.12463,0
0.09957,0
0.06851,0
0.04728,0
0.04423,0
0.06157,0
0.09680,0
0.03044,0
0.03184,0
0.04388,0
0.05864,0
0.05914,0
0.05067,0
0.04541,0
0.03012,0
0.03020,0
0.03611,0
0.04048,0
0.04576,0
0.04212,0
0.03954,0
0.03588,0
0.03556,0
0.04032,0
0.04648,0
0.04565,0
0.04345,0
0.04101,0
0.00808,0
0.02994,0
0.02718,0
0.02768,0
0.02835,0
0.03442,0
0.00808,0
0.02341,0
0.02239,0
0.01531,0
0.02275,0
0.03160,0
0.00808,0
0.02950,0
0.04457,0
0.03963,0
0.04332,0
0.04772,0
0.05323,0
0.12463,0
0.09957,0
0.06851,0
0.04728,0
0.04297,0
0.04972,0
0.08319,0
0.14558,1
0.07281,1
0.11147,1
0.13383,1
0.13403,1
0.12239,1
0.11872,1
0.00808,0
0.02341,0
0.02776,0
0.02075,0
0.02933,0
0.03540,0
0.19633,1
0.13580,1
0.12319,1
0.11959,1
0.10761,1
0.02894,0
0.03222,0
0.03681,0
0.03219,0
0.04150,0
0.03764,0
0.03538,0
0.00808,0
0.03208,0
0.02355,0
0.01990,0
0.02825,0
0.03938,0
0.10178,0
0.09222,0
0.06543,0
0.04701,0
0.04372,0
0.05131,0
0.08539,0
0.00808,0
0.02547,0
0.02901,0
0.01506,0
0.01770,0
0.02202,0
0.02508,0
0.00808,0
0.01797,0
0.03366,0
0.02626,0
0.02747,0
0.03689,0
0.04683,0
0.01006,0
0.01906,0
0.03225,0
0.01849,0
0.02064,0
0.02493,0
0.02825,0
0.00808,0
0.02205,0
0.04598,0
0.05755,0
0.05181,0
0.05106,0
0.05689,0
0.03012,0
0.03474,0
0.07691,0
0.04842,0
0.04180,0
0.08343,0
0.07773,0
0.08483,0
0.07702,0
0.07209,0
0.06912,0
0.00808,0
0.01735,0
0.03090,0
0.05642,0
0.05194,0
0.05589,0
0.05798,0
0.03012,0
0.02722,0
0.04092,0
0.04782,0
0.04503,0
0.03860,0
0.03481,0
0.00808,0
0.02994,0
0.02081,0
0.02150,0
0.03108,0
0.04307,0
0.00808,0
0.01735,0
0.03606,0
0.04859,0
0.04167,0
0.04474,0
0.04539,0
0.03012,0
0.03020,0
0.03506,0
0.02858,0
0.04105,0
0.03922,0
0.03638,0
0.01006,0
0.02131,0
0.02250,0
0.01698,0
0.02850,0
0.03866,0
0.12560,0
0.07908,0
0.05237,0
0.05233,0
0.07088,0
0.10332,0
0.10391,0
0.08857,0
0.06828,0
0.06392,0
0.05080,0
0.04360,0
0.04818,0
0.00808,0
0.02889,0
0.02185,0
0.01661,0
0.02454,0
0.03626,0
0.08503,1
0.16821,1
0.14446,1
0.13346,1
0.15330,1
0.14625,1
0.08224,1
0.05495,1
0.05340,1
0.05482,1
0.04678,1
0.04629,1
0.05929,1
0.10824,1
0.12211,1
0.00808,0
0.03208,0
0.02355,0
0.01990,0
0.02888,0
0.03590,0
0.21126,0
0.11179,0
0.07896,0
0.06653,0
0.05455,0
0.05405,0
0.08697,0
0.07524,0
0.05761,0
0.06122,0
0.05947,0
0.05925,0
0.03044,0
0.03167,0
0.03726,0
0.03373,0
0.03952,0
0.03552,0
0.03254,0
0.03044,0
0.05023,0
0.07632,0
0.04406,0
0.03732,0
0.03012,0
0.03661,0
0.01851,0
0.01798,0
0.02046,0
0.03044,0
0.03121,0
0.02434,0
0.02330,0
0.02545,0
0.15012,0
0.10740,0
0.08125,0
0.07546,0
0.07277,0
0.06567,0
0.07149,0
0.07443,0
0.06668,0
0.06183,0
0.04886,0
0.05003,0
0.06865,0
0.12393,0
0.09828,0
0.09017,0
0.07011,0
0.06743,0
0.07613,0
0.10933,0
0.13673,0
0.07861,0
0.05270,0
0.04464,0
0.04670,0
0.06125,0
0.07934,0
0.12973,0
0.08827,0
0.05372,0
0.04941,0
0.06800,0
0.08021,0
0.12932,0
0.10066,0
0.07486,0
0.05608,0
0.05565,0
0.07785,0
0.09061,0
0.02894,0
0.04935,0
0.05326,0
0.03934,0
0.03614,0
0.08940,0
0.07572,0
0.09145,0
0.07453,0
0.07142,0
0.07716,0
0.07628,0
0.00808,0
0.01735,0
0.02438,0
0.01136,0
0.01963,0
0.03055,0
0.03414,0
0.03044,1
0.03554,1
0.05080,1
0.05080,1
0.07849,1
0.09504,1
0.11247,1
0.00808,0
0.02994,0
0.05947,1
0.07616,1
0.08078,1
0.06775,1
0.10037,1
0.10833,1
0.07532,1
0.08274,1
0.07443,0
0.06296,0
0.05444,0
0.03952,0
0.04092,0
0.05759,0
0.02894,0
0.05050,0
0.04363,0
0.05314,0
0.05295,0
0.08885,0
0.09470,0
0.03044,0
0.04640,0
0.04058,0
0.05134,0
0.05208,0
0.08763,0
0.09432,0
0.08232,1
0.08780,1
0.10121,1
0.08590,1
0.08178,1
0.08245,1
0.08697,0
0.07524,0
0.06581,0
0.07138,0
0.06033,0
0.05975,0
0.11928,0
0.09997,0
0.06372,0
0.06037,0
0.07267,0
0.10196,0
0.11928,0
0.09997,0
0.06372,0
0.06037,0
0.07267,0
0.08196,0
0.10755,0
0.06840,0
0.09307,1
0.09553,1
0.13854,1
0.12520,1
0.12003,1
0.12778,1
0.13293,1
0.16116,1
0.00808,0
0.01797,0
0.03246,0
0.04899,0
0.04977,0
0.06211,0
0.06381,0
0.00808,0
0.03208,0
0.02355,0
0.02160,0
0.02500,0
0.03220,0
0.12560,0
0.07908,0
0.05475,0
0.05464,0
0.05588,0
0.06532,0
0.07242,0
0.03012,0
0.03241,0
0.04563,0
0.04002,0
0.04416,0
0.03871,0
0.03537,0
0.03044,0
0.03347,0
0.04891,0
0.05419,0
0.05122,0
0.13034,0
0.09193,0
0.07631,0
0.07719,0
0.06505,0
0.06780,0
0.12560,0
0.08915,0
0.06073,0
0.05783,0
0.07631,0
0.09885,0
0.00808,0
0.03208,0
0.04406,0
0.04486,0
0.05003,0
0.04716,0
0.07176,0
0.04374,0
0.04547,0
0.04631,0
0.04028,0
0.04837,0
0.10821,0
0.06990,0
0.04704,0
0.04333,0
0.04735,0
0.04962,0
0.06352,0
0.00808,0
0.06909,1
0.07299,1
0.06907,1
0.07616,1
0.07866,1
0.03012,0
0.03661,0
0.01851,0
0.01789,0
0.01924,0
0.02894,0
0.03668,0
0.01728,0
0.01743,0
0.02011,0
0.10542,0
0.09154,0
0.06937,0
0.05400,0
0.05155,0
0.06285,0
0.07615,0
0.00808,0
0.01952,0
0.02129,0
0.01663,0
0.02918,0
0.03959,0
0.10721,0
0.08015,0
0.05458,0
0.03870,0
0.03813,0
0.05785,0
0.06753,0
0.08224,0
0.07010,0
0.07339,0
0.16157,1
0.11077,1
0.10917,1
0.09956,1
0.10212,1
0.10843,1
0.11679,1
0.09614,0
0.09008,0
0.10415,0
0.09516,0
0.08596,0
0.08660,0
0.08589,0
0.01837,0
0.02985,0
0.03461,0
0.01902,0
0.02098,0
0.02984,0
0.04016,0
0.09756,0
0.06426,0
0.05573,0
0.06028,0
0.11258,0
0.10426,0
0.09106,0
0.05952,0
0.05907,0
0.08508,0
0.10848,0
0.07412,0
0.05934,0
0.03953,0
0.04556,0
0.04927,0
0.05469,0
0.06046,0
0.00808,0
0.06439,0
0.05492,0
0.06844,0
0.05963,0
0.06486,0
0.06510,0
0.09575,0
0.07342,0
0.04752,0
0.05165,0
0.04754,0
0.05448,0
0.05965,0
0.11481,0
0.09745,0
0.06289,0
0.06084,0
0.08235,0
0.10443,0
0.19296,0
0.13534,0
0.11018,0
0.08279,0
0.07466,0
0.11636,0
0.18576,0
0.12313,0
0.08634,0
0.07314,0
0.08638,0
0.00808,0
0.01797,0
0.03246,0
0.04899,0
0.04579,0
0.05681,0
0.06530,0
0.11928,0
0.07692,0
0.05260,0
0.05269,0
0.06522,0
0.07924,0
0.01006,0
0.03072,0
0.04560,0
0.04050,0
0.04244,0
0.05067,0
0.03012,0
0.04963,0
0.05044,0
0.04676,0
0.04425,0
0.01837,0
0.02562,0
0.03648,0
0.03794,0
0.04218,0
0.04520,0
0.04575,0
0.03012,0
0.03661,0
0.01851,0
0.03407,1
0.00808,0
0.01797,0
0.03101,0
0.03091,0
0.03676,0
0.05026,0
0.05327,0
0.26804,0
0.17851,0
0.12073,0
0.09319,0
0.07851,0
0.08237,0
0.08330,0
0.06775,0
0.06694,0
0.08263,0
0.10838,0
0.11035,0
0.12932,0
0.09841,0
0.07398,0
0.05377,0
0.05491,0
0.06197,0
0.08375,0
0.00808,0
0.02341,0
0.03102,0
0.02418,0
0.03820,0
0.04731,0
0.03588,0
0.05308,0
0.09274,0
0.06887,0
0.05984,0
0.00808,0
0.01735,0
0.03096,0
0.01787,0
0.02440,0
0.03441,0
0.03738,0
0.08343,1
0.07772,1
0.06361,1
0.11686,1
0.13362,1
0.12676,1
0.01006,0
0.06713,0
0.06804,0
0.06320,0
0.06519,0
0.07264,0
0.10153,0
0.07462,0
0.05057,0
0.05405,0
0.06066,0
0.06064,0
0.06809,0
0.05777,0
0.09684,0
0.11202,0
0.09208,0
0.09775,0
0.09634,0
0.09362,0
0.09622,0
0.07417,0
0.04973,0
0.03846,0
0.04418,0
0.04418,0
0.04724,0
0.00808,0
0.02889,0
0.02185,0
0.01658,0
0.02494,0
0.02652,0
0.03012,0
0.08680,1
0.11682,1
0.12189,1
0.12549,1
0.11448,1
0.10323,1
0.09622,0
0.07417,0
0.04973,0
0.03507,0
0.03962,0
0.04720,0
0.04949,0
0.01006,0
0.03193,0
0.02090,0
0.02207,0
0.03008,0
0.03354,0
0.02894,0
0.03032,0
0.03146,0
0.02769,0
0.03192,0
0.03056,0
0.02836,0
0.00808,0
0.02547,0
0.02901,0
0.01506,0
0.02229,0
0.03575,0
0.04231,0
0.13191,0
0.10550,0
0.07223,0
0.05503,0
0.04648,0
0.04457,0
0.04913,0
0.06775,0
0.06694,0
0.10679,0
0.13078,0
0.12371,0
0.00808,0
0.05070,0
0.06767,0
0.05550,0
0.04668,0
0.04936,0
0.12425,0
0.09733,0
0.07823,0
0.06737,0
0.05421,0
0.05228,0
0.06530,0
0.00808,0
0.02135,0
0.02967,0
0.03014,0
0.03775,0
0.04052,0
0.09991,0
0.08323,0
0.06637,0
0.04665,0
0.04568,0
0.06337,0
0.09905,0
0.08955,0
0.06453,0
0.06464,0
0.08921,0
0.11053,0
0.03044,0
0.03581,0
0.04625,0
0.03735,0
0.04028,0
0.03866,0
0.03610,0
0.14045,1
0.10862,1
0.10601,1
0.09094,1
0.09623,1
0.11909,1
0.11634,1
0.01837,0
0.03737,0
0.05560,0
0.07152,0
0.06393,0
0.06448,0
0.06340,0
0.03012,0
0.04636,0
0.04695,0
0.05231,0
0.04507,0
0.04131,0
0.03751,0
0.01006,0
0.02348,0
0.02298,0
0.01193,0
0.02467,0
0.03518,0
0.00808,0
0.04792,0
0.06353,0
0.05242,0
0.05406,0
0.05593,0
0.08901,0
0.06690,0
0.06453,0
0.06146,0
0.05358,0
0.05951,0
0.19633,0
0.11280,0
0.08165,0
0.07040,0
0.07338,0
0.12463,0
0.09957,0
0.06851,0
0.04783,0
0.04513,0
0.05850,0
0.07233,0
0.00808,0
0.01797,0
0.03807,0
0.05238,0
0.04919,0
0.05530,0
0.05816,0
0.10153,0
0.07462,0
0.05051,0
0.05012,0
0.06314,0
0.08497,0
0.09732,0
0.00808,0
0.02994,0
0.02081,0
0.01766,0
0.02311,0
0.02939,0
0.00808,0
0.02341,0
0.02239,0
0.01531,0
0.02400,0
0.03135,0
0.12560,0
0.07689,0
0.05505,0
0.06015,0
0.07253,0
0.10440,0
0.10416,0
0.08503,0
0.05143,0
0.03619,0
0.04182,0
0.04206,0
0.04712,0
0.00808,0
0.02950,0
0.03823,0
0.02821,0
0.02768,0
0.03401,0
0.03998,0
0.00808,0
0.02341,0
0.02239,0
0.01150,0
0.02059,0
0.02745,0
0.01006,0
0.03072,0
0.02346,0
0.01742,0
0.02051,0
0.02616,0
0.01006,0
0.02131,0
0.02250,0
0.02150,0
0.03364,0
0.03855,0
0.06775,0
0.06616,0
0.07461,0
0.07277,0
0.07848,0
0.08570,0
0.07398,0
0.05635,0
0.03657,0
0.04342,0
0.08279,0
0.11099,0
0.07848,1
0.08866,1
0.08455,1
0.08299,1
0.09108,1
0.09584,1
0.08503,0
0.07283,0
0.08566,0
0.10399,0
0.10971,0
0.11222,0
0.11427,0
0.12560,0
0.07908,0
0.05475,0
0.05464,0
0.05588,0
0.06532,0
0.07242,0
0.01837,0
0.03676,0
0.02716,0
0.02112,0
0.02244,0
0.02748,0
0.01006,0
0.02324,0
0.06285,0
0.07557,0
0.06864,0
0.07594,0
0.07612,0
0.01837,0
0.02562,0
0.04366,0
0.05671,0
0.05313,0
0.05796,0
0.06108,0
0.01837,0
0.03986,0
0.02946,0
0.02474,0
0.02985,0
0.03600,0
0.06775,0
0.06659,0
0.09314,0
0.10785,0
0.11328,0
0.13532,0
0.07672,0
0.05354,0
0.04434,0
0.04930,0
0.06182,0
0.07417,0
0.10858,0
0.11649,0
0.08356,0
0.08139,0
0.07681,0
0.06711,0
0.06598,0
0.00808,0
0.02547,0
0.04088,0
0.04555,0
0.03728,0
0.03784,0
0.03931,0
0.08940,0
0.07572,0
0.09145,0
0.07366,0
0.07214,0
0.07414,0
0.07423,0
0.00808,0
0.02889,0
0.02185,0
0.01716,0
0.02266,0
0.02734,0
0.01837,0
0.02700,0
0.03584,0
0.03894,0
0.04429,0
0.05120,0
0.00808,0
0.02341,0
0.02239,0
0.01531,0
0.02211,0
0.03151,0
0.00808,0
0.03208,0
0.02355,0
0.02320,0
0.02723,0
0.03348,0
0.09814,0
0.07462,0
0.07913,1
0.07853,1
0.07681,1
0.17085,0
0.11819,0
0.09929,0
0.08918,0
0.07286,0
0.06756,0
0.07835,0
0.00808,0
0.02950,0
0.03978,0
0.02844,0
0.02575,0
0.03428,0
0.04220,0
0.10721,0
0.09242,0
0.08084,0
0.05935,0
0.05869,0
0.06358,0
0.09605,0
0.14576,0
0.10706,0
0.08425,0
0.06478,0
0.05314,0
0.05081,0
0.05924,0
0.03012,0
0.03661,0
0.01851,0
0.01789,0
0.01924,0
0.08503,1
0.06208,1
0.04054,1
0.05199,1
0.05574,1
0.04881,1
0.05800,1
0.01837,0
0.03986,0
0.02946,0
0.02525,0
0.03146,0
0.03481,0
0.09575,0
0.06643,0
0.04392,0
0.04819,0
0.08683,0
0.10947,0
0.02894,0
0.03282,0
0.03436,0
0.02999,0
0.03411,0
0.03316,0
0.03078,0
0.01837,0
0.02442,0
0.03970,0
0.05416,0
0.05046,0
0.05728,0
0.05890,0
0.11771,0
0.06028,0
0.05033,0
0.04713,0
0.04245,0
0.03886,0
0.04781,0
0.03012,0
0.03241,0
0.03605,0
0.03201,0
0.04044,0
0.03547,0
0.03213,0
0.05777,0
0.11337,0
0.11206,0
0.09798,0
0.09210,0
0.09205,0
0.09109,0
0.10015,0
0.09324,0
0.06042,0
0.05810,0
0.06510,0
0.07495,0
0.00808,0
0.02135,0
0.02967,0
0.02903,0
0.03348,0
0.03878,0
0.03012,0
0.03661,0
0.01851,0
0.01789,0
0.01924,0
0.00808,0
0.02341,0
0.02239,0
0.01271,0
0.02860,0
0.03642,0
0.00808,0
0.02950,0
0.04517,0
0.06554,0
0.05420,0
0.06354,0
0.06861,0
0.03012,0
0.03661,0
0.01851,0
0.01789,0
0.01924,0
0.00808,0
0.03208,0
0.02355,0
0.02326,0
0.03055,0
0.03955,0
0.00808,0
0.02994,0
0.02081,0
0.02440,0
0.03087,0
0.03710,0
0.09700,0
0.06943,0
0.06404,0
0.05908,0
0.05516,0
0.06656,0
0.13659,0
0.09771,0
0.07134,0
0.05364,0
0.04657,0
0.04925,0
0.06032,0
0.01006,0
0.03072,0
0.02346,0
0.06681,1
0.06866,1
0.03044,0
0.03867,0
0.03901,0
0.03191,0
0.03621,0
0.03610,0
0.03490,0
0.02894,0
0.03032,0
0.03809,0
0.03424,0
0.03712,0
0.03649,0
0.03526,0
0.08343,0
0.07773,0
0.08371,0
0.07508,0
0.06748,0
0.06476,0
0.11771,0
0.06028,0
0.05116,0
0.04985,0
0.04325,0
0.03962,0
0.04842,0
0.00808,0
0.01735,0
0.03606,0
0.05241,1
0.06274,1
0.00808,0
0.02994,0
0.02718,0
0.02956,0
0.03056,0
0.03609,0
0.01837,0
0.02995,0
0.03307,0
0.02444,0
0.04255,0
0.04563,0
0.08503,0
0.06208,0
0.04156,0
0.05251,0
0.05268,0
0.05651,0
0.09622,0
0.09810,0
0.08859,0
0.07335,0
0.06805,0
0.06343,0
0.06374,0
0.01006,0
0.02348,0
0.02298,0
0.01587,0
0.02101,0
0.02859,0
0.00808,0
0.02205,0
0.03991,0
0.05322,0
0.04612,0
0.05173,0
0.06088,0
0.08224,1
0.06882,1
0.07150,1
0.05901,1
0.07320,1
0.07719,1
0.08709,1
0.01837,0
0.02442,0
0.03489,0
0.05196,0
0.03744,0
0.04041,0
0.04676,0
0.11481,0
0.09745,0
0.06289,0
0.06084,0
0.08235,0
0.11218,0
0.03044,0
0.03904,0
0.01914,0
0.01799,0
0.01939,0
0.01837,0
0.03986,0
0.02946,0
0.02474,0
0.03113,0
0.03700,0
0.14202,1
0.13701,1
0.12227,1
0.12806,1
0.11525,1
0.12393,0
0.09075,0
0.06125,0
0.04471,0
0.04198,0
0.04944,0
0.08338,0
0.01837,0
0.03676,0
0.02716,0
0.02021,0
0.02295,0
0.03127,0
0.03588,0
0.04527,0
0.07072,0
0.05557,0
0.04956,0
0.19633,1
0.11280,1
0.08165,1
0.03012,0
0.03828,0
0.04283,0
0.04127,0
0.04607,0
0.04050,0
0.03763,0
0.15403,1
0.11918,1
0.11791,1
0.14570,1
0.11682,1
0.10660,1
0.10224,1
0.00808,0
0.02341,0
0.02776,0
0.01980,0
0.03423,0
0.04372,0
0.01837,0
0.03827,0
0.03191,0
0.03095,0
0.03509,0
0.04063,0
0.00808,0
0.01952,0
0.02642,0
0.02480,0
0.03372,0
0.03893,0
0.17239,1
0.10569,1
0.09594,1
0.09502,1
0.10348,1
0.00808,0
0.01797,0
0.03991,0
0.03558,0
0.03259,0
0.03617,0
0.03923,0
0.00808,0
0.01735,0
0.02438,0
0.01136,0
0.01970,0
0.03261,0
0.04047,0
0.08503,0
0.07283,0
0.07326,0
0.07038,0
0.08027,0
0.08046,0
0.12234,0
0.06657,0
0.04654,0
0.04183,0
0.04288,0
0.04499,0
0.08156,0
0.00808,0
0.02341,0
0.02239,0
0.01531,0
0.02400,0
0.02876,0
0.10142,1
0.09082,1
0.09270,1
0.09708,1
0.09359,1
0.00808,0
0.01797,0
0.04323,0
0.06227,0
0.05924,0
0.06059,0
0.06467,0
0.02894,0
0.02797,0
0.05933,0
0.07679,0
0.08465,0
0.07763,0
0.06978,0
0.03012,0
0.03173,0
0.04835,0
0.03993,0
0.04913,0
0.04526,0
0.04171,0
0.03012,0
0.03661,0
0.01851,0
0.01789,0
0.01924,0
0.08009,1
0.09255,1
0.03588,0
0.05308,0
0.09037,0
0.05834,0
0.04995,0
0.06775,0
0.06694,0
0.10679,0
0.13078,0
0.12371,0
0.01006,0
0.02495,0
0.03049,0
0.01583,0
0.02295,0
0.03267,0
0.03584,0
0.11771,1
0.06028,1
0.04757,1
0.04541,1
0.04218,1
0.03955,1
0.04915,1
0.10721,0
0.07183,0
0.04993,0
0.03480,0
0.03476,0
0.04793,0
0.06287,0
0.00808,0
0.02994,0
0.02081,0
0.02061,0
0.03468,0
0.04069,0
0.00808,0
0.01735,0
0.03606,0
0.04859,0
0.03747,0
0.03570,0
0.03747,0
0.00808,0
0.02950,0
0.04026,0
0.05203,0
0.04360,0
0.04884,0
0.05461,0
0.00808,0
0.02341,0
0.02239,0
0.01271,0
0.01885,0
0.03001,0
0.09725,0
0.07002,0
0.04793,0
0.04828,0
0.06166,0
0.06513,0
0.07313,0
0.12393,0
0.08048,0
0.05608,0
0.04141,0
0.04050,0
0.05125,0
0.08580,0
0.08102,0
0.05035,0
0.04285,0
0.04735,0
0.05640,0
0.06109,0
0.07074,0
0.27652,0
0.14273,0
0.10965,0
0.08674,0
0.07206,0
0.07081,0
0.08832,0
0.03044,0
0.03646,0
0.04444,0
0.04800,0
0.05347,0
0.04674,0
0.04151,0
0.01006,0
0.03072,0
0.02346,0
0.01750,0
0.02565,0
0.03025,0
0.13673,0
0.07861,0
0.05270,0
0.04594,0
0.04396,0
0.04982,0
0.06463,0
0.00808,0
0.02547,0
0.04301,0
0.06424,1
0.06888,1
0.02894,0
0.03282,0
0.04399,0
0.04685,0
0.04923,0
0.04412,0
0.04139,0
0.00808,0
0.02341,0
0.02239,0
0.01531,0
0.02067,0
0.02551,0
0.12095,0
0.14259,0
0.11980,0
0.10419,0
0.09176,0
0.08231,0
0.08134,0
0.00808,0
0.02889,0
0.02185,0
0.02291,0
0.02755,0
0.03152,0
0.08393,0
0.04746,0
0.04321,0
0.04550,0
0.04785,0
0.05517,0
0.06386,0
0.00808,0
0.02994,0
0.02081,0
0.01744,0
0.02058,0
0.02747,0
0.01837,0
0.02985,0
0.04387,0
0.05550,0
0.04224,0
0.04106,0
0.04222,0
0.01837,0
0.02442,0
0.02898,0
0.01510,0
0.02283,0
0.03182,0
0.03897,0
0.09663,0
0.08554,0
0.07120,0
0.05678,0
0.04721,0
0.04631,0
0.05214,0
0.00808,0
0.02547,0
0.03611,0
0.02186,0
0.02721,0
0.03705,0
0.04345,0
0.11771,0
0.06028,0
0.05033,0
0.05285,0
0.05813,0
0.05276,0
0.06044,0
0.09991,0
0.07738,0
0.06371,0
0.04515,0
0.04496,0
0.05697,0
0.10657,0
0.07463,0
0.04825,0
0.04936,0
0.07539,0
0.08755,0
0.09911,0
0.06183,0
0.05499,0
0.05509,0
0.11223,0
0.09991,0
0.08256,0
0.07090,0
0.05101,0
0.04960,0
0.06143,0
0.00808,0
0.02994,0
0.02081,0
0.02176,0
0.03512,0
0.04107,0
0.17239,0
0.09876,0
0.07696,0
0.06457,0
0.05647,0
0.06208,0
0.00808,0
0.04618,0
0.04288,0
0.06296,0
0.05582,0
0.06040,0
0.06286,0
0.01837,0
0.02562,0
0.04607,0
0.04131,0
0.04178,0
0.04988,0
0.05525,0
0.08835,0
0.06079,0
0.04647,0
0.04706,0
0.06957,0
0.08217,0
0.03012,0
0.03020,0
0.04012,0
0.05905,0
0.07689,0
0.08098,0
0.08695,0
0.00808,0
0.01735,0
0.02438,0
0.01136,0
0.02111,0
0.02945,0
0.03213,0
0.07443,0
0.06611,0
0.06859,0
0.04829,0
0.04697,0
0.06471,0
0.03044,0
0.03167,0
0.03754,0
0.04862,0
0.04471,0
0.04316,0
0.04145,0
0.00808,0
0.01797,0
0.04661,0
0.04290,0
0.04008,0
0.04670,0
0.04882,0
0.01837,0
0.02985,0
0.04387,0
0.05550,0
0.04342,0
0.04543,0
0.05532,0
0.01837,0
0.02985,0
0.03461,0
0.01902,0
0.02098,0
0.02167,0
0.02586,0
0.03012,0
0.04842,0
0.09293,1
0.08062,1
0.10817,1
0.06144,1
0.08925,1
0.09226,1
0.08380,1
0.08634,1
0.11238,1
0.10021,1
0.13693,0
0.13904,0
0.11748,0
0.11280,0
0.10180,0
0.09175,0
0.08856,0
0.13034,0
0.09193,0
0.06689,0
0.06024,0
0.04927,0
0.05383,0
0.09622,0
0.10763,0
0.12939,0
0.11436,0
0.10270,0
0.09105,0
0.08791,0
0.00808,0
0.02205,0
0.05290,0
0.06121,0
0.05641,0
0.05985,0
0.06372,0
0.00808,0
0.02889,0
0.02185,0
0.01716,0
0.02306,0
0.03431,0
0.12560,1
0.10832,1
0.11398,1
0.12095,1
0.13518,1
0.13000,1
0.12080,1
0.00808,0
0.06597,0
0.08063,0
0.08268,0
0.08945,0
0.09181,0
0.00808,0
0.02950,0
0.04517,0
0.06827,0
0.06264,0
0.06076,0
0.06859,0
0.07305,0
0.04903,0
0.04290,0
0.05006,0
0.07428,0
0.01837,0
0.03827,0
0.02482,0
0.02521,0
0.03100,0
0.03645,0
0.02894,0
0.05070,0
0.04374,0
0.05337,0
0.05708,0
0.06642,0
0.07382,0
0.10244,0
0.07734,0
0.05336,0
0.05977,0
0.05281,0
0.05716,0
0.06787,0
0.01006,0
0.02324,0
0.04490,0
0.04344,0
0.04492,0
0.05936,0
0.06142,0
0.00808,0
0.01735,0
0.02438,0
0.03999,1
0.05356,1
0.11428,1
0.10890,1
0.11669,1
0.12878,1
0.14591,1
0.01837,0
0.03676,0
0.02716,0
0.02014,0
0.02179,0
0.02745,0
0.10142,1
0.09082,1
0.07401,1
0.06301,1
0.10207,0
0.07896,0
0.05708,0
0.05298,0
0.08314,0
0.11449,0
0.01837,0
0.02562,0
0.04608,0
0.03684,0
0.03490,0
0.03968,0
0.04633,0
0.01837,0
0.03827,0
0.03191,0
0.03095,0
0.03791,0
0.04510,0
0.00808,0
0.02889,0
0.02185,0
0.01661,0
0.02454,0
0.03626,0
0.00808,0
0.02994,0
0.02081,0
0.02955,1
0.07744,1
0.06632,1
0.07332,1
0.07807,1
0.18311,0
0.18253,0
0.11993,0
0.10140,0
0.09511,0
0.08380,0
0.08763,0
0.00808,0
0.02950,0
0.04468,0
0.05571,0
0.05002,0
0.06212,0
0.06574,0
0.03044,0
0.03581,0
0.03841,0
0.05252,0
0.04765,0
0.04581,0
0.04369,0
0.06775,0
0.07611,0
0.08702,0
0.10961,0
0.10837,0
0.12393,0
0.09075,0
0.06125,0
0.04463,0
0.04197,0
0.05288,0
0.07083,0
0.13244,1
0.11045,1
0.09900,1
0.11713,1
0.12384,1
0.11560,1
0.13714,1
0.01837,0
0.03827,0
0.03191,0
0.04334,0
0.04896,0
0.04965,0
0.05761,0
0.04565,0
0.04934,0
0.06271,0
0.05675,0
0.05146,0
0.04792,0
0.09991,0
0.08903,0
0.07601,0
0.06014,0
0.05695,0
0.07121,0
0.09366,0
0.09286,0
0.07385,0
0.06327,0
0.06458,0
0.00808,0
0.02547,0
0.04716,1
0.06158,1
0.07220,1
0.02894,0
0.02751,0
0.03902,0
0.05973,0
0.10691,0
0.10607,0
0.11066,0
0.02957,1
0.05487,1
0.07658,1
0.10597,1
0.08889,1
0.10100,1
0.10103,1
0.01006,0
0.02348,0
0.02298,0
0.01587,0
0.02450,0
0.03411,0
0.09614,0
0.08193,0
0.09438,0
0.07774,0
0.08376,0
0.08594,0
0.08486,0
0.03588,0
0.03455,0
0.04133,0
0.04923,0
0.04673,0
0.04356,0
0.04029,0
0.00808,0
0.02994,0
0.02718,0
0.03027,0
0.03636,0
0.04204,0
0.08857,0
0.07008,0
0.06917,0
0.06040,0
0.06187,0
0.06283,0
0.16555,0
0.11975,0
0.11232,0
0.08515,0
0.08277,0
0.10965,0
0.08156,1
0.08603,1
0.09286,1
0.09045,1
0.09303,1
0.09037,1
0.00808,0
0.01952,0
0.02642,0
0.02480,0
0.03189,0
0.04552,0
0.00808,0
0.02341,0
0.02239,0
0.01531,0
0.02319,0
0.03052,0
0.11324,1
0.08359,1
0.05489,1
0.05321,1
0.07642,1
0.08805,1
0.03044,0
0.02893,0
0.03661,0
0.04374,0
0.04517,0
0.04297,0
0.04062,0
0.10817,0
0.07794,0
0.06742,0
0.05085,0
0.05361,0
0.07991,0
0.01006,0
0.02348,0
0.03113,0
0.03004,0
0.03717,0
0.04010,0
0.03044,0
0.04744,0
0.04285,0
0.03368,0
0.03928,0
0.03582,0
0.03291,0
0.09991,0
0.08506,0
0.07744,0
0.05183,0
0.04879,0
0.06569,0
0.01837,0
0.02985,0
0.04387,0
0.05550,0
0.04508,0
0.04934,0
0.04864,0
0.14202,0
0.13701,0
0.12739,0
0.10121,0
0.09220,0
0.00808,0
0.02950,0
0.04517,0
0.06554,0
0.05420,0
0.06404,0
0.06924,0
0.01837,0
0.02985,0
0.03023,0
0.03798,0
0.04021,0
0.04798,0
0.04860,0
0.10433,0
0.08659,0
0.06959,0
0.05292,0
0.04327,0
0.04200,0
0.05140,0
0.03012,0
0.02120,0
0.03432,0
0.02780,0
0.03238,0
0.03161,0
0.03092,0
0.00808,0
0.02889,0
0.02185,0
0.02039,0
0.02438,0
0.03098,0
0.11041,0
0.08297,0
0.07675,0
0.07914,0
0.08512,0
0.08696,0
0.13969,0
0.10674,0
0.08932,0
0.09401,0
0.09281,0
0.08332,0
0.08639,0
0.09991,1
0.07390,1
0.05733,1
0.09876,1
0.09622,0
0.08806,1
0.10106,1
0.07450,1
0.08693,1
0.08608,1
0.08536,1
0.01006,0
0.02495,0
0.03739,0
0.02259,0
0.02352,0
0.02645,0
0.02964,0
0.08528,0
0.07506,0
0.07080,0
0.06254,0
0.05441,0
0.05782,0
0.00808,0
0.02341,0
0.02239,0
0.05176,1
0.00808,0
0.02547,0
0.03611,0
0.02186,0
0.02288,0
0.02593,0
0.02924,0
0.07644,0
0.05591,0
0.06142,0
0.06174,0
0.05070,0
0.05133,0
0.06775,0
0.06694,0
0.08263,0
0.10838,0
0.11035,0
0.09614,0
0.10332,0
0.09480,0
0.07793,0
0.07311,0
0.06961,0
0.07020,0
0.12560,0
0.07908,0
0.05475,0
0.05932,0
0.06579,0
0.06847,0
0.07713,0
0.17448,0
0.12454,0
0.10814,0
0.08560,0
0.08219,0
0.12353,0
0.25515,0
0.13513,0
0.09175,0
0.07550,0
0.08502,0
0.10491,0
0.07558,0
0.06955,0
0.06103,0
0.06160,0
0.06127,0
0.00808,0
0.05503,0
0.08014,0
0.07883,0
0.08636,0
0.08776,0
0.03044,0
0.03554,0
0.04774,0
0.05524,0
0.05887,0
0.05384,0
0.04864,0
0.08224,1
0.07029,1
0.07383,1
0.06301,1
0.05453,1
0.06317,1
0.07646,1
0.09568,1
0.03012,0
0.04842,0
0.07582,0
0.04000,0
0.03350,0
0.09614,0
0.08354,0
0.09243,0
0.07168,0
0.07190,0
0.07252,0
0.07269,0
0.07305,0
0.04903,0
0.04290,0
0.05811,0
0.08097,0
0.03012,0
0.03621,0
0.04462,0
0.04339,0
0.04407,0
0.04368,0
0.04192,0
0.01837,0
0.02901,0
0.03441,0
0.03260,0
0.03238,0
0.03815,0
0.07169,0
0.06797,0
0.05283,0
0.03857,0
0.03819,0
0.03728,0
0.04106,0
0.08393,0
0.04746,0
0.04012,0
0.04939,0
0.05201,0
0.05824,0
0.06900,0
0.07092,0
0.05767,0
0.03752,0
0.04299,0
0.08173,0
0.10426,0
0.06472,0
0.06306,0
0.06645,0
0.04626,0
0.04554,0
0.06233,0
0.02894,0
0.03032,0
0.03977,0
0.06010,0
0.10722,0
0.10933,0
0.11061,0
0.03012,0
0.03661,0
0.01851,0
0.01789,0
0.01924,0
0.03880,1
0.08838,1
0.03044,0
0.03007,0
0.03367,0
0.03277,0
0.04052,0
0.03550,0
0.03238,0
0.00808,0
0.02547,0
0.03607,0
0.06100,0
0.05839,0
0.06168,0
0.06485,0
0.13191,0
0.10628,0
0.07207,0
0.05542,0
0.04739,0
0.04770,0
0.05853,0
0.03012,0
0.02722,0
0.03920,0
0.04051,0
0.05149,0
0.04691,0
0.04239,0
0.12694,0
0.13384,0
0.10265,0
0.09970,0
0.10273,0
0.09353,0
0.09241,0
0.09980,0
0.08338,0
0.05831,0
0.06337,0
0.08659,0
0.11062,0
0.01837,0
0.01426,1
0.04438,1
0.07317,1
0.09629,1
0.10278,1
0.08948,1
0.09460,1
0.09709,1
0.07169,0
0.06797,0
0.05283,0
0.04333,0
0.04333,0
0.04331,0
0.04630,0
0.03044,0
0.03167,0
0.04238,0
0.03348,0
0.04560,0
0.04281,0
0.03933,0
0.11833,0
0.18019,0
0.14501,0
0.10170,0
0.08251,0
0.07588,0
0.08407,0
0.00808,0
0.01797,0
0.03246,0
0.04899,0
0.04499,0
0.05151,0
0.05700,0
0.07305,0
0.04903,0
0.04290,0
0.04555,0
0.08409,0
0.12694,0
0.13384,0
0.10156,0
0.08776,0
0.07690,0
0.06846,0
0.06917,0
0.12552,1
0.09943,1
0.08275,1
0.06097,1
0.06592,1
0.07665,1
0.07459,1
0.10142,0
0.09082,0
0.07258,0
0.06277,0
0.06603,0
0.09950,0
0.08309,0
0.06582,0
0.06243,0
0.10678,0
0.12919,0
0.10496,0
0.08818,0
0.08291,0
0.05619,0
0.04533,0
0.04404,0
0.05280,0
0.00808,0
0.02994,0
0.02718,0
0.03151,0
0.03524,0
0.03749,0
0.00808,0
0.02135,0
0.03316,0
0.03974,0
0.04477,0
0.04653,0
0.01006,0
0.05354,0
0.06933,0
0.05927,0
0.05247,0
0.05652,0
0.00808,0
0.04522,1
0.06312,1
0.07355,1
0.07950,1
0.09608,1
0.09361,1
0.05761,0
0.06186,0
0.03187,0
0.02784,0
0.02842,0
0.17057,0
0.12323,0
0.11000,0
0.08437,0
0.08288,0
0.12367,0
0.08579,0
0.10699,0
0.07801,0
0.06848,0
0.06106,0
0.05453,0
0.05652,0
0.08232,0
0.06990,0
0.05722,0
0.05704,0
0.05903,0
0.05943,0
0.02894,0
0.03417,0
0.05411,0
0.06169,0
0.05674,0
0.01006,0
0.02348,0
0.02854,0
0.02017,0
0.02770,0
0.03618,0
0.01837,0
0.03986,0
0.02946,0
0.02474,0
0.03273,0
0.03899,0
0.13693,0
0.13904,0
0.11651,0
0.09913,0
0.08740,0
0.07797,0
0.07654,0
0.10214,0
0.07680,0
0.05233,0
0.05401,0
0.06238,0
0.07499,0
0.07092,0
0.05488,0
0.03530,0
0.04135,0
0.07922,0
0.10604,0
0.09911,1
0.08666,1
0.07767,1
0.08141,1
0.13401,1
0.07176,0
0.03588,0
0.04554,0
0.04881,0
0.04377,0
0.04692,0
0.12669,0
0.09328,0
0.06776,0
0.05207,0
0.04509,0
0.04625,0
0.05555,0
0.01837,0
0.03676,0
0.02716,0
0.02112,0
0.02724,0
0.02804,0
0.03012,0
0.02832,0
0.03264,0
0.03150,0
0.03610,0
0.03428,0
0.03216,0
0.03588,0
0.04181,0
0.05968,0
0.06650,0
0.06055,0
0.00808,0
0.02205,0
0.04490,0
0.03352,0
0.02847,0
0.03360,0
0.04089,0
0.03588,0
0.04937,0
0.02330,0
0.03851,1
0.03780,1
0.01837,0
0.02900,0
0.07051,1
0.07899,1
0.08522,1
0.01006,0
0.02348,0
0.02298,0
0.01193,0
0.02262,0
0.02775,0
0.02894,0
0.04935,0
0.07518,0
0.04280,0
0.03700,0
0.01837,0
0.03827,0
0.03191,0
0.03512,0
0.04191,0
0.04919,0
0.01006,0
0.02495,0
0.03739,0
0.02259,0
0.02352,0
0.02907,0
0.03074,0
0.00808,0
0.02994,0
0.02081,0
0.01766,0
0.02074,0
0.02504,0
0.00808,0
0.01952,0
0.02129,0
0.02060,0
0.03121,0
0.03540,0
0.09622,0
0.08828,0
0.07888,0
0.06831,0
0.06317,0
0.06033,0
0.06056,0
0.03012,0
0.02968,0
0.02341,0
0.02313,0
0.02413,0
0.00808,0
0.01952,0
0.02642,0
0.03049,0
0.03428,0
0.03847,0
0.10975,0
0.11200,0
0.09373,0
0.08405,0
0.07739,0
0.06928,0
0.07379,0
0.01837,0
0.02442,0
0.02898,0
0.01510,0
0.02210,0
0.02818,0
0.03130,0
0.00808,0
0.02950,0
0.05028,0
0.05481,0
0.05264,0
0.05569,0
0.05594,0
0.01837,0
0.02900,0
0.06612,1
0.09373,1
0.09103,1
0.01837,0
0.05576,0
0.06418,0
0.08187,0
0.07134,0
0.07382,0
0.07453,0
0.00808,0
0.05070,0
0.06767,0
0.06274,0
0.05661,0
0.05693,0
0.03012,0
0.02722,0
0.03127,0
0.02616,0
0.03175,0
0.03144,0
0.03070,0
0.01006,0
0.06713,0
0.07521,0
0.06144,0
0.06223,0
0.06974,0
0.00808,0
0.02341,0
0.03102,0
0.02489,0
0.03016,0
0.03709,0
0.00808,0
0.01735,0
0.03479,0
0.05657,0
0.07716,0
0.07983,0
0.08540,0
0.03012,0
0.02722,0
0.03464,0
0.03107,0
0.03913,0
0.03407,0
0.03122,0
0.13034,0
0.08057,0
0.07746,0
0.06807,0
0.05820,0
0.06109,0
0.07169,0
0.06797,0
0.05283,0
0.04140,0
0.04044,0
0.04131,0
0.04510,0
0.07176,0
0.03588,0
0.04242,0
0.04465,0
0.04136,0
0.04903,0
0.03012,0
0.03621,0
0.04351,0
0.03732,0
0.04705,0
0.04085,0
0.03644,0
0.20212,0
0.14473,0
0.13089,0
0.11299,0
0.09289,0
0.08491,0
0.09673,0
0.03012,0
0.02749,0
0.04063,0
0.06172,0
0.08076,0
0.08372,0
0.09178,0
0.25515,0
0.13513,0
0.09175,0
0.07791,0
0.08777,0
0.20212,0
0.13310,0
0.12037,0
0.10273,0
0.08664,0
0.08060,0
0.09041,0
0.01006,0
0.01906,0
0.03225,0
0.01849,0
0.02431,0
0.02763,0
0.03070,0
0.10142,0
0.09082,0
0.07401,0
0.06301,0
0.06437,0
0.03012,0
0.04261,0
0.07927,0
0.05005,0
0.04304,0
0.00808,0
0.02547,0
0.02901,0
0.01506,0
0.02152,0
0.02563,0
0.03990,0
0.00808,0
0.02950,0
0.04468,0
0.05571,0
0.04727,0
0.04596,0
0.05203,0
0.09622,0
0.07417,0
0.04973,0
0.03931,0
0.04561,0
0.04417,0
0.04710,0
0.15640,1
0.11318,1
0.08164,1
0.05916,1
0.05769,1
0.11247,0
0.08709,0
0.14143,0
0.12006,0
0.10160,0
0.08830,0
0.08619,0
0.07305,0
0.04903,0
0.04290,0
0.04283,0
0.05882,0
0.06699,0
0.07354,0
0.12463,0
0.09957,0
0.06851,0
0.04728,0
0.04297,0
0.06169,0
0.06897,0
0.09905,0
0.08955,0
0.06664,0
0.06135,0
0.09240,0
0.12024,0
0.08697,0
0.07524,0
0.06581,0
0.06449,0
0.05889,0
0.05744,0
0.01006,0
0.01906,0
0.03684,0
0.04908,0
0.03786,0
0.03598,0
0.03769,0
0.15012,0
0.12580,0
0.09577,0
0.08390,0
0.07191,0
0.06399,0
0.06967,0
0.03012,0
0.02082,0
0.03116,0
0.04233,0
0.03751,0
0.03537,0
0.03411,0
0.09991,0
0.08506,0
0.07410,0
0.05242,0
0.05027,0
0.06785,0
0.08224,0
0.05495,0
0.05340,0
0.05787,0
0.04949,0
0.05314,0
0.06482,0
0.01006,0
0.04587,0
0.06084,0
0.06318,0
0.07438,0
0.08284,0
0.11996,0
0.10003,0
0.09239,0
0.07422,0
0.06691,0
0.08414,0
0.12010,0
0.10496,0
0.10103,0
0.08977,0
0.06705,0
0.05584,0
0.05468,0
0.06107,0
0.02894,0
0.03615,0
0.03816,0
0.04262,0
0.04727,0
0.04103,0
0.03733,0
0.08343,0
0.07773,0
0.08161,0
0.07894,0
0.07902,0
0.07531,0
0.01837,0
0.02562,0
0.04498,0
0.04873,0
0.05086,0
0.05651,0
0.06425,0
0.13034,1
0.09092,1
0.08916,1
0.07566,1
0.06123,1
0.06408,1
0.02894,0
0.04295,0
0.07864,0
0.05102,0
0.04409,0
0.06581,0
0.08156,0
0.06163,0
0.06466,0
0.08015,0
0.11800,0
0.12605,0
0.00808,0
0.01952,0
0.02642,0
0.03049,0
0.03679,0
0.03992,0
0.00808,0
0.02205,0
0.05374,0
0.03879,0
0.03515,0
0.04427,0
0.05305,0
0.00808,0
0.05026,0
0.05842,0
0.07039,0
0.07071,0
0.08951,0
0.09744,0
0.11962,0
0.09415,0
0.07341,0
0.05460,0
0.05101,0
0.07030,0
0.09796,0
0.08503,0
0.06541,0
0.04798,0
0.05073,0
0.05642,0
0.06016,0
0.03012,0
0.04636,0
0.04127,0
0.03212,0
0.03633,0
0.03574,0
0.03460,0
0.03044,0
0.03007,0
0.03859,0
0.04556,0
0.04662,0
0.03970,0
0.03562,0
0.11067,0
0.08357,0
0.07836,0
0.05121,0
0.04172,0
0.04626,0
0.05558,0
0.00808,0
0.02889,0
0.02185,0
0.01716,0
0.02386,0
0.02824,0
0.03012,0
0.03701,0
0.04281,0
0.05180,0
0.04681,0
0.04494,1
0.07282,1
0.07677,1
0.06775,0
0.06335,0
0.07508,0
0.07519,0
0.08263,0
0.08408,0
0.00808,0
0.01952,0
0.02642,0
0.03049,0
0.03949,0
0.04498,0
0.08697,0
0.08898,0
0.06920,0
0.06630,0
0.06245,0
0.06220,0
0.12393,0
0.09828,0
0.09946,0
0.07644,0
0.07283,0
0.07979,0
0.10938,0
0.12425,0
0.09733,0
0.07213,0
0.06317,0
0.05304,0
0.05638,0
0.07295,0
0.01006,0
0.03112,0
0.04179,0
0.05333,0
0.04444,0
0.05771,1
0.08697,0
0.07524,0
0.05288,0
0.05667,0
0.05598,0
0.05510,0
0.02894,0
0.02751,0
0.03889,0
0.04010,0
0.04475,0
0.03888,0
0.03557,0
0.00808,0
0.01797,0
0.04044,0
0.03201,0
0.02820,0
0.03339,0
0.03686,0
0.02802,1
0.05780,1
0.05582,1
0.03976,1
0.04178,1
0.04448,1
0.05603,1
0.25515,1
0.13599,1
0.11526,1
0.13156,1
0.11977,1
0.00808,0
0.02547,0
0.05244,0
0.08153,0
0.10031,0
0.09624,0
0.10026,0
0.00808,0
0.02950,0
0.04478,0
0.03001,0
0.02459,0
0.02840,0
0.03926,0
0.19633,0
0.11335,0
0.08072,0
0.07097,0
0.07343,0
0.00808,0
0.02994,0
0.02081,0
0.01959,0
0.02773,0
0.03693,0
0.01006,0
0.01906,0
0.03684,0
0.04908,0
0.03786,0
0.03873,0
0.04034,0
0.02894,0
0.03668,0
0.01728,0
0.01743,0
0.02011,0
0.10533,1
0.08896,1
0.07838,1
0.08379,1
0.07656,1
0.07890,1
0.09478,1
0.00808,0
0.02889,0
0.02185,0
0.01716,0
0.02861,0
0.03514,0
0.00808,0
0.02341,0
0.02776,0
0.02459,0
0.02881,0
0.03543,0
0.21126,0
0.10052,0
0.07172,0
0.06078,0
0.04983,0
0.05504,0
0.10755,0
0.06840,0
0.04935,0
0.04280,0
0.04851,0
0.05366,0
0.06996,0
0.07169,1
0.08742,1
0.09245,1
0.09254,1
0.08899,1
0.08461,1
0.12250,1
0.00808,0
0.02889,0
0.02185,0
0.01716,0
0.02544,0
0.03413,0
0.00808,0
0.13113,1
0.13381,1
0.12250,1
0.12370,1
0.11782,1
0.00808,0
0.01735,0
0.03096,0
0.01787,0
0.02451,0
0.03600,0
0.03963,0
0.01837,0
0.03676,0
0.02716,0
0.02021,0
0.02976,0
0.03685,0
0.03012,0
0.03085,0
0.03433,0
0.02927,0
0.03576,0
0.03364,0
0.03105,0
0.10721,0
0.07183,0
0.04993,0
0.03480,0
0.03476,0
0.04793,0
0.06287,0
0.12973,0
0.09188,0
0.05805,0
0.05315,0
0.07088,0
0.10314,0
0.01006,0
0.02495,0
0.04037,0
0.05238,0
0.03623,0
0.03576,0
0.03770,0
0.01006,0
0.02131,0
0.02809,0
0.02602,0
0.03357,0
0.03824,0
0.09622,0
0.10763,0
0.12939,0
0.10617,0
0.09399,0
0.08384,0
0.08098,0
0.03012,0
0.03661,0
0.01851,0
0.01798,0
0.02046,0
0.14352,0
0.09975,0
0.14784,0
0.12302,0
0.10476,0
0.09066,0
0.08745,0
0.08343,0
0.07773,0
0.07995,0
0.08070,0
0.08011,0
0.07388,0
0.12669,0
0.09328,0
0.06489,0
0.04735,0
0.04051,0
0.04227,0
0.05977,0
0.00808,0
0.01952,0
0.02129,0
0.01663,0
0.02723,0
0.03559,0
0.00808,0
0.02950,0
0.05028,0
0.06714,0
0.09211,1
0.10702,1
0.10285,1
0.00808,0
0.02889,0
0.02185,0
0.01921,0
0.03160,0
0.03440,0
0.02894,0
0.09868,1
0.08165,1
0.09336,1
0.09602,1
0.09322,1
0.09949,1
0.03044,0
0.03867,0
0.04830,1
0.05011,1
0.04279,1
0.06467,1
0.05691,1
0.09987,1
0.11573,1
0.00808,0
0.02994,0
0.02081,0
0.01949,0
0.02809,0
0.03512,0
0.01006,0
0.03329,0
0.02538,0
0.02192,0
0.02751,0
0.03801,0
0.09366,0
0.10492,0
0.10187,0
0.11304,0
0.10019,0
0.08768,0
0.08505,0
0.01006,0
0.02495,0
0.04385,0
0.06771,0
0.08788,0
0.08853,0
0.09301,0
0.12095,1
0.10069,1
0.08110,1
0.13367,1
0.11801,1
0.11290,1
0.11996,1
0.11442,0
0.08609,0
0.09551,1
0.10285,1
0.10605,1
0.08994,1
0.08556,1
0.08697,1
0.07524,1
0.10929,1
0.09873,1
0.08333,1
0.07762,1
0.27652,0
0.14870,0
0.14544,0
0.11423,0
0.09576,0
0.09409,0
0.11075,0
0.03044,0
0.05023,0
0.07576,0
0.05467,0
0.04745,0
0.00808,0
0.02950,0
0.05028,0
0.06714,0
0.06015,0
0.06175,0
0.06812,0
0.12463,0
0.09957,0
0.07097,0
0.04907,0
0.04464,0
0.05217,0
0.08563,0
0.11928,0
0.09997,0
0.06372,0
0.06037,0
0.07267,0
0.10196,0
0.01837,0
0.02700,0
0.02606,0
0.01992,0
0.03314,0
0.04285,0
0.03044,0
0.03904,0
0.01914,0
0.01799,0
0.01939,0
0.00808,0
0.02135,0
0.02967,0
0.02545,0
0.03009,0
0.03607,0
0.03012,0
0.03313,0
0.04136,0
0.04858,0
0.04654,0
0.04123,0
0.03743,0
0.00808,0
0.03208,0
0.02355,0
0.01990,0
0.02850,0
0.03036,0
0.02894,0
0.03222,0
0.03642,0
0.03214,0
0.04111,0
0.03811,0
0.03591,0
0.11996,0
0.09710,0
0.08774,0
0.07056,0
0.07136,0
0.08242,0
0.11985,0
0.08156,0
0.06332,0
0.04083,0
0.04515,0
0.07279,0
0.09941,0
0.00808,0
0.02889,0
0.02185,0
0.01748,0
0.02454,0
0.02881,0
0.03044,0
0.03904,0
0.01914,0
0.01799,0
0.01939,0
0.08020,1
0.09265,1
0.09354,1
0.01006,0
0.02495,0
0.03739,0
0.02259,0
0.02734,0
0.02944,0
0.03094,0
0.01837,0
0.02700,0
0.05758,1
0.06100,1
0.06966,1
0.09797,1
0.11497,1
0.12085,1
0.10755,0
0.06840,0
0.04935,0
0.04280,0
0.05049,0
0.05577,0
0.07594,0
0.03012,0
0.03661,0
0.02883,1
0.08178,1
0.09396,1
0.09678,1
0.01006,0
0.01906,0
0.02581,0
0.01204,0
0.01961,0
0.03249,1
0.05058,1
0.06198,1
0.06728,1
0.00808,0
0.02341,0
0.02239,0
0.01531,0
0.02749,0
0.03446,0
0.00808,0
0.02341,0
0.02776,0
0.01980,0
0.02783,0
0.03586,0
0.08928,0
0.06054,0
0.04272,0
0.04393,0
0.06679,0
0.09153,0
0.00808,0
0.02341,0
0.02776,0
0.02075,0
0.03360,0
0.03833,0
0.29620,0
0.17990,0
0.12790,0
0.09645,0
0.08046,0
0.07696,0
0.08017,0
0.03012,0
0.03661,0
0.01851,0
0.01798,0
0.02046,0
0.15416,0
0.11396,0
0.08353,0
0.06186,0
0.06233,0
0.08474,0
0.14558,0
0.07281,0
0.05052,0
0.04962,0
0.05382,0
0.04942,0
0.05276,0
0.08343,0
0.09261,0
0.08971,1
0.08177,1
0.07469,1
0.06982,1
0.01837,0
0.03737,0
0.04970,0
0.06958,0
0.06352,0
0.06327,0
0.06609,0
0.08928,0
0.06996,0
0.04869,0
0.05246,0
0.07104,0
0.10258,0
0.11264,0
0.08503,0
0.05143,0
0.03111,0
0.04407,0
0.04922,0
0.05262,0
0.10542,0
0.08958,0
0.08209,0
0.06432,0
0.06384,0
0.07365,0
0.09154,0
0.12207,0
0.08920,0
0.05558,0
0.05108,0
0.07092,0
0.08298,0
0.03012,0
0.05076,0
0.04409,0
0.05120,0
0.06070,0
0.06884,0
0.08211,0
0.00808,0
0.01735,0
0.02438,0
0.01136,0
0.01963,0
0.03055,0
0.03414,0
0.11041,0
0.08297,0
0.07849,0
0.06128,0
0.05950,0
0.06780,0
0.02894,0
0.03294,0
0.03748,0
0.03708,0
0.04078,0
0.03948,0
0.03775,0
0.00808,0
0.01735,0
0.02438,0
0.01136,0
0.01963,0
0.03055,0
0.03414,0
0.00808,0
0.01797,0
0.03807,0
0.05238,0
0.04682,0
0.04853,0
0.05029,0
0.00808,0
0.01797,0
0.04077,0
0.02931,0
0.02647,0
0.03253,0
0.03614,0
0.08224,0
0.07010,0
0.06255,0
0.05248,0
0.04623,0
0.05054,0
0.06750,0
0.08940,0
0.09794,0
0.10090,0
0.07750,0
0.07469,0
0.07205,0
0.07200,0
0.01006,0
0.02131,0
0.02250,0
0.02150,0
0.02690,0
0.03982,0
0.17085,0
0.10692,0
0.08518,0
0.07489,0
0.06135,0
0.06336,0
0.07850,0
0.01006,0
0.01980,0
0.04190,0
0.04012,0
0.04036,0
0.04526,0
0.05169,0
0.01006,0
0.02348,0
0.02298,0
0.01587,0
0.02805,0
0.03734,0
0.11544,0
0.11556,0
0.09240,0
0.08257,0
0.07195,0
0.06463,0
0.06537,0
0.01006,0
0.03193,0
0.02090,0
0.02199,0
0.02765,0
0.03095,0
0.00808,0
0.01735,0
0.02438,0
0.01136,0
0.01901,0
0.02348,0
0.02726,0
0.00808,0
0.02341,0
0.02776,0
0.01980,0
0.02772,0
0.04128,0
0.10154,0
0.07314,0
0.04874,0
0.05572,0
0.07051,0
0.08114,0
0.09224,0
0.00808,0
0.01735,0
0.03384,0
0.04422,0
0.04055,0
0.04811,0
0.04954,0
0.03044,0
0.04640,0
0.04058,0
0.05432,0
0.06916,0
0.07524,0
0.08094,0
0.09614,0
0.09008,0
0.10415,0
0.08431,0
0.08046,0
0.07970,0
0.07890,0
0.01837,0
0.02562,0
0.04608,0
0.04596,0
0.04502,0
0.05183,0
0.05690,0
0.00808,0
0.01735,0
0.03606,0
0.04859,0
0.03747,0
0.03705,0
0.04914,0
0.03044,0
0.03904,0
0.01914,0
0.01799,0
0.01939,0
0.08045,0
0.06910,0
0.06689,0
0.06528,0
0.05955,0
0.07036,0
0.03044,0
0.03326,0
0.04000,0
0.03461,0
0.04441,0
0.04065,0
0.03829,0
0.00808,0
0.05124,1
0.06478,1
0.05734,1
0.07643,1
0.08106,1
0.08232,1
0.09746,0
0.07274,0
0.06249,0
0.05416,0
0.05051,0
0.04492,0
0.04970,0
0.02894,0
0.03282,0
0.03575,0
0.04331,0
0.03849,0
0.03822,0
0.03727,0
0.12669,0
0.09686,0
0.06751,0
0.04953,0
0.04166,0
0.04294,0
0.05410,0
0.08393,0
0.04746,0
0.04234,0
0.03884,0
0.04461,0
0.08181,0
0.08884,0
0.12886,0
0.09431,0
0.06407,0
0.06448,0
0.08619,0
0.09455,0
0.09835,0
0.02894,0
0.02751,0
0.03889,0
0.02864,0
0.03562,0
0.03218,0
0.02999,0
0.07305,0
0.04903,0
0.05164,0
0.06569,0
0.08680,0
0.07169,0
0.08426,0
0.06420,0
0.04784,0
0.04562,0
0.04465,0
0.04655,0
0.01837,0
0.03827,0
0.02482,0
0.02314,0
0.03443,0
0.03976,0
0.11928,0
0.09997,0
0.06372,0
0.05926,0
0.07107,0
0.08178,0
0.00808,0
0.01735,0
0.02438,0
0.01136,0
0.01970,0
0.02926,0
0.03672,0
0.19035,0
0.13131,0
0.11032,0
0.10091,0
0.08262,0
0.07720,0
0.08715,0
0.11493,0
0.08889,0
0.05585,0
0.05514,0
0.06420,0
0.07611,0
0.10721,0
0.08801,0
0.07621,0
0.05643,0
0.05413,0
0.06569,0
0.10025,0
0.01837,0
0.02700,0
0.03202,0
0.03442,0
0.04271,0
0.05006,0
0.01837,0
0.03986,0
0.02946,0
0.02726,0
0.03039,0
0.03999,0
0.08224,0
0.06660,0
0.07550,0
0.06203,0
0.05518,0
0.05789,0
0.06916,0
0.11709,0
0.11349,0
0.08157,0
0.06990,0
0.07563,0
0.06646,0
0.06551,0
0.00808,0
0.02994,0
0.02718,0
0.04179,0
0.04155,0
0.04593,0
0.03588,0
0.04370,0
0.04860,0
0.05263,0
0.04894,0
0.04527,0
0.04241,0
0.06196,0
0.05475,0
0.05577,0
0.05302,0
0.06397,0
0.07233,0
0.09746,0
0.07274,0
0.05776,0
0.05554,0
0.05054,0
0.04440,0
0.04698,0
0.08669,0
0.08203,0
0.05486,0
0.05563,0
0.06905,0
0.09156,0
0.09399,0
0.01837,0
0.03827,0
0.03191,0
0.03126,0
0.03831,0
0.04916,0
0.03012,0
0.03168,0
0.03494,0
0.03180,0
0.03615,0
0.03404,0
0.03285,0
0.03044,0
0.03396,0
0.03728,0
0.03067,0
0.03322,0
0.03449,0
0.03223,0
0.19633,0
0.11335,0
0.08072,0
0.06782,0
0.07063,0
0.01006,0
0.02324,0
0.04105,0
0.07162,0
0.09761,0
0.10364,0
0.10717,0
0.08697,0
0.07524,0
0.05761,0
0.06018,0
0.05607,0
0.05647,0
0.09663,0
0.09992,0
0.08850,0
0.06353,0
0.05267,0
0.05143,0
0.05580,0
0.07305,0
0.04903,0
0.04605,0
0.06106,0
0.09756,0
0.00808,0
0.10372,1
0.09759,1
0.11665,1
0.15095,1
0.14499,1
0.21126,0
0.11785,0
0.09412,0
0.07831,0
0.06389,0
0.06193,0
0.03044,0
0.05023,0
0.05514,0
0.04325,0
0.03753,0
0.00808,0
0.02950,0
0.05028,0
0.05742,0
0.05369,0
0.05081,0
0.05168,0
0.08343,0
0.09261,0
0.08093,0
0.07526,0
0.07508,0
0.06938,0
0.12932,0
0.08099,0
0.05866,0
0.04179,0
0.04380,0
0.06526,0
0.08602,0
0.09746,0
0.08751,0
0.07698,0
0.06837,0
0.06051,0
0.05283,0
0.05433,0
0.19633,1
0.13452,1
0.12142,1
0.11444,1
0.10351,1
0.00808,0
0.02547,0
0.03611,0
0.02186,0
0.02669,0
0.03092,0
0.04356,0
0.01837,0
0.03676,0
0.04970,0
0.04182,0
0.05339,0
0.06148,0
0.17085,0
0.10668,0
0.09093,0
0.07998,0
0.06296,0
0.06413,0
0.07346,0
0.00808,0
0.01735,0
0.02438,0
0.01136,0
0.01970,0
0.03431,0
0.04112,0
0.02354,1
0.05037,1
0.08206,1
0.08188,1
0.07497,1
0.09789,1
0.08468,1
0.11232,1
0.12739,1
0.00808,0
0.01735,0
0.03683,0
0.05245,0
0.04350,0
0.04314,0
0.05372,0
0.13673,0
0.07431,0
0.05130,0
0.04588,0
0.04704,0
0.06105,0
0.07797,0
0.01006,0
0.02324,0
0.04772,0
0.08936,0
0.11876,0
0.11994,0
0.11507,0
0.14558,0
0.07281,0
0.05995,0
0.05640,0
0.04910,0
0.04350,0
0.04684,0
0.00808,0
0.05508,0
0.05670,0
0.06848,0
0.07697,0
0.09291,0
0.09609,0
0.03012,0
0.02968,0
0.02341,0
0.02263,0
0.02495,0
0.01006,0
0.03072,0
0.02346,0
0.01803,0
0.02459,0
0.02885,0
0.09575,0
0.07342,0
0.04752,0
0.05165,0
0.05937,0
0.06355,0
0.06605,0
0.09614,0
0.08354,0
0.09243,0
0.07923,0
0.08364,0
0.08021,0
0.08012,0
0.08503,1
0.07480,1
0.08142,1
0.06857,1
0.07282,1
0.08899,1
0.03588,0
0.04056,0
0.04150,0
0.03657,0
0.03975,0
0.03837,0
0.03668,0
0.00808,0
0.01797,0
0.03236,0
0.03089,0
0.02915,0
0.03318,0
0.04438,0
0.09622,0
0.07417,0
0.04973,0
0.03658,0
0.03952,0
0.05055,0
0.05170,0
0.07515,1
0.09457,1
0.10999,1
0.14169,1
0.15219,1
0.14307,1
0.13918,1
0.07644,0
0.05591,0
0.06804,0
0.06596,0
0.05622,0
0.06119,0
0.09756,0
0.06426,0
0.05573,0
0.06028,0
0.11258,0
0.03588,0
0.03661,0
0.04243,0
0.04656,0
0.04738,0
0.04153,0
0.03897,0
0.03588,0
0.05481,0
0.05461,0
0.05008,0
0.04788,0
0.00808,0
0.07866,1
0.10282,1
0.10754,1
0.01006,0
0.01906,0
0.02581,0
0.01204,0
0.02032,0
0.02974,0
0.03514,0
0.01837,0
0.02562,0
0.04607,0
0.03824,1
0.09633,1
0.10410,1
0.10530,1
0.11106,1
0.10116,0
0.08440,0
0.13096,0
0.11543,0
0.09959,0
0.08631,0
0.08387,0
0.03012,0
0.03661,0
0.01851,0
0.01789,0
0.01924,0
0.00808,0
0.02994,0
0.02718,0
0.03123,0
0.03449,0
0.06538,1
0.07473,1
0.07645,1
0.00808,0
0.02341,0
0.02239,0
0.01150,0
0.02685,0
0.05962,1
0.07681,1
0.07958,1
0.03044,0
0.03121,0
0.02434,0
0.02366,0
0.02461,0
0.03012,0
0.03401,0
0.03806,0
0.03160,0
0.03846,0
0.03325,0
0.03023,0
0.00808,0
0.01735,0
0.03606,0
0.04859,0
0.04225,0
0.04577,0
0.04774,0
0.01006,0
0.03329,0
0.02538,0
0.02192,0
0.02828,0
0.03352,0
0.03012,0
0.03313,0
0.03578,0
0.03238,0
0.03660,0
0.03488,0
0.03266,0
0.11833,0
0.16645,0
0.14393,1
0.13522,1
0.13943,1
0.12080,1
0.10894,1
0.11028,1
0.12102,1
0.08224,0
0.06114,0
0.05289,0
0.04528,0
0.03892,0
0.03940,0
0.05333,0
0.03588,0
0.04370,0
0.05353,0
0.06312,0
0.06034,0
0.05510,0
0.04990,0
0.00808,0
0.01952,0
0.02129,0
0.02060,0
0.03121,0
0.04029,0
0.00808,0
0.02341,0
0.02239,0
0.01150,0
0.02418,0
0.03481,0
0.00808,0
0.02547,0
0.04301,0
0.05833,0
0.05080,0
0.04964,0
0.05240,0
0.06472,0
0.06233,0
0.06556,0
0.05060,0
0.04976,0
0.06542,0
0.00808,0
0.02889,0
0.04428,0
0.04079,0
0.04643,0
0.04785,0
0.11771,0
0.06028,0
0.05033,0
0.05285,0
0.05813,0
0.05230,0
0.06013,0
0.00808,0
0.02950,0
0.04814,0
0.03732,0
0.03138,0
0.03421,0
0.04026,0
0.00808,0
0.01735,0
0.03479,0
0.06797,0
0.07799,0
0.08447,0
0.08981,0
0.00808,0
0.01735,0
0.02438,0
0.01136,0
0.02111,0
0.02945,0
0.03213,0
0.01837,0
0.02995,0
0.02755,0
0.01909,0
0.02385,0
0.03631,0
0.11771,0
0.06028,0
0.05116,0
0.04985,0
0.04369,0
0.04050,0
0.04904,0
0.00808,0
0.02950,0
0.04457,0
0.04653,0
0.04594,0
0.05053,0
0.05535,0
0.00808,0
0.01735,0
0.03606,0
0.04859,0
0.03747,0
0.03770,0
0.04450,0
0.00808,0
0.02547,0
0.03607,0
0.06112,0
0.05519,0
0.06086,0
0.06439,0
0.00808,0
0.02341,0
0.02776,0
0.01980,0
0.03423,0
0.04372,0
0.01837,0
0.05444,0
0.06821,0
0.05681,0
0.04892,0
0.05277,0
0.01006,0
0.03193,0
0.02764,0
0.02806,0
0.03619,0
0.04746,0
0.10142,0
0.09082,0
0.07401,0
0.06301,0
0.06563,0
0.00808,0
0.02994,0
0.02081,0
0.02295,0
0.02593,0
0.03269,0
0.00808,0
0.02341,0
0.02776,0
0.01980,0
0.03174,0
0.03868,0
0.16316,0
0.13725,0
0.11045,0
0.08454,0
0.07839,0
0.09488,0
0.12926,0
0.00808,0
0.01735,0
0.03432,0
0.05001,0
0.04937,0
0.05280,0
0.05247,0
0.11747,0
0.09443,0
0.07863,0
0.05729,0
0.04776,0
0.04796,0
0.05765,0
0.08940,0
0.09832,0
0.11320,0
0.09332,0
0.09067,0
0.08384,0
0.08323,0
0.00808,0
0.02889,0
0.02185,0
0.01716,0
0.02306,0
0.03013,0
0.01006,0
0.03072,0
0.02346,0
0.05369,1
0.07794,1
0.08386,1
0.02894,0
0.03668,0
0.01728,0
0.01743,0
0.02011,0
0.00808,0
0.06597,0
0.06691,0
0.06582,0
0.05981,0
0.06972,0
0.10471,0
0.08225,0
0.07522,0
0.06304,0
0.05523,0
0.05844,0
0.00808,0
0.01952,0
0.02642,0
0.02480,0
0.03573,0
0.03997,0
0.03012,0
0.03173,0
0.03490,0
0.03460,0
0.03808,0
0.03686,0
0.03541,0
0.03044,0
0.03397,0
0.03930,0
0.03132,0
0.03719,0
0.03520,0
0.03379,0
0.13673,0
0.07861,0
0.05270,0
0.04464,0
0.04956,0
0.05246,0
0.07043,0
0.09852,0
0.07432,0
0.05437,0
0.05087,0
0.05741,0
0.12726,0
0.09166,0
0.07681,0
0.05323,0
0.04296,0
0.04248,0
0.05610,0
0.16316,1
0.12025,1
0.09727,1
0.07786,1
0.07584,1
0.11631,1
0.12887,1
0.00808,0
0.02889,0
0.02185,0
0.02039,0
0.02538,0
0.03630,0
0.00808,0
0.02994,0
0.02081,0
0.02176,0
0.02822,0
0.03409,0
0.00808,0
0.02950,0
0.04478,0
0.03001,0
0.02660,0
0.03599,0
0.04101,0
0.07169,0
0.08862,0
0.08540,0
0.08231,0
0.08116,0
0.07434,0
0.07291,0
0.02894,0
0.03057,0
0.04097,0
0.03449,0
0.03894,0
0.03602,0
0.03370,0
0.19633,0
0.11280,0
0.08165,0
0.07276,0
0.07495,0
0.01837,0
0.07179,0
0.05992,0
0.07132,0
0.06280,0
0.06701,0
0.07249,0
0.02894,0
0.09346,1
0.07658,1
0.06480,1
0.05866,1
0.00808,0
0.01735,0
0.02438,0
0.01136,0
0.01901,0
0.02526,0
0.03525,0
0.00808,0
0.02950,0
0.04691,0
0.04328,0
0.04219,0
0.04709,0
0.04870,0
0.00808,0
0.04527,0
0.05942,0
0.06199,0
0.06027,0
0.06842,0
0.15012,0
0.12580,0
0.09825,0
0.09034,0
0.07523,0
0.06535,0
0.06561,0
0.01006,0
0.02301,0
0.03365,0
0.03885,0
0.04339,0
0.04776,0
0.09911,0
0.06183,0
0.05187,0
0.05578,0
0.10982,0
0.03588,0
0.03556,0
0.04875,0
0.06064,0
0.06044,0
0.05782,0
0.05336,0
0.09747,0
0.07291,0
0.06904,0
0.06135,0
0.05482,0
0.04874,0
0.05164,0
0.09814,0
0.06296,0
0.04581,0
0.04676,0
0.04707,0
0.04931,0
0.01006,0
0.09464,1
0.09931,1
0.12350,1
0.10996,1
0.10749,1
0.10110,1
0.12669,0
0.09781,0
0.06608,0
0.05034,0
0.04252,0
0.04987,0
0.05468,0
0.13276,0
0.11931,0
0.09208,0
0.07266,0
0.07042,0
0.09290,0
0.00808,0
0.02205,0
0.04519,0
0.04487,0
0.04319,0
0.04531,0
0.05450,0
0.07953,0
0.07135,0
0.05197,0
0.05793,0
0.06516,0
0.06744,0
0.07070,0
0.02894,0
0.03032,0
0.03624,0
0.03957,0
0.03464,0
0.03567,0
0.03348,0
0.09911,0
0.06183,0
0.05534,0
0.05841,0
0.11155,0
0.07176,0
0.04374,0
0.04942,0
0.05047,0
0.04277,0
0.04519,0
0.00808,0
0.02547,0
0.03607,0
0.06112,0
0.05061,0
0.04823,0
0.05235,0
0.01006,0
0.02348,0
0.02298,0
0.01587,0
0.02450,0
0.02921,0
0.01006,0
0.01980,0
0.04446,0
0.06355,0
0.06034,0
0.06011,0
0.06279,0
0.11544,0
0.09781,0
0.07721,0
0.07526,0
0.07572,0
0.07018,0
0.07193,0
0.01837,0
0.03737,0
0.05560,0
0.06232,0
0.05398,0
0.05590,0
0.05588,0
0.01837,0
0.03827,0
0.02482,0
0.02101,0
0.02640,0
0.03307,0
0.01006,0
0.02495,0
0.04037,0
0.05238,0
0.03974,0
0.04219,0
0.05338,0
0.00808,0
0.02889,0
0.04428,0
0.04268,0
0.04349,0
0.04912,0
0.02894,0
0.03668,0
0.01728,0
0.01733,0
0.01882,0
0.14558,0
0.07281,0
0.05598,0
0.05735,0
0.05044,0
0.04568,0
0.05364,0
0.10542,0
0.09447,0
0.06903,0
0.05482,0
0.05439,0
0.06170,0
0.09543,0
0.01006,0
0.03205,1
0.04565,1
0.03172,1
0.02587,1
0.04251,1
0.04712,1
0.00808,0
0.01797,0
0.04077,0
0.02931,0
0.02847,0
0.03451,0
0.04205,0
0.03044,0
0.02893,0
0.03581,0
0.03509,0
0.04724,0
0.04397,0
0.04024,0
0.01006,0
0.02131,0
0.02809,0
0.03139,0
0.03758,0
0.04547,0
0.09925,0
0.09101,0
0.07356,0
0.05704,0
0.05828,0
0.08022,0
0.01006,0
0.05049,0
0.05905,0
0.07771,0
0.08716,0
0.09075,0
0.13244,0
0.08393,0
0.07877,0
0.05798,0
0.05839,0
0.07480,0
0.10844,0
0.03044,0
0.03347,0
0.05336,0
0.05688,0
0.05496,0
0.11996,0
0.09321,0
0.08219,0
0.06430,0
0.06534,0
0.08235,0
0.10277,0
0.01006,0
0.01980,0
0.03700,0
0.06183,0
0.05840,0
0.05970,0
0.05839,0
0.01006,0
0.03193,0
0.02090,0
0.02026,0
0.02827,0
0.03688,0
0.09911,0
0.06183,0
0.05187,0
0.05578,0
0.10982,0
0.00808,0
0.02341,0
0.02776,0
0.02459,0
0.02874,0
0.03685,0
0.00808,0
0.02341,0
0.02776,0
0.02459,0
0.03202,0
0.03554,0
0.11771,0
0.06028,0
0.04684,0
0.05035,0
0.04498,0
0.04150,0
0.05047,0
0.02894,0
0.03668,0
0.01728,0
0.01733,0
0.01882,0
0.01006,0
0.02495,0
0.04230,0
0.04664,0
0.03785,0
0.03766,0
0.03902,0
0.19633,0
0.11335,0
0.08072,0
0.06782,0
0.07063,0
0.08940,0
0.08738,0
0.10801,0
0.09573,0
0.09003,0
0.08507,0
0.08420,0
0.00808,0
0.02950,0
0.04026,0
0.05203,0
0.04716,0
0.05153,0
0.05703,0
0.07092,0
0.05767,0
0.03752,0
0.04373,0
0.04178,0
0.05017,0
0.05257,0
0.00808,0
0.01797,0
0.03366,0
0.02626,0
0.02426,0
0.03050,0
0.03456,0
0.09991,0
0.08323,0
0.06637,0
0.04544,0
0.04452,0
0.06219,0
0.13034,0
0.08586,0
0.08117,0
0.07174,0
0.05849,0
0.06125,0
0.00808,0
0.01735,0
0.03096,0
0.01787,0
0.02008,0
0.02414,0
0.02805,0
0.03588,0
0.03963,0
0.04754,0
0.07474,0
0.08925,0
0.09274,0
0.10230,0
0.01837,0
0.02442,0
0.03979,0
0.05258,0
0.04681,0
0.05359,0
0.05839,0
0.01006,0
0.02348,0
0.02854,0
0.02508,0
0.03589,0
0.04161,0
0.01006,0
0.02324,0
0.04638,0
0.04122,0
0.03998,0
0.04273,0
0.04823,0
0.00808,0
0.02547,0
0.02901,0
0.01506,0
0.02152,0
0.03022,0
0.03729,0
0.01006,0
0.02348,0
0.02298,0
0.01587,0
0.01934,0
0.02543,0
0.09991,0
0.08511,0
0.07192,0
0.05098,0
0.04965,0
0.06675,0
0.06775,0
0.06694,0
0.08936,0
0.08840,0
0.09006,0
0.10721,0
0.07594,0
0.05324,0
0.04127,0
0.03895,0
0.05790,0
0.06999,0
0.05761,0
0.04897,0
0.05354,0
0.04436,0
0.05472,0
0.05841,1
0.01006,0
0.02495,0
0.03589,0
0.05219,0
0.03629,0
0.03671,0
0.04207,0
0.01837,0
0.02995,0
0.03307,0
0.02841,0
0.03159,0
0.03766,0
0.10496,0
0.08579,0
0.07231,0
0.05775,0
0.04880,0
0.04804,0
0.05738,0
0.14558,1
0.07281,1
0.07901,1
0.08558,1
0.09095,1
0.09714,1
0.10083,1
0.00808,0
0.02994,0
0.02718,0
0.02956,0
0.03282,0
0.03769,0
0.09614,1
0.05668,1
0.09572,1
0.10753,1
0.09486,1
0.09880,1
0.10022,1
0.08910,1
0.09205,1
0.09852,0
0.07432,0
0.05437,0
0.05133,0
0.06009,0
0.12932,0
0.09713,0
0.07266,0
0.05248,0
0.05449,0
0.06288,0
0.09954,0
0.01837,0
0.02442,0
0.02898,0
0.01510,0
0.02411,0
0.03205,0
0.03336,0
0.07437,0
0.06747,0
0.06459,0
0.05734,0
0.05389,0
0.06572,0
0.01006,0
0.03072,0
0.02346,0
0.02139,0
0.02463,0
0.02881,0
0.00808,0
0.02547,0
0.03607,0
0.06486,0
0.05678,0
0.05995,0
0.05763,0
0.01006,0
0.03329,0
0.02538,0
0.02098,0
0.03727,0
0.04352,0
0.02894,0
0.03668,0
0.01728,0
0.01733,0
0.01882,0
0.07176,0
0.04374,0
0.04320,0
0.04265,0
0.03891,0
0.04194,0
0.17239,0
0.10546,0
0.08696,0
0.07224,0
0.06109,0
0.06547,0
0.03012,0
0.04842,0
0.07582,0
0.04000,0
0.03350,0
0.02894,0
0.03668,0
0.01728,0
0.01733,0
0.01882,0
0.01006,0
0.01906,0
0.03684,0
0.04908,0
0.03786,0
0.03389,0
0.03618,0
0.03012,0
0.03621,0
0.04561,0
0.04134,0
0.04679,0
0.04214,0
0.03844,0
0.08697,0
0.07524,0
0.06080,0
0.06347,0
0.06683,0
0.06417,0
0.00808,0
0.02994,0
0.02718,0
0.03151,0
0.03939,0
0.05023,0
0.11481,0
0.08066,0
0.05308,0
0.04807,0
0.06651,0
0.08437,0
0.09115,0
0.01837,0
0.03986,0
0.02946,0
0.02614,0
0.03224,0
0.03655,0
0.02894,0
0.03282,0
0.03436,0
0.02690,0
0.03017,0
0.03215,0
0.03039,0
0.01837,0
0.02442,0
0.04315,0
0.05678,0
0.04942,0
0.04802,0
0.05220,0
0.12572,0
0.10730,0
0.08283,0
0.07415,0
0.06982,0
0.06342,0
0.06838,0
0.01006,0
0.02131,0
0.03229,0
0.02982,0
0.04024,0
0.04898,0
0.09575,0
0.07342,0
0.05050,0
0.05276,0
0.09150,0
0.11705,0
0.00808,0
0.02994,0
0.02081,0
0.01744,0
0.02493,0
0.02910,0
0.01837,0
0.02562,0
0.04089,0
0.06537,0
0.06110,0
0.06276,0
0.07529,1
0.09647,1
0.09880,1
0.00808,0
0.02950,0
0.05584,1
0.06525,1
0.09871,1
0.12374,1
0.12869,1
0.13141,1
0.13104,1
0.00808,0
0.02889,0
0.02185,0
0.01924,0
0.03186,0
0.04205,0
0.09622,0
0.10763,0
0.12939,0
0.10727,0
0.09749,0
0.08770,0
0.08657,0
0.09622,0
0.07417,0
0.04973,0
0.03846,0
0.04119,0
0.04168,0
0.04502,0
0.14662,0
0.08555,0
0.05678,0
0.04928,0
0.04908,0
0.05198,0
0.08174,0
0.06775,1
0.06262,1
0.07423,1
0.11771,1
0.09238,1
0.07146,1
0.10350,1
0.10563,1
0.10217,1
0.10812,1
0.03012,0
0.04842,0
0.07582,0
0.04000,0
0.03350,0
0.00808,0
0.01735,0
0.03384,0
0.03794,0
0.03627,0
0.04456,0
0.04640,0
0.00808,0
0.02341,0
0.02239,0
0.01150,0
0.01868,0
0.02844,0
0.10015,0
0.07140,0
0.04661,0
0.04863,0
0.05828,0
0.07146,0
0.08697,0
0.07524,0
0.06080,0
0.05423,0
0.05115,0
0.05249,0
0.03044,0
0.05023,0
0.07576,0
0.05618,0
0.04733,0
0.10178,0
0.09222,0
0.06628,0
0.05150,0
0.04836,0
0.06041,0
0.09308,0
0.13532,0
0.07672,0
0.05354,0
0.04603,0
0.04863,0
0.05076,0
0.06964,0
0.12379,0
0.08746,0
0.07445,0
0.06087,0
0.05016,0
0.05221,0
0.05999,0
0.00808,0
0.02950,0
0.04026,0
0.05203,0
0.04625,0
0.04800,0
0.05027,0
0.11067,0
0.08146,0
0.07719,0
0.05779,0
0.04779,0
0.04627,0
0.06281,0
0.12463,0
0.09957,0
0.06851,0
0.04728,0
0.04297,0
0.04972,0
0.08319,0
0.01006,0
0.02348,0
0.02298,0
0.01313,0
0.02400,0
0.02824,0
0.09725,0
0.07002,0
0.05049,0
0.05625,0
0.06978,0
0.09759,0
0.10645,0
0.13244,0
0.09378,0
0.08217,0
0.06042,0
0.06021,0
0.07487,0
0.10986,0
0.00808,0
0.01797,0
0.03575,0
0.06115,0
0.05117,0
0.05482,0
0.05751,0
0.03012,0
0.03313,0
0.03581,0
0.04423,0
0.03931,0
0.03665,0
0.03361,0
0.11771,0
0.06028,0
0.04822,0
0.05040,0
0.06117,0
0.05722,0
0.06517,0
0.06775,0
0.06262,0
0.10077,0
0.12591,0
0.12039,0
0.00808,0
0.02341,0
0.02239,0
0.01150,0
0.02685,0
0.03248,0
0.00808,0
0.01735,0
0.03432,0
0.04627,0
0.04414,0
0.04787,0
0.04778,0
0.00808,0
0.03208,0
0.02355,0
0.02443,0
0.02901,0
0.03221,0
0.07176,0
0.03588,0
0.05098,0
0.05413,0
0.04688,0
0.04846,0
0.00808,0
0.10190,1
0.10944,1
0.10347,1
0.09294,1
0.02894,0
0.03085,0
0.04329,0
0.05573,0
0.05260,0
0.04759,0
0.04452,0
0.10817,0
0.10024,0
0.08956,0
0.07076,0
0.06987,0
0.09347,0
0.03044,0
0.03646,0
0.03937,0
0.03647,0
0.04083,0
0.03931,0
0.03660,0
0.00808,0
0.02205,0
0.04114,0
0.03191,0
0.02927,0
0.03403,0
0.04509,0
0.07169,0
0.08742,0
0.12287,0
0.11327,0
0.10472,0
0.09314,0
0.08949,0
0.09814,0
0.07462,0
0.05699,0
0.05646,0
0.05692,0
0.05956,0
0.01837,0
0.02900,0
0.04531,0
0.05714,0
0.04936,0
0.05265,0
0.05812,0
0.10121,0
0.08200,0
0.05869,0
0.04329,0
0.03742,0
0.03869,0
0.04921,0
0.03012,0
0.02749,0
0.04674,0
0.03850,0
0.04579,0
0.03958,0
0.03575,0
0.09622,0
0.07417,0
0.04973,0
0.03944,0
0.04047,0
0.03999,0
0.04279,0
0.03012,0
0.03485,0
0.03303,0
0.03003,0
0.03966,0
0.03451,0
0.03163,0
0.03588,0
0.05825,0
0.04876,0
0.06249,0
0.06428,0
0.06821,0
0.07445,0
0.00808,0
0.01952,0
0.02642,0
0.03049,0
0.03679,0
0.04482,0
0.01837,0
0.03827,0
0.02482,0
0.02901,0
0.03671,0
0.04784,0
0.12717,0
0.09184,0
0.08020,0
0.05576,0
0.04608,0
0.04633,0
0.05750,0
0.03012,0
0.03661,0
0.01851,0
0.01789,0
0.01924,0
0.10542,0
0.09447,0
0.06903,0
0.05202,0
0.05415,0
0.07035,0
0.08170,0
0.00808,0
0.01735,0
0.03384,0
0.04299,0
0.03891,0
0.04842,0
0.05047,0
0.00808,0
0.01735,0
0.03096,0
0.01787,0
0.02590,0
0.03331,0
0.03436,0
0.00808,0
0.01735,0
0.04451,0
0.06954,0
0.08968,0
0.09088,0
0.09038,0
0.07437,1
0.09778,1
0.07712,1
0.07831,1
0.08232,1
0.09134,1
0.03044,0
0.03068,0
0.03407,0
0.04106,0
0.04401,0
0.04162,0
0.03859,0
0.00808,0
0.02205,0
0.04850,0
0.03673,0
0.03982,0
0.04920,0
0.05762,0
0.09622,0
0.08806,0
0.09736,0
0.09339,0
0.08584,0
0.07801,0
0.07611,0
0.03012,0
0.03020,0
0.04012,0
0.05444,0
0.09557,0
0.09960,0
0.10775,0
0.11481,0
0.09745,0
0.06343,0
0.05787,0
0.07652,0
0.08712,0
0.00808,0
0.02547,0
0.03048,0
0.04423,0
0.04199,0
0.04851,0
0.04793,0
0.07305,1
0.04903,1
0.04290,1
0.04359,1
0.06599,1
0.07451,1
0.07729,1
0.00808,0
0.01952,0
0.02129,0
0.01610,0
0.02776,0
0.03556,0
0.00808,0
0.01797,0
0.03366,0
0.02626,0
0.02793,0
0.03269,0
0.03684,0
0.00808,0
0.02341,0
0.02776,0
0.01980,0
0.03174,0
0.04129,0
0.10542,0
0.09154,0
0.06937,0
0.05676,0
0.05328,0
0.06201,0
0.07909,0
0.01837,0
0.03827,0
0.02482,0
0.03344,0
0.03997,0
0.04165,0
0.09911,0
0.06183,0
0.05187,0
0.05953,0
0.11019,0
0.10121,0
0.08680,0
0.06202,0
0.04715,0
0.04059,0
0.04154,0
0.05086,0
0.00808,0
0.04964,0
0.05777,0
0.07682,0
0.08921,0
0.09245,0
0.03588,0
0.06180,0
0.04853,0
0.05799,0
0.06024,0
0.06631,0
0.07351,0
0.01006,0
0.02131,0
0.02809,0
0.02602,0
0.03336,0
0.04710,0
0.02894,0
0.04935,0
0.05326,0
0.04147,0
0.03685,0
0.01837,0
0.02700,0
0.02606,0
0.02454,0
0.02861,0
0.03675,0
0.13008,0
0.10423,0
0.10343,0
0.08733,0
0.08150,0
0.00808,0
0.01735,0
0.03683,0
0.04489,0
0.04852,0
0.05238,0
0.05137,0
0.00808,0
0.02889,0
0.02185,0
0.01716,0
0.01918,0
0.02614,0
0.10857,1
0.08844,1
0.07674,1
0.06405,1
0.05365,1
0.05592,1
0.08450,1
0.07470,1
0.08227,1
0.07726,1
0.08013,1
0.07854,1
0.06684,1
0.05970,1
0.00808,0
0.02547,0
0.04088,0
0.05189,0
0.04502,0
0.04433,0
0.05074,0
0.13532,0
0.07019,0
0.04617,0
0.03877,0
0.04289,0
0.05142,0
0.06465,0
0.12560,0
0.07908,0
0.05242,0
0.05271,0
0.06087,0
0.06735,0
0.06664,0
0.01837,0
0.02700,0
0.02606,0
0.02454,0
0.03148,0
0.04015,0
0.00808,0
0.02547,0
0.02901,0
0.01506,0
0.02229,0
0.03285,0
0.03984,0
0.00808,0
0.01735,0
0.02438,0
0.01136,0
0.01970,0
0.03261,0
0.04047,0
0.00808,0
0.01797,0
0.03800,0
0.07471,0
0.11338,0
0.12096,0
0.12051,0
0.00808,0
0.02547,0
0.03611,0
0.02186,0
0.02721,0
0.03793,0
0.04122,0
0.03012,0
0.05119,0
0.04389,0
0.05771,0
0.06096,0
0.06913,0
0.07486,0
0.01837,0
0.02562,0
0.04108,0
0.05014,0
0.05096,0
0.05561,0
0.06041,0
0.01837,0
0.03827,0
0.03191,0
0.03487,0
0.04278,0
0.05325,0
0.01006,0
0.01906,0
0.03255,0
0.05785,0
0.04781,0
0.04695,0
0.04608,0
0.03012,0
0.03415,0
0.05383,0
0.06012,0
0.05646,0
0.29620,0
0.17990,0
0.12790,0
0.09645,0
0.08046,0
0.07911,0
0.08122,0
0.09911,1
0.06183,1
0.05255,1
0.05686,1
0.11048,1
0.09524,1
0.01837,0
0.02985,0
0.04888,0
0.05402,0
0.05319,0
0.06050,0
0.05929,0
0.03588,0
0.04937,0
0.02330,0
0.02234,0
0.02411,0
0.07176,0
0.04374,0
0.04511,0
0.04186,0
0.03698,0
0.04021,0
0.10858,0
0.10530,0
0.08333,0
0.07338,0
0.06738,0
0.06117,0
0.06294,0
0.08045,0
0.06949,0
0.06901,0
0.05324,0
0.04537,0
0.05467,0
0.08697,0
0.07524,0
0.06080,0
0.05841,0
0.06034,0
0.05905,0
0.01837,0
0.02995,0
0.02755,0
0.01511,0
0.02302,0
0.02841,0
0.00808,0
0.01735,0
0.01874,0
0.02874,0
0.03082,0
0.03335,0
0.04172,0
0.01837,0
0.05444,0
0.06125,0
0.06070,0
0.05515,0
0.05984,0
0.09663,0
0.08554,0
0.07120,0
0.05678,0
0.04721,0
0.04619,0
0.05440,0
0.01006,0
0.02348,0
0.02298,0
0.05334,1
0.06120,1
0.11041,0
0.08039,0
0.07698,0
0.06453,0
0.05513,0
0.06300,0
0.03012,0
0.03255,0
0.03968,0
0.03816,0
0.03929,0
0.03861,0
0.03574,0
0.01837,0
0.03827,0
0.02482,0
0.02290,0
0.02892,0
0.03228,0
0.00808,0
0.02889,0
0.02185,0
0.02291,0
0.02798,0
0.03855,0
0.07305,0
0.04903,0
0.04281,0
0.05985,0
0.08232,0
0.00808,0
0.02994,0
0.02081,0
0.02061,0
0.02419,0
0.02821,0
0.00808,0
0.03208,0
0.04406,0
0.04486,0
0.04862,0
0.05202,0
0.03588,0
0.03556,0
0.04506,0
0.03782,0
0.04108,0
0.03892,0
0.03720,0
0.10142,0
0.09082,0
0.07401,0
0.06301,0
0.06437,0
0.00808,0
0.01735,0
0.02438,0
0.01136,0
0.01901,0
0.02348,0
0.02726,0
0.12095,0
0.14259,0
0.11759,0
0.09868,0
0.09240,0
0.08367,0
0.08312,0
0.12328,0
0.08673,0
0.07652,0
0.06931,0
0.06258,0
0.07595,0
0.01837,0
0.02985,0
0.04888,0
0.06249,0
0.05061,0
0.04852,0
0.04827,0
0.01837,0
0.02442,0
0.04071,0
0.06808,0
0.07790,0
0.08847,0
0.09891,0
0.01006,0
0.02301,0
0.03365,0
0.03898,0
0.04769,0
0.05259,0
0.08224,0
0.06660,0
0.07550,0
0.06203,0
0.05319,0
0.05610,0
0.06749,0
0.00808,0
0.01735,0
0.02604,0
0.04752,0
0.04097,0
0.04124,0
0.04857,0
0.09700,0
0.07129,0
0.06592,0
0.06009,0
0.06836,0
0.07661,0
0.03012,0
0.03241,0
0.03682,0
0.03011,0
0.04287,0
0.04065,0
0.03716,0
0.21126,0
0.11686,0
0.08132,0
0.06570,0
0.05254,0
0.05710,0
0.01006,0
0.01906,0
0.03866,0
0.06256,1
0.07444,1
0.07788,1
0.08697,0
0.07524,0
0.06581,0
0.06336,0
0.05425,0
0.05400,0
0.04806,0
0.05298,0
0.02656,0
0.02438,0
0.02567,0
0.03012,0
0.03621,0
0.04202,0
0.04024,0
0.04615,0
0.05326,0
0.05914,0
0.00808,0
0.01797,0
0.03246,0
0.04899,0
0.05043,0
0.05411,0
0.05955,0
0.01837,0
0.03827,0
0.03191,0
0.03619,0
0.04405,0
0.04915,0
0.07562,1
0.08440,1
0.08651,1
0.03012,0
0.02832,0
0.03687,0
0.03747,0
0.04232,0
0.03882,0
0.03696,0
0.03012,0
0.03313,0
0.03937,0
0.03458,0
0.03993,0
0.03552,0
0.03268,0
0.00808,0
0.02889,0
0.02185,0
0.01661,0
0.02373,0
0.02880,0
0.17269,0
0.09564,0
0.07086,0
0.05067,0
0.05448,0
0.08466,0
0.01837,0
0.02901,0
0.03766,0
0.05626,1
0.12560,0
0.07689,0
0.05505,0
0.05434,0
0.05419,0
0.06499,0
0.06600,0
0.00808,0
0.01735,0
0.03096,0
0.01787,0
0.02451,0
0.02952,0
0.03453,0
0.01837,0
0.02995,0
0.03541,0
0.02771,0
0.03853,0
0.04220,0
0.00808,0
0.01952,0
0.02642,0
0.03049,0
0.03599,0
0.03975,0
0.09925,0
0.08414,0
0.07310,0
0.06053,0
0.06260,0
0.08836,0
0.02894,0
0.04935,0
0.07518,0
0.04280,0
0.03700,0
0.01837,0
0.02995,0
0.02755,0
0.01511,0
0.02327,0
0.03086,0
0.08102,0
0.05035,0
0.04594,0
0.04692,0
0.04757,0
0.07916,0
0.08790,0
0.08343,0
0.09261,0
0.08841,0
0.07799,0
0.06955,0
0.06599,0
0.01006,0
0.03112,0
0.04860,0
0.04461,0
0.04173,0
0.04018,0
0.04624,0
0.13034,1
0.09791,1
0.06986,1
0.06103,1
0.04850,1
0.04283,1
0.05644,1
0.05095,1
0.19633,1
0.11280,1
0.11083,1
0.11104,1
0.10420,1
0.00808,0
0.03208,0
0.02355,0
0.02160,0
0.02766,0
0.06615,1
0.09091,1
0.09161,1
0.19633,0
0.11280,0
0.08165,0
0.07007,0
0.07766,0
0.10542,0
0.09711,0
0.08543,0
0.06495,0
0.06251,0
0.07903,0
0.11250,0
0.07169,0
0.09250,0
0.08754,0
0.07681,0
0.07885,0
0.07318,0
0.07289,0
0.08232,0
0.06990,0
0.06589,0
0.06081,0
0.06501,0
0.06228,0
0.01837,0
0.02995,0
0.02755,0
0.01909,0
0.02434,0
0.03158,0
0.08503,0
0.05143,0
0.03111,0
0.03652,0
0.04211,0
0.04742,0
0.06775,0
0.06616,0
0.06189,0
0.07952,0
0.09722,0
0.09573,0
0.00808,0
0.01735,0
0.03683,0
0.05245,0
0.04648,0
0.04678,0
0.05726,0
0.00808,0
0.02994,0
0.02081,0
0.01949,0
0.02898,0
0.03239,0
0.01837,0
0.02985,0
0.03461,0
0.01902,0
0.02569,0
0.03477,0
0.03628,0
0.09759,0
0.09274,0
0.08704,0
0.11206,0
0.10393,0
0.09199,0
0.08961,0
0.00808,0
0.04633,1
0.07160,1
0.07652,1
0.07360,1
0.07412,1
0.03012,0
0.03020,0
0.03141,0
0.02551,0
0.03239,0
0.03184,0
0.02969,0
0.17085,0
0.10692,0
0.08518,0
0.07783,0
0.06168,0
0.05934,0
0.06744,0
0.01006,0
0.01906,0
0.03684,0
0.04941,0
0.03765,0
0.03816,0
0.04362,0
0.09925,1
0.06171,1
0.09124,1
0.08698,1
0.07134,1
0.07895,1
0.08834,1
0.11082,1
0.03044,0
0.04546,0
0.03829,0
0.04932,0
0.05198,0
0.08752,0
0.08936,0
0.01006,0
0.02324,0
0.05024,0
0.03726,0
0.03115,0
0.03452,0
0.04064,0
0.01837,0
0.02700,0
0.03202,0
0.02865,0
0.03436,0
0.04708,0
0.03012,0
0.04261,0
0.08282,0
0.06166,0
0.05361,0
0.03012,0
0.04996,0
0.04264,0
0.05091,0
0.05511,0
0.06484,0
0.06934,0
0.14558,0
0.07281,0
0.09775,1
0.10200,1
0.09828,1
0.11197,1
0.10987,1
0.09644,1
0.09465,1
0.08518,1
0.08229,1
0.08069,1
0.11041,0
0.08297,0
0.07849,0
0.06128,0
0.05950,0
0.06497,0
0.09614,0
0.10448,0
0.10120,0
0.08425,0
0.08024,0
0.08126,0
0.08063,0
0.00808,0
0.02889,0
0.02185,0
0.01661,0
0.02666,0
0.03140,0
0.12393,0
0.08864,0
0.08099,0
0.05983,0
0.04958,0
0.04764,0
0.05822,0
0.09614,0
0.10332,0
0.09282,0
0.07660,0
0.07566,0
0.07844,0
0.07795,0
0.01837,0
0.02442,0
0.03594,0
0.02152,0
0.02305,0
0.02692,0
0.02993,0
0.07305,0
0.04903,0
0.04290,0
0.04498,0
0.04608,0
0.07678,0
0.09102,0
0.03012,0
0.03313,0
0.03578,0
0.02912,0
0.03796,0
0.03303,0
0.02986,0
0.18810,0
0.12375,0
0.10660,0
0.09899,0
0.08261,0
0.08176,0
0.08994,0
0.13034,0
0.08586,0
0.08782,0
0.07519,0
0.06298,0
0.06547,0
0.09911,0
0.06183,0
0.05187,0
0.05578,0
0.10982,0
0.08224,0
0.07029,0
0.07383,0
0.06301,0
0.05248,0
0.05365,0
0.06379,0
0.00808,0
0.02994,0
0.02718,0
0.03130,0
0.04012,0
0.05116,0
0.02894,0
0.03222,0
0.03710,0
0.03351,0
0.03752,0
0.03671,0
0.03527,0
0.06761,1
0.07330,1
0.07317,1
0.07764,1
0.09737,1
0.10812,1
0.00808,0
0.02950,0
0.04691,0
0.03335,0
0.02723,0
0.03019,0
0.03374,0
0.09366,1
0.09286,1
0.07476,1
0.06282,1
0.00808,0
0.02889,0
0.02185,0
0.01661,0
0.02532,0
0.02794,0
0.03012,0
0.03661,0
0.01851,0
0.01789,0
0.01924,0
0.03012,0
0.03661,0
0.01851,0
0.01798,0
0.02046,0
0.03588,0
0.02910,0
0.04380,0
0.06543,1
0.10738,1
0.11748,1
0.14210,1
0.15212,1
0.16044,1
0.15482,1
0.19633,0
0.11280,0
0.08165,0
0.07007,0
0.07302,0
0.06581,0
0.07211,0
0.05604,0
0.06041,0
0.07150,0
0.10512,0
0.00808,0
0.02341,0
0.02239,0
0.01150,0
0.01840,0
0.03341,0
0.04282,1
0.05523,1
0.10533,0
0.08107,0
0.06596,1
0.13902,1
0.13386,1
0.12205,1
0.10742,1
0.10910,1
0.00808,0
0.01735,0
0.03096,0
0.01787,0
0.02376,0
0.02931,0
0.03218,0
0.14558,0
0.07281,0
0.05802,0
0.05854,0
0.05379,0
0.04978,0
0.05329,0
0.03012,0
0.03661,0
0.01851,0
0.01798,0
0.02046,0
0.00808,0
0.01952,0
0.02129,0
0.01610,0
0.02614,0
0.03591,0
0.01006,0
0.03193,0
0.02090,0
0.03250,0
0.03921,0
0.05005,0
0.01837,0
0.02442,0
0.02898,0
0.01510,0
0.02283,0
0.02776,0
0.03256,0
0.00808,0
0.02889,0
0.04428,0
0.04380,0
0.04711,0
0.05065,0
0.12434,0
0.12289,0
0.08323,0
0.07109,0
0.06236,0
0.05740,0
0.05953,0
0.00808,0
0.06333,0
0.06773,0
0.07070,0
0.08065,0
0.08700,0
0.02894,0
0.03668,0
0.01728,0
0.01743,0
0.02011,0
0.01837,0
0.02995,0
0.03307,0
0.02344,0
0.03011,0
0.04180,0
0.00808,0
0.02994,0
0.02081,0
0.02150,0
0.02761,0
0.03119,0
0.00808,0
0.01952,0
0.02129,0
0.01663,0
0.02541,0
0.03120,0
0.00808,0
0.01797,0
0.03603,0
0.03523,0
0.03310,0
0.03988,0
0.04673,0
0.09348,0
0.07399,0
0.07405,0
0.09576,0
0.11875,0
0.11917,0
0.11556,0
0.01837,0
0.03986,0
0.03056,1
0.06512,1
0.07233,1
0.06158,1
0.07501,1
0.08252,1
0.00808,0
0.01952,0
0.02642,0
0.02514,0
0.04050,0
0.04746,0
0.03044,0
0.04765,0
0.03985,0
0.05152,0
0.06628,0
0.06651,0
0.07732,0
0.09725,0
0.07002,0
0.04793,0
0.05261,0
0.04716,0
0.05267,0
0.06512,0
0.10858,0
0.10530,0
0.08643,0
0.07498,0
0.08126,0
0.07290,0
0.07167,0
0.12393,0
0.10575,0
0.08673,0
0.06388,0
0.06324,0
0.07799,0
0.11066,0
0.15416,0
0.11014,0
0.08186,0
0.05962,0
0.05908,0
0.07968,0
0.09991,0
0.07642,0
0.05961,0
0.04078,0
0.04061,0
0.05658,0
0.01006,0
0.02348,0
0.02298,0
0.01587,0
0.02261,0
0.03054,0
0.00808,0
0.05195,0
0.06987,1
0.04845,1
0.05107,1
0.06442,1
0.09287,1
0.10888,1
0.10741,1
0.09663,0
0.08514,0
0.07291,0
0.05411,0
0.04491,0
0.04477,0
0.05442,0
0.01006,0
0.01906,0
0.02581,0
0.01204,0
0.01590,0
0.02277,0
0.03116,0
0.00808,0
0.01735,0
0.02438,0
0.01136,0
0.01901,0
0.02348,0
0.02726,0
0.01006,0
0.03112,0
0.04619,0
0.05706,0
0.05067,0
0.05529,0
0.05724,0
0.03012,0
0.03658,0
0.05189,0
0.03921,0
0.04441,0
0.04004,0
0.03668,0
0.03012,0
0.05076,0
0.04409,0
0.05665,0
0.05891,0
0.06622,0
0.06940,0
0.00808,0
0.02994,0
0.02081,0
0.02440,0
0.03330,0
0.04490,0
0.00808,0
0.02341,0
0.02239,0
0.01531,0
0.02400,0
0.02876,0
0.00808,0
0.03031,1
0.03025,1
0.04839,1
0.05267,1
0.05623,1
0.00808,0
0.01797,0
0.03246,0
0.04899,0
0.04579,0
0.05706,0
0.06002,0
0.00808,0
0.01735,0
0.03647,0
0.06270,0
0.08455,0
0.08649,0
0.08977,0
0.11928,0
0.08879,0
0.05724,0
0.05683,0
0.06971,0
0.09876,0
0.08503,0
0.06541,0
0.04798,0
0.06183,0
0.06069,0
0.06210,0
0.10491,1
0.07404,1
0.06740,1
0.08396,1
0.09559,1
0.01837,0
0.02442,0
0.03969,0
0.04238,0
0.03960,0
0.04717,0
0.04853,0
0.08393,0
0.04746,0
0.04234,0
0.03884,0
0.04461,0
0.07660,0
0.08320,0
0.00808,0
0.02341,0
0.02239,0
0.01150,0
0.02003,0
0.03041,0
0.08901,0
0.05569,0
0.05807,0
0.06370,0
0.05665,0
0.06232,0
0.09614,0
0.09216,0
0.11861,0
0.09401,0
0.09338,0
0.09003,0
0.08844,0
0.03588,0
0.04056,0
0.04297,0
0.04177,0
0.04462,0
0.04152,0
0.03786,0
0.08343,0
0.07773,0
0.07973,0
0.06719,0
0.06399,0
0.06135,0
0.10121,0
0.09920,0
0.07253,0
0.05459,0
0.05268,0
0.05110,0
0.06117,0
0.00808,0
0.01797,0
0.04077,0
0.03422,0
0.03603,0
0.03692,0
0.04403,0
0.00808,0
0.03208,0
0.02355,0
0.05027,1
0.06446,1
0.03044,0
0.04744,0
0.03818,0
0.03523,1
0.03617,1
0.04429,1
0.08173,1
0.09351,1
0.11250,1
0.12396,1
0.03012,0
0.04842,0
0.05296,0
0.05742,1
0.08274,1
0.08597,1
0.10001,1
0.11055,1
0.00808,0
0.02547,0
0.02901,0
0.01506,0
0.02152,0
0.02672,0
0.03633,0
0.01006,0
0.02131,0
0.02250,0
0.02150,0
0.02758,0
0.03163,0
0.00808,0
0.02994,0
0.02081,0
0.01949,0
0.03337,0
0.03945,0
0.01006,0
0.01906,0
0.03255,0
0.05732,0
0.05340,0
0.06060,0
0.06852,0
0.00808,0
0.04202,1
0.06978,1
0.09196,1
0.10779,1
0.10611,1
0.01837,0
0.02442,0
0.03979,0
0.05236,0
0.04459,0
0.04716,0
0.04739,0
0.01837,0
0.02700,0
0.02606,0
0.02454,0
0.03090,0
0.04189,0
0.10178,0
0.11359,0
0.09090,0
0.06950,0
0.06535,0
0.07718,0
0.09493,0
0.00808,0
0.06439,0
0.05373,0
0.05929,0
0.05753,0
0.06575,0
0.06643,0
0.03588,0
0.05481,0
0.05461,0
0.05107,0
0.04767,0
0.08393,1
0.13368,1
0.11291,1
0.10281,1
0.13090,1
0.03044,0
0.03904,0
0.01914,0
0.01799,0
0.01939,0
0.12434,0
0.12758,0
0.09128,0
0.08077,0
0.07137,0
0.06460,0
0.06558,0
0.01837,0
0.02995,0
0.03307,0
0.02344,0
0.03063,0
0.03813,0
0.10542,0
0.09640,0
0.08350,0
0.06449,0
0.06138,0
0.06707,0
0.09996,0
0.12393,0
0.10575,0
0.09395,0
0.07177,0
0.07062,0
0.07910,0
0.09550,0
0.01006,0
0.02131,0
0.03229,0
0.04918,1
0.06429,1
0.06856,1
0.07644,0
0.05591,0
0.05847,0
0.05393,0
0.04625,0
0.04776,0
0.13276,0
0.09520,0
0.08606,0
0.06098,0
0.06132,0
0.08413,0
0.08095,0
0.08568,0
0.05866,0
0.05773,0
0.07014,0
0.08186,0
0.00808,0
0.02341,0
0.02239,0
0.01531,0
0.03109,0
0.03545,0
0.00808,0
0.01797,0
0.04044,0
0.04149,0
0.04104,0
0.04538,0
0.04742,0
0.00808,0
0.01735,0
0.03606,0
0.04859,0
0.03747,0
0.03740,0
0.03884,0
0.00808,0
0.02889,0
0.02185,0
0.01716,0
0.02386,0
0.02568,0
0.12969,0
0.17251,0
0.13900,0
0.11684,0
0.10621,0
0.10069,0
0.10365,0
0.01837,0
0.02442,0
0.02898,0
0.01510,0
0.02273,0
0.04257,0
0.04584,0
0.01006,0
0.06584,0
0.05577,0
0.06075,0
0.07201,0
0.07290,0
0.07544,0
0.00808,0
0.02994,0
0.02081,0
0.05298,1
0.06279,1
0.00808,0
0.03208,0
0.02355,0
0.02320,0
0.03353,0
0.04347,0
0.07169,0
0.06797,0
0.05283,0
0.04267,0
0.04908,0
0.04781,0
0.05027,0
0.03012,0
0.02120,0
0.03274,0
0.03104,0
0.03303,0
0.03433,0
0.03380,0
0.09622,0
0.10763,0
0.12939,0
0.11436,0
0.10188,0
0.10397,0
0.09981,0
0.01006,0
0.02495,0
0.03777,0
0.06148,0
0.05986,0
0.06481,0
0.06388,0
0.07443,0
0.06611,0
0.05827,0
0.04149,0
0.04215,0
0.06058,0
0.00808,0
0.01952,0
0.02129,0
0.02060,0
0.03121,0
0.04029,0
0.00808,0
0.02950,0
0.05944,0
0.06712,0
0.06633,0
0.07570,0
0.07524,0
0.09361,0
0.09287,0
0.06163,0
0.06248,0
0.09798,0
0.12099,0
0.00808,0
0.02889,0
0.02185,0
0.01921,0
0.02349,0
0.03428,0
0.01006,0
0.02348,0
0.02854,0
0.03231,0
0.03668,0
0.04904,0
0.09700,0
0.07129,0
0.06716,0
0.06969,0
0.07895,0
0.08645,0
0.02894,0
0.03818,0
0.04168,0
0.03617,0
0.04009,0
0.03868,0
0.03604,0
0.06576,0
0.09589,0
0.09924,0
0.08364,0
0.07722,0
0.07292,0
0.02505,1
0.08976,1
0.08013,1
0.07178,1
0.07216,1
0.06243,1
0.06866,1
0.08284,1
0.10055,1
0.00808,0
0.03208,0
0.02355,0
0.02694,0
0.03457,0
0.03729,0
0.08224,0
0.05495,0
0.05363,0
0.04731,0
0.03986,0
0.04313,0
0.05493,0
0.00808,0
0.04618,0
0.04288,0
0.05925,0
0.06216,0
0.07288,0
0.08472,0
0.01006,0
0.02348,0
0.02298,0
0.01313,0
0.02039,0
0.03047,0
0.00808,0
0.01024,1
0.06168,1
0.07627,1
0.08492,1
0.09699,1
0.12303,1
0.13928,1
0.08940,0
0.08190,0
0.09656,0
0.08220,0
0.07976,0
0.07926,0
0.07990,0
0.01006,0
0.01906,0
0.03255,0
0.05785,0
0.05081,0
0.04860,0
0.04836,0
0.03044,0
0.03396,0
0.04522,0
0.04400,0
0.04673,0
0.04413,0
0.04083,0
0.08045,0
0.06949,0
0.06574,0
0.05262,0
0.04497,0
0.05463,0
0.10121,0
0.07564,0
0.05556,0
0.04249,0
0.03737,0
0.03604,0
0.05008,0
0.08224,0
0.07010,0
0.06239,0
0.05262,0
0.04819,0
0.05257,0
0.06513,0
0.10244,0
0.08903,0
0.06151,0
0.06015,0
0.06344,0
0.08754,0
0.09631,0
0.08224,0
0.06301,0
0.06665,0
0.06704,0
0.05621,0
0.05769,0
0.06797,0
0.00808,0
0.02889,0
0.02185,0
0.01716,0
0.01868,0
0.02673,0
0.03588,0
0.04181,0
0.05582,0
0.05965,0
0.05472,0
0.09991,0
0.07872,0
0.06179,0
0.04240,0
0.04211,0
0.06013,0
0.00808,0
0.01735,0
0.03090,0
0.05530,0
0.05216,0
0.05449,0
0.05364,0
0.11481,0
0.09745,0
0.06727,0
0.06430,0
0.08602,0
0.10881,0
0.02894,0
0.03668,0
0.01728,0
0.01733,0
0.01882,0
0.11451,1
0.08971,1
0.10531,1
0.08600,1
0.07868,1
0.03012,0
0.03020,0
0.03886,0
0.04717,0
0.04974,0
0.04696,0
0.04392,0
0.00808,0
0.02889,0
0.02185,0
0.01748,0
0.02454,0
0.02892,0
0.09622,0
0.08806,0
0.11207,0
0.10022,0
0.10101,0
0.09197,0
0.08950,0
0.01006,0
0.08478,1
0.09313,1
0.09201,1
0.09660,1
0.10852,1
0.10387,1
0.00808,0
0.03208,0
0.02355,0
0.01990,0
0.03658,0
0.03982,0
0.00808,0
0.02994,0
0.02718,0
0.03123,0
0.03449,0
0.04000,0
0.00808,0
0.05635,0
0.06774,0
0.07410,0
0.08445,0
0.09039,0
0.13051,0
0.07329,0
0.05114,0
0.04597,0
0.05247,0
0.05393,0
0.06697,0
0.03012,0
0.03828,0
0.04574,0
0.05175,0
0.04540,0
0.04336,0
0.04174,0
0.07176,0
0.03588,0
0.04573,0
0.05331,0
0.04586,0
0.04779,0
0.10496,0
0.07939,0
0.07867,0
0.04758,0
0.03840,0
0.03912,0
0.04463,0
0.17239,0
0.09876,0
0.07696,0
0.06733,0
0.05668,0
0.05667,0
0.01837,0
0.02442,0
0.02898,0
0.01510,0
0.02210,0
0.02818,0
0.03016,0
0.00808,0
0.01797,0
0.03691,0
0.06161,0
0.05860,0
0.06032,0
0.06778,0
0.08343,0
0.09261,0
0.08428,0
0.08163,0
0.07671,0
0.07213,0
0.09980,1
0.08338,1
0.09956,1
0.11172,1
0.11069,1
0.10522,1
0.01837,0
0.02442,0
0.02898,0
0.01510,0
0.02210,0
0.02331,0
0.02601,0
0.01837,0
0.03676,0
0.02716,0
0.02021,0
0.02597,0
0.03112,0
0.00808,0
0.02547,0
0.03611,0
0.02186,0
0.02288,0
0.02544,0
0.02870,0
0.02894,0
0.02910,0
0.02215,0
0.02205,0
0.02455,0
0.14936,0
0.08703,0
0.05881,0
0.05196,0
0.05597,0
0.06665,0
0.06902,0
0.01006,0
0.02131,0
0.02809,0
0.02602,0
0.03336,0
0.04138,0
0.00808,0
0.02950,0
0.04478,0
0.03572,0
0.03609,0
0.04163,0
0.04660,0
0.00808,0
0.02994,0
0.02081,0
0.05668,1
0.06436,1
0.09492,1
0.09850,1
0.10659,1
0.13537,1
0.07644,0
0.09952,1
0.08370,1
0.06590,1
0.06404,1
0.08976,0
0.06753,0
0.04259,0
0.04105,0
0.07441,0
0.09963,0
0.07443,0
0.05927,0
0.05288,0
0.04016,0
0.04174,0
0.06128,0
0.01837,0
0.02442,0
0.02898,0
0.01510,0
0.02411,0
0.03205,0
0.03429,0
0.07443,0
0.06296,0
0.05150,0
0.03718,0
0.03941,0
0.05862,0
0.07169,0
0.06797,0
0.05283,0
0.04140,0
0.05067,0
0.05046,0
0.05320,0
0.07176,0
0.04374,0
0.04320,0
0.05147,0
0.04464,0
0.05123,0
0.01837,0
0.03827,0
0.02482,0
0.02787,0
0.03513,0
0.04010,0
0.09886,0
0.06913,0
0.04564,0
0.05273,0
0.06882,0
0.07863,0
0.08453,0
0.09622,0
0.09035,0
0.06133,0
0.04778,0
0.04620,0
0.04989,0
0.05181,0
0.23450,0
0.13617,0
0.10435,0
0.08419,0
0.06800,0
0.06833,0
0.08676,0
0.10454,0
0.07951,0
0.08119,0
0.06813,0
0.05938,0
0.06210,0
0.06940,0
0.00808,0
0.02950,0
0.03978,0
0.02844,0
0.02379,0
0.02784,0
0.03561,0
0.12669,0
0.09686,0
0.06751,0
0.04953,0
0.04166,0
0.04294,0
0.06059,0
0.29620,0
0.18621,0
0.12617,0
0.09594,0
0.08073,0
0.08000,0
0.08208,0
0.17085,0
0.10615,0
0.09504,0
0.09489,0
0.07755,0
0.07151,0
0.08051,0
0.08224,0
0.05495,0
0.05483,0
0.04845,0
0.04122,0
0.04450,0
0.06052,0
0.00808,0
0.02994,0
0.02081,0
0.02150,0
0.02862,0
0.03588,0
0.03012,0
0.03307,0
0.04094,0
0.07024,0
0.06688,0
0.08053,0
0.08737,0
0.02894,0
0.02751,0
0.03628,0
0.04182,0
0.04186,0
0.03672,0
0.03360,0
0.03012,0
0.03474,0
0.07691,0
0.04842,0
0.04180,0
0.00808,0
0.02205,0
0.04897,0
0.04547,0
0.04305,0
0.04827,0
0.05680,0
0.01006,0
0.02495,0
0.03777,0
0.06944,0
0.05593,0
0.05466,0
0.05380,0
0.10386,0
0.07550,0
0.05075,0
0.05466,0
0.05108,0
0.05828,0
0.06122,0
0.03012,0
0.05119,0
0.04389,0
0.05411,0
0.06947,0
0.07104,0
0.08437,0
0.00808,0
0.01952,0
0.02129,0
0.01610,0
0.02453,0
0.03467,0
0.00808,0
0.03208,0
0.02355,0
0.02102,0
0.03635,0
0.03915,0
0.08224,0
0.06301,0
0.05834,0
0.06189,0
0.05241,0
0.05546,0
0.06672,0
0.01837,0
0.05215,0
0.06042,0
0.07772,0
0.06839,0
0.07121,0
0.07494,0
0.10121,0
0.08646,0
0.06148,0
0.04543,0
0.04000,0
0.03996,0
0.05819,0
0.00808,0
0.02205,0
0.03991,0
0.05322,0
0.05254,0
0.05553,0
0.06083,0
0.17239,0
0.11765,0
0.10405,0
0.10132,0
0.08577,0
0.08672,0
0.07644,0
0.06194,0
0.06251,0
0.06093,0
0.05473,0
0.05643,0
0.02894,0
0.04980,0
0.04914,0
0.04624,0
0.04387,0
0.01006,0
0.02348,0
0.03113,0
0.02452,0
0.03859,0
0.04768,0
0.01006,0
0.02324,0
0.04713,0
0.06859,0
0.06241,0
0.06443,0
0.07140,0
0.07443,0
0.07572,0
0.06898,0
0.05158,0
0.05038,0
0.06818,0
0.01006,0
0.02495,0
0.03049,0
0.01583,0
0.02222,0
0.02531,0
0.02880,0
0.08503,0
0.08988,0
0.10486,0
0.11272,0
0.12378,0
0.00808,0
0.02994,0
0.02081,0
0.02057,0
0.02975,0
0.03296,0
0.01006,0
0.03329,0
0.02538,0
0.02430,0
0.03135,0
0.03479,0
0.00808,0
0.02950,0
0.04517,0
0.06827,0
0.05629,0
0.05694,0
0.06172,0
0.09725,0
0.07002,0
0.05049,0
0.05049,0
0.05685,0
0.06393,0
0.06682,0
0.01006,0
0.01980,0
0.03355,0
0.05027,0
0.05115,0
0.06109,0
0.05980,0
0.00808,0
0.02994,0
0.02718,0
0.02607,0
0.03442,0
0.04596,0
0.00808,0
0.09856,1
0.09231,1
0.07735,1
0.07578,1
0.07724,1
0.03012,0
0.03085,0
0.03616,0
0.03252,0
0.03500,0
0.03556,0
0.03482,0
0.01837,0
0.02995,0
0.03541,0
0.05279,1
0.05274,1
0.05845,1
0.00808,0
0.02341,0
0.02239,0
0.01150,0
0.02070,0
0.03081,0
0.01006,0
0.03112,0
0.04253,0
0.02966,0
0.03160,0
0.04280,0
0.05268,0
0.00808,0
0.02341,0
0.02239,0
0.01531,0
0.02106,0
0.03414,0
0.25515,0
0.13513,0
0.09175,0
0.07791,0
0.09145,0
0.03012,0
0.04842,0
0.05296,0
0.04076,0
0.03571,0
0.10178,0
0.09222,0
0.06543,0
0.04701,0
0.04372,0
0.05131,0
0.08539,0
0.01006,0
0.03112,0
0.04641,0
0.03639,1
0.03664,1
0.04234,1
0.05073,1
0.00808,0
0.02341,0
0.02776,0
0.01980,0
0.02949,0
0.03381,0
0.08224,0
0.07029,0
0.07383,0
0.06301,0
0.05206,0
0.05351,0
0.06812,0
0.03588,0
0.04937,0
0.02330,0
0.02254,0
0.02292,0
0.09911,0
0.06183,0
0.05534,0
0.05841,0
0.11155,0
0.01006,0
0.03193,0
0.02090,0
0.01997,0
0.02467,0
0.03057,0
0.03012,0
0.04842,0
0.05296,0
0.04076,0
0.03571,0
0.03012,0
0.03401,0
0.05816,0
0.06521,0
0.07904,0
0.07486,0
0.06771,0
0.01006,0
0.02348,0
0.02298,0
0.01193,0
0.02262,0
0.03640,0
0.13034,0
0.09193,0
0.06503,0
0.05853,0
0.04839,0
0.05307,0
0.03012,0
0.02082,0
0.03193,0
0.03074,0
0.03538,0
0.03499,0
0.03388,0
0.00808,0
0.02994,0
0.02081,0
0.02137,0
0.02967,0
0.04162,0
0.10454,0
0.07477,0
0.08335,0
0.06933,0
0.05855,0
0.05586,0
0.08469,0
0.09614,0
0.09216,0
0.11861,0
0.09401,0
0.08391,0
0.08097,0
0.08109,0
0.08857,0
0.07008,0
0.06573,0
0.05526,0
0.04652,0
0.05576,0
0.07443,0
0.06946,0
0.06234,0
0.04574,0
0.04576,0
0.06441,0
0.02894,0
0.02119,0
0.03093,0
0.02902,0
0.04896,1
0.06716,1
0.06416,1
0.02894,0
0.02119,0
0.04148,0
0.05786,0
0.07813,0
0.07048,0
0.06309,0
0.01837,0
0.19838,1
0.15221,1
0.13829,1
0.12712,1
0.13720,1
0.12920,1
0.10542,0
0.09711,0
0.09232,0
0.06795,0
0.06558,0
0.07485,0
0.10571,0
0.00808,0
0.02135,0
0.05890,1
0.06620,1
0.06395,1
0.06533,1
0.01006,0
0.05049,0
0.06906,0
0.07577,0
0.08986,0
0.08688,0
0.00808,0
0.01797,0
0.05071,0
0.09067,0
0.12000,0
0.11912,0
0.11946,0
0.11742,0
0.12996,0
0.09690,0
0.09773,0
0.08870,0
0.08060,0
0.08271,0
0.13034,0
0.09229,0
0.07608,0
0.07478,0
0.06108,0
0.06305,0
0.00808,0
0.02547,0
0.02901,0
0.01506,0
0.02229,0
0.03081,0
0.03886,0
0.10178,0
0.09222,0
0.06543,0
0.04812,0
0.04501,0
0.05453,0
0.07078,0
0.11493,0
0.09323,0
0.05913,0
0.05866,0
0.06565,0
0.07913,0
0.08564,0
0.10754,0
0.07743,0
0.05548,0
0.05402,0
0.10363,0
0.12757,0
0.01837,0
0.03676,0
0.04970,0
0.04335,0
0.04678,0
0.05038,0
0.01837,0
0.02442,0
0.03979,0
0.05236,0
0.03734,0
0.03730,0
0.04152,0
0.01006,0
0.04441,0
0.05992,0
0.06303,0
0.06095,0
0.07238,0
0.07381,1
0.06916,1
0.12443,1
0.11081,1
0.10353,1
0.10209,1
0.11521,1
0.03012,0
0.03661,0
0.01851,0
0.01798,0
0.02046,0
0.13969,0
0.12520,0
0.10510,0
0.09552,0
0.08782,0
0.07855,0
0.07648,0
0.00808,0
0.04792,0
0.05736,0
0.05373,0
0.04801,0
0.05251,0
0.02894,0
0.02751,0
0.03628,0
0.04182,0
0.03944,0
0.03819,0
0.03581,0
0.00808,0
0.02889,0
0.02185,0
0.01661,0
0.02686,0
0.03498,0
0.01006,0
0.03329,0
0.02538,0
0.02429,0
0.02861,0
0.03423,0
0.00808,0
0.01735,0
0.03432,0
0.03856,0
0.03579,0
0.04213,0
0.04699,0
0.08835,0
0.07909,0
0.05169,0
0.05239,0
0.07606,0
0.08773,0
0.09614,0
0.09588,0
0.14420,0
0.12328,0
0.10726,0
0.10482,0
0.10422,0
0.08102,1
0.08250,1
0.09478,1
0.10130,1
0.11029,1
0.11270,1
0.10489,1
0.17608,0
0.13309,0
0.12880,0
0.10869,0
0.09271,0
0.09151,0
0.11482,0
0.02894,0
0.04295,0
0.07864,0
0.05102,0
0.04409,0
0.06775,0
0.06659,0
0.08367,0
0.10743,0
0.10682,0
0.03044,0
0.04546,0
0.03829,0
0.04932,0
0.06282,0
0.06707,0
0.07049,0
0.09410,1
0.16337,1
0.12539,1
0.09971,1
0.07169,0
0.09250,0
0.07863,0
0.06389,0
0.06062,0
0.06291,0
0.06347,0
0.03044,0
0.02322,0
0.02971,0
0.03155,0
0.04419,0
0.04196,0
0.03871,0
0.01837,0
0.02442,0
0.03979,0
0.05236,0
0.03734,0
0.03550,0
0.03724,0
0.11771,0
0.06028,0
0.04822,0
0.04904,0
0.04579,0
0.04344,0
0.05272,0
0.04806,0
0.04774,0
0.04304,0
0.03748,0
0.04461,0
0.03907,0
0.03518,0
0.11481,0
0.08066,0
0.05308,0
0.05164,0
0.07231,0
0.10624,0
0.07437,0
0.07044,0
0.06740,0
0.06244,0
0.06486,0
0.07367,0
0.03012,0
0.02832,0
0.04728,0
0.05954,1
0.07448,1
0.07793,1
0.08732,1
0.10910,1
0.10790,1
0.00808,0
0.02341,0
0.02239,0
0.01271,0
0.02000,0
0.03012,0
0.21126,0
0.11785,0
0.08326,0
0.06964,0
0.05739,0
0.06125,0
0.00808,0
0.02950,0
0.04514,0
0.07162,0
0.09496,0
0.09787,0
0.10361,0
0.00808,0
0.02341,0
0.03102,0
0.02418,0
0.03820,0
0.04452,0
0.01837,0
0.02442,0
0.03979,0
0.05236,0
0.04459,0
0.04716,0
0.04629,0
0.01837,0
0.02562,0
0.05279,0
0.03906,0
0.03668,0
0.04677,0
0.04985,0
0.00808,0
0.03208,0
0.04406,0
0.04486,0
0.04565,0
0.05370,0
0.09348,0
0.07205,0
0.06683,0
0.05283,0
0.04509,0
0.04879,0
0.01006,0
0.01906,0
0.02581,0
0.01204,0
0.01590,0
0.02117,0
0.02554,0
0.10542,1
0.07576,1
0.05752,1
0.04401,1
0.04360,1
0.05122,1
0.07659,1
0.11166,0
0.08590,0
0.05988,0
0.05817,0
0.08195,0
0.10481,0
0.00808,0
0.01735,0
0.03606,0
0.04873,0
0.04051,0
0.04031,0
0.04194,0
0.01837,0
0.02442,0
0.03593,0
0.06129,0
0.05032,0
0.05096,0
0.04947,0
0.08579,0
0.09550,0
0.07680,0
0.06900,0
0.06854,0
0.06263,0
0.06796,0
0.07515,0
0.06307,0
0.06848,0
0.06360,0
0.07621,0
0.07945,0
0.00808,0
0.02547,0
0.02901,0
0.01506,0
0.02152,0
0.02733,0
0.02943,0
0.01837,0
0.02562,0
0.04831,0
0.06694,0
0.06818,0
0.06826,0
0.06904,0
0.09756,0
0.06426,0
0.05436,0
0.05383,0
0.11073,0
0.12997,0
0.17615,0
0.14120,0
0.12823,0
0.11598,0
0.10736,0
0.10384,0
0.00808,0
0.02341,0
0.02239,0
0.01271,0
0.02168,0
0.03083,0
0.03012,0
0.03307,0
0.04507,0
0.03846,0
0.04440,0
0.03873,0
0.03512,0
0.03012,0
0.03701,0
0.04292,0
0.04943,0
0.05919,0
0.05332,0
0.04817,0
0.14558,0
0.07281,0
0.05598,0
0.05735,0
0.05044,0
0.04527,0
0.04890,0
0.03012,0
0.02749,0
0.04718,0
0.05423,0
0.06566,0
0.06800,0
0.06275,0
0.00808,0
0.01735,0
0.03141,0
0.05695,0
0.07887,0
0.08073,0
0.08580,0
0.00808,0
0.02994,0
0.02081,0
0.02440,0
0.03220,0
0.03553,0
0.02894,0
0.02119,0
0.03693,0
0.04401,0
0.04049,0
0.03908,0
0.03648,0
0.03012,0
0.02832,0
0.04249,0
0.06350,0
0.07469,0
0.07767,0
0.08541,0
0.14292,0
0.11158,0
0.10918,0
0.09187,0
0.08656,0
0.04806,0
0.05552,0
0.09253,0
0.05859,0
0.04999,0
0.12379,0
0.08368,0
0.07287,0
0.06208,0
0.05018,0
0.05155,0
0.07854,0
0.01837,0
0.03827,0
0.02482,0
0.03444,0
0.03717,0
0.03885,0
0.00808,0
0.02341,0
0.02239,0
0.01150,0
0.02685,0
0.03469,0
0.00808,0
0.02205,0
0.04519,0
0.04487,0
0.04128,0
0.04438,0
0.04841,0
0.00808,0
0.02994,0
0.02718,0
0.02607,0
0.03480,0
0.04112,0
0.01837,0
0.02442,0
0.02410,0
0.03278,0
0.03866,0
0.04370,0
0.04331,0
0.03012,0
0.04842,0
0.05296,0
0.03852,0
0.03506,0
0.00808,0
0.02889,0
0.02185,0
0.01661,0
0.01865,0
0.02168,0
0.10643,0
0.08405,0
0.06371,0
0.04968,0
0.04460,0
0.04844,0
0.05613,0
0.03012,0
0.03401,0
0.03169,0
0.02898,0
0.03186,0
0.03313,0
0.03272,0
0.03044,0
0.03904,0
0.01914,0
0.01819,0
0.02065,0
0.03012,0
0.03020,0
0.03353,0
0.02683,0
0.03674,0
0.03451,0
0.03295,0
0.00808,0
0.02341,0
0.02239,0
0.01150,0
0.02418,0
0.02991,0
0.00808,0
0.02547,0
0.02901,0
0.01506,0
0.02414,0
0.03122,0
0.03363,0
0.03044,0
0.02322,0
0.02848,0
0.02412,0
0.03093,0
0.03039,0
0.02877,0
0.01006,0
0.03329,0
0.02538,0
0.02430,0
0.03458,0
0.04003,0
0.01837,0
0.03737,0
0.05560,0
0.06232,0
0.05784,0
0.05778,0
0.05697,0
0.02894,0
0.02910,0
0.02215,0
0.02205,0
0.02455,0
0.11005,0
0.08448,0
0.05934,0
0.05802,0
0.07865,0
0.08971,0
0.12060,0
0.08408,0
0.08964,0
0.07687,0
0.06374,0
0.06394,0
0.09158,0
0.10454,0
0.08572,0
0.08790,0
0.07385,0
0.06177,0
0.06160,0
0.08926,0
0.03044,0
0.03396,0
0.03876,0
0.03897,0
0.04415,0
0.03921,0
0.03679,0
0.00808,0
0.01797,0
0.03691,0
0.06161,0
0.05161,0
0.05645,0
0.06482,0
0.00808,0
0.02889,0
0.02185,0
0.01748,0
0.02731,0
0.03415,0
0.01837,0
0.05328,0
0.07197,0
0.07916,0
0.08792,0
0.08918,0
0.00808,0
0.01952,0
0.02642,0
0.03049,0
0.03490,0
0.03967,0
0.19753,1
0.13098,1
0.12208,1
0.12134,1
0.14036,1
0.13759,1
0.01837,0
0.02985,0
0.03876,0
0.05514,0
0.03873,0
0.03805,0
0.04910,0
0.00808,0
0.01735,0
0.02438,0
0.01136,0
0.01901,0
0.02363,0
0.02751,0
0.00808,0
0.03640,0
0.03728,0
0.05037,0
0.06833,0
0.08966,0
0.09842,0
0.09991,0
0.08323,0
0.06903,0
0.04776,0
0.04654,0
0.06193,0
0.03044,0
0.04141,0
0.08255,0
0.06474,0
0.05425,0
0.00808,0
0.02889,0
0.04428,0
0.03837,0
0.04334,0
0.04953,0
0.01837,0
0.02442,0
0.02898,0
0.01510,0
0.02273,0
0.03315,0
0.03638,0
0.06775,0
0.06262,0
0.07868,0
0.10416,0
0.10671,0
0.01837,0
0.02562,0
0.04831,0
0.06694,0
0.06306,0
0.06323,0
0.06678,0
0.12560,0
0.07908,0
0.05237,0
0.05233,0
0.06226,0
0.07761,0
0.09340,0
0.13034,0
0.09791,0
0.08347,0
0.07008,0
0.05711,0
0.05950,0
0.08901,0
0.06690,0
0.06151,0
0.05807,0
0.05057,0
0.05719,0
0.11747,0
0.08396,0
0.08375,0
0.06321,0
0.05241,0
0.05025,0
0.05586,0
0.00808,0
0.03208,0
0.02355,0
0.02102,0
0.02685,0
0.03746,0
0.10121,0
0.08200,0
0.06123,0
0.04763,0
0.04190,0
0.04692,0
0.05428,0
0.07176,1
0.08259,1
0.11767,1
0.11705,1
0.10774,1
0.11040,1
0.03012,0
0.03313,0
0.04494,0
0.04928,0
0.04923,0
0.04631,0
0.04370,0
0.01837,0
0.03827,0
0.02482,0
0.03541,0
0.03796,0
0.04189,0
0.19633,0
0.15119,1
0.10304,1
0.07803,1
0.07096,1
0.07590,1
0.08494,1
0.01837,0
0.03986,0
0.02946,0
0.02842,0
0.03165,0
0.04117,0
0.21126,0
0.10718,0
0.08227,0
0.07032,0
0.05821,0
0.06176,0
0.00808,0
0.02341,0
0.02776,0
0.02459,0
0.02811,0
0.03628,0
0.12973,0
0.08827,0
0.05506,0
0.05382,0
0.07682,0
0.08835,0
0.08697,0
0.07524,0
0.06891,0
0.07125,0
0.06535,0
0.06330,0
0.12496,0
0.09097,0
0.08062,0
0.06905,0
0.05876,0
0.05130,0
0.05326,0
0.09814,0
0.06296,0
0.04581,0
0.04803,0
0.05852,0
0.06013,0
0.01006,0
0.02348,0
0.02854,0
0.02508,0
0.03589,0
0.04161,0
0.12393,0
0.09075,0
0.06125,0
0.04766,0
0.04509,0
0.05723,0
0.07672,0
0.07825,1
0.07353,1
0.05323,1
0.09169,1
0.01006,0
0.03072,0
0.02346,0
0.01987,0
0.02660,0
0.03157,0
0.03044,0
0.04640,0
0.04058,0
0.06159,0
0.06399,0
0.09671,0
0.10105,0
0.03588,0
0.03963,0
0.03742,1
0.03982,1
0.04695,1
0.04036,1
0.03663,1
0.01837,0
0.02562,0
0.03899,0
0.06245,1
0.08099,1
0.12878,1
0.12510,1
0.00808,0
0.01797,0
0.03807,0
0.05238,0
0.05059,0
0.05800,0
0.06024,0
0.09791,0
0.09179,0
0.07444,0
0.05622,0
0.05515,0
0.07126,0
0.18311,0
0.18229,0
0.12416,0
0.10993,0
0.09179,0
0.07993,0
0.08340,0
0.08102,0
0.05035,0
0.05061,0
0.05007,0
0.05004,0
0.08692,0
0.09560,0
0.00808,0
0.02547,0
0.03898,0
0.05210,0
0.03952,0
0.03878,0
0.04019,0
0.00808,0
0.01952,0
0.02642,0
0.02514,0
0.03226,0
0.04503,0
0.03044,0
0.03167,0
0.03726,0
0.03178,0
0.04048,0
0.03430,0
0.03198,0
0.05761,0
0.07328,0
0.07189,0
0.05327,0
0.04699,0
0.09622,0
0.07417,0
0.04973,0
0.03944,0
0.03965,0
0.04727,0
0.04970,0
0.00808,0
0.03554,0
0.05291,0
0.05867,0
0.05805,0
0.07001,0
0.09725,0
0.06740,0
0.04563,0
0.05160,0
0.04647,0
0.05436,0
0.06174,0
0.18311,0
0.18253,0
0.11089,0
0.08717,0
0.07436,0
0.06592,0
0.07221,0
0.12379,0
0.08368,0
0.07347,0
0.07975,0
0.06570,0
0.06563,0
0.09135,0
0.03012,0
0.03828,0
0.05085,0
0.04617,0
0.04797,0
0.04593,0
0.04363,0
0.00808,0
0.04779,0
0.06367,0
0.05896,0
0.05259,0
0.05397,0
0.01837,0
0.02995,0
0.03307,0
0.02841,0
0.03117,0
0.04294,0
0.01837,0
0.03676,0
0.02716,0
0.02310,0
0.03214,0
0.04185,0
0.03012,0
0.03313,0
0.03606,0
0.03044,0
0.03567,0
0.03370,0
0.03113,0
0.01837,0
0.02995,0
0.02755,0
0.01636,0
0.02284,0
0.03230,0
0.00808,0
0.01797,0
0.03691,0
0.06161,0
0.05860,0
0.06711,0
0.07221,0
0.00808,0
0.02696,1
0.02586,1
0.02713,1
0.03336,1
0.03868,1
0.02894,0
0.03668,0
0.01728,0
0.01743,0
0.02011,0
0.00808,0
0.01952,0
0.02129,0
0.01663,0
0.02485,0
0.03172,0
0.00808,0
0.02547,0
0.03898,0
0.05210,0
0.04416,0
0.05009,0
0.05917,0
0.00808,0
0.02547,0
0.03898,0
0.05299,0
0.04274,0
0.04055,0
0.04215,0
0.03012,0
0.03661,0
0.01851,0
0.01798,0
0.02046,0
0.10552,0
0.07167,0
0.04737,0
0.05363,0
0.06391,0
0.08379,0
0.09489,0
0.26804,0
0.17695,0
0.12223,0
0.09440,0
0.08160,0
0.07564,0
0.07818,0
0.18311,0
0.18253,0
0.11986,0
0.10615,0
0.08848,0
0.07690,0
0.07606,0
0.00808,0
0.02341,0
0.02239,0
0.01271,0
0.01885,0
0.03307,0
0.01837,0
0.02442,0
0.04315,0
0.05678,0
0.05089,0
0.05092,0
0.05218,0
0.09725,1
0.07002,1
0.09457,1
0.13186,1
0.15406,1
0.15293,1
0.09886,0
0.06913,0
0.04561,0
0.05023,0
0.04703,0
0.05449,0
0.05816,0
0.02894,0
0.03668,0
0.01728,0
0.01733,0
0.01882,0
0.00808,0
0.02341,0
0.02776,0
0.01980,0
0.03174,0
0.03640,0
0.03044,0
0.05023,0
0.07632,0
0.04406,0
0.03732,0
0.03044,0
0.02893,0
0.04633,0
0.05048,0
0.05159,0
0.04822,0
0.04379,0
0.00808,0
0.02341,0
0.03102,0
0.02958,0
0.03375,0
0.04543,0
0.08343,0
0.09261,0
0.08841,0
0.07799,0
0.07151,0
0.06598,0
0.01837,0
0.02442,0
0.02898,0
0.01510,0
0.01835,0
0.02481,0
0.03292,0
0.00808,0
0.02547,0
0.02901,0
0.01506,0
0.01770,0
0.02386,0
0.02779,0
0.09366,0
0.09286,0
0.07385,0
0.06327,0
0.06595,0
0.01837,0
0.02442,0
0.02410,0
0.04225,0
0.03753,0
0.03792,0
0.03944,0
0.10178,0
0.09222,0
0.06628,0
0.05150,0
0.04836,0
0.05728,0
0.07487,0
0.01837,0
0.02442,0
0.03979,0
0.05258,0
0.04718,0
0.05091,0
0.05022,0
0.19633,0
0.11335,0
0.08072,0
0.07090,0
0.07277,0
0.03012,0
0.04996,0
0.04264,0
0.05569,0
0.06041,0
0.06969,0
0.07679,0
0.08528,0
0.07406,0
0.06944,0
0.06576,0
0.06850,0
0.07050,0
0.00808,0
0.02341,0
0.02239,0
0.05176,1
0.10506,1
0.10317,1
0.12496,1
0.15502,1
0.15005,1
0.01006,0
0.01632,1
0.03017,1
0.02197,1
0.03439,1
0.04412,1
0.20212,0
0.14361,0
0.11173,0
0.09898,0
0.08102,0
0.07722,0
0.08722,0
0.00808,0
0.01797,0
0.04044,0
0.03201,0
0.03118,0
0.04729,0
0.05047,0
0.00808,0
0.01797,0
0.04044,0
0.04149,0
0.04419,0
0.05588,0
0.05804,0
0.03044,0
0.05041,0
0.03899,1
0.08975,1
0.07539,1
0.08959,1
0.09859,1
0.09911,0
0.06183,0
0.05993,0
0.06414,0
0.11450,0
0.03044,0
0.03904,0
0.01914,0
0.01819,0
0.02065,0
0.03012,0
0.05119,0
0.04389,0
0.05437,0
0.05842,0
0.06640,0
0.07972,0
0.03044,0
0.03167,0
0.03359,0
0.02617,0
0.03174,0
0.03207,0
0.03135,0
0.01006,0
0.03193,0
0.02090,0
0.02021,0
0.02906,0
0.03771,0
0.00808,0
0.02547,0
0.03898,0
0.05210,0
0.03952,0
0.04182,0
0.04796,0
0.08224,0
0.07010,0
0.07923,0
0.08294,0
0.07185,0
0.07342,0
0.08375,0
0.02894,0
0.03668,0
0.01728,0
0.01733,0
0.01882,0
0.01837,0
0.03676,0
0.02716,0
0.02021,0
0.02295,0
0.02851,0
0.01006,0
0.01906,0
0.03225,0
0.01849,0
0.02431,0
0.02763,0
0.03070,0
0.01006,0
0.06713,0
0.06804,0
0.06320,0
0.06519,0
0.07472,0
0.00808,0
0.06439,0
0.05492,0
0.05999,0
0.06590,0
0.07868,0
0.09471,0
0.03588,0
0.04370,0
0.05000,0
0.04730,0
0.05504,0
0.04749,0
0.04259,0
0.08503,0
0.07283,0
0.08566,0
0.11179,0
0.12909,0
0.12786,0
0.12837,0
0.00808,0
0.02889,0
0.02448,1
0.02025,1
0.02640,1
0.02828,1
0.03044,0
0.03347,0
0.05336,0
0.06002,0
0.05664,0
0.00808,0
0.01735,0
0.03096,0
0.01787,0
0.02376,0
0.02711,0
0.02931,0
0.11928,0
0.07692,0
0.05260,0
0.05269,0
0.06677,0
0.09705,0
0.01837,0
0.02442,0
0.03594,0
0.02152,0
0.02742,0
0.03699,0
0.03957,0
0.07825,0
0.07353,0
0.05425,0
0.05442,0
0.06787,0
0.08503,0
0.09236,0
0.08224,0
0.06660,0
0.07550,0
0.06547,0
0.05618,0
0.05802,0
0.07307,0
0.00808,0
0.02889,0
0.02185,0
0.01901,0
0.02724,0
0.03173,0
0.03588,0
0.03963,0
0.03773,0
0.03752,0
0.04952,0
0.04601,0
0.04218,0
0.07644,0
0.05591,0
0.05286,0
0.04825,0
0.04265,0
0.04997,0
0.03044,0
0.05041,0
0.05147,0
0.04748,0
0.04486,0
0.17085,0
0.11872,0
0.10186,0
0.08916,0
0.07357,0
0.07412,0
0.08081,0
0.17085,1
0.10485,1
0.09575,1
0.08861,1
0.07256,1
0.07203,1
0.08809,1
0.00808,0
0.01735,0
0.03384,0
0.04946,0
0.04681,0
0.04844,0
0.05082,0
0.02555,1
0.06656,1
0.06735,1
0.05496,1
0.06245,1
0.07288,1
0.10195,1
0.11947,1
0.00808,0
0.02950,0
0.04026,0
0.05203,0
0.04646,0
0.05297,0
0.05470,0
0.02894,0
0.02119,0
0.03312,0
0.03063,0
0.03553,0
0.03450,0
0.03251,0
0.00808,0
0.01797,0
0.03246,0
0.04899,0
0.04579,0
0.05706,0
0.06466,0
0.03044,0
0.05023,0
0.05514,0
0.04088,0
0.03696,0
0.00808,0
0.02950,0
0.04517,0
0.06554,0
0.06067,0
0.06927,0
0.07363,0
0.08503,0
0.05529,1
0.03904,1
0.04393,1
0.04491,1
0.05011,1
0.00808,0
0.02889,0
0.02185,0
0.02039,0
0.02464,0
0.03118,0
0.01837,0
0.02442,0
0.03176,0
0.05519,0
0.04886,0
0.04823,0
0.04732,0
0.00808,0
0.02547,0
0.02901,0
0.01506,0
0.01770,0
0.02134,0
0.02543,0
0.03012,0
0.03474,0
0.06185,0
0.04818,0
0.04354,0
0.09614,0
0.07537,0
0.08363,0
0.06995,0
0.07269,0
0.07854,0
0.07774,0
0.18026,0
0.13141,0
0.10808,0
0.07898,0
0.07039,0
0.09844,0
0.09614,0
0.09484,0
0.09485,0
0.07392,0
0.06910,0
0.06730,0
0.06790,0
0.01837,0
0.03676,0
0.02716,0
0.02661,0
0.03064,0
0.03421,0
0.10496,0
0.07849,0
0.06915,0
0.04693,0
0.03724,0
0.03829,0
0.04538,0
0.07176,0
0.03445,0
0.03991,0
0.05093,0
0.04529,0
0.05300,0
0.00808,0
0.02994,0
0.02718,0
0.02956,0
0.03682,0
0.04791,0
0.09622,1
0.08828,1
0.08061,1
0.07024,1
0.06877,1
0.06468,1
0.08503,1
0.06208,1
0.04054,1
0.04123,1
0.04565,1
0.04053,1
0.05081,1
0.09814,0
0.06296,0
0.04017,0
0.05029,0
0.06047,0
0.06186,0
0.01006,0
0.01906,0
0.02581,0
0.01204,0
0.02032,0
0.02977,0
0.03793,0
0.00808,0
0.02341,0
0.02239,0
0.01150,0
0.02063,0
0.02897,0
0.13673,0
0.07861,0
0.05270,0
0.04704,0
0.04896,0
0.05296,0
0.06729,0
0.01006,0
0.03112,0
0.04641,0
0.03162,0
0.02927,0
0.04330,0
0.04682,0
0.03044,0
0.03904,0
0.01914,0
0.01819,0
0.02065,0
0.15640,0
0.11664,0
0.08418,0
0.06063,0
0.06109,0
0.08121,0
0.17085,0
0.10668,0
0.08769,0
0.08013,0
0.06344,0
0.06443,0
0.07272,0
0.12932,0
0.10125,0
0.08965,0
0.06482,0
0.06217,0
0.07243,0
0.10546,0
0.02894,0
0.03668,0
0.01728,0
0.01743,0
0.02011,0
0.00808,0
0.02135,0
0.02967,0
0.03161,0
0.03945,0
0.04465,0
0.01006,0
0.01906,0
0.02581,0
0.01204,0
0.01590,0
0.02102,0
0.02528,0
0.03012,0
0.03701,0
0.05941,0
0.06612,0
0.08414,0
0.07740,0
0.06898,0
0.08503,0
0.06208,0
0.04771,0
0.05974,0
0.05755,0
0.05877,0
0.01837,0
0.02562,0
0.04607,0
0.03448,0
0.03182,0
0.03897,0
0.04403,0
0.04806,0
0.06311,0
0.08573,0
0.06125,0
0.05342,0
0.09536,0
0.17613,0
0.14731,0
0.10638,0
0.08738,0
0.07956,0
0.08387,0
0.00808,0
0.02341,0
0.02776,0
0.02075,0
0.02933,0
0.04184,0
0.00808,0
0.01735,0
0.03479,0
0.06663,0
0.08620,0
0.08694,0
0.08694,0
0.00808,0
0.01735,0
0.02438,0
0.01136,0
0.01963,0
0.03055,0
0.03414,0
0.00808,0
0.02994,0
0.02081,0
0.02295,0
0.03766,0
0.04329,0
0.00808,0
0.03208,0
0.02355,0
0.02160,0
0.02915,0
0.03321,0
0.00808,0
0.01735,0
0.03175,0
0.04809,0
0.03783,0
0.04046,0
0.04440,0
0.03044,0
0.03904,0
0.01914,0
0.01799,0
0.01939,0
0.13532,0
0.07019,0
0.04617,0
0.03987,0
0.04250,0
0.04781,0
0.06622,0
0.10244,0
0.08475,0
0.05911,0
0.06259,0
0.06567,0
0.08035,0
0.09575,0
0.01006,0
0.01906,0
0.03532,0
0.03904,0
0.03891,0
0.04359,0
0.04434,0
0.00808,0
0.01735,0
0.03175,0
0.04809,0
0.04154,0
0.04521,0
0.04613,0
0.08224,0
0.05495,0
0.05160,0
0.04237,0
0.03604,0
0.04083,0
0.05786,0
0.00808,0
0.02341,0
0.02239,0
0.01531,0
0.02400,0
0.03368,0
0.09925,0
0.09374,0
0.08756,0
0.06379,0
0.06334,0
0.08795,0
0.15998,0
0.12453,0
0.09105,0
0.06638,0
0.06428,0
0.08415,0
0.01837,0
0.02442,0
0.02898,0
0.01510,0
0.01835,0
0.02305,0
0.02699,0
0.08697,0
0.07524,0
0.06290,0
0.06473,0
0.06198,0
0.06075,0
0.00808,0
0.01735,0
0.03606,0
0.04873,0
0.04195,0
0.04809,0
0.04967,0
0.12969,0
0.17841,0
0.14621,0
0.14521,0
0.13529,0
0.12354,0
0.12264,0
0.11996,0
0.10698,0
0.09095,0
0.06626,0
0.06436,0
0.07398,0
0.11030,0
0.14045,0
0.10862,0
0.07949,0
0.05829,0
0.05728,0
0.06703,0
0.10310,0
0.13532,0
0.07672,0
0.05354,0
0.04603,0
0.04824,0
0.05663,0
0.06971,0
0.00808,0
0.01735,0
0.03096,0
0.01787,0
0.02376,0
0.02954,0
0.03129,0
0.10121,0
0.09309,0
0.06804,0
0.05404,0
0.04567,0
0.04747,0
0.05181,0
0.00808,0
0.01797,0
0.03807,0
0.05238,0
0.04851,0
0.05039,0
0.05505,0
0.01837,0
0.03737,0
0.05087,0
0.03529,0
0.02843,0
0.03441,0
0.03853,0
0.03012,0
0.03661,0
0.01851,0
0.01789,0
0.01924,0
0.01837,0
0.02995,0
0.02755,0
0.02791,0
0.03445,0
0.04279,0
0.00808,0
0.02205,0
0.04806,0
0.04321,0
0.04591,0
0.05991,0
0.06446,0
0.09622,0
0.07417,0
0.04973,0
0.03507,0
0.03111,0
0.03222,0
0.03636,0
0.11709,0
0.11349,0
0.08269,0
0.07462,0
0.07110,0
0.06324,0
0.06408,0
0.01837,0
0.03737,0
0.05007,0
0.04723,0
0.04013,0
0.04177,0
0.04545,0
0.02894,0
0.05071,0
0.04270,0
0.06361,0
0.06332,0
0.06602,0
0.07534,0
0.03012,0
0.03401,0
0.04459,0
0.07615,0
0.08481,0
0.08835,0
0.09678,0
0.10178,0
0.09222,0
0.06543,0
0.04701,0
0.04372,0
0.05313,0
0.07123,0
0.09536,0
0.17613,0
0.14209,0
0.09953,0
0.08147,0
0.07471,0
0.08126,0
0.03012,0
0.03661,0
0.01851,0
0.01798,0
0.02046,0
0.20212,0
0.13051,0
0.10962,0
0.09943,0
0.08316,0
0.07953,0
0.09260,0
0.09991,0
0.08506,0
0.07744,0
0.05183,0
0.04879,0
0.06042,0
0.20212,0
0.13310,0
0.11315,0
0.10117,0
0.08523,0
0.08562,0
0.09479,0
0.00808,0
0.02950,0
0.04478,0
0.03001,0
0.02738,0
0.03150,0
0.03843,0
0.01837,0
0.03676,0
0.02716,0
0.02112,0
0.02877,0
0.02987,0
0.13034,0
0.09229,0
0.07716,0
0.06696,0
0.05609,0
0.05989,0
0.01837,0
0.02700,0
0.03202,0
0.03442,0
0.03982,0
0.04497,0
0.11920,0
0.07910,0
0.06403,0
0.05451,0
0.05210,0
0.04567,0
0.04866,0
0.07953,1
0.12867,1
0.10964,1
0.10692,1
0.11010,1
0.10986,1
0.12544,1
0.03044,0
0.03904,0
0.01914,0
0.01799,0
0.01939,0
0.08697,0
0.07524,0
0.05611,0
0.05986,0
0.05918,0
0.05912,0
0.01837,0
0.02442,0
0.03979,0
0.05236,0
0.03734,0
0.03819,0
0.03981,0
0.01837,0
0.03676,0
0.02716,0
0.02021,0
0.02597,0
0.03112,0
0.07176,0
0.08770,1
0.07664,1
0.06216,1
0.06140,1
0.03012,0
0.03828,0
0.04420,0
0.03796,0
0.04105,0
0.03793,0
0.03455,0
0.11041,0
0.08297,0
0.07571,0
0.06471,0
0.05471,0
0.06518,0
0.00808,0
0.01735,0
0.03683,0
0.04489,0
0.04680,0
0.04623,0
0.04541,0
0.01006,0
0.07474,1
0.05456,1
0.07585,1
0.07886,1
0.09123,1
0.10195,1
0.09158,1
0.10668,1
0.03012,0
0.03828,0
0.04482,0
0.03581,0
0.03707,0
0.03761,0
0.03678,0
0.00808,0
0.02994,0
0.02081,0
0.02440,0
0.03040,0
0.03603,0
0.00808,0
0.02994,0
0.02081,0
0.01613,0
0.01907,0
0.02631,0
0.01006,0
0.01980,0
0.04317,0
0.03225,0
0.02878,0
0.03353,0
0.04085,0
0.12463,0
0.09957,0
0.06851,0
0.04783,0
0.04513,0
0.05797,0
0.09074,0
0.03044,0
0.04744,0
0.03952,0
0.03584,0
0.04095,0
0.03716,0
0.03356,0
0.03044,0
0.03904,0
0.01914,0
0.01799,0
0.01939,0
0.01837,0
0.02985,0
0.03461,0
0.01902,0
0.02098,0
0.02457,0
0.02841,0
0.09622,0
0.07417,0
0.04973,0
0.03846,0
0.04297,0
0.04401,0
0.04787,0
0.03012,0
0.04261,0
0.06404,0
0.05218,0
0.04505,0
0.02894,0
0.03818,0
0.04601,0
0.05700,0
0.05919,0
0.05145,0
0.04736,0
0.00808,0
0.02889,0
0.04428,0
0.03986,0
0.05177,0
0.04886,0
0.06472,0
0.07188,0
0.06005,0
0.04242,0
0.04319,0
0.06281,0
0.01837,0
0.01657,1
0.05136,1
0.06277,1
0.05668,1
0.08347,1
0.09273,1
0.09413,1
0.00808,0
0.01952,0
0.02642,0
0.02480,0
0.04128,0
0.04589,0
0.01837,0
0.02985,0
0.04387,0
0.05642,0
0.04189,0
0.04074,0
0.04081,0
0.01006,0
0.02348,0
0.02298,0
0.01193,0
0.02046,0
0.02949,0
0.08697,0
0.07524,0
0.06290,0
0.05962,0
0.05808,0
0.05825,0
0.00808,0
0.06597,0
0.06691,0
0.06053,0
0.05178,0
0.06377,0
0.03012,0
0.03241,0
0.03190,0
0.02584,0
0.03073,0
0.02879,0
0.02725,0
0.00808,0
0.06473,0
0.06785,1
0.07931,1
0.08917,1
0.08863,1
0.09831,1
0.01837,0
0.02700,0
0.03202,0
0.02901,0
0.03295,0
0.03611,0
0.07644,0
0.05591,0
0.05401,0
0.05086,0
0.04406,0
0.05088,0
0.00808,0
0.02950,0
0.04026,0
0.05203,0
0.04716,0
0.04881,0
0.05072,0
0.02894,0
0.04935,0
0.07518,0
0.04103,0
0.03464,0
0.04588,1
0.06955,1
0.01006,0
0.02495,0
0.04230,0
0.05165,0
0.04270,0
0.04631,0
0.05225,0
0.07305,0
0.04903,0
0.04290,0
0.04555,0
0.08409,0
0.20212,0
0.13310,0
0.12403,0
0.10559,0
0.09061,0
0.08905,0
0.09769,0
0.00808,0
0.03208,0
0.02355,0
0.01990,0
0.02358,0
0.02731,0
0.03012,0
0.03621,0
0.04202,0
0.04024,0
0.04443,0
0.04244,0
0.03937,0
0.00808,0
0.01735,0
0.02438,0
0.01136,0
0.02111,0
0.02945,0
0.03213,0
0.03044,0
0.03402,0
0.05716,0
0.06371,0
0.06885,0
0.06385,0
0.05723,0
0.00808,0
0.04964,0
0.06926,0
0.07487,0
0.08344,0
0.08649,0
0.13034,0
0.08057,0
0.07009,0
0.06293,0
0.05507,0
0.05911,0
0.08503,0
0.07085,0
0.07080,0
0.06900,0
0.08088,0
0.08359,0
0.03012,0
0.03485,0
0.03871,0
0.02878,0
0.04155,0
0.03869,0
0.03570,0
0.01006,0
0.01980,0
0.03470,0
0.02766,0
0.02733,0
0.03494,0
0.03867,0
0.01837,0
0.03676,0
0.02716,0
0.02310,0
0.02292,0
0.02998,0
0.00808,0
0.02889,0
0.04428,0
0.04380,0
0.04040,0
0.04777,0
0.00808,0
0.01735,0
0.02438,0
0.01136,0
0.01970,0
0.02955,0
0.03313,0
0.02894,0
0.03265,0
0.04321,0
0.06334,0
0.08221,0
0.08290,0
0.09037,0
0.09746,0
0.09214,0
0.08154,0
0.09057,0
0.07998,0
0.07100,0
0.07174,0
0.25515,1
0.13513,1
0.14839,1
0.12186,1
0.11287,1
0.01837,0
0.05328,0
0.07197,0
0.07689,0
0.08552,0
0.08605,0
0.01006,0
0.01906,0
0.02581,0
0.01204,0
0.01961,0
0.02387,0
0.02665,0
0.01837,0
0.02442,0
0.03594,0
0.02152,0
0.02305,0
0.03196,0
0.03777,0
0.12215,0
0.09350,0
0.06331,0
0.05959,0
0.07841,0
0.10939,0
0.00808,0
0.02950,0
0.04683,0
0.02976,0
0.02685,0
0.03285,0
0.03628,0
0.03012,0
0.04996,0
0.04264,0
0.05170,0
0.05602,0
0.06009,0
0.06435,0
0.09991,0
0.09445,0
0.07576,0
0.05459,0
0.05246,0
0.06352,0
0.09925,0
0.10371,0
0.09467,0
0.07174,0
0.07139,0
0.09163,0
0.09622,0
0.08828,0
0.08061,0
0.07229,0
0.06629,0
0.06336,0
0.06322,0
0.01837,0
0.02985,0
0.04387,0
0.05550,0
0.04508,0
0.04934,0
0.05003,0
0.01837,0
0.03676,0
0.02716,0
0.02083,0
0.02579,0
0.03004,0
0.01837,0
0.02995,0
0.03307,0
0.02841,0
0.03471,0
0.04254,0
0.01006,0
0.01980,0
0.04798,0
0.07261,0
0.09804,0
0.10518,0
0.10578,0
0.00808,0
0.02205,0
0.04910,0
0.04592,0
0.04390,0
0.05727,0
0.05590,0
0.03012,0
0.03241,0
0.05826,0
0.07508,0
0.07632,0
0.07329,0
0.06803,0
0.04806,0
0.03892,0
0.04728,0
0.03720,0
0.04876,0
0.04376,0
0.04022,0
0.00808,0
0.02994,0
0.02081,0
0.02061,0
0.02667,0
0.03017,0
0.00808,0
0.01735,0
0.03606,0
0.04873,0
0.04397,0
0.04806,0
0.05082,0
0.03012,0
0.04842,0
0.07582,0
0.04173,0
0.03589,0
0.01006,0
0.01980,0
0.05237,0
0.07711,0
0.11340,0
0.11512,0
0.11621,0
0.18576,0
0.13097,0
0.08904,0
0.07100,0
0.08570,0
0.13034,0
0.09791,0
0.07902,0
0.06325,0
0.05108,0
0.05450,0
0.11481,0
0.09745,0
0.06343,0
0.06116,0
0.08111,0
0.10336,0
0.01837,0
0.03676,0
0.07170,1
0.08050,1
0.11516,1
0.13372,1
0.13510,1
0.15013,1
0.16218,1
0.01837,0
0.03827,0
0.03191,0
0.03126,0
0.03461,0
0.03921,0
0.01837,0
0.05033,0
0.05839,0
0.05346,0
0.05606,0
0.05779,0
0.13437,0
0.11417,0
0.10271,0
0.08170,0
0.07268,0
0.08535,0
0.12103,0
0.00808,0
0.03208,0
0.02355,0
0.02326,0
0.02836,0
0.03421,0
0.07169,0
0.06797,0
0.05283,0
0.04140,0
0.04528,0
0.04553,0
0.04883,0
0.09622,0
0.09035,0
0.06133,0
0.04778,0
0.04595,0
0.05662,0
0.05666,0
0.10214,0
0.09439,0
0.06181,0
0.05875,0
0.06996,0
0.08118,0
0.01006,0
0.04441,0
0.05887,0
0.06033,0
0.06599,0
0.07195,0
0.01837,0
0.03676,0
0.02716,0
0.02021,0
0.02295,0
0.03127,0
0.03012,0
0.03415,0
0.04998,0
0.05443,0
0.05111,0
0.09924,0
0.07607,0
0.06029,0
0.05531,0
0.05845,0
0.05371,0
0.06187,0
0.07169,0
0.10196,0
0.13137,0
0.11056,0
0.09523,0
0.08566,0
0.08380,0
0.00808,0
0.06597,0
0.06691,0
0.06357,0
0.06460,0
0.07189,0
0.03012,0
0.03658,0
0.04383,0
0.03898,0
0.04256,0
0.03902,0
0.03706,0
0.03588,0
0.04937,0
0.02330,0
0.02234,0
0.02411,0
0.05958,0
0.07602,0
0.05706,0
0.05820,0
0.06580,0
0.07978,0
0.03012,0
0.05076,0
0.04409,0
0.05120,0
0.06880,0
0.07287,0
0.07915,0
0.00808,0
0.02547,0
0.05814,1
0.07236,1
0.08030,1
0.10434,1
0.10194,1
0.03374,1
0.05045,1
0.06956,1
0.06097,1
0.06100,1
0.05717,1
0.06775,0
0.06659,0
0.08367,0
0.10743,0
0.10682,0
0.08503,0
0.05143,0
0.03111,0
0.04407,0
0.05293,0
0.05571,0
0.00808,0
0.01735,0
0.03096,0
0.01787,0
0.02008,0
0.02446,0
0.02785,0
0.00808,0
0.02547,0
0.03607,0
0.06148,0
0.05420,0
0.05163,0
0.05160,0
0.03012,0
0.02968,0
0.02341,0
0.02263,0
0.02495,0
0.00808,0
0.03208,0
0.02355,0
0.02102,0
0.02685,0
0.03746,0
0.01006,0
0.04747,0
0.04509,0
0.05424,0
0.06388,0
0.06689,0
0.07686,0
0.03012,0
0.03085,0
0.04440,0
0.06130,0
0.08043,0
0.07188,0
0.06431,0
0.08503,0
0.05143,0
0.03111,0
0.03690,0
0.04228,0
0.04618,0
0.13969,0
0.11248,0
0.09573,0
0.08434,0
0.07915,0
0.07067,0
0.07513,0
0.19633,0
0.11280,0
0.08165,0
0.07007,0
0.07302,0
0.08503,0
0.06541,0
0.04798,0
0.05871,0
0.06544,0
0.06692,0
0.01006,0
0.01906,0
0.02581,0
0.01204,0
0.02171,0
0.03000,0
0.03259,0
0.00808,0
0.01735,0
0.02438,0
0.01136,0
0.01901,0
0.02562,0
0.02914,0
0.01837,0
0.02985,0
0.04888,0
0.06249,0
0.05550,0
0.05789,0
0.06608,0
0.03012,0
0.02120,0
0.03573,0
0.06091,0
0.07078,0
0.07819,0
0.08760,0
0.19633,0
0.11280,0
0.08165,0
0.07007,0
0.07766,0
0.09366,0
0.05340,1
0.07886,1
0.07355,1
0.06807,1
0.07822,1
0.00808,0
0.02547,0
0.02901,0
0.01506,0
0.02152,0
0.02672,0
0.04001,0
0.01837,0
0.03986,0
0.02946,0
0.02474,0
0.02985,0
0.04000,0
0.10142,0
0.09082,0
0.07258,0
0.06277,0
0.06603,0
0.08940,0
0.07572,0
0.09145,0
0.07158,0
0.06953,0
0.07190,0
0.07254,0
0.01006,0
0.02131,0
0.02250,0
0.02150,0
0.02910,0
0.03825,0
0.12095,1
0.14259,1
0.11940,1
0.10273,1
0.09318,1
0.03012,0
0.02722,0
0.03432,0
0.02898,0
0.03856,0
0.03589,0
0.03407,0
0.03012,0
0.03621,0
0.04685,0
0.05328,0
0.04867,0
0.04327,0
0.03922,0
0.17305,0
0.12649,0
0.09550,0
0.07455,0
0.07507,0
0.10237,0
0.00808,0
0.01952,0
0.02129,0
0.02060,0
0.02719,0
0.03332,0
0.11771,0
0.06028,0
0.04822,0
0.05457,0
0.04996,0
0.04790,0
0.05180,0
0.03012,0
0.02749,0
0.04186,0
0.05465,0
0.04985,0
0.04500,0
0.04214,0
0.01837,0
0.02985,0
0.04826,0
0.08047,0
0.09883,0
0.09817,0
0.10117,0
0.10643,0
0.08764,0
0.06115,0
0.04566,0
0.04305,0
0.04663,0
0.05416,0
0.01837,0
0.03827,0
0.02482,0
0.01969,0
0.02870,0
0.03463,0
0.00808,0
0.01952,0
0.02129,0
0.02060,0
0.02546,0
0.03416,0
0.00808,0
0.02341,0
0.02239,0
0.01150,0
0.01905,0
0.02743,0
0.05777,0
0.08143,0
0.09932,0
0.08068,0
0.07961,0
0.08087,0
0.07974,0
0.03588,0
0.04937,0
0.02330,0
0.02254,0
0.02292,0
0.03012,0
0.03020,0
0.04012,0
0.06285,0
0.07428,0
0.07312,0
0.07786,0
0.04806,0
0.05298,0
0.02656,0
0.02456,0
0.02449,0
0.00808,0
0.02889,0
0.02185,0
0.01921,0
0.02960,0
0.03556,0
0.00808,0
0.01029,1
0.04177,1
0.05209,1
0.06974,1
0.07885,1
0.08124,1
0.03012,0
0.04963,0
0.05044,0
0.04589,0
0.04464,0
0.01837,0
0.02901,0
0.03441,0
0.03260,0
0.03500,0
0.03991,0
0.06673,0
0.06185,0
0.04440,0
0.05128,0
0.04638,0
0.05228,0
0.05782,0
0.00808,0
0.01735,0
0.10503,1
0.12137,1
0.11152,1
0.11146,1
0.10450,1
0.01006,0
0.02495,0
0.03049,0
0.01583,0
0.01839,0
0.02232,0
0.02639,0
0.03588,0
0.03964,0
0.05076,0
0.05548,0
0.04927,0
0.04473,0
0.04054,0
0.01837,0
0.02442,0
0.02898,0
0.01510,0
0.02210,0
0.02784,0
0.03745,0
0.01006,0
0.02495,0
0.03049,0
0.01583,0
0.02295,0
0.03267,0
0.03584,0
0.18576,0
0.13097,0
0.08904,0
0.07273,0
0.08042,0
0.00808,0
0.02950,0
0.04478,0
0.03001,0
0.02459,0
0.03105,0
0.03568,0
0.09980,0
0.08338,0
0.06108,0
0.06270,0
0.08552,0
0.11091,0
0.01006,0
0.02131,0
0.02250,0
0.01698,0
0.02850,0
0.03866,0
0.09622,0
0.09035,0
0.06133,0
0.04778,0
0.04596,0
0.04406,0
0.04601,0
0.03012,0
0.03661,0
0.01851,0
0.01798,0
0.02046,0
0.10246,0
0.08223,0
0.13910,0
0.12608,0
0.11138,0
0.09606,0
0.09165,0
0.02894,0
0.03668,0
0.01728,0
0.01733,0
0.01882,0
0.03012,0
0.03128,0
0.03593,0
0.02997,0
0.03638,0
0.03453,0
0.03332,0
0.03012,0
0.03661,0
0.01851,0
0.01798,0
0.02046,0
0.00808,0
0.02205,0
0.04598,0
0.05755,0
0.04976,0
0.05252,0
0.05787,0
0.08697,0
0.08898,0
0.08362,0
0.08219,0
0.07677,0
0.07394,0
0.01837,0
0.02995,0
0.02755,0
0.01909,0
0.02385,0
0.03253,0
0.09991,0
0.08506,0
0.06700,0
0.05096,0
0.04896,0
0.06425,0
0.01837,0
0.02985,0
0.04387,0
0.05550,0
0.04508,0
0.04934,0
0.05003,0
0.19633,0
0.11335,0
0.08072,0
0.06875,0
0.07124,0
0.12803,0
0.09747,0
0.09659,0
0.08091,0
0.06568,0
0.06486,0
0.09006,0
0.00808,0
0.01735,0
0.02438,0
0.01136,0
0.01970,0
0.03212,0
0.03641,0
0.07169,0
0.06272,0
0.06856,0
0.06340,0
0.06440,0
0.06367,0
0.06570,0
0.10643,0
0.08927,0
0.06093,0
0.04692,0
0.04127,0
0.04280,0
0.05452,0
0.13276,0
0.10803,0
0.08126,0
0.05953,0
0.05962,0
0.08295,0
0.00808,0
0.02950,0
0.05028,0
0.05481,0
0.04925,0
0.04941,0
0.05325,0
0.01837,0
0.02985,0
0.04888,0
0.06249,0
0.05507,0
0.05905,0
0.05660,0
0.05761,0
0.05583,0
0.05117,0
0.04063,0
0.04230,0
0.04226,0
0.03904,0
0.00808,0
0.02205,0
0.04626,0
0.06801,0
0.06220,0
0.07098,0
0.07507,0
0.01006,0
0.01906,0
0.03225,0
0.01849,0
0.02505,0
0.03526,0
0.03890,0
0.08102,0
0.05035,0
0.04619,0
0.04822,0
0.05663,0
0.01837,0
0.06007,0
0.08454,0
0.08254,0
0.08883,0
0.09548,0
0.00808,0
0.06597,0
0.06236,0
0.08686,0
0.09506,0
0.09885,0
0.03044,0
0.03904,0
0.01914,0
0.01799,0
0.01939,0
0.03012,0
0.03401,0
0.03588,0
0.03379,0
0.04310,0
0.03664,0
0.03293,0
0.03012,0
0.03173,0
0.03887,0
0.03243,0
0.04199,0
0.03816,0
0.03594,0
0.09991,0
0.07370,0
0.06163,0
0.04866,0
0.04848,0
0.06632,0
0.01837,0
0.03986,0
0.02946,0
0.02474,0
0.03071,0
0.03656,0
0.00808,0
0.03208,0
0.02355,0
0.01990,0
0.02958,0
0.03412,0
0.01837,0
0.02995,0
0.03307,0
0.02344,0
0.03011,0
0.03591,0
0.09911,1
0.09885,1
0.09449,1
0.08913,1
0.14876,1
0.01837,0
0.02442,0
0.03176,0
0.05014,0
0.04598,0
0.04668,0
0.05402,0
0.03588,0
0.03954,0
0.04646,0
0.03853,0
0.04600,0
0.03984,0
0.03630,0
0.10359,1
0.07815,1
0.07539,1
0.09143,1
0.08940,0
0.09952,0
0.11098,0
0.09265,0
0.09663,0
0.09754,0
0.09488,0
0.00808,0
0.01952,0
0.02129,0
0.02060,0
0.02684,0
0.03554,0
0.03588,0
0.02324,1
0.06290,1
0.10044,1
0.10180,1
0.10297,1
0.00808,0
0.04964,0
0.06926,0
0.07487,0
0.07952,0
0.07794,0
0.03012,0
0.03307,0
0.03968,0
0.05393,0
0.05567,0
0.04763,0
0.04242,0
0.10362,0
0.08361,0
0.07058,0
0.06492,0
0.06995,0
0.07286,0
0.07360,0
0.00808,0
0.04872,0
0.04428,0
0.06150,0
0.07114,0
0.09325,0
0.10163,0
0.00808,0
0.01797,0
0.03366,0
0.02626,0
0.02631,0
0.03375,0
0.03755,0
0.03044,0
0.03811,0
0.04468,0
0.04037,0
0.04441,0
0.04235,0
0.03915,0
0.16316,0
0.12481,0
0.09027,0
0.06686,0
0.06525,0
0.08462,0
0.11715,0
0.10142,1
0.07813,1
0.06913,1
0.11043,1
0.11226,1
0.09746,0
0.07274,0
0.06374,0
0.05831,0
0.05067,0
0.04412,0
0.04825,0
0.01006,0
0.01906,0
0.03255,0
0.05748,0
0.05659,0
0.06430,0
0.06313,0
0.08343,0
0.09261,0
0.08487,0
0.08098,0
0.08478,0
0.07993,0
0.02894,0
0.04935,0
0.07357,0
0.05422,0
0.04672,0
0.10721,0
0.08805,0
0.06150,0
0.04390,0
0.04287,0
0.05007,0
0.06820,0
0.08102,0
0.05035,0
0.04285,0
0.04080,0
0.05414,0
0.06088,0
0.07057,0
0.00808,0
0.03208,0
0.04406,0
0.03975,0
0.05080,0
0.05522,0
0.13673,0
0.07861,0
0.05270,0
0.04594,0
0.04506,0
0.05483,0
0.07077,0
0.03012,0
0.04842,0
0.07582,0
0.04173,0
0.03589,0
0.14576,0
0.11810,0
0.09724,0
0.07298,0
0.05938,0
0.05636,0
0.06340,0
0.14936,0
0.08493,0
0.05777,0
0.04802,0
0.04717,0
0.05206,0
0.06634,0
0.09622,0
0.06793,0
0.06776,0
0.05818,0
0.05694,0
0.05961,0
0.06112,0
0.01837,0
0.02700,0
0.02606,0
0.01992,0
0.02558,0
0.03905,0
0.23474,0
0.16987,0
0.15388,0
0.14037,0
0.12143,0
0.11298,0
0.12244,0
0.03588,0
0.04327,0
0.04220,0
0.03960,0
0.04300,0
0.04045,0
0.03743,0
0.00808,0
0.03208,0
0.02355,0
0.02243,0
0.03388,0
0.04437,0
0.03012,0
0.03173,0
0.04430,0
0.06588,0
0.07716,0
0.07978,0
0.08721,0
0.00808,0
0.01735,0
0.03175,0
0.04809,0
0.03446,0
0.03447,0
0.03532,0
0.00808,0
0.01797,0
0.04177,0
0.03083,0
0.03637,0
0.03731,0
0.04443,0
0.23970,0
0.15153,0
0.10232,0
0.08348,0
0.09549,0
0.01837,0
0.03827,0
0.02482,0
0.02314,0
0.02683,0
0.03243,0
0.03012,0
0.02722,0
0.03432,0
0.02898,0
0.03430,0
0.03379,0
0.03277,0
0.08343,0
0.09261,0
0.08841,0
0.08173,0
0.08136,0
0.07597,0
0.03012,0
0.03020,0
0.03506,0
0.03180,0
0.03508,0
0.03169,0
0.02907,0
0.06775,0
0.06694,0
0.08263,0
0.10838,0
0.11035,0
0.01837,0
0.05328,0
0.07197,0
0.07689,0
0.09887,0
0.09780,0
0.00808,0
0.01735,0
0.03432,0
0.04378,0
0.03924,0
0.04542,0
0.04872,0
0.10643,0
0.08405,0
0.06371,0
0.04968,0
0.04460,0
0.04759,0
0.06174,0
0.17239,0
0.10754,0
0.08926,0
0.07420,0
0.06331,0
0.06227,0
0.00808,0
0.02341,0
0.02239,0
0.01531,0
0.02400,0
0.02876,0
0.03588,0
0.03556,0
0.04157,0
0.04571,0
0.04705,0
0.04116,0
0.03863,0
0.03588,0
0.02910,0
0.04121,0
0.07861,0
0.08954,0
0.09437,0
0.10197,0
0.07169,0
0.09250,0
0.08754,0
0.07681,0
0.07485,0
0.07651,0
0.07560,0
0.00808,0
0.05026,0
0.06091,0
0.06753,0
0.07491,0
0.08598,0
0.09713,0
0.03013,1
0.07260,1
0.07720,1
0.06119,1
0.06239,1
0.08689,1
0.12738,1
0.07169,0
0.06797,0
0.05283,0
0.05838,1
0.08923,1
0.09351,1
0.09010,1
0.09266,1
0.11771,0
0.06028,0
0.04684,0
0.05035,0
0.04498,0
0.04150,0
0.05047,0
0.01837,0
0.02700,0
0.02606,0
0.02051,0
0.02793,0
0.04102,0
0.03310,1
0.06524,1
0.08331,1
0.06169,1
0.05514,1
0.03012,0
0.02120,0
0.03070,0
0.03928,0
0.04112,0
0.03815,0
0.03482,0
0.00808,0
0.02889,0
0.04428,0
0.04278,0
0.04892,0
0.05561,0
0.12803,0
0.08865,0
0.07986,0
0.06816,0
0.05592,0
0.05703,0
0.08479,0
0.03588,0
0.03964,0
0.04639,0
0.04076,0
0.04825,0
0.04276,0
0.03831,0
0.01837,0
0.03827,0
0.02482,0
0.02431,0
0.03047,0
0.03657,0
0.11041,0
0.08297,0
0.07571,0
0.06084,0
0.05195,0
0.05999,0
0.11324,0
0.08694,0
0.05452,0
0.05799,0
0.06873,0
0.09693,0
0.10857,0
0.01837,0
0.02985,0
0.04888,0
0.06249,0
0.05507,0
0.05905,0
0.05788,0
0.03044,0
0.03326,0
0.03724,0
0.03653,0
0.04728,0
0.04483,0
0.04124,0
0.14352,0
0.08630,0
0.06978,0
0.05882,0
0.05341,0
0.04694,0
0.04963,0
0.09536,0
0.17613,0
0.14335,0
0.10712,0
0.08837,0
0.08028,0
0.08478,0
0.06775,0
0.06547,0
0.08062,0
0.10422,0
0.10697,0
0.02894,0
0.04935,0
0.07357,0
0.05273,0
0.04667,0
0.09746,0
0.10138,0
0.08152,0
0.07748,0
0.06603,0
0.05662,0
0.05783,0
0.00808,0
0.01952,0
0.02129,0
0.01663,0
0.02485,0
0.03363,0
0.02890,1
0.04977,1
0.04656,1
0.04267,1
0.05452,1
0.07212,1
0.08388,1
0.10047,1
0.01837,0
0.02995,0
0.02755,0
0.01909,0
0.03049,0
0.03902,0
0.09052,0
0.07348,0
0.07899,0
0.06001,0
0.04962,0
0.04905,0
0.05886,0
0.00808,0
0.02994,0
0.02081,0
0.02057,0
0.02884,0
0.03753,0
0.00808,0
0.02341,0
0.02239,0
0.01531,0
0.02749,0
0.03686,0
0.00808,0
0.02547,0
0.03607,0
0.06830,0
0.05853,1
0.06891,1
0.07084,1
0.03012,0
0.03241,0
0.04513,0
0.05478,0
0.05521,0
0.05418,0
0.05009,0
0.03044,0
0.03397,0
0.04612,0
0.03413,0
0.03622,0
0.03764,0
0.03698,0
0.03044,0
0.06161,1
0.05482,1
0.00808,0
0.02547,0
0.02901,0
0.01506,0
0.02152,0
0.02563,0
0.03549,0
0.13034,0
0.09716,0
0.08176,0
0.06412,0
0.05123,0
0.05474,0
0.13708,0
0.07591,0
0.05210,0
0.04623,0
0.04790,0
0.05314,0
0.07104,0
0.00808,0
0.02135,0
0.03316,0
0.03537,0
0.04368,0
0.04916,0
0.13034,0
0.09791,0
0.08438,0
0.07208,0
0.05777,0
0.05971,0
0.00808,0
0.02547,0
0.02446,0
0.03433,0
0.03407,0
0.03694,0
0.04221,0
0.07437,0
0.06737,0
0.06715,0
0.05848,0
0.05468,0
0.06302,0
0.01006,0
0.03072,0
0.02346,0
0.02139,0
0.02853,0
0.03503,0
0.02894,0
0.03294,0
0.04442,0
0.05092,0
0.05071,0
0.04371,0
0.03925,0
0.12954,1
0.12406,1
0.12523,1
0.12038,1
0.12823,1
0.12366,1
0.12170,1
0.02894,0
0.03222,0
0.04584,0
0.03828,0
0.04031,0
0.03683,0
0.03437,0
0.09530,0
0.07527,0
0.05543,0
0.05844,0
0.09505,0
0.11959,0
0.01006,0
0.02348,0
0.02854,0
0.02017,0
0.02819,0
0.03405,0
0.11771,0
0.06028,0
0.04822,0
0.05468,0
0.05915,0
0.05644,0
0.06502,0
0.01837,0
0.02900,0
0.04531,0
0.05714,0
0.04936,0
0.05265,0
0.05414,0
0.02894,0
0.03111,0
0.03861,0
0.04273,0
0.04410,0
0.04452,0
0.04267,0
0.08343,0
0.09261,0
0.08525,0
0.07864,0
0.08361,0
0.07782,0
0.00808,0
0.01735,0
0.02438,0
0.01136,0
0.01901,0
0.02582,0
0.02935,0
0.24277,0
0.15769,0
0.14452,0
0.13159,0
0.11490,0
0.11107,0
0.12211,0
0.08697,0
0.07524,0
0.05288,0
0.05360,0
0.05950,0
0.05922,0
0.03012,0
0.02968,0
0.02341,0
0.02313,0
0.02413,0
0.09663,0
0.07546,0
0.07272,0
0.05062,0
0.04171,0
0.04124,0
0.05090,0
0.03012,0
0.02120,0
0.02995,0
0.02883,0
0.03390,0
0.03240,0
0.03003,0
0.00808,0
0.02994,0
0.02081,0
0.02061,0
0.02979,0
0.03839,0
0.11005,0
0.08448,0
0.05934,0
0.05802,0
0.08066,0
0.10104,0
0.03012,0
0.03701,0
0.04669,0
0.05987,0
0.10052,0
0.10568,0
0.11392,0
0.09614,0
0.07537,0
0.08851,0
0.07106,0
0.06705,0
0.06695,0
0.06798,0
0.00808,0
0.02547,0
0.02901,0
0.01506,0
0.02152,0
0.02479,0
0.02840,0
0.12785,0
0.08921,0
0.06233,0
0.06092,0
0.08331,0
0.10633,0
0.01006,0
0.02348,0
0.02298,0
0.01313,0
0.02665,0
0.03722,0
0.05761,0
0.05035,0
0.05805,0
0.06460,0
0.07143,0
0.06227,0
0.05603,0
0.00808,0
0.04161,0
0.05688,0
0.06020,0
0.07396,0
0.08416,0
0.06775,0
0.06262,0
0.10077,0
0.11400,0
0.12638,0
0.01837,0
0.03676,0
0.02716,0
0.02021,0
0.02802,0
0.03516,0
0.12973,0
0.09584,0
0.06719,0
0.06164,0
0.08173,0
0.09246,0
0.23474,0
0.16987,0
0.14277,0
0.12638,0
0.11117,0
0.10781,0
0.11880,0
0.03012,0
0.04842,0
0.05296,0
0.03852,0
0.03506,0
0.00808,0
0.02889,0
0.02185,0
0.01661,0
0.02454,0
0.03191,0
0.00808,0
0.02341,0
0.02239,0
0.01531,0
0.02400,0
0.02876,0
0.00808,0
0.02994,0
0.02718,0
0.03027,0
0.03902,0
0.04489,0
0.00808,0
0.04633,0
0.06727,0
0.08239,0
0.08558,0
0.07909,0
0.08358,0
0.00808,0
0.06439,0
0.05373,0
0.05929,0
0.05753,0
0.06575,0
0.06643,0
0.08697,0
0.07524,0
0.05288,0
0.06107,0
0.05245,0
0.05236,0
0.01006,0
0.02348,0
0.02298,0
0.01193,0
0.02467,0
0.03030,0
0.12382,0
0.09080,0
0.06113,0
0.05981,0
0.07277,0
0.08172,0
0.03012,0
0.03661,0
0.01851,0
0.01798,0
0.02046,0
0.00808,0
0.02889,0
0.02185,0
0.01716,0
0.02306,0
0.03013,0
0.00808,0
0.02994,0
0.04340,1
0.11213,1
0.12550,1
0.11866,1
0.11730,1
0.11761,1
0.13532,0
0.07672,0
0.05354,0
0.04603,0
0.04483,0
0.04682,0
0.06460,0
0.06775,0
0.06694,0
0.09029,0
0.11965,0
0.12214,0
0.08224,0
0.06301,0
0.05664,0
0.05003,0
0.04172,0
0.04085,0
0.05352,0
0.27652,0
0.14273,0
0.10965,0
0.08674,0
0.06978,0
0.06435,0
0.08269,0
0.00808,0
0.02889,0
0.04428,0
0.03825,0
0.04424,0
0.04889,0
0.06581,0
0.08156,0
0.05922,0
0.06404,0
0.07948,0
0.09237,0
0.12234,0
0.06986,0
0.04876,0
0.04444,0
0.05028,0
0.05434,0
0.07264,0
0.10552,0
0.07102,0
0.04612,0
0.04188,0
0.06333,0
0.07822,0
0.08488,0
0.01837,0
0.02995,0
0.03541,0
0.02771,0
0.03618,0
0.04304,0
0.10755,0
0.06760,0
0.04671,0
0.03973,0
0.04132,0
0.04928,0
0.08629,0
0.12560,0
0.07908,0
0.05237,0
0.05233,0
0.05349,0
0.06264,0
0.06306,0
0.01837,0
0.07148,0
0.07774,0
0.06536,0
0.06554,0
0.07437,0
0.01837,0
0.02442,0
0.03970,0
0.04302,0
0.03616,0
0.04008,0
0.04173,0
0.12496,0
0.09199,0
0.14652,0
0.12199,0
0.10367,0
0.08938,0
0.08559,0
0.11166,0
0.08590,0
0.05480,0
0.05907,0
0.06904,0
0.09330,0
0.09638,0
0.02894,0
0.03668,0
0.01728,0
0.01743,0
0.02011,0
0.07573,1
0.08014,1
0.06506,1
0.04588,1
0.04541,1
0.04882,1
0.04806,0
0.03941,0
0.05013,0
0.06261,0
0.06351,0
0.05978,0
0.05488,0
0.08697,0
0.07524,0
0.05288,0
0.05370,0
0.05981,0
0.05999,0
0.08835,0
0.08533,0
0.05912,0
0.06068,0
0.06693,0
0.07241,0
0.07859,0
0.01006,0
0.02348,0
0.02298,0
0.01587,0
0.02450,0
0.02921,0
0.03012,0
0.03241,0
0.04563,0
0.03635,0
0.03919,0
0.03725,0
0.03492,0
0.10121,0
0.07810,0
0.06086,0
0.04517,0
0.03916,0
0.04394,0
0.05379,0
0.03588,0
0.04937,0
0.02330,0
0.02254,0
0.02292,0
0.15132,0
0.10988,0
0.11519,0
0.10814,0
0.10439,0
0.09895,0
0.10789,0
0.00808,0
0.02994,0
0.02081,0
0.01959,0
0.02373,0
0.02972,0
0.04806,0
0.04418,0
0.06548,0
0.07213,0
0.08063,0
0.07349,0
0.06618,0
0.07305,0
0.04903,0
0.04533,0
0.05140,0
0.08739,0
0.03044,0
0.03904,0
0.01914,0
0.01799,0
0.01939,0
0.03012,0
0.02968,0
0.02341,0
0.02263,0
0.02495,0
0.00808,0
0.02994,0
0.02718,0
0.03249,0
0.03485,0
0.04053,0
0.03044,0
0.03904,0
0.01914,0
0.01819,0
0.02065,0
0.03588,0
0.04527,0
0.08833,0
0.05659,0
0.04874,0
0.01837,0
0.03737,0
0.04851,0
0.07209,0
0.06513,0
0.07261,0
0.07207,0
0.08224,0
0.07010,0
0.07923,0
0.08294,0
0.07117,0
0.06811,0
0.07991,0
0.00808,0
0.04612,0
0.04411,0
0.05470,0
0.06149,0
0.07128,0
0.08504,0
0.01837,0
0.07148,0
0.07036,0
0.06734,0
0.06869,0
0.07528,0
0.00808,0
0.02547,0
0.03898,0
0.05299,0
0.03923,0
0.03907,0
0.04351,0
0.03012,0
0.04963,0
0.05044,0
0.05832,1
0.01837,0
0.02995,0
0.03307,0
0.02344,0
0.03227,0
0.03940,0
0.11996,0
0.09469,0
0.07811,0
0.05848,0
0.05403,0
0.06856,0
0.09655,0
0.00808,0
0.01797,0
0.03991,0
0.03558,0
0.03259,0
0.03617,0
0.03923,0
0.03012,0
0.03307,0
0.04021,0
0.03497,0
0.04528,0
0.03878,0
0.03498,0
0.03044,0
0.05023,0
0.07632,0
0.04406,0
0.03732,0
0.08232,0
0.06990,0
0.07274,1
0.07345,1
0.11076,0
0.10449,0
0.08262,0
0.06296,0
0.06245,0
0.08657,0
0.07122,0
0.06470,0
0.04782,0
0.05115,0
0.06629,0
0.09946,0
0.13191,0
0.09159,0
0.07020,0
0.05483,0
0.04693,0
0.04702,0
0.05571,0
0.12393,0
0.09075,0
0.06125,0
0.04463,0
0.04300,0
0.05064,0
0.08479,0
0.04806,0
0.06799,0
0.08230,0
0.08455,0
0.07691,0
0.02894,0
0.04295,0
0.06438,0
0.05053,0
0.04572,0
0.11197,0
0.08336,0
0.06748,0
0.05786,0
0.05108,0
0.04512,0
0.05115,0
0.00808,0
0.03208,0
0.02355,0
0.01990,0
0.02825,0
0.03938,0
0.00808,0
0.02341,0
0.02776,0
0.01980,0
0.03423,0
0.04372,0
0.14202,0
0.18464,0
0.14755,0
0.11181,0
0.09990,0
0.00808,0
0.05379,0
0.06980,0
0.05650,0
0.04865,0
0.05018,0
0.09991,0
0.08323,0
0.06350,0
0.04759,0
0.04626,0
0.06146,0
0.01006,0
0.03072,0
0.02346,0
0.02016,0
0.02688,0
0.03045,0
0.00808,0
0.02341,0
0.02239,0
0.01531,0
0.03109,0
0.03545,0
0.01006,0
0.01906,0
0.03532,0
0.05040,0
0.04408,0
0.04727,0
0.04817,0
0.01006,0
0.01906,0
0.03684,0
0.04908,0
0.03786,0
0.03873,0
0.04034,0
0.09911,0
0.06183,0
0.05255,0
0.05686,0
0.11048,0
0.00808,0
0.02341,0
0.02239,0
0.01531,0
0.02159,0
0.02930,0
0.03044,0
0.04361,0
0.03851,0
0.04875,0
0.06747,0
0.07052,0
0.07826,0
0.01006,0
0.01906,0
0.02581,0
0.01204,0
0.02032,0
0.02904,0
0.03233,0
0.00808,0
0.02889,0
0.02185,0
0.01661,0
0.02454,0
0.03626,0
0.26804,0
0.17295,0
0.12020,0
0.09303,0
0.07942,0
0.07651,0
0.07897,0
0.00808,0
0.02889,0
0.02185,0
0.01661,0
0.02492,0
0.03252,0
0.00808,0
0.02889,0
0.02185,0
0.01748,0
0.02408,0
0.02839,0
0.01837,0
0.02995,0
0.03307,0
0.02344,0
0.03227,0
0.03718,0
0.09925,0
0.08699,0
0.07259,0
0.05323,0
0.05534,0
0.07788,0
0.00808,0
0.02889,0
0.02185,0
0.01716,0
0.02386,0
0.02824,0
0.13693,1
0.13904,1
0.12345,1
0.11015,1
0.12314,1
0.12315,1
0.12062,1
0.12095,0
0.14259,0
0.11980,0
0.10634,0
0.09626,0
0.08606,0
0.08846,0
0.07169,0
0.06427,0
0.06874,0
0.06861,0
0.06984,0
0.06430,0
0.06455,0
0.19633,0
0.11335,0
0.08072,0
0.07090,0
0.07277,0
0.09991,0
0.07390,0
0.05733,0
0.04025,0
0.04103,0
0.05718,0
0.00808,0
0.02547,0
0.04075,0
0.05157,0
0.04159,0
0.04613,0
0.05591,0
0.07176,0
0.03445,0
0.05055,0
0.05411,0
0.04646,0
0.05298,0
0.13051,0
0.06982,0
0.04999,0
0.04655,0
0.05024,0
0.05143,0
0.06779,0
0.01006,0
0.02348,0
0.02298,0
0.02465,0
0.02987,0
0.03708,0
0.13673,0
0.07861,0
0.05270,0
0.04358,0
0.04664,0
0.05406,0
0.06863,0
0.00808,0
0.02341,0
0.02776,0
0.01980,0
0.02949,0
0.03713,0
0.00808,0
0.01735,0
0.02604,0
0.04571,0
0.04099,0
0.04758,0
0.04851,0
0.00808,0
0.05070,0
0.05848,0
0.07713,0
0.06722,0
0.07301,0
0.07482,0
0.10121,0
0.08981,0
0.06588,0
0.05248,0
0.04604,0
0.04737,0
0.05457,0
0.03044,0
0.03121,0
0.02434,0
0.02330,0
0.02545,0
0.03012,0
0.02749,0
0.03595,0
0.04021,0
0.04385,0
0.04141,0
0.03829,0
0.01837,0
0.02995,0
0.03307,0
0.02841,0
0.03366,0
0.04456,0
0.09991,0
0.07872,0
0.05775,0
0.04062,0
0.04051,0
0.05684,0
0.03044,0
0.03904,0
0.01914,0
0.01799,0
0.01939,0
0.10643,0
0.08927,0
0.06093,0
0.04692,0
0.04103,0
0.04344,0
0.04802,0
0.08095,0
0.08804,0
0.06081,0
0.05914,0
0.06931,0
0.08045,0
0.12932,0
0.09713,0
0.06971,0
0.05041,0
0.05276,0
0.06430,0
0.10079,0
0.07412,0
0.05600,0
0.03748,0
0.04109,0
0.05940,0
0.08658,0
0.09984,0
0.01837,0
0.04800,0
0.06559,0
0.07237,0
0.06804,0
0.07581,0
0.01006,0
0.02131,0
0.02250,0
0.02150,0
0.02690,0
0.03402,0
0.12215,0
0.09586,0
0.06138,0
0.05876,0
0.08090,0
0.10484,0
0.10142,0
0.09082,0
0.07401,0
0.06301,0
0.06502,0
0.02894,0
0.03032,0
0.04545,0
0.03466,0
0.03812,0
0.03674,0
0.03458,0
0.13034,0
0.09791,0
0.08347,0
0.07846,0
0.06234,0
0.06388,0
0.09622,0
0.09035,0
0.06133,0
0.04778,0
0.04594,0
0.04405,0
0.04541,0
0.12907,0
0.09006,0
0.08247,0
0.06359,0
0.06063,0
0.06805,0
0.21126,0
0.11270,0
0.08116,0
0.06714,0
0.05557,0
0.05920,0
0.02841,1
0.04635,1
0.06167,1
0.04908,1
0.05850,1
0.08806,1
0.12760,1
0.12818,1
0.03012,0
0.03401,0
0.03806,0
0.04453,0
0.04519,0
0.04298,0
0.07673,1
0.09488,1
0.09549,1
0.12976,0
0.08535,0
0.06967,0
0.04934,0
0.05082,0
0.07592,0
0.11742,0
0.11004,0
0.09295,0
0.09169,0
0.08673,0
0.08122,0
0.07830,0
0.00808,0
0.02547,0
0.03464,0
0.05226,0
0.04282,0
0.04179,0
0.04299,0
0.10121,0
0.08200,0
0.05869,0
0.04329,0
0.03742,0
0.04662,0
0.05530,0
0.00808,0
0.02341,0
0.02776,0
0.01980,0
0.03324,0
0.04208,0
0.03044,0
0.03121,0
0.02434,0
0.02330,0
0.02545,0
0.03012,0
0.04636,0
0.04185,0
0.03514,0
0.03625,0
0.03686,0
0.03595,0
0.09645,1
0.07040,1
0.04691,1
0.04708,1
0.05051,1
0.06164,1
0.07490,1
0.01006,0
0.09146,1
0.11384,1
0.10174,1
0.13276,0
0.10007,0
0.08164,0
0.06492,0
0.06469,0
0.08825,0
0.11833,0
0.16645,0
0.13665,0
0.09914,0
0.08144,0
0.07514,0
0.08764,0
0.03588,0
0.04527,0
0.07072,0
0.05796,0
0.04972,0
0.00808,0
0.09321,1
0.08867,1
0.09110,1
0.08306,1
0.08047,1
0.07959,1
0.07644,0
0.04434,0
0.05772,0
0.05985,0
0.05186,0
0.05292,0
0.00808,0
0.02341,0
0.02776,0
0.03198,0
0.03915,0
0.04621,0
0.13244,0
0.13606,0
0.10352,0
0.07717,0
0.07427,0
0.09617,0
0.10900,0
0.08697,1
0.07524,1
0.06080,1
0.05946,1
0.05810,1
0.13360,0
0.07455,0
0.04923,0
0.04235,0
0.04116,0
0.04532,0
0.08298,0
0.01837,0
0.02442,0
0.03594,0
0.02152,0
0.02676,0
0.03494,0
0.04136,0
0.01006,0
0.02495,0
0.04905,0
0.08249,0
0.08990,0
0.09533,0
0.10313,0
0.00808,0
0.02950,0
0.04691,0
0.03335,0
0.02982,0
0.03354,0
0.03729,0
0.09622,0
0.09229,0
0.12069,0
0.10143,0
0.08846,0
0.07974,0
0.07920,0
0.03012,0
0.05119,0
0.04389,0
0.05584,0
0.06953,0
0.07301,0
0.07907,0
0.06056,0
0.08598,0
0.07426,0
0.06333,0
0.06133,0
0.06530,0
0.08212,0
0.01837,0
0.03827,0
0.02482,0
0.03010,0
0.03411,0
0.03980,0
0.02894,0
0.02029,0
0.03444,0
0.03796,0
0.04719,0
0.04068,0
0.03667,0
0.01837,0
0.02442,0
0.03593,0
0.06494,0
0.05811,0
0.06419,0
0.06739,0
0.01837,0
0.02700,0
0.02606,0
0.02051,0
0.03231,0
0.03953,0
0.00808,0
0.01797,0
0.04177,0
0.04007,0
0.04058,0
0.04571,0
0.05175,0
0.11197,0
0.08233,0
0.09201,0
0.08042,0
0.07235,0
0.06233,0
0.06285,0
0.03012,0
0.04963,0
0.05044,0
0.04589,0
0.04464,0
0.03588,0
0.04056,0
0.04127,0
0.04415,0
0.04099,0
0.03930,0
0.03662,0
0.00808,0
0.01735,0
0.04451,0
0.06954,0
0.08968,0
0.08820,0
0.09357,0
0.08393,0
0.04746,0
0.04321,0
0.04655,0
0.04878,0
0.06430,0
0.07775,0
0.00808,0
0.04527,0
0.05942,0
0.06199,0
0.06935,0
0.07534,0
0.01837,0
0.02995,0
0.03307,0
0.02344,0
0.03017,0
0.03884,0
0.11928,0
0.07692,0
0.05234,0
0.05160,0
0.06157,0
0.07687,0
0.01006,0
0.03193,0
0.02764,0
0.03319,0
0.03790,0
0.04255,0
0.10721,0
0.08015,0
0.05629,0
0.04002,0
0.03865,0
0.04663,0
0.08111,0
0.08224,0
0.06301,0
0.05834,0
0.06786,0
0.05683,0
0.05852,0
0.06888,0
0.00808,0
0.01952,0
0.02129,0
0.02060,0
0.02684,0
0.03418,0
0.00808,0
0.02994,0
0.02718,0
0.02956,0
0.03195,0
0.03684,0
0.09536,0
0.16315,0
0.13385,0
0.09771,0
0.08209,0
0.07729,0
0.08572,0
0.01837,0
0.03986,0
0.02946,0
0.02525,0
0.03075,0
0.04188,0
0.01006,0
0.01906,0
0.03578,0
0.04502,0
0.03826,0
0.03667,0
0.03836,0
0.11771,0
0.06028,0
0.04822,0
0.04420,0
0.04143,0
0.04058,0
0.05026,0
0.13360,1
0.07455,1
0.04923,1
0.04235,1
0.06528,1
0.08610,0
0.07774,0
0.05091,0
0.05049,0
0.06119,0
0.09071,0
0.01006,0
0.01906,0
0.02581,0
0.01204,0
0.02032,0
0.03484,0
0.04162,0
0.00808,0
0.02341,0
0.02239,0
0.01150,0
0.02224,0
0.03512,0
0.01006,0
0.03193,0
0.02090,0
0.01997,0
0.02820,0
0.03439,0
0.14558,0
0.07281,0
0.05802,0
0.06201,0
0.05476,0
0.05049,0
0.05866,0
0.02894,0
0.03615,0
0.04699,0
0.03817,0
0.03991,0
0.03853,0
0.03698,0
0.01837,0
0.02985,0
0.03461,0
0.01902,0
0.02482,0
0.02749,0
0.03042,0
0.11442,0
0.10607,0
0.09765,0
0.08027,0
0.06863,0
0.05840,0
0.05888,0
0.00808,0
0.02135,0
0.02967,0
0.04129,0
0.04725,0
0.05320,0
0.01006,0
0.03193,0
0.02090,0
0.03250,0
0.03578,0
0.04027,0
0.06196,0
0.05655,0
0.05853,0
0.05213,0
0.05731,0
0.06747,0
0.17085,0
0.10485,0
0.09112,0
0.07990,0
0.06499,0
0.06268,0
0.08008,0
0.12973,0
0.08827,0
0.15004,1
0.14716,1
0.13712,1
0.13446,1
0.14990,1
0.16696,1
0.09756,0
0.06426,0
0.05436,0
0.05819,0
0.11171,0
0.13034,0
0.09193,0
0.07141,0
0.06349,0
0.05243,0
0.05599,0
0.01006,0
0.03193,0
0.02090,0
0.01680,0
0.02556,0
0.03477,0
0.07515,0
0.06307,0
0.06848,0
0.06360,0
0.07186,0
0.07644,0
0.14352,0
0.09107,0
0.09396,0
0.08100,0
0.07259,0
0.06248,0
0.06302,0
0.00808,0
0.02889,0
0.02185,0
0.02039,0
0.02464,0
0.03315,0
0.11996,0
0.09469,0
0.08114,0
0.06416,0
0.06445,0
0.08414,0
0.11976,0
0.01006,0
0.02131,0
0.02809,0
0.03139,0
0.03446,0
0.04624,0
0.00808,0
0.01735,0
0.04374,0
0.07771,0
0.09730,0
0.09478,0
0.09570,0
0.00808,0
0.04618,0
0.04349,0
0.05959,0
0.06774,0
0.08598,0
0.09074,0
0.00808,0
0.02341,0
0.02239,0
0.01531,0
0.02159,0
0.02613,0
0.08503,0
0.05143,0
0.03619,0
0.04524,0
0.04585,0
0.04854,0
0.01006,0
0.03193,0
0.02090,0
0.02224,0
0.03121,0
0.04004,0
0.01837,0
0.02442,0
0.03979,0
0.05236,0
0.04509,0
0.05168,0
0.05269,0
0.07169,0
0.07962,0
0.09766,0
0.08942,0
0.08384,0
0.08600,0
0.08369,0
0.12463,0
0.09957,0
0.07097,0
0.04930,0
0.04594,0
0.05290,0
0.07316,0
0.07515,0
0.06314,0
0.06707,0
0.06508,0
0.07695,0
0.07994,0
0.01837,0
0.03737,0
0.05560,0
0.05933,0
0.05636,0
0.05666,0
0.06094,0
0.00808,0
0.04964,0
0.06926,0
0.07314,0
0.08537,0
0.08909,0
0.11132,1
0.08785,1
0.08024,1
0.09556,1
0.09804,1
0.09675,1
0.09647,1
0.10805,0
0.09210,0
0.06781,0
0.05344,0
0.04826,0
0.05170,0
0.06506,0
0.01837,0
0.02442,0
0.03969,0
0.04749,0
0.04042,0
0.03843,0
0.03984,0
0.03012,0
0.02120,0
0.03842,0
0.04401,0
0.04485,0
0.04374,0
0.04016,0
0.13034,0
0.09802,0
0.07051,0
0.05929,0
0.04761,0
0.05160,0
0.01006,0
0.01980,0
0.04446,0
0.06355,0
0.06034,0
0.06144,0
0.06120,0
0.00808,0
0.01952,0
0.03119,0
0.03508,0
0.04494,0
0.04981,0
0.03044,0
0.03397,0
0.03306,0
0.03681,0
0.04653,0
0.04020,0
0.03631,0
0.01837,0
0.02442,0
0.02898,0
0.01510,0
0.02411,0
0.03205,0
0.03336,0
0.03588,0
0.03661,0
0.04335,0
0.03746,0
0.04388,0
0.03815,0
0.03488,0
0.00808,0
0.01952,0
0.02642,0
0.02480,0
0.03573,0
0.04230,0
0.03012,0
0.04963,0
0.05044,0
0.04676,0
0.04425,0
0.12560,1
0.12825,1
0.10286,1
0.09909,1
0.09266,1
0.09112,1
0.12748,1
0.00808,0
0.02547,0
0.02901,0
0.01506,0
0.02229,0
0.03393,0
0.03791,0
0.27652,0
0.15093,0
0.11604,0
0.09209,0
0.07459,0
0.06830,0
0.08188,0
0.00808,0
0.02994,0
0.02718,0
0.03251,0
0.03850,0
0.04315,0
0.12207,0
0.08526,0
0.05000,0
0.04926,0
0.07005,0
0.08310,0
0.05761,0
0.05035,0
0.04851,0
0.04241,0
0.05303,0
0.04911,0
0.04488,0
0.00808,0
0.01735,0
0.03683,0
0.05245,0
0.04797,0
0.05373,0
0.05543,0
0.10362,0
0.11394,0
0.10074,0
0.10033,0
0.09226,0
0.08122,0
0.07999,0
0.00808,0
0.02341,0
0.02239,0
0.01531,0
0.02400,0
0.03135,0
0.00808,0
0.02547,0
0.03611,0
0.02186,0
0.02846,0
0.02810,0
0.02994,0
0.06761,0
0.06633,0
0.05246,0
0.05545,0
0.06804,0
0.08094,0
0.01006,0
0.02131,0
0.03229,0
0.03592,0
0.04756,0
0.04905,0
0.12441,0
0.10838,0
0.07157,0
0.06711,0
0.07813,0
0.08872,0
0.03044,0
0.04765,0
0.03985,0
0.05353,0
0.06758,0
0.07102,0
0.08291,0
0.02894,0
0.04935,0
0.07518,0
0.04103,0
0.03464,0
0.01837,0
0.02985,0
0.04888,0
0.06249,0
0.05061,0
0.04962,0
0.05529,0
0.08901,0
0.05569,0
0.05710,0
0.05126,0
0.04759,0
0.05072,0
0.09725,0
0.07002,0
0.04783,0
0.05196,0
0.05820,0
0.06719,0
0.07982,0
0.00808,0
0.01735,0
0.03141,0
0.07203,0
0.11078,0
0.11560,0
0.11506,0
0.00808,0
0.02889,0
0.02185,0
0.01661,0
0.02284,0
0.02832,0
0.00808,0
0.02341,0
0.02776,0
0.02075,0
0.03360,0
0.04324,0
0.03012,0
0.03313,0
0.04322,0
0.06032,0
0.06695,0
0.06859,0
0.06235,0
0.01837,0
0.03737,0
0.05539,0
0.08992,0
0.12766,0
0.13363,0
0.13775,0
0.09361,0
0.09287,0
0.06163,0
0.05608,0
0.10115,0
0.12486,0
0.01006,0
0.02324,0
0.04713,0
0.06859,0
0.06241,0
0.07115,0
0.07530,0
0.01006,0
0.05322,0
0.06016,0
0.07780,0
0.06787,0
0.07394,0
0.07539,0
0.09663,0
0.07885,0
0.07639,0
0.05035,0
0.04094,0
0.04159,0
0.04733,0
0.03075,1
0.05151,1
0.05115,1
0.05425,1
0.05665,1
0.06053,1
0.06926,1
0.00808,0
0.02547,0
0.04239,0
0.08092,0
0.11777,0
0.12056,0
0.12135,0
0.01006,0
0.02131,0
0.02250,0
0.02150,0
0.02789,0
0.04089,0
0.02894,0
0.04935,0
0.07518,0
0.04280,0
0.03700,0
0.09614,0
0.07733,0
0.08732,0
0.06997,0
0.06998,0
0.07424,0
0.07317,0
0.00808,0
0.01735,0
0.02438,0
0.01136,0
0.01529,0
0.02265,0
0.02673,0
0.01006,0
0.03193,0
0.02764,0
0.03566,0
0.04298,0
0.04969,0
0.01837,0
0.03827,0
0.02482,0
0.02389,0
0.03230,0
0.04416,0
0.08224,0
0.07010,0
0.07399,0
0.07406,0
0.06437,0
0.06164,0
0.07360,0
0.00808,0
0.01735,0
0.03479,0
0.05657,0
0.07716,0
0.08053,0
0.08168,0
0.00808,0
0.06333,0
0.06773,0
0.07070,0
0.08013,0
0.08717,0
0.06761,0
0.06633,0
0.04996,0
0.05290,0
0.07069,0
0.10285,0
0.01837,0
0.02995,0
0.03307,0
0.02344,0
0.03442,0
0.04087,0
0.08503,0
0.06208,0
0.04156,0
0.05251,0
0.05996,0
0.06222,0
0.01837,0
0.03827,0
0.02482,0
0.02521,0
0.03453,0
0.04245,0
0.09725,0
0.07002,0
0.04793,0
0.04828,0
0.05479,0
0.06217,0
0.06535,0
0.11928,0
0.07692,0
0.05260,0
0.05269,0
0.06677,0
0.07987,0
0.00808,0
0.01797,0
0.04177,0
0.03083,0
0.02947,0
0.04542,0
0.05410,0
0.12560,0
0.07908,0
0.05237,0
0.05688,0
0.05291,0
0.05920,0
0.06599,0
0.00808,1
0.01952,1
0.05297,1
0.07870,1
0.09027,1
0.11307,1
0.12234,0
0.06986,0
0.04876,0
0.04577,0
0.04599,0
0.05898,0
0.05981,0
0.01006,0
0.05316,1
0.06650,1
0.04911,1
0.04478,1
0.05091,1
0.05442,1
0.03044,0
0.03904,0
0.01914,0
0.01799,0
0.01939,0
0.02608,1
0.05570,1
0.08794,1
0.09872,1
0.11667,1
0.11633,1
0.11721,1
0.11492,1
0.01837,0
0.02700,0
0.02606,0
0.01992,0
0.02903,0
0.03829,0
0.00808,0
0.04478,0
0.03981,0
0.06615,0
0.07440,0
0.09756,0
0.10022,0
0.07061,0
0.06017,0
0.06080,0
0.04993,0
0.05126,0
0.05249,0
0.00808,0
0.01735,0
0.02438,0
0.01136,0
0.01529,0
0.02284,0
0.02693,0
0.02894,0
0.03417,0
0.05411,0
0.06120,0
0.05743,0
0.03012,0
0.03313,0
0.04241,0
0.06231,0
0.07365,0
0.07719,0
0.08568,0
0.09814,0
0.07818,0
0.06498,0
0.06138,0
0.05954,0
0.06197,0
0.03044,0
0.04744,0
0.03818,0
0.03750,0
0.03829,0
0.03921,0
0.03642,0
0.00808,0
0.01735,0
0.02438,0
0.01136,0
0.01529,0
0.02065,0
0.02509,0
0.00808,0
0.02341,0
0.02239,0
0.01150,0
0.02685,0
0.03248,0
0.03012,0
0.04842,0
0.07582,0
0.04000,0
0.03350,0
0.13923,0
0.11845,0
0.09377,0
0.07709,0
0.06570,0
0.06293,0
0.08879,0
0.03012,0
0.03241,0
0.03190,0
0.03478,0
0.03745,0
0.03835,0
0.03741,0
0.10754,0
0.09513,0
0.06074,0
0.06251,0
0.09776,0
0.12634,0
0.01837,0
0.02442,0
0.03594,0
0.02152,0
0.02305,0
0.02669,0
0.03000,0
0.00808,0
0.02341,0
0.02239,0
0.01150,0
0.02059,0
0.03387,0
0.00808,0
0.01952,0
0.02129,0
0.01610,0
0.02776,0
0.03317,0
0.03012,0
0.02120,0
0.04149,0
0.03309,0
0.04041,0
0.03500,0
0.03180,0
0.03012,0
0.04963,0
0.05044,0
0.04589,0
0.04464,0
0.00808,0
0.02341,0
0.02776,0
0.02075,0
0.02684,0
0.03398,0
0.01006,0
0.03329,0
0.02538,0
0.02098,0
0.03011,0
0.03111,0
0.03012,0
0.03241,0
0.03672,0
0.04389,0
0.04259,0
0.03807,0
0.03487,0
0.07644,0
0.04434,0
0.05772,0
0.05985,0
0.05304,0
0.05861,0
0.03012,0
0.03828,0
0.05085,0
0.04437,0
0.04616,0
0.04308,0
0.03927,0
0.00808,0
0.02889,0
0.02185,0
0.01661,0
0.01987,0
0.02860,0
0.03044,0
0.03396,0
0.04155,0
0.07817,0
0.09004,0
0.09383,0
0.10111,0
0.00808,0
0.03208,0
0.02355,0
0.01990,0
0.02840,0
0.03354,0
0.05958,1
0.07196,1
0.07940,1
0.10194,1
0.12569,1
0.12699,1
0.12973,1
0.00808,0
0.02950,0
0.05413,0
0.04631,0
0.04091,0
0.04582,0
0.04966,0
0.19633,0
0.11280,0
0.08165,0
0.07276,0
0.07485,0
0.00808,0
0.01735,0
0.03096,0
0.01787,0
0.02590,0
0.03331,0
0.03436,0
0.01006,0
0.01906,0
0.03255,0
0.05732,0
0.05340,0
0.05871,0
0.05916,0
0.11481,0
0.10465,0
0.07541,0
0.05738,0
0.05048,0
0.05919,0
0.06827,0
0.08343,0
0.07773,0
0.08371,0
0.06887,0
0.06475,0
0.06137,0
0.07953,0
0.07135,0
0.05458,0
0.05561,0
0.09345,0
0.11737,0
0.00808,0
0.02547,0
0.04088,0
0.04555,0
0.04224,0
0.04214,0
0.04310,0
0.13673,0
0.07861,0
0.05270,0
0.04594,0
0.04624,0
0.05205,0
0.06697,0
0.10542,0
0.08739,0
0.06354,0
0.04715,0
0.04861,0
0.05654,0
0.07364,0
0.07176,0
0.03445,0
0.03904,0
0.04271,0
0.03991,0
0.04351,0
0.10471,0
0.08119,0
0.07801,0
0.05865,0
0.05643,0
0.05565,0
0.17239,0
0.11235,0
0.09961,0
0.09784,0
0.08335,0
0.08501,0
0.02894,0
0.03668,0
0.01728,0
0.01743,0
0.02011,0
0.05761,0
0.07328,0
0.10125,1
0.08487,1
0.07443,0
0.08394,0
0.06682,0
0.04784,0
0.04734,0
0.06540,0
0.02894,0
0.03111,0
0.03502,0
0.02975,0
0.04232,0
0.04048,0
0.03749,0
0.01837,0
0.02700,0
0.02606,0
0.01992,0
0.03086,0
0.04059,0
0.02894,0
0.02751,0
0.03537,0
0.02919,0
0.03457,0
0.03396,0
0.03149,0
0.00808,0
0.04202,0
0.06635,0
0.06806,0
0.07737,0
0.07584,0
0.00808,0
0.02547,0
0.02901,0
0.01506,0
0.02152,0
0.02430,0
0.02783,0
0.01006,0
0.01980,0
0.04190,0
0.03336,0
0.03094,0
0.04639,0
0.05043,0
0.03012,0
0.03313,0
0.03796,0
0.04471,0
0.04540,0
0.04176,0
0.03801,0
0.03012,0
0.03313,0
0.05756,0
0.06507,0
0.07868,0
0.07404,0
0.06689,0
0.01837,0
0.03827,0
0.02482,0
0.02290,0
0.02444,0
0.03044,0
0.00808,0
0.01952,0
0.02129,0
0.01663,0
0.02503,0
0.03514,0
0.00808,0
0.02994,0
0.02081,0
0.01949,0
0.02809,0
0.03694,0
0.03012,0
0.03661,0
0.01851,0
0.01798,0
0.02046,0
0.07169,0
0.06797,0
0.05283,0
0.04536,0
0.04943,0
0.04766,0
0.04978,0
0.00808,0
0.02341,0
0.02239,0
0.01150,0
0.02070,0
0.03530,0
0.01837,0
0.03827,0
0.03191,0
0.02960,0
0.03308,0
0.03538,0
0.01837,0
0.03676,0
0.02716,0
0.02112,0
0.02933,0
0.03312,0
0.00808,0
0.03640,0
0.03728,0
0.04609,0
0.07345,0
0.08254,0
0.09309,0
0.01006,0
0.02324,0
0.05504,0
0.06445,0
0.05794,0
0.05863,0
0.06269,0
0.01837,0
0.03827,0
0.02482,0
0.02290,0
0.03046,0
0.03926,0
0.01837,0
0.03676,0
0.04970,0
0.06760,1
0.00808,0
0.02341,0
0.02239,0
0.01150,0
0.02059,0
0.02957,0
0.01006,0
0.01906,0
0.05474,1
0.06266,1
0.06641,1
0.08990,1
0.07858,1
0.12317,1
0.11157,1
0.02894,0
0.04578,0
0.04328,0
0.03885,0
0.04056,0
0.03959,0
0.03799,0
0.08697,0
0.07524,0
0.06200,0
0.06932,0
0.06324,0
0.06248,0
0.18576,0
0.13097,0
0.08904,0
0.07100,0
0.07893,0
0.00808,0
0.04618,0
0.04349,0
0.05959,0
0.06200,0
0.08427,0
0.08804,0
0.01837,0
0.02985,0
0.04094,0
0.02575,0
0.02615,0
0.03411,0
0.03962,0
0.07169,0
0.08723,0
0.08448,0
0.07036,0
0.07427,0
0.06946,0
0.06970,0
0.12393,0
0.08048,0
0.05608,0
0.04141,0
0.04174,0
0.05087,0
0.07149,0
0.00808,0
0.02950,0
0.04468,0
0.05571,0
0.05118,0
0.05991,0
0.06120,0
0.11771,0
0.06028,0
0.04822,0
0.05457,0
0.04996,0
0.04683,0
0.05080,0
0.03588,0
0.03954,0
0.04199,0
0.03652,0
0.04462,0
0.04050,0
0.03799,0
0.01006,0
0.02348,0
0.03113,0
0.03004,0
0.03717,0
0.04264,0
0.09814,0
0.07462,0
0.05052,0
0.05924,0
0.06125,0
0.06298,0
0.09991,0
0.08903,0
0.07670,0
0.05858,0
0.05750,0
0.06823,0
0.06775,0
0.06694,0
0.08815,0
0.11316,0
0.11473,0
0.00808,0
0.02341,0
0.02239,0
0.01150,0
0.02246,0
0.03704,0
0.01006,0
0.03563,0
0.05355,0
0.05883,0
0.07140,0
0.07357,0
0.01006,0
0.01906,0
0.03244,0
0.04868,0
0.03479,0
0.03815,0
0.04486,0
0.03044,0
0.03904,0
0.01914,0
0.01799,0
0.01939,0
0.10975,0
0.11200,0
0.09034,0
0.09045,0
0.08834,0
0.08007,0
0.08257,0
0.00808,0
0.01797,0
0.03246,0
0.04899,0
0.04579,0
0.05418,0
0.05873,0
0.01006,0
0.02131,0
0.02250,0
0.01755,0
0.03206,0
0.03737,0
0.07848,0
0.06875,0
0.06705,0
0.06299,0
0.05776,0
0.07117,0
0.14045,0
0.10273,0
0.08703,0
0.06572,0
0.06489,0
0.07640,0
0.10087,0
0.07176,0
0.04374,0
0.04320,0
0.04970,0
0.04219,0
0.04441,0
0.08779,0
0.05886,0
0.04109,0
0.03908,0
0.04717,0
0.05345,0
0.05946,0
0.02894,0
0.04578,0
0.04492,0
0.04137,0
0.04374,0
0.04166,0
0.03859,0
0.00808,0
0.03208,0
0.02355,0
0.01990,0
0.02888,0
0.03590,0
0.02894,0
0.03615,0
0.03743,0
0.04472,1
0.03911,1
0.09616,1
0.11715,1
0.10386,1
0.11405,1
0.00808,0
0.02341,0
0.02239,0
0.01150,0
0.02070,0
0.03081,0
0.00808,0
0.02950,0
0.04468,0
0.05571,0
0.05118,0
0.05310,0
0.05753,0
0.03012,0
0.04963,0
0.05044,0
0.04676,0
0.04425,0
0.06339,1
0.06670,1
0.00808,0
0.02547,0
0.03607,0
0.06830,0
0.05995,0
0.06499,0
0.06789,0
0.03588,0
0.03963,0
0.04754,0
0.06886,0
0.08437,0
0.08917,0
0.09764,0
0.12932,1
0.10125,1
0.10176,1
0.09551,1
0.10089,1
0.11448,1
0.12140,1
0.00808,0
0.02135,0
0.02967,0
0.02671,0
0.03045,0
0.03642,0
0.19633,1
0.11335,1
0.10507,1
0.10844,1
0.10240,1
0.00808,0
0.02994,0
0.02081,0
0.01959,0
0.02773,0
0.03992,0
0.01006,0
0.02348,0
0.02298,0
0.01313,0
0.02264,0
0.03693,0
0.03012,0
0.03313,0
0.04494,0
0.03332,0
0.03698,0
0.03597,0
0.03484,0
0.01006,0
0.02495,0
0.04213,0
0.05272,0
0.04658,0
0.05291,0
0.05717,0
0.08697,0
0.07524,0
0.05288,0
0.05667,0
0.05337,0
0.05424,0
0.11771,0
0.06028,0
0.04192,0
0.04112,0
0.05037,0
0.04762,0
0.05667,0
0.01006,0
0.02495,0
0.04494,0
0.05112,0
0.05073,0
0.04909,0
0.04825,0
0.13034,0
0.08586,0
0.07626,0
0.07734,0
0.06524,0
0.06728,0
0.09622,0
0.07262,0
0.06896,0
0.06215,0
0.06705,0
0.06261,0
0.06357,0
0.09366,0
0.09286,0
0.07476,0
0.06282,0
0.06511,0
0.01837,0
0.02562,0
0.04608,0
0.03684,0
0.03177,0
0.03810,0
0.04081,0
0.10975,0
0.11200,0
0.09373,0
0.08126,0
0.07470,0
0.06762,0
0.07208,0
0.09622,1
0.09769,1
0.07780,1
0.13210,1
0.12108,1
0.12304,1
0.12020,1
0.00808,0
0.02341,0
0.02239,0
0.01150,0
0.02070,0
0.03081,0
0.00808,0
0.02994,0
0.02081,0
0.02295,0
0.02593,0
0.02998,0
0.00808,0
0.02950,0
0.04457,0
0.04653,0
0.05256,0
0.05426,0
0.06314,0
0.07047,1
0.07539,1
0.01006,0
0.01980,0
0.03683,0
0.04484,0
0.04829,0
0.06114,0
0.06832,0
0.01006,0
0.03112,0
0.04571,0
0.06893,0
0.05659,0
0.06558,0
0.06623,0
0.00808,0
0.02950,0
0.05028,0
0.05742,0
0.05797,0
0.06441,0
0.06755,0
0.13532,0
0.07019,0
0.09315,1
0.09683,1
0.14249,1
0.12770,1
0.12118,1
0.13027,1
0.13530,1
0.16162,1
0.03588,0
0.04937,0
0.02330,0
0.04495,1
0.04276,1
0.00808,0
0.03208,0
0.02355,0
0.02102,0
0.03490,0
0.04051,0
0.00808,0
0.01797,0
0.03691,0
0.06161,0
0.05860,0
0.06726,0
0.07332,0
0.00808,0
0.04618,0
0.04288,0
0.05925,0
0.06631,0
0.08721,0
0.09589,0
0.00808,0
0.06634,0
0.06813,0
0.06294,0
0.05453,0
0.06343,0
0.01837,0
0.03827,0
0.02482,0
0.03541,0
0.03377,0
0.03878,0
0.00808,0
0.02994,0
0.02718,0
0.03249,0
0.03686,0
0.04008,0
0.01006,0
0.02348,0
0.02854,0
0.02508,0
0.03133,0
0.03894,0
0.01006,0
0.02348,0
0.02298,0
0.01587,0
0.02321,0
0.03040,0
0.00808,0
0.01735,0
0.03090,0
0.05658,0
0.05287,0
0.06019,0
0.06815,0
0.08503,0
0.06208,0
0.04156,0
0.05251,0
0.05996,0
0.06176,0
0.13437,0
0.11417,0
0.09351,0
0.07064,0
0.06347,0
0.08161,0
0.11616,0
0.02894,0
0.03668,0
0.01728,0
0.01743,0
0.02011,0
0.02894,0
0.05070,0
0.04374,0
0.05337,0
0.05708,0
0.06416,0
0.07185,0
0.09814,0
0.06296,0
0.04581,0
0.04676,0
0.04765,0
0.05111,0
0.00808,0
0.02994,0
0.02081,0
0.02150,0
0.03155,0
0.03835,0
0.08045,0
0.06618,0
0.06735,0
0.05268,0
0.05230,0
0.06277,0
0.08224,0
0.05495,0
0.05256,0
0.05452,0
0.04705,0
0.04641,0
0.05945,0
0.00808,0
0.01952,0
0.02642,0
0.02514,0
0.03697,0
0.04359,0
0.00808,0
0.02341,0
0.02239,0
0.02427,0
0.03662,0
0.04319,0
0.07169,0
0.06797,0
0.05283,0
0.04140,0
0.04763,0
0.04800,0
0.05122,0
0.01837,0
0.02442,0
0.02898,0
0.01510,0
0.02210,0
0.02604,0
0.02830,0
0.08503,0
0.05143,0
0.03057,0
0.03703,0
0.04258,0
0.04763,0
0.03012,0
0.02722,0
0.03191,0
0.03380,0
0.03843,0
0.03634,0
0.03332,0
0.12496,0
0.11047,0
0.08188,0
0.07073,0
0.06142,0
0.05259,0
0.05345,0
0.08393,0
0.04746,0
0.04234,0
0.04288,0
0.05027,0
0.05687,0
0.06112,0
0.01837,0
0.02442,0
0.06028,1
0.06360,1
0.05348,1
0.07843,1
0.12761,1
0.11250,1
0.13212,1
0.13532,0
0.07672,0
0.05354,0
0.04603,0
0.04687,0
0.06022,0
0.07393,0
0.03588,0
0.03556,0
0.04160,0
0.04254,0
0.04392,0
0.04389,0
0.04044,0
0.00808,0
0.01735,0
0.03090,0
0.05608,0
0.05118,0
0.05953,0
0.06319,0
0.06775,0
0.06694,0
0.08218,0
0.10550,0
0.10743,0
0.02894,0
0.02797,0
0.03693,0
0.05050,0
0.04733,0
0.04359,0
0.03960,0
0.00808,0
0.01952,0
0.02129,0
0.01663,0
0.02557,0
0.03309,0
0.03012,0
0.06540,0
0.08217,0
0.07998,0
0.07366,0
0.07305,0
0.04903,0
0.04281,0
0.04362,0
0.05343,0
0.06285,0
0.06623,0
0.00808,0
0.06439,0
0.05373,0
0.06718,0
0.06688,0
0.06876,0
0.06746,0
0.00808,0
0.02341,0
0.02239,0
0.01531,0
0.02159,0
0.02714,0
0.01837,0
0.02562,0
0.04366,0
0.05671,0
0.05027,0
0.05162,0
0.05303,0
0.03044,0
0.04640,0
0.04058,0
0.05421,0
0.05659,0
0.06428,0
0.06799,0
0.03044,0
0.03904,0
0.01914,0
0.01819,0
0.02065,0
0.01837,0
0.02700,0
0.02606,0
0.01992,0
0.03086,0
0.03805,0
0.08224,0
0.05495,0
0.05629,0
0.04579,0
0.03971,0
0.03964,0
0.05303,0
0.00808,0
0.02889,0
0.02185,0
0.01716,0
0.01918,0
0.02136,0
0.00808,0
0.01735,0
0.02438,0
0.01136,0
0.01529,0
0.02065,0
0.02509,0
0.00808,0
0.01797,0
0.03575,0
0.06115,0
0.05802,0
0.06701,0
0.07205,0
0.03012,0
0.03241,0
0.03190,0
0.02908,0
0.03880,0
0.03325,0
0.03002,0
0.00808,0
0.02205,0
0.04850,0
0.03673,0
0.03291,0
0.04103,0
0.04734,0
0.09925,0
0.09574,0
0.07714,0
0.05865,0
0.05972,0
0.08505,0
0.03044,0
0.04141,0
0.08255,0
0.06474,0
0.05425,0
0.01006,0
0.02495,0
0.03589,0
0.05219,0
0.03629,0
0.03671,0
0.04794,0
0.02894,0
0.02751,0
0.03628,0
0.04182,0
0.03910,0
0.03747,0
0.03502,0
0.01006,0
0.03112,0
0.04544,0
0.04099,0
0.03887,0
0.04229,0
0.04455,0
0.00808,0
0.02205,0
0.05385,0
0.07171,0
0.07104,0
0.07169,0
0.07031,0
0.03012,0
0.03661,0
0.01851,0
0.01789,0
0.01924,0
0.02894,0
0.03057,0
0.04219,0
0.03424,0
0.03660,0
0.03720,0
0.03471,0
0.05188,1
0.07542,1
0.07815,1
0.10858,0
0.09778,0
0.08226,0
0.07238,0
0.07516,0
0.06763,0
0.07158,0
0.03012,0
0.03661,0
0.01851,0
0.01798,0
0.02046,0
0.03012,0
0.02722,0
0.03191,0
0.02652,0
0.03285,0
0.03152,0
0.02921,0
0.00808,0
0.01735,0
0.03683,0
0.05245,0
0.04350,0
0.04254,0
0.04330,0
0.02894,0
0.03282,0
0.03633,0
0.02942,0
0.03416,0
0.03424,0
0.03330,0
0.08224,0
0.07010,0
0.06255,0
0.05607,0
0.05031,0
0.05400,0
0.06617,0
0.00808,0
0.03208,0
0.02355,0
0.02320,0
0.02723,0
0.03732,0
0.14202,0
0.13701,0
0.12739,0
0.10121,0
0.09363,0
0.01837,0
0.02985,0
0.04596,0
0.04951,0
0.04437,0
0.05036,0
0.05068,0
0.00808,0
0.02994,0
0.02081,0
0.01949,0
0.02283,0
0.02942,0
0.07176,0
0.04374,0
0.04620,0
0.04297,0
0.03755,0
0.04053,0
0.08224,0
0.06301,0
0.05746,0
0.05707,0
0.05091,0
0.04956,0
0.06227,0
0.06775,0
0.06659,0
0.10123,0
0.12732,0
0.12582,0
0.00808,0
0.02205,0
0.04490,0
0.04001,0
0.03906,0
0.04445,0
0.04658,0
0.12328,0
0.08673,0
0.07652,0
0.07918,0
0.07299,0
0.08161,0
0.01006,0
0.01906,0
0.03225,0
0.01849,0
0.02494,0
0.03493,0
0.03782,0
0.00808,0
0.02341,0
0.02239,0
0.01271,0
0.02173,0
0.02784,0
0.10533,0
0.08673,0
0.13387,0
0.11683,0
0.10094,0
0.08720,0
0.08381,0
0.01006,0
0.02131,0
0.02250,0
0.01698,0
0.02850,0
0.03866,0
0.00808,0
0.02547,0
0.03898,0
0.05210,0
0.06298,1
0.08857,0
0.06828,0
0.06392,0
0.05463,0
0.05514,0
0.05631,0
0.11481,0
0.08985,0
0.05834,0
0.05289,0
0.07680,0
0.08888,0
0.10341,0
0.02729,1
0.04597,1
0.05450,1
0.06060,1
0.07158,1
0.07494,1
0.07680,1
0.11928,0
0.09997,0
0.06700,0
0.06301,0
0.07460,0
0.08221,0
0.01006,0
0.01906,0
0.03684,0
0.04908,0
0.03475,0
0.03460,0
0.04318,0
0.01837,0
0.02700,0
0.02606,0
0.01992,0
0.02680,0
0.03489,0
0.06195,1
0.07003,1
0.07545,1
0.11996,0
0.10845,0
0.09177,0
0.06935,0
0.06721,0
0.07774,0
0.10305,0
0.23474,0
0.16987,0
0.13468,0
0.11857,0
0.10332,0
0.09745,0
0.11203,0
0.10433,0
0.07805,0
0.06838,0
0.04684,0
0.03872,0
0.03889,0
0.04501,0
0.14045,0
0.10862,0
0.09522,0
0.06895,0
0.06528,0
0.06906,0
0.10410,0
0.10817,0
0.08784,0
0.08100,0
0.05848,0
0.05916,0
0.08131,0
0.08343,0
0.09261,0
0.08487,0
0.07735,0
0.07003,0
0.06667,0
0.02894,0
0.03594,0
0.04209,0
0.05463,0
0.05779,0
0.04970,0
0.04419,0
0.13923,0
0.11845,0
0.11503,0
0.09804,0
0.08041,0
0.07443,0
0.09368,0
0.00808,0
0.01735,0
0.04690,0
0.08210,0
0.10085,0
0.10030,0
0.10157,0
0.01006,0
0.02348,0
0.02854,0
0.02017,0
0.02603,0
0.04000,0
0.13191,0
0.09569,0
0.07013,0
0.05459,0
0.04609,0
0.04576,0
0.06475,0
0.00808,0
0.01797,0
0.04323,0
0.05425,0
0.05258,0
0.05662,0
0.05690,0
0.06576,0
0.09589,0
0.09681,0
0.09031,0
0.08302,0
0.07905,0
0.03588,0
0.04937,0
0.02330,0
0.02254,0
0.02292,0
0.01006,0
0.02348,0
0.02298,0
0.01193,0
0.02100,0
0.03515,0
0.09536,0
0.17613,0
0.15214,0
0.11381,0
0.09404,0
0.08559,0
0.09675,0
0.12441,0
0.10838,0
0.07105,0
0.06575,0
0.07402,0
0.08290,0
0.07437,1
0.08570,1
0.08466,1
0.06638,1
0.06160,1
0.08568,1
0.09955,1
0.10374,1
0.10614,1
0.09614,0
0.09078,0
0.10789,0
0.08742,0
0.08068,0
0.07618,0
0.07583,0
0.11493,0
0.09995,0
0.06373,0
0.06027,0
0.07122,0
0.09920,0
0.03012,0
0.03661,0
0.01851,0
0.01798,0
0.02046,0
0.00808,0
0.01952,0
0.03119,0
0.03508,0
0.03912,0
0.04359,0
0.10246,0
0.08223,0
0.13910,0
0.11886,0
0.10288,0
0.08872,0
0.08528,0
0.00808,0
0.01952,0
0.03119,0
0.03508,0
0.03912,0
0.04580,0
0.03012,0
0.03020,0
0.05301,0
0.06298,0
0.06803,0
0.06582,0
0.06126,0
0.02894,0
0.03818,0
0.04643,0
0.05141,0
0.05022,0
0.04917,0
0.04682,0
0.01006,0
0.03329,0
0.02538,0
0.02430,0
0.02856,0
0.03858,0
0.01006,0
0.02131,0
0.02250,0
0.01698,0
0.02448,0
0.03295,0
0.03044,0
0.03167,0
0.03938,0
0.06205,0
0.07734,0
0.08104,0
0.08651,0
0.00808,0
0.02547,0
0.02901,0
0.01506,0
0.01836,1
0.06512,1
0.05740,1
0.07301,1
0.07678,1
0.01006,0
0.03072,0
0.02346,0
0.01750,0
0.02057,0
0.02645,0
0.09536,0
0.16315,0
0.13154,0
0.09930,0
0.08292,0
0.07640,0
0.08078,0
0.13969,0
0.11248,0
0.09575,0
0.08283,0
0.07240,0
0.06539,0
0.06695,0
0.10542,0
0.10369,0
0.08938,0
0.06965,0
0.06602,0
0.07070,0
0.10344,0
0.01837,0
0.02442,0
0.02898,0
0.01510,0
0.02020,0
0.02796,0
0.04029,0
0.05761,0
0.05035,0
0.05207,0
0.07389,0
0.08985,0
0.09100,0
0.09857,0
0.12228,0
0.10958,0
0.07396,0
0.07617,0
0.06739,0
0.06081,0
0.06276,0
0.00808,0
0.06597,0
0.06691,0
0.06357,0
0.06460,0
0.07189,0
0.03044,0
0.03904,0
0.01914,0
0.01819,0
0.02065,0
0.11197,0
0.08287,0
0.12960,0
0.11215,0
0.09730,0
0.08422,0
0.08154,0
0.00808,0
0.01952,0
0.02129,0
0.02777,0
0.03682,0
0.04263,0
0.00808,0
0.01952,0
0.03119,0
0.02897,0
0.04146,0
0.04538,0
0.00808,0
0.02205,0
0.03991,0
0.05322,0
0.04809,0
0.05025,0
0.05522,0
0.10142,1
0.09082,1
0.09372,1
0.09936,1
0.09534,1
0.02482,1
0.08707,1
0.08756,1
0.07962,1
0.08191,1
0.07736,1
0.08506,1
0.10373,1
0.11771,0
0.06028,0
0.05033,0
0.04736,0
0.05390,0
0.05018,0
0.05871,0
0.00808,0
0.01735,0
0.02438,0
0.01136,0
0.01901,0
0.02582,0
0.02822,0
0.13673,0
0.07861,0
0.05270,0
0.04358,0
0.04318,0
0.05463,0
0.07006,0
0.12234,0
0.06986,0
0.04876,0
0.04654,0
0.05122,0
0.05389,0
0.07164,0
0.01006,0
0.01980,0
0.04317,0
0.03225,0
0.03044,0
0.03510,0
0.04248,0
0.00808,0
0.02547,0
0.02901,0
0.01506,0
0.02152,0
0.02672,0
0.04001,0
0.01837,0
0.02442,0
0.03979,0
0.05236,0
0.04053,0
0.04018,0
0.04389,0
0.01837,0
0.03737,0
0.05560,0
0.05933,0
0.05460,0
0.05732,0
0.06177,0
0.03044,0
0.03335,0
0.07733,0
0.04938,0
0.04282,0
0.00808,0
0.02205,0
0.04688,0
0.07157,0
0.06516,0
0.06787,0
0.07454,0
0.01006,0
0.02348,0
0.02298,0
0.01193,0
0.02262,0
0.03640,0
0.00808,0
0.02205,0
0.04114,0
0.03191,0
0.03079,0
0.04661,0
0.04994,0
0.00808,0
0.03208,0
0.02355,0
0.02102,0
0.02685,0
0.03543,0
0.03588,0
0.04937,0
0.02330,0
0.02254,0
0.02292,0
0.01837,0
0.03827,0
0.02482,0
0.01969,0
0.02788,0
0.03716,0
0.00808,0
0.01735,0
0.02438,0
0.01136,0
0.01901,0
0.02414,0
0.03795,0
0.02894,0
0.03668,0
0.01728,0
0.01743,0
0.02011,0
0.03012,0
0.03474,0
0.07691,0
0.04842,0
0.04180,0
0.00808,0
0.02889,0
0.02185,0
0.01661,0
0.02492,0
0.02711,0
0.14558,0
0.07281,0
0.05802,0
0.05950,0
0.06301,0
0.05863,0
0.06659,0
0.00808,0
0.01735,0
0.02438,0
0.01136,0
0.01970,0
0.02926,0
0.03672,0
0.03012,0
0.03168,0
0.03905,0
0.03071,0
0.03754,0
0.03307,0
0.03016,0
0.03012,0
0.03128,0
0.03960,0
0.03875,0
0.04297,0
0.04049,0
0.03746,0
0.15052,0
0.11335,0
0.09953,0
0.09110,0
0.07829,0
0.07944,0
0.10356,0
0.00808,0
0.02950,0
0.04478,0
0.06850,0
0.06307,0
0.07118,0
0.07527,0
0.00808,0
0.02205,0
0.04490,0
0.03352,0
0.02847,0
0.03517,0
0.03959,0
0.03012,0
0.02749,0
0.04186,0
0.04856,0
0.04160,0
0.03811,0
0.03645,0
0.27652,0
0.15845,0
0.11903,0
0.09561,0
0.07876,0
0.07807,0
0.09571,0
0.01837,0
0.02995,0
0.02755,0
0.01909,0
0.03049,0
0.03902,0
0.07443,0
0.06523,0
0.05554,0
0.03985,0
0.04089,0
0.05981,0
0.00808,0
0.02547,0
0.02901,0
0.01506,0
0.02152,0
0.02479,0
0.02724,0
0.00808,0
0.01952,0
0.02129,0
0.01610,0
0.02453,0
0.03912,0
0.17239,0
0.12626,0
0.10625,0
0.09266,0
0.08046,0
0.08323,0
0.02894,0
0.03057,0
0.04269,0
0.07517,0
0.08516,0
0.08542,0
0.09285,0
0.10121,0
0.09309,0
0.06804,0
0.05404,0
0.04651,0
0.04874,0
0.05695,0
0.00808,0
0.03712,0
0.03790,0
0.05945,0
0.06231,0
0.07660,0
0.08278,0
0.10386,1
0.11927,1
0.11062,1
0.09761,1
0.09592,1
0.11655,1
0.12249,1
0.10721,0
0.09242,0
0.08882,0
0.06464,0
0.06300,0
0.07368,0
0.08514,0
0.09622,0
0.09035,0
0.06133,0
0.04681,0
0.05171,0
0.05575,0
0.05738,0
0.00808,0
0.02341,0
0.02776,0
0.01980,0
0.03174,0
0.03640,0
0.08393,1
0.07604,1
0.07279,1
0.08755,1
0.11966,1
0.14382,0
0.08005,0
0.05572,0
0.04652,0
0.04924,0
0.05033,0
0.07554,0
0.01006,0
0.02495,0
0.04213,0
0.05112,0
0.04437,0
0.05075,0
0.05518,0
0.01006,0
0.06562,0
0.06854,0
0.07136,0
0.07684,0
0.08476,0
0.10015,0
0.09651,0
0.06265,0
0.06026,0
0.06789,0
0.09615,0
0.01837,0
0.02995,0
0.03307,0
0.02344,0
0.03227,0
0.03589,0
0.25515,0
0.13599,0
0.08904,0
0.07265,0
0.08665,0
0.00808,0
0.02341,0
0.02239,0
0.01150,0
0.02003,0
0.03428,0
0.12717,0
0.09184,0
0.08020,0
0.05576,0
0.04608,0
0.04553,0
0.05451,0
0.11197,0
0.06056,1
0.10715,1
0.08584,1
0.08155,1
0.07772,1
0.07212,1
0.07742,1
0.03044,0
0.05041,0
0.05147,0
0.04667,0
0.04529,0
0.09849,0
0.09382,0
0.06801,0
0.06897,0
0.06170,0
0.05410,0
0.05564,0
0.10002,0
0.07269,0
0.05056,0
0.05669,0
0.05122,0
0.05919,0
0.06060,0
0.03012,0
0.03701,0
0.03769,0
0.04721,0
0.04651,0
0.03986,0
0.03560,0
0.06472,0
0.05984,0
0.05526,0
0.03989,0
0.04174,0
0.06111,0
0.13244,0
0.10943,0
0.09111,0
0.06421,0
0.06245,0
0.07279,0
0.09761,0
0.08503,0
0.05143,0
0.03111,0
0.04407,0
0.05293,0
0.05571,0
0.01006,0
0.01906,0
0.02581,0
0.01204,0
0.01961,0
0.02398,0
0.02769,0
0.11928,0
0.07692,0
0.05234,0
0.05160,0
0.06359,0
0.09392,0
0.03012,0
0.03241,0
0.03653,0
0.03607,0
0.03967,0
0.03832,0
0.03664,0
0.08095,0
0.08804,0
0.06081,0
0.05960,0
0.07198,0
0.08086,0
0.09614,0
0.08118,0
0.10152,0
0.09010,0
0.08508,0
0.08161,0
0.08109,0
0.00808,0
0.01735,0
0.02438,0
0.01136,0
0.01963,0
0.03055,0
0.03414,0
0.07644,0
0.04434,0
0.05772,0
0.05985,0
0.05111,0
0.05239,0
0.00808,0
0.02889,0
0.02185,0
0.02039,0
0.02464,0
0.03315,0
0.12694,0
0.14664,0
0.12179,0
0.11191,0
0.09569,0
0.08434,0
0.08281,0
0.07848,1
0.06875,1
0.12412,1
0.12045,1
0.00808,0
0.02341,0
0.02239,0
0.02427,0
0.03662,0
0.04600,0
0.01837,0
0.02442,0
0.04071,0
0.07253,0
0.07521,0
0.08439,0
0.09005,0
0.01006,0
0.03193,0
0.02764,0
0.04139,0
0.04320,0
0.04690,0
0.02894,0
0.03668,0
0.01728,0
0.01733,0
0.01882,0
0.28126,1
0.17270,1
0.13302,1
0.11205,1
0.09264,1
0.09055,1
0.13034,0
0.09951,0
0.07992,0
0.07821,0
0.06301,0
0.06491,0
0.13276,0
0.10681,0
0.09536,0
0.06948,0
0.06791,0
0.09035,0
0.01837,0
0.02442,0
0.02898,0
0.01510,0
0.01835,0
0.02826,0
0.03572,0
0.00808,0
0.01797,0
0.03807,0
0.05238,0
0.04682,0
0.04853,0
0.05138,0
0.00808,0
0.02547,0
0.02901,0
0.01506,0
0.02152,0
0.02563,0
0.03549,0
0.01006,0
0.03072,0
0.02346,0
0.01803,0
0.02371,0
0.03485,0
0.08045,0
0.06949,0
0.06872,0
0.06126,0
0.05611,0
0.06677,0
0.08697,0
0.08898,0
0.08362,0
0.07548,0
0.07180,0
0.07028,0
0.18311,0
0.18253,0
0.11993,0
0.09727,0
0.09406,0
0.08425,0
0.08841,0
0.05777,0
0.08143,0
0.09932,0
0.08068,0
0.07600,0
0.07504,0
0.07535,0
0.00808,0
0.02341,0
0.02239,0
0.01150,0
0.02070,0
0.03081,0
0.03012,0
0.03474,0
0.07691,0
0.04703,0
0.03941,0
0.01837,0
0.02995,0
0.03307,0
0.02841,0
0.03092,0
0.03843,0
0.13673,0
0.07861,0
0.05270,0
0.04358,0
0.04347,0
0.05070,0
0.08755,0
0.00808,0
0.02994,0
0.02718,0
0.02968,0
0.03727,0
0.04482,0
0.03012,0
0.03307,0
0.03968,0
0.05393,0
0.06177,0
0.05519,0
0.04945,0
0.06472,0
0.06062,0
0.06365,0
0.04523,0
0.04519,0
0.06135,0
0.01006,0
0.02131,0
0.02250,0
0.02150,0
0.02910,0
0.03825,0
0.01006,0
0.02348,0
0.02298,0
0.01790,1
0.03103,1
0.04001,1
0.03044,0
0.05023,0
0.07632,0
0.04406,0
0.03732,0
0.15998,0
0.11807,0
0.07693,0
0.05430,0
0.05387,0
0.07739,0
0.01837,0
0.02442,0
0.02898,0
0.01510,0
0.01835,0
0.02538,0
0.02793,0
0.09410,0
0.12481,0
0.11548,0
0.09202,0
0.08518,0
0.01837,0
0.02442,0
0.02898,0
0.01510,0
0.02273,0
0.03315,0
0.03512,0
0.01837,0
0.03827,0
0.03191,0
0.03126,0
0.03217,0
0.03731,0
0.17239,0
0.10740,0
0.09808,0
0.09033,0
0.07732,0
0.07963,0
0.01006,0
0.02495,0
0.04494,0
0.05112,0
0.05073,0
0.05466,0
0.06357,0
0.09366,0
0.09286,0
0.07476,0
0.06282,0
0.06353,0
0.00808,0
0.02205,0
0.04292,0
0.07058,0
0.10692,0
0.11215,0
0.11587,0
0.03012,0
0.03828,0
0.04075,0
0.04052,0
0.04582,0
0.04304,0
0.03919,0
0.01837,0
0.02442,0
0.03979,0
0.05236,0
0.04509,0
0.04503,0
0.04688,0
0.03012,0
0.04996,0
0.04264,0
0.05569,0
0.06353,0
0.06956,0
0.07655,0
0.00808,0
0.01952,0
0.02129,0
0.02060,0
0.03668,0
0.04258,0
0.12425,0
0.09391,0
0.07860,0
0.06843,0
0.05476,0
0.05714,0
0.07213,0
0.12393,0
0.09009,0
0.06180,0
0.04625,0
0.04373,0
0.05042,0
0.08417,0
0.00808,0
0.04925,0
0.04582,0
0.07122,0
0.07941,0
0.10890,0
0.10900,0
0.14558,0
0.07281,0
0.05995,0
0.05640,0
0.04910,0
0.04309,0
0.04659,0
0.10142,1
0.09082,1
0.07258,1
0.08240,1
0.08196,1
0.13673,0
0.07861,0
0.05270,0
0.04594,0
0.04630,0
0.05190,0
0.07225,0
0.00808,0
0.01797,0
0.04118,0
0.06360,0
0.09891,0
0.10252,0
0.10535,0
0.04806,0
0.04759,0
0.05084,0
0.04163,0
0.04332,0
0.04294,0
0.03955,0
0.11076,0
0.09268,0
0.06525,0
0.04903,0
0.05182,0
0.07819,0
0.09622,0
0.10763,0
0.12939,0
0.11436,0
0.09640,0
0.08577,0
0.08364,0
0.00808,0
0.02547,0
0.02901,0
0.01506,0
0.02231,0
0.03209,0
0.03538,0
0.08365,1
0.08022,1
0.06517,1
0.06416,1
0.06643,1
0.06389,1
0.07412,1
0.07528,1
0.06963,1
0.11094,1
0.14030,1
0.13945,1
0.13498,1
0.03012,0
0.03828,0
0.05256,0
0.05943,0
0.06096,0
0.05831,0
0.05378,0
0.03588,0
0.03556,0
0.04943,0
0.06164,0
0.08045,0
0.07217,0
0.06537,0
0.00808,0
0.01735,0
0.02604,0
0.05043,0
0.04895,0
0.04585,0
0.04534,0
0.00808,0
0.02135,0
0.02967,0
0.03941,0
0.03888,0
0.04093,0
0.05761,0
0.05944,0
0.08106,0
0.06275,0
0.05539,0
0.02894,0
0.04935,0
0.07518,0
0.04103,0
0.03464,0
0.00808,0
0.01735,0
0.03606,0
0.04873,0
0.04051,0
0.04073,0
0.04097,0
0.03588,0
0.04937,0
0.02330,0
0.02234,0
0.02411,0
0.01837,0
0.03986,0
0.02946,0
0.02842,0
0.03279,0
0.03240,0
0.09614,0
0.10332,0
0.10624,0
0.09038,0
0.08775,0
0.08846,0
0.08731,0
0.00808,0
0.02547,0
0.03611,0
0.02186,0
0.02720,0
0.03649,0
0.03889,0
0.00808,0
0.02994,0
0.02081,0
0.02176,0
0.02822,0
0.03409,0
0.00808,0
0.01735,0
0.03090,0
0.05676,0
0.05031,0
0.04903,0
0.04899,0
0.09366,1
0.07152,1
0.05955,1
0.05168,1
0.04748,1
0.04224,1
0.03875,1
0.04977,1
0.03012,0
0.03085,0
0.03779,0
0.03514,0
0.03989,0
0.03774,0
0.03527,0
0.00808,0
0.01735,0
0.03683,0
0.04489,0
0.04680,0
0.04584,0
0.04565,0
0.21126,0
0.10854,0
0.09466,0
0.08621,0
0.07117,0
0.07284,0
0.03012,0
0.03661,0
0.01851,0
0.01789,0
0.01924,0
0.12976,0
0.11414,0
0.08696,0
0.06561,0
0.06584,0
0.08895,0
0.12294,0
0.16676,0
0.14036,0
0.11005,0
0.09786,0
0.08343,1
0.09725,1
0.10342,1
0.09690,1
0.08417,1
0.08720,1
0.11340,1
0.11345,1
0.14202,0
0.18464,0
0.14389,0
0.11202,0
0.10018,0
0.08835,0
0.07400,0
0.05243,0
0.05424,0
0.07870,0
0.10981,0
0.00808,0
0.01797,0
0.04765,0
0.07144,0
0.10608,0
0.11214,0
0.12012,0
0.13178,0
0.07330,0
0.05159,0
0.04795,0
0.04952,0
0.05307,0
0.06672,0
0.00808,0
0.02889,0
0.02185,0
0.02039,0
0.02779,0
0.03446,0
0.03012,0
0.05119,0
0.08623,1
0.08732,1
0.10182,1
0.09371,1
0.10136,1
0.11412,1
0.13800,1
0.15058,1
0.00808,0
0.02341,0
0.02239,0
0.02427,0
0.02951,0
0.03851,0
0.09991,0
0.08506,0
0.07410,0
0.05242,0
0.05027,0
0.06562,0
0.11197,0
0.08336,0
0.07106,0
0.06248,0
0.05549,0
0.04855,0
0.05043,0
0.00808,0
0.01735,0
0.03606,0
0.04859,0
0.03747,0
0.04013,0
0.04481,0
0.00808,0
0.02341,0
0.02239,0
0.01531,0
0.02159,0
0.02930,0
0.14576,0
0.11313,0
0.09609,0
0.07250,0
0.05998,0
0.06096,0
0.07513,0
0.03044,0
0.05023,0
0.07632,0
0.04406,0
0.03732,0
0.00808,0
0.02547,0
0.10387,1
0.11481,1
0.10873,1
0.13086,1
0.12861,1
0.08045,0
0.06949,0
0.06574,0
0.05653,0
0.05663,0
0.06386,0
0.21126,0
0.11270,0
0.09309,0
0.07553,0
0.06261,0
0.06612,0
0.09725,0
0.07002,0
0.05049,0
0.05085,0
0.07337,0
0.09838,0
0.10067,0
0.01006,0
0.02348,0
0.02298,0
0.01587,0
0.02205,0
0.02972,0
0.01006,0
0.03072,0
0.04560,0
0.04094,0
0.04240,0
0.04429,0
0.00808,0
0.02889,0
0.02185,0
0.01924,0
0.02357,0
0.03037,0
0.09052,0
0.09687,0
0.08891,0
0.05902,0
0.04856,0
0.04789,0
0.05616,0
0.10643,0
0.08764,0
0.06115,0
0.04566,0
0.03906,0
0.04285,0
0.05394,0
0.01837,0
0.02995,0
0.03307,0
0.02841,0
0.03830,0
0.04093,0
0.03044,0
0.02893,0
0.03661,0
0.03533,0
0.04601,0
0.04321,0
0.03967,0
0.09983,0
0.10034,0
0.08632,0
0.06866,0
0.06315,0
0.00808,0
0.02994,0
0.02081,0
0.01959,0
0.02146,0
0.02802,0
0.00808,0
0.02341,0
0.02239,0
0.01271,0
0.02616,0
0.03682,0
0.03012,0
0.03661,0
0.01851,0
0.01798,0
0.02046,0
0.00808,0
0.01797,0
0.04696,0
0.04429,0
0.04623,0
0.04945,0
0.05097,0
0.02894,0
0.03032,0
0.03624,0
0.03957,0
0.03651,0
0.03606,0
0.03376,0
0.09622,0
0.10763,0
0.12939,0
0.10666,0
0.10289,0
0.09197,0
0.08839,0
0.00808,0
0.01735,0
0.03096,0
0.01787,0
0.02590,0
0.03331,0
0.03436,0
0.21126,0
0.10897,0
0.07552,0
0.06311,0
0.05349,0
0.05801,0
0.10362,0
0.07415,0
0.09438,0
0.07955,0
0.08307,0
0.07505,0
0.07723,0
0.01006,0
0.03072,0
0.02346,0
0.01803,0
0.02371,0
0.03485,0
0.01837,0
0.02562,0
0.03899,0
0.03121,0
0.03157,0
0.03595,0
0.04314,0
0.03588,0
0.03662,0
0.04617,0
0.03569,0
0.04312,0
0.03770,0
0.03457,0
0.00808,0
0.02135,0
0.03316,0
0.03849,0
0.04017,0
0.04560,0
0.09725,1
0.06740,1
0.04563,1
0.04190,1
0.09771,1
0.10611,1
0.07644,0
0.05591,0
0.05149,0
0.05843,0
0.05253,0
0.05393,0
0.03044,0
0.04361,0
0.03851,0
0.05228,0
0.05813,0
0.09203,0
0.09685,0
0.12552,0
0.09843,0
0.09113,0
0.06411,0
0.05246,0
0.04982,0
0.05362,0
0.09814,0
0.07462,0
0.04949,0
0.04815,0
0.04651,0
0.05280,1
0.05504,1
0.06296,1
0.00808,0
0.02341,0
0.02239,0
0.01531,0
0.02181,0
0.02652,0
0.08183,1
0.07101,1
0.04769,1
0.05801,1
0.10539,1
0.12821,1
0.09747,0
0.08409,0
0.08844,0
0.07616,0
0.06373,0
0.05578,0
0.05726,0
0.10542,0
0.09711,0
0.09232,0
0.07088,0
0.06868,0
0.08326,0
0.11545,0
0.09366,0
0.08735,0
0.07067,0
0.06129,0
0.05437,0
0.04697,0
0.04901,0
0.01006,0
0.03112,0
0.04179,0
0.05333,0
0.04727,0
0.04972,0
0.05492,0
0.06775,0
0.06547,0
0.08950,0
0.08869,0
0.09092,0
0.00808,0
0.02889,0
0.02185,0
0.01661,0
0.02454,0
0.03626,0
0.01006,0
0.01906,0
0.02581,0
0.01204,0
0.01590,0
0.02046,0
0.02354,0
0.03588,0
0.04181,0
0.05968,0
0.06555,0
0.06159,0
0.06775,0
0.06694,0
0.08936,0
0.09390,0
0.09193,0
0.09348,0
0.07205,0
0.06683,0
0.05283,0
0.04509,0
0.04942,0
0.01006,0
0.01906,0
0.02581,0
0.01204,0
0.01590,0
0.02117,0
0.02554,0
0.01006,0
0.03112,0
0.04641,0
0.03162,0
0.02927,0
0.04227,0
0.04260,0
0.09622,0
0.10763,0
0.12939,0
0.11458,0
0.10596,0
0.09302,0
0.08940,0
0.00808,0
0.05070,0
0.06128,0
0.05439,0
0.04684,0
0.05046,0
0.07176,0
0.04374,0
0.06040,0
0.05991,0
0.04941,0
0.04977,0
0.07644,0
0.05591,0
0.06142,0
0.06174,0
0.05132,0
0.05176,0
0.02894,0
0.02910,0
0.02215,0
0.02253,0
0.02366,0
0.10121,0
0.08646,0
0.06148,0
0.04543,0
0.03880,0
0.04188,0
0.05326,0
0.03044,0
0.05023,0
0.05514,0
0.04325,0
0.03753,0
0.09911,0
0.06183,0
0.05187,0
0.05578,0
0.10982,0
0.02143,1
0.05089,1
0.06655,1
0.07871,1
0.08570,1
0.08224,0
0.05495,0
0.05483,0
0.04845,0
0.04122,0
0.04450,0
0.05623,0
0.00808,0
0.05600,0
0.04957,0
0.05980,0
0.07020,0
0.08935,0
0.10027,0
0.11996,0
0.10133,0
0.08225,0
0.06338,0
0.06183,0
0.07366,0
0.11145,0
0.01837,0
0.02442,0
0.02410,0
0.04225,0
0.03941,0
0.04743,0
0.05234,0
0.01837,0
0.02442,0
0.03594,0
0.02152,0
0.02676,0
0.02965,0
0.03241,0
0.03012,0
0.03173,0
0.03855,0
0.05376,0
0.05500,0
0.04737,0
0.04242,0
0.06750,0
0.06744,0
0.05127,0
0.05323,0
0.06679,0
0.09876,0
0.01006,0
0.03329,0
0.02538,0
0.02548,0
0.02916,0
0.03819,0
0.03012,0
0.03241,0
0.04563,0
0.03610,0
0.04301,0
0.03924,0
0.03709,0
0.00808,0
0.02889,0
0.02185,0
0.01716,0
0.02861,0
0.02993,0
0.05628,0
0.08232,0
0.06774,0
0.05692,0
0.05388,0
0.05878,0
0.07711,0
0.08835,0
0.07909,0
0.05169,0
0.04780,0
0.06824,0
0.09020,0
0.09215,0
0.06962,0
0.04573,0
0.04554,0
0.06860,0
0.09108,0
0.07169,0
0.10196,0
0.13137,0
0.11056,0
0.09523,0
0.08690,0
0.08549,0
0.12234,0
0.10581,0
0.09175,0
0.07934,0
0.07362,0
0.06726,0
0.07220,0
0.07515,1
0.07932,1
0.07506,1
0.09212,1
0.08306,1
0.07864,1
0.00808,0
0.02889,0
0.02185,0
0.01661,0
0.02536,0
0.03294,0
0.05452,1
0.07072,1
0.00808,0
0.02341,0
0.02239,0
0.01150,0
0.02030,0
0.02756,0
0.03012,0
0.03661,0
0.01851,0
0.01789,0
0.01924,0
0.09622,0
0.07417,0
0.04973,0
0.03846,0
0.03649,0
0.03762,0
0.04164,0
0.11067,0
0.09320,0
0.07666,0
0.06050,0
0.05087,0
0.04946,0
0.05400,0
0.21126,0
0.10718,0
0.07860,0
0.06768,0
0.05514,0
0.05929,0
0.01006,0
0.01906,0
0.03684,0
0.04908,0
0.04022,0
0.05583,0
0.05725,0
0.00808,0
0.02547,0
0.03611,0
0.02186,0
0.02669,0
0.03447,0
0.03987,0
0.01006,0
0.03193,0
0.02764,0
0.03187,0
0.04071,0
0.05157,0
0.00808,0
0.01735,0
0.03432,0
0.04378,0
0.03739,0
0.03886,0
0.03993,0
0.02894,0
0.04578,0
0.04162,0
0.03262,0
0.03644,0
0.03587,0
0.03318,0
0.02894,0
0.03222,0
0.03815,0
0.03353,0
0.04182,0
0.03648,0
0.03311,0
0.21126,0
0.10854,0
0.07582,0
0.06425,0
0.05321,0
0.05757,0
0.09622,0
0.07262,0
0.07977,0
0.06928,0
0.07264,0
0.06711,0
0.06715,0
0.03588,0
0.04327,0
0.04342,0
0.03810,0
0.04131,0
0.03781,0
0.06695,1
0.08632,1
0.10583,1
0.10558,1
0.00808,0
0.04225,0
0.06137,0
0.05310,0
0.04639,0
0.05871,0
0.22186,0
0.15811,0
0.11688,0
0.09117,0
0.08827,0
0.11250,0
0.14292,0
0.12520,0
0.11829,0
0.09729,0
0.09089,0
0.00808,0
0.02547,0
0.02446,0
0.03433,0
0.03775,0
0.03818,0
0.03925,0
0.00808,0
0.06439,0
0.07688,0
0.08708,0
0.09077,0
0.10331,0
0.10979,0
0.00808,0
0.02889,0
0.02185,0
0.01921,0
0.02324,0
0.02989,0
0.01837,0
0.01520,1
0.04929,1
0.04871,1
0.05838,1
0.06531,1
0.07066,1
0.08503,0
0.05143,0
0.03111,0
0.04728,0
0.05148,0
0.05519,0
0.18026,0
0.13513,0
0.11495,0
0.08836,0
0.08492,0
0.11013,0
0.01837,0
0.03676,0
0.02716,0
0.02661,0
0.03637,0
0.03916,0
0.03012,0
0.03128,0
0.03960,0
0.04295,0
0.04937,0
0.04406,0
0.03950,0
0.11197,0
0.06198,1
0.08435,1
0.06770,1
0.13007,1
0.13568,1
0.14185,1
0.13904,1
0.13564,1
0.07176,0
0.03445,0
0.05545,0
0.05813,0
0.04958,0
0.05083,0
0.08343,0
0.07773,0
0.08277,0
0.06788,0
0.06397,0
0.06138,0
0.06775,0
0.06547,0
0.08062,0
0.10422,0
0.10353,0
0.09622,0
0.07417,0
0.04973,0
0.03944,0
0.03947,0
0.03825,0
0.04142,0
0.02894,0
0.02119,0
0.03241,0
0.03123,0
0.03368,0
0.03420,0
0.03200,0
0.11747,0
0.09165,0
0.08407,0
0.05801,0
0.04729,0
0.04625,0
0.05126,0
0.02894,0
0.04935,0
0.07518,0
0.04103,0
0.03464,0
0.13708,0
0.07591,0
0.05210,0
0.04623,0
0.05527,0
0.05594,0
0.06778,0
0.00808,0
0.02950,0
0.04457,0
0.07980,1
0.08036,1
0.11197,0
0.08309,0
0.07944,0
0.07749,0
0.06747,0
0.05816,0
0.05881,0
0.10215,0
0.08007,0
0.07141,0
0.07837,0
0.06643,0
0.06711,0
0.08099,0
0.11771,0
0.06028,0
0.04192,0
0.04441,0
0.03932,0
0.03724,0
0.04680,0
0.08393,0
0.04746,0
0.04012,0
0.04090,0
0.05192,0
0.06737,0
0.08136,0
0.18845,0
0.10990,0
0.07985,0
0.05702,0
0.05834,0
0.08788,0
0.00808,0
0.05070,0
0.06663,0
0.07341,0
0.08587,0
0.10260,0
0.10899,0
0.01006,0
0.03193,0
0.02090,0
0.01812,0
0.03090,0
0.03725,0
0.01006,0
0.03193,0
0.02090,0
0.02207,0
0.03154,0
0.03984,0
0.01006,0
0.03329,0
0.04523,0
0.04555,0
0.04664,0
0.05026,0
0.11771,0
0.06028,0
0.05033,0
0.04917,0
0.05538,0
0.05120,0
0.05948,0
0.11709,0
0.11349,0
0.08138,0
0.07722,0
0.07596,0
0.06852,0
0.06878,0
0.09614,0
0.09008,0
0.10415,0
0.08918,0
0.08097,1
0.08254,1
0.08234,1
0.00808,0
0.01735,0
0.03479,0
0.06019,0
0.08228,0
0.08886,0
0.09774,0
0.11747,0
0.08396,0
0.07500,0
0.05572,0
0.04626,0
0.04474,0
0.05567,0
0.07029,0
0.04698,0
0.04402,0
0.04694,0
0.05731,0
0.00808,0
0.01735,0
0.02438,0
0.01136,0
0.01901,0
0.02414,0
0.03234,0
0.12694,0
0.13414,0
0.10335,0
0.09646,0
0.08582,0
0.07763,0
0.07774,0
0.14832,0
0.10305,0
0.07111,0
0.05323,0
0.04408,0
0.04621,0
0.05698,0
0.00808,0
0.02341,0
0.02239,0
0.01271,0
0.02860,0
0.03919,0
0.01837,0
0.02995,0
0.02755,0
0.01909,0
0.02672,0
0.03368,0
0.00808,0
0.02341,0
0.03102,0
0.02958,0
0.03986,0
0.04271,0
0.07169,0
0.06797,0
0.05283,0
0.04536,0
0.04943,0
0.04766,0
0.04978,0
0.01006,0
0.02324,0
0.04106,0
0.03282,0
0.03157,0
0.03541,0
0.03854,0
0.00808,0
0.01797,0
0.03575,0
0.06115,0
0.05117,0
0.06154,0
0.06493,0
0.03012,0
0.03255,0
0.03929,0
0.04256,0
0.04387,0
0.04397,0
0.04232,0
0.01837,0
0.02700,0
0.02606,0
0.02051,0
0.03443,0
0.04429,0
0.01837,0
0.05810,0
0.06379,0
0.06816,0
0.06649,0
0.07647,0
0.10045,0
0.07914,0
0.07258,0
0.06405,0
0.06494,0
0.06768,0
0.08343,0
0.07773,0
0.08277,0
0.08120,0
0.08638,0
0.08195,0
0.08388,0
0.06953,0
0.04846,0
0.04987,0
0.07529,0
0.09867,0
0.00808,0
0.02547,0
0.03607,0
0.06123,0
0.05636,0
0.05552,0
0.05688,0
0.00808,0
0.02950,0
0.05196,0
0.03513,0
0.03084,0
0.03530,0
0.04270,0
0.03044,0
0.05023,0
0.07576,0
0.05467,0
0.04745,0
0.01837,0
0.02995,0
0.03541,0
0.03328,0
0.03946,0
0.04672,0
0.03044,0
0.03904,0
0.01914,0
0.01799,0
0.01939,0
0.00808,0
0.01952,0
0.02129,0
0.05197,1
0.09366,0
0.09286,0
0.07385,0
0.06327,0
0.06480,0
0.12379,0
0.08368,0
0.07155,0
0.06056,0
0.04901,0
0.05038,0
0.07726,0
0.10454,0
0.07685,0
0.06777,0
0.05855,0
0.04814,0
0.05028,0
0.07949,0
0.03012,0
0.03020,0
0.04477,0
0.04708,0
0.04991,0
0.04390,0
0.03970,0
0.01006,0
0.03072,0
0.02346,0
0.01987,0
0.03006,0
0.03257,0
0.13532,0
0.07672,0
0.05354,0
0.04382,0
0.04398,0
0.05029,0
0.07001,0
0.08224,0
0.06301,0
0.05664,0
0.05003,0
0.04172,0
0.04484,0
0.06074,0
0.01837,0
0.02995,0
0.02755,0
0.01511,0
0.02327,0
0.02688,0
0.03044,0
0.03007,0
0.03656,0
0.03048,0
0.03629,0
0.03538,0
0.03314,0
0.06775,0
0.06547,0
0.08160,0
0.10674,0
0.10595,0
0.00808,0
0.01735,0
0.03090,0
0.05530,0
0.05001,0
0.04897,0
0.04911,0
0.03012,0
0.06540,0
0.08217,0
0.08390,0
0.07630,0
0.03588,0
0.04370,0
0.05353,0
0.05681,0
0.05064,0
0.04612,0
0.04184,0
0.00808,0
0.02547,0
0.03898,0
0.05210,0
0.04416,0
0.05012,0
0.05125,0
0.03588,0
0.03954,0
0.04611,0
0.05205,0
0.05244,0
0.04841,0
0.04386,0
0.21704,1
0.13525,1
0.10601,1
0.08832,1
0.07245,1
0.07332,1
0.10975,0
0.12437,0
0.09185,0
0.08159,0
0.08491,0
0.07688,0
0.07517,0
0.12560,0
0.07689,0
0.05282,0
0.05800,0
0.05240,0
0.05919,0
0.06034,0
0.11771,0
0.10287,1
0.07788,1
0.06067,1
0.05905,1
0.06775,0
0.06262,0
0.07868,0
0.10416,0
0.10363,0
0.14386,0
0.11939,0
0.10869,0
0.08534,0
0.07081,0
0.07122,0
0.00808,0
0.02950,0
0.04123,0
0.03401,0
0.03083,0
0.03727,0
0.04400,0
0.07443,0
0.08394,0
0.07351,0
0.05400,0
0.05196,0
0.06946,0
0.00808,0
0.02950,0
0.04674,0
0.07332,0
0.11107,0
0.11363,0
0.11077,0
0.00808,0
0.03208,0
0.02355,0
0.02160,0
0.02875,0
0.03228,0
0.06775,0
0.06694,0
0.08936,0
0.08840,0
0.09006,0
0.00808,0
0.01952,0
0.03119,0
0.03508,0
0.04020,0
0.04672,0
0.03044,0
0.03381,0
0.03998,0
0.03669,0
0.04361,0
0.03875,0
0.03517,0
0.00808,0
0.02341,0
0.02776,0
0.01980,0
0.02772,0
0.03686,0
0.03588,0
0.03963,0
0.03773,0
0.03949,0
0.04671,0
0.04093,0
0.03723,0
0.10142,0
0.09082,0
0.07401,0
0.06301,0
0.06461,0
0.18845,0
0.13903,0
0.11769,0
0.08700,0
0.08331,0
0.12269,0
0.03588,0
0.06148,0
0.08500,0
0.05048,0
0.04321,0
0.01837,0
0.02995,0
0.02755,0
0.01909,0
0.02495,0
0.03752,0
0.28553,1
0.17711,1
0.12634,1
0.10336,1
0.10269,1
0.08224,0
0.06301,0
0.05664,0
0.05003,0
0.04214,0
0.04104,0
0.05351,0
0.03012,0
0.05866,0
0.07356,0
0.08045,0
0.07267,0
0.12393,0
0.08823,0
0.06155,0
0.04462,0
0.04260,0
0.05260,0
0.08663,0
0.00808,0
0.02341,0
0.02239,0
0.01150,0
0.02059,0
0.02957,0
0.00808,0
0.05070,0
0.06767,0
0.05846,0
0.05989,0
0.06244,0
0.01006,0
0.03193,0
0.02090,0
0.02368,0
0.02719,0
0.03351,0
0.13008,0
0.11606,0
0.11180,0
0.09127,0
0.08460,0
0.00808,0
0.01735,0
0.03479,0
0.07223,0
0.11016,0
0.11458,0
0.11561,0
0.02894,0
0.03668,0
0.01728,0
0.01733,0
0.01882,0
0.00808,0
0.02994,0
0.02718,0
0.03060,0
0.03499,0
0.03971,0
0.11771,0
0.06028,0
0.04192,0
0.04112,0
0.03681,0
0.03509,0
0.04490,0
0.12328,0
0.08491,0
0.07462,0
0.06817,0
0.06867,0
0.07701,0
0.01837,0
0.03827,0
0.03191,0
0.03353,0
0.03655,0
0.04227,0
0.08697,0
0.07524,0
0.06200,0
0.06261,0
0.05780,0
0.05815,0
0.10244,0
0.08475,0
0.05911,0
0.05706,0
0.06079,0
0.08523,0
0.09496,0
0.21126,0
0.10644,0
0.07990,0
0.06737,0
0.05442,0
0.05866,0
0.01006,0
0.03072,0
0.02346,0
0.01803,0
0.02371,0
0.03254,0
0.18026,0
0.12498,0
0.09113,0
0.06933,0
0.06948,0
0.09706,0
0.01006,0
0.02348,0
0.02298,0
0.01193,0
0.02467,0
0.03518,0
0.09622,0
0.08828,0
0.08215,0
0.06702,0
0.06516,0
0.06991,0
0.06972,0
0.07644,0
0.04434,0
0.05772,0
0.05441,0
0.04780,0
0.04980,0
0.00808,0
0.02547,0
0.03607,0
0.06112,0
0.05648,0
0.05712,0
0.05543,0
0.00808,0
0.05070,0
0.06767,0
0.05550,0
0.05597,0
0.05760,0
0.01006,0
0.03193,0
0.02090,0
0.01812,0
0.02106,0
0.02789,0
0.09421,0
0.07094,0
0.04360,0
0.05055,0
0.05941,0
0.08070,0
0.09483,0
0.10214,0
0.07680,0
0.04882,0
0.04958,0
0.06452,0
0.07711,0
0.05761,0
0.05020,0
0.03723,0
0.03285,0
0.03322,0
0.10821,0
0.06990,0
0.04704,0
0.04333,0
0.04119,0
0.04689,0
0.06838,0
0.10121,0
0.08200,0
0.06123,0
0.04763,0
0.04190,0
0.04545,0
0.05509,0
0.01837,0
0.02442,0
0.03979,0
0.05258,0
0.04491,0
0.05079,0
0.05191,0
0.02894,0
0.02919,0
0.05335,0
0.06531,0
0.07526,0
0.06890,0
0.06300,0
0.00808,0
0.05895,0
0.06626,0
0.07603,0
0.08512,0
0.11976,0
0.11817,0
0.03044,0
0.05041,0
0.05147,0
0.04667,0
0.04529,0
0.03012,0
0.02722,0
0.03085,0
0.03125,0
0.03341,0
0.03465,0
0.03410,0
0.01837,0
0.02442,0
0.03969,0
0.04872,0
0.04576,0
0.04926,0
0.04834,0
0.02894,0
0.02797,0
0.04274,0
0.05537,0
0.05110,0
0.04671,0
0.04369,0
0.09725,0
0.07002,0
0.04783,0
0.05196,0
0.04738,0
0.05450,0
0.05827,0
0.00808,0
0.02889,0
0.02185,0
0.01775,0
0.02149,0
0.02642,0
0.13191,0
0.09891,0
0.06943,0
0.05138,0
0.04425,0
0.05137,0
0.06030,0
0.21126,0
0.10744,0
0.07987,0
0.06680,0
0.05628,0
0.05542,0
0.02894,0
0.04295,0
0.07864,0
0.05102,0
0.04409,0
0.01006,0
0.02348,0
0.02854,0
0.02508,0
0.02867,0
0.03366,0
0.01006,0
0.03193,0
0.02764,0
0.03023,0
0.03758,0
0.04251,0
0.00808,0
0.02341,0
0.03102,0
0.02418,0
0.02923,0
0.03453,0
0.09161,1
0.09537,1
0.09247,1
0.08649,1
0.08251,1
0.08185,1
0.08168,1
0.10142,0
0.09082,0
0.07401,0
0.06301,0
0.06437,0
0.17608,0
0.14347,0
0.12020,0
0.10793,0
0.09080,0
0.08635,0
0.10923,0
0.00808,0
0.01797,0
0.03807,0
0.05238,0
0.04995,0
0.04925,0
0.05513,0
0.02894,0
0.03668,0
0.06967,1
0.06784,1
0.01006,0
0.02131,0
0.03229,0
0.02982,0
0.03806,0
0.04291,0
0.10121,0
0.08981,0
0.06588,0
0.05248,0
0.04554,0
0.04348,0
0.05411,0
0.00808,0
0.01735,0
0.03090,0
0.05676,0
0.05149,0
0.05575,0
0.05532,0
0.01006,0
0.03112,0
0.04571,0
0.06893,0
0.06277,0
0.06344,0
0.06474,0
0.03588,0
0.03843,0
0.02805,0
0.02696,0
0.02855,0
0.07169,0
0.06797,0
0.05283,0
0.04140,0
0.04433,0
0.04500,0
0.04847,0
0.09905,0
0.08955,0
0.06453,0
0.06464,0
0.10056,0
0.12213,0
0.00808,0
0.01952,0
0.02129,0
0.01610,0
0.02463,0
0.03831,0
0.01006,0
0.01906,0
0.02581,0
0.01204,0
0.01774,0
0.02591,0
0.03446,0
0.00808,0
0.02547,0
0.04301,0
0.05833,0
0.05080,0
0.05084,0
0.05035,0
0.01837,0
0.03827,0
0.02482,0
0.02101,0
0.02911,0
0.03775,0
0.03044,0
0.03381,0
0.04020,0
0.05013,0
0.04544,0
0.04302,0
0.03960,0
0.08697,0
0.07524,0
0.06080,0
0.05996,0
0.05798,0
0.05845,0
0.03044,0
0.03396,0
0.03468,0
0.03276,0
0.03749,0
0.03668,0
0.03444,0
0.01837,0
0.03827,0
0.02482,0
0.02389,0
0.03055,0
0.03682,0
0.01837,0
0.02442,0
0.02898,0
0.01510,0
0.02273,0
0.03315,0
0.03638,0
0.03012,0
0.04598,1
0.05411,1
0.05863,1
0.07508,1
0.09725,0
0.07002,0
0.05049,0
0.05625,0
0.06490,0
0.08614,0
0.09762,0
0.03012,0
0.02120,0
0.03193,0
0.02949,0
0.03455,0
0.03320,0
0.03127,0
0.18311,0
0.18253,0
0.11993,0
0.09846,0
0.08292,0
0.07408,0
0.07377,0
0.09614,1
0.09742,1
0.09422,1
0.07339,1
0.07311,1
0.08635,1
0.08893,1
0.01837,0
0.02900,0
0.05131,0
0.03863,0
0.03621,0
0.04093,0
0.04719,0
0.02894,0
0.04980,0
0.04914,0
0.04624,0
0.04387,0
0.00808,0
0.01735,0
0.02438,0
0.01136,0
0.01901,0
0.02562,0
0.02801,0
0.10386,0
0.07216,0
0.05160,0
0.05676,0
0.06134,0
0.07725,0
0.08962,0
0.01006,0
0.03193,0
0.02090,0
0.01997,0
0.02611,0
0.03346,0
0.10754,0
0.09513,0
0.06074,0
0.06251,0
0.08703,0
0.11096,0
0.10121,0
0.09899,0
0.07218,0
0.05407,0
0.04597,0
0.04932,0
0.05585,0
0.03012,0
0.03661,0
0.01851,0
0.01789,0
0.01924,0
0.08232,0
0.08300,0
0.08041,0
0.07392,0
0.06694,0
0.06509,0
0.09614,0
0.09008,0
0.10415,0
0.08431,0
0.08351,0
0.07946,0
0.07950,0
0.02894,0
0.03668,0
0.01728,0
0.01733,0
0.01882,0
0.09991,0
0.09445,0
0.07717,0
0.05671,0
0.05403,0
0.06480,0
0.00808,0
0.02889,0
0.02185,0
0.02039,0
0.03456,0
0.03412,0
0.06800,1
0.09823,1
0.01006,0
0.01980,0
0.04446,0
0.05265,0
0.05667,0
0.05874,0
0.05926,0
0.02894,0
0.04753,0
0.04300,0
0.04920,0
0.05926,0
0.06581,0
0.07695,0
0.00808,0
0.03116,1
0.04664,1
0.06466,1
0.06329,1
0.05743,1
0.06282,1
0.13437,0
0.08915,0
0.08480,0
0.06385,0
0.06352,0
0.08131,0
0.09996,0
0.00808,0
0.02341,0
0.02776,0
0.01980,0
0.03604,0
0.04318,0
0.00808,0
0.06439,0
0.05373,0
0.06718,0
0.05937,0
0.06444,0
0.07070,0
0.00808,0
0.02547,0
0.03611,0
0.02186,0
0.02669,0
0.02903,0
0.03154,0
0.01006,0
0.04392,0
0.07394,0
0.08023,0
0.08589,0
0.08902,0
0.00808,0
0.02341,0
0.02239,0
0.01150,0
0.02070,0
0.03081,0
0.09614,0
0.08118,0
0.10152,0
0.08464,0
0.08599,0
0.08179,0
0.08070,0
0.01006,0
0.02348,0
0.02298,0
0.01193,0
0.02732,0
0.03293,0
0.03012,0
0.04773,0
0.06242,0
0.06586,0
0.06100,0
0.03012,0
0.03828,0
0.04075,0
0.03254,0
0.03609,0
0.03757,0
0.03686,0
0.12207,1
0.10145,1
0.09438,1
0.09054,1
0.08264,1
0.08509,1
0.07953,0
0.06364,0
0.04630,0
0.05509,0
0.05001,0
0.05836,0
0.05985,0
0.00808,0
0.01952,0
0.03119,0
0.02897,0
0.03541,0
0.04300,0
0.01006,0
0.01980,0
0.03355,0
0.05027,0
0.04593,0
0.04829,0
0.05436,0
0.01837,0
0.02901,0
0.03441,0
0.02994,0
0.02973,0
0.03596,0
0.10244,0
0.08475,0
0.05911,0
0.06259,0
0.06991,0
0.06980,0
0.07687,0
0.01006,0
0.02495,0
0.04230,0
0.05881,0
0.04879,0
0.04779,0
0.04806,0
0.00808,0
0.02994,0
0.02081,0
0.03689,1
0.04959,1
0.04806,0
0.05298,0
0.02656,0
0.02456,0
0.02449,0
0.01837,0
0.03986,0
0.02946,0
0.02369,0
0.03024,0
0.03485,0
0.09366,0
0.09286,0
0.07476,0
0.06282,0
0.06375,0
0.07117,0
0.05706,0
0.04115,0
0.04952,0
0.06482,0
0.09726,0
0.09924,0
0.01006,0
0.02348,0
0.02298,0
0.01193,0
0.02068,0
0.02651,0
0.10121,0
0.07810,0
0.06166,0
0.04812,0
0.04288,0
0.05031,0
0.06170,0
0.08697,0
0.07524,0
0.05761,0
0.06460,0
0.05695,0
0.05721,0
0.01837,0
0.02985,0
0.04094,0
0.02575,0
0.03239,0
0.03806,0
0.03911,0
0.12803,0
0.08865,0
0.07621,0
0.06548,0
0.05388,0
0.05510,0
0.08313,0
0.02894,0
0.03032,0
0.03793,0
0.03222,0
0.04014,0
0.03466,0
0.03172,0
0.06673,0
0.05650,0
0.03954,0
0.04932,0
0.04566,0
0.05454,0
0.05655,0
0.00808,0
0.02547,0
0.03885,0
0.06679,0
0.08827,0
0.08836,0
0.09327,0
0.01837,0
0.05986,0
0.06680,0
0.05907,0
0.05138,0
0.05587,0
0.00808,0
0.02341,0
0.02239,0
0.01271,0
0.02860,0
0.03429,0
0.02894,0
0.04935,0
0.05326,0
0.04147,0
0.03685,0
0.00808,0
0.02950,0
0.04457,0
0.03963,0
0.03635,0
0.04323,0
0.04681,0
0.03588,0
0.04655,0
0.05193,0
0.05525,0
0.04874,0
0.04449,0
0.04208,0
0.01837,0
0.02900,0
0.04816,0
0.08573,0
0.12831,0
0.13460,0
0.12922,0
0.00808,0
0.02889,0
0.02185,0
0.01716,0
0.02306,0
0.03013,0
0.10755,0
0.06840,0
0.04935,0
0.04280,0
0.04627,0
0.05105,0
0.08310,0
0.01006,0
0.02348,0
0.02854,0
0.02508,0
0.03133,0
0.03748,0
0.13969,0
0.12520,0
0.10865,0
0.09098,0
0.08315,0
0.07465,0
0.07826,0
0.08045,0
0.06910,0
0.06689,0
0.06528,0
0.06821,0
0.07481,0
0.03012,0
0.03661,0
0.01851,0
0.01798,0
0.02046,0
0.00808,0
0.02950,0
0.04478,0
0.03001,0
0.02660,0
0.03197,0
0.04339,0
0.00808,0
0.01735,0
0.02438,0
0.01136,0
0.01529,0
0.02034,0
0.02490,0
0.19633,0
0.11335,0
0.08072,0
0.07090,0
0.07277,0
0.05777,0
0.09684,0
0.12068,0
0.09236,0
0.09697,0
0.09862,0
0.09684,0
0.00808,0
0.02994,0
0.02081,0
0.01929,0
0.02836,0
0.03437,0
0.02894,0
0.03294,0
0.04131,0
0.03852,0
0.04211,0
0.03994,0
0.03646,0
0.09814,0
0.06296,0
0.04581,0
0.05246,0
0.05917,0
0.06011,0
0.07176,0
0.03445,0
0.04173,0
0.04565,0
0.04349,0
0.04699,0
0.01837,0
0.03676,0
0.02716,0
0.02258,0
0.02933,0
0.04026,0
0.10142,0
0.09082,0
0.07401,0
0.06301,0
0.06502,0
0.00808,0
0.01735,0
0.01874,0
0.02874,0
0.03240,0
0.04142,0
0.04771,0
0.01837,0
0.02700,0
0.03202,0
0.02865,0
0.02670,1
0.03748,1
0.04876,1
0.02894,0
0.03085,0
0.04309,0
0.03550,0
0.03840,0
0.03612,0
0.03325,0
0.01837,0
0.02442,0
0.03969,0
0.04238,0
0.03888,0
0.04013,0
0.04157,0
0.02894,0
0.03298,0
0.03624,0
0.04425,0
0.03848,0
0.03657,0
0.03360,0
0.07644,0
0.04434,0
0.04650,0
0.04403,0
0.04241,0
0.05054,0
0.05777,0
0.11337,0
0.11206,0
0.09312,0
0.08750,0
0.08434,0
0.08450,0
0.11481,0
0.08985,0
0.06244,0
0.06226,0
0.07021,0
0.08574,0
0.10173,0
0.01006,0
0.03193,0
0.02764,0
0.03198,0
0.04009,0
0.04743,0
0.00808,0
0.02950,0
0.04468,0
0.05571,0
0.04727,0
0.05107,0
0.05234,0
0.03044,0
0.03904,0
0.01914,0
0.01819,0
0.02065,0
0.10643,0
0.08853,0
0.06141,0
0.04584,0
0.04089,0
0.04338,0
0.05280,0
0.21126,0
0.11270,0
0.08296,0
0.06882,0
0.05712,0
0.06065,0
0.00808,0
0.01735,0
0.03096,0
0.01787,0
0.02376,0
0.02445,0
0.02801,0
0.00808,0
0.02205,0
0.04897,0
0.03594,0
0.03343,0
0.03860,0
0.04023,0
0.06422,1
0.06997,1
0.09846,1
0.08551,1
0.08030,1
0.08194,1
0.08102,1
0.09622,0
0.07417,0
0.04973,0
0.03846,0
0.03649,0
0.03762,0
0.04164,0
0.08503,0
0.05143,0
0.03111,0
0.03931,0
0.04413,0
0.04852,0
0.03012,0
0.03241,0
0.03682,0
0.03959,0
0.04382,0
0.04206,0
0.03996,0
0.01006,0
0.01906,0
0.03255,0
0.05785,0
0.05211,0
0.05928,0
0.06723,0
0.08102,1
0.09424,1
0.07871,1
0.07345,1
0.07779,1
0.10349,1
0.11556,1
0.01837,0
0.03737,0
0.04576,0
0.03361,0
0.02951,0
0.03792,0
0.04152,0
0.08343,0
0.09261,0
0.08093,0
0.08009,0
0.07350,0
0.06839,0
0.00808,0
0.02950,0
0.04737,0
0.03935,0
0.03959,0
0.04440,0
0.05042,0
0.13276,0
0.11931,0
0.09349,0
0.06803,0
0.06559,0
0.08845,0
0.01837,0
0.02995,0
0.02755,0
0.02791,0
0.03445,0
0.04065,0
0.07176,0
0.03588,0
0.04223,0
0.04665,0
0.04182,0
0.04473,0
0.08940,0
0.07599,0
0.09410,0
0.07651,0
0.07548,0
0.08027,0
0.07941,0
0.03012,0
0.03661,0
0.01851,0
0.01789,0
0.01924,0
0.03012,0
0.03307,0
0.04999,0
0.04518,0
0.04884,0
0.04363,0
0.03972,0
0.13708,0
0.07232,0
0.04855,0
0.04248,0
0.04535,0
0.04823,0
0.08443,0
0.00808,0
0.01735,0
0.03096,0
0.01787,0
0.02008,0
0.02658,0
0.03002,0
0.01006,0
0.02348,0
0.02298,0
0.01193,0
0.02467,0
0.03030,0
0.07176,0
0.05416,0
0.05965,0
0.05785,0
0.05088,0
0.05756,0
0.01837,0
0.02442,0
0.03979,0
0.05236,0
0.04053,0
0.04016,0
0.04148,0
0.03012,0
0.02012,0
0.03544,0
0.05205,0
0.04847,0
0.04588,0
0.04345,0
0.09622,0
0.07417,0
0.04973,0
0.04212,0
0.04568,0
0.04272,0
0.04464,0
0.11748,1
0.07719,1
0.08903,1
0.07831,1
0.07285,1
0.06716,1
0.06205,1
0.08381,1
0.07365,1
0.04769,1
0.04989,1
0.06533,1
0.07925,1
0.00808,0
0.02341,0
0.02239,0
0.01150,0
0.02418,0
0.03481,0
0.11928,0
0.08879,0
0.05724,0
0.05649,0
0.07197,0
0.08217,0
0.02894,0
0.06419,0
0.07786,0
0.07862,0
0.07173,0
0.03588,0
0.03856,0
0.04503,0
0.05033,0
0.04447,0
0.04142,0
0.03787,0
0.15417,0
0.11299,0
0.07928,0
0.06248,0
0.05446,0
0.05245,0
0.06474,0
0.01837,0
0.02995,0
0.03307,0
0.02841,0
0.03210,0
0.03814,0
0.12463,0
0.09957,0
0.06851,0
0.05038,0
0.04697,0
0.05595,0
0.07197,0
0.03012,0
0.02968,0
0.02341,0
0.02263,0
0.02495,0
0.03012,0
0.03401,0
0.03616,0
0.02885,0
0.04199,0
0.03950,0
0.03649,0
0.03588,0
0.02910,0
0.04199,0
0.04972,0
0.05538,0
0.04698,0
0.04221,0
0.17085,0
0.10692,0
0.10044,0
0.07934,0
0.06395,0
0.06110,0
0.06987,0
0.12060,0
0.08583,0
0.07361,0
0.06292,0
0.05071,0
0.04753,0
0.05577,0
0.07169,1
0.08742,1
0.12287,1
0.11284,1
0.09385,1
0.09370,1
0.09565,1
0.12610,0
0.09049,0
0.06455,0
0.06283,0
0.07232,0
0.10387,0
0.09991,0
0.08323,0
0.06637,0
0.04544,0
0.04422,0
0.06150,0
0.00808,0
0.02994,0
0.02081,0
0.02150,0
0.03664,0
0.04256,0
0.11771,0
0.06028,0
0.05033,0
0.04737,0
0.04190,0
0.03771,0
0.04671,0
0.01006,0
0.02348,0
0.02854,0
0.02017,0
0.03466,0
0.03930,0
0.09622,0
0.08806,0
0.10614,0
0.09791,0
0.09446,0
0.08567,0
0.08292,0
0.09536,0
0.17613,0
0.14465,0
0.10794,0
0.08913,0
0.08108,0
0.08581,0
0.08697,0
0.07524,0
0.05288,0
0.05360,0
0.05449,0
0.05512,0
0.02894,0
0.03032,0
0.03146,0
0.02463,0
0.03009,0
0.02946,0
0.02749,0
0.07176,0
0.04374,0
0.04511,0
0.05293,0
0.04700,0
0.04875,0
0.03012,0
0.03241,0
0.03605,0
0.02877,0
0.03253,0
0.03431,0
0.03394,0
0.01837,0
0.04800,0
0.05931,0
0.05516,0
0.05216,0
0.06487,0
0.15719,0
0.12068,0
0.11653,0
0.09840,0
0.08045,0
0.07586,0
0.08417,0
0.12213,0
0.08883,0
0.07813,0
0.05507,0
0.04458,0
0.04304,0
0.05143,0
0.00808,0
0.02547,0
0.03607,0
0.05797,1
0.06082,1
0.09138,1
0.08013,1
0.10818,1
0.09746,1
0.14558,0
0.07281,0
0.05834,0
0.05374,0
0.06005,0
0.05473,0
0.06235,0
0.00808,0
0.02341,0
0.02776,0
0.01980,0
0.02772,0
0.03095,0
0.06775,0
0.06547,0
0.09024,0
0.12012,0
0.11453,0
0.00808,0
0.06909,1
0.07299,1
0.08029,1
0.08781,1
0.09056,1
0.00808,0
0.02547,0
0.02901,0
0.01506,0
0.02152,0
0.02430,0
0.02783,0
0.10178,0
0.09222,0
0.06543,0
0.04812,0
0.04501,0
0.05769,0
0.09046,0
0.09663,0
0.07546,0
0.07599,0
0.04645,0
0.03811,0
0.03794,0
0.04351,0
0.15467,0
0.10429,1
0.09627,1
0.07002,1
0.06708,1
0.08600,1
0.10386,0
0.07550,0
0.05351,0
0.05693,0
0.06378,0
0.06734,0
0.07794,0
0.00808,0
0.02341,0
0.02776,0
0.02075,0
0.03450,0
0.04013,0
0.07305,0
0.04903,0
0.04605,0
0.06106,0
0.08337,0
0.00808,0
0.02341,0
0.02239,0
0.01150,0
0.01872,0
0.02656,0
0.00808,0
0.01952,0
0.02642,0
0.02480,0
0.02924,0
0.03752,0
0.10153,0
0.07462,0
0.05286,0
0.05823,0
0.07590,0
0.09814,0
0.10609,0
0.00808,0
0.02994,0
0.02081,0
0.02440,0
0.02963,0
0.03535,0
0.00808,0
0.02341,0
0.02239,0
0.01531,0
0.02400,0
0.02876,0
0.02894,0
0.04935,0
0.07357,0
0.05422,0
0.04672,0
0.11771,0
0.06028,0
0.04192,0
0.04112,0
0.05557,0
0.05152,0
0.05501,0
0.00808,0
0.01735,0
0.02438,0
0.01136,0
0.01901,0
0.02526,0
0.03325,0
0.04806,0
0.05298,0
0.02656,0
0.02456,0
0.02449,0
0.11771,0
0.06028,0
0.04192,0
0.04441,0
0.04016,0
0.03716,0
0.04192,0
0.10858,0
0.11649,0
0.09231,0
0.07967,0
0.07434,0
0.06682,0
0.07116,0
0.00808,0
0.02135,0
0.02967,0
0.02927,0
0.03242,0
0.03524,0
0.09622,0
0.08806,0
0.10490,0
0.09587,0
0.08805,0
0.08161,0
0.08017,0
0.03012,0
0.03085,0
0.03400,0
0.03737,0
0.04385,0
0.03854,0
0.03481,0
0.09814,0
0.06296,0
0.04581,0
0.04557,0
0.04768,0
0.04970,0
0.10121,1
0.09964,1
0.07802,1
0.07343,1
0.06189,1
0.06177,1
0.07192,1
0.02894,0
0.03818,0
0.03878,0
0.03553,0
0.03719,0
0.03837,0
0.03751,0
0.01006,0
0.03112,0
0.04179,0
0.05333,0
0.04444,0
0.04662,0
0.05131,0
0.19633,1
0.11335,1
0.10725,1
0.10703,1
0.09984,1
0.10721,0
0.07844,0
0.05384,0
0.03722,0
0.03702,0
0.04513,0
0.07971,0
0.00808,0
0.01797,0
0.04323,0
0.05425,0
0.05588,0
0.06968,0
0.06695,0
0.10721,0
0.09242,0
0.09134,0
0.06672,0
0.06359,0
0.06787,0
0.09956,0
0.01837,0
0.03676,0
0.04970,0
0.04182,0
0.05066,0
0.05491,0
0.01006,0
0.04425,1
0.05036,1
0.04189,1
0.05576,1
0.06389,1
0.09217,1
0.10665,1
0.10764,1
0.10154,1
0.11670,1
0.10724,1
0.09308,1
0.09208,1
0.09623,1
0.13143,1
0.00808,0
0.01952,0
0.02642,0
0.02480,0
0.03148,0
0.03765,0
0.03012,0
0.04842,0
0.07582,0
0.04173,0
0.03589,0
0.01006,0
0.01980,0
0.03355,0
0.05027,0
0.05064,0
0.05927,0
0.06367,0
0.01837,0
0.03986,0
0.02946,0
0.02474,0
0.02985,0
0.04000,0
0.01006,0
0.01980,0
0.03470,0
0.02766,0
0.02848,0
0.04238,0
0.04874,0
0.19633,0
0.11280,0
0.08165,0
0.07007,0
0.07253,0
0.00808,0
0.01797,0
0.03462,0
0.03386,0
0.03541,0
0.04248,0
0.04884,0
0.00808,0
0.02950,0
0.04468,0
0.05571,0
0.04727,0
0.05006,0
0.05563,0
0.01837,0
0.03986,0
0.02946,0
0.02474,0
0.03565,0
0.03547,0
0.00808,0
0.02341,0
0.02776,0
0.01980,0
0.03604,0
0.04318,0
0.03012,0
0.03828,0
0.04305,0
0.03673,0
0.04172,0
0.03730,0
0.03356,0
0.02894,0
0.04980,0
0.04914,0
0.04531,0
0.04425,0
0.00808,0
0.02547,0
0.03885,0
0.07719,0
0.08294,0
0.08469,0
0.08512,0
0.01006,0
0.03193,0
0.02090,0
0.02021,0
0.02338,0
0.02987,0
0.00808,0
0.02889,0
0.02185,0
0.01924,0
0.02357,0
0.03499,0
0.03012,0
0.02968,0
0.02341,0
0.02263,0
0.02495,0
0.00808,0
0.02889,0
0.04428,0
0.03837,0
0.04425,0
0.04604,0
0.03588,0
0.04937,0
0.02330,0
0.02254,0
0.02292,0
0.01006,0
0.02348,0
0.03113,0
0.02452,0
0.03625,0
0.04541,0
0.29620,0
0.18621,0
0.12783,0
0.09686,0
0.08153,0
0.07715,0
0.07911,0
0.01006,0
0.03193,0
0.02764,0
0.02806,0
0.03251,0
0.03769,0
0.00808,0
0.02341,0
0.02239,0
0.02427,0
0.03164,0
0.04000,0
0.00808,0
0.02950,0
0.04478,0
0.03001,0
0.03208,0
0.04303,0
0.05218,0
0.01006,0
0.03072,0
0.02346,0
0.01833,0
0.02903,0
0.03528,0
0.00808,0
0.01735,0
0.03606,0
0.04859,0
0.04225,0
0.04944,0
0.04953,0
0.03012,0
0.03621,0
0.03945,0
0.03619,0
0.03889,0
0.03555,0
0.03280,0
0.14570,0
0.11321,0
0.08665,0
0.06515,0
0.06557,0
0.08329,0
0.11691,0
0.12973,0
0.09188,0
0.05805,0
0.05655,0
0.07954,0
0.10255,0
0.00808,0
0.01735,0
0.03090,0
0.06096,0
0.05498,0
0.05600,0
0.05783,0
0.03012,0
0.03661,0
0.01851,0
0.01798,0
0.02046,0
0.05761,0
0.04965,0
0.06297,0
0.06905,0
0.06442,0
0.16316,0
0.12713,0
0.09193,0
0.06879,0
0.06565,0
0.08387,0
0.11980,0
0.09849,0
0.11028,0
0.11888,0
0.11624,0
0.10214,0
0.08939,0
0.08664,0
0.01837,0
0.02985,0
0.03461,0
0.01902,0
0.02098,0
0.02167,0
0.02586,0
0.01006,0
0.01906,0
0.03225,0
0.01849,0
0.02494,0
0.03493,0
0.03782,0
0.01837,0
0.02995,0
0.02755,0
0.01909,0
0.02385,0
0.03529,0
0.08224,0
0.07029,0
0.07383,0
0.05921,0
0.04971,0
0.04776,0
0.05958,0
0.13673,0
0.07575,0
0.04978,0
0.04263,0
0.04205,0
0.05262,0
0.06646,0
0.00808,0
0.01952,0
0.02129,0
0.01610,0
0.02310,0
0.03240,0
0.00808,0
0.01735,0
0.03683,0
0.05245,0
0.04350,0
0.04769,0
0.05749,0
0.01006,0
0.02301,0
0.03034,0
0.03063,0
0.03630,0
0.04160,0
0.02894,0
0.04295,0
0.06438,0
0.05298,0
0.04594,0
0.01006,0
0.03193,0
0.02090,0
0.03055,0
0.03758,0
0.03979,0
0.01006,0
0.03193,0
0.02764,0
0.02672,0
0.02857,0
0.03454,0
0.10015,0
0.08117,0
0.05590,0
0.05533,0
0.06897,0
0.08093,0
0.29620,0
0.17990,0
0.12898,0
0.09925,0
0.08321,0
0.08213,0
0.08418,0
0.05761,0
0.04010,0
0.04157,0
0.03711,0
0.04058,0
0.03898,0
0.03720,0
0.09991,0
0.08323,0
0.07735,0
0.05275,0
0.04993,0
0.06686,0
0.14576,0
0.10186,0
0.09150,0
0.06088,0
0.04880,0
0.04794,0
0.05606,0
0.05628,0
0.08360,0
0.07044,0
0.05722,0
0.05474,0
0.05868,0
0.07601,0
0.02894,0
0.02910,0
0.04087,1
0.00808,0
0.01735,0
0.03606,0
0.04873,0
0.04431,0
0.04837,0
0.04969,0
0.03044,0
0.03121,0
0.02434,0
0.02366,0
0.02461,0
0.21126,0
0.11483,0
0.10116,0
0.09248,0
0.07784,0
0.07934,0
0.10215,0
0.07225,0
0.06503,0
0.05388,0
0.04651,0
0.04982,0
0.06105,0
0.13276,0
0.08445,0
0.06807,0
0.04735,0
0.04926,0
0.07415,0
0.00808,0
0.01735,0
0.03384,0
0.03794,0
0.03668,0
0.04553,0
0.05100,0
0.06775,0
0.06659,0
0.08367,0
0.10743,0
0.10682,0
0.09747,0
0.07820,0
0.06456,0
0.05843,0
0.04970,0
0.04425,0
0.04773,0
0.02894,0
0.05864,0
0.07517,0
0.07918,0
0.07277,0
0.14202,0
0.18464,0
0.14755,0
0.11181,0
0.09868,0
0.06775,0
0.06694,0
0.08263,0
0.10838,0
0.11035,0
0.01006,0
0.02495,0
0.05599,0
0.08491,0
0.10412,0
0.09915,0
0.10043,0
0.07305,0
0.04903,0
0.04281,0
0.05240,0
0.07601,0
0.01006,0
0.02495,0
0.03049,0
0.01583,0
0.02295,0
0.03267,0
0.03584,0
0.09536,0
0.16315,0
0.13385,0
0.09771,0
0.08209,0
0.07627,0
0.08117,0
0.10858,0
0.11649,0
0.09392,0
0.08131,0
0.07699,0
0.06954,0
0.07264,0
0.00808,0
0.02341,0
0.02776,0
0.02459,0
0.02811,0
0.03455,0
0.02894,0
0.02797,0
0.04274,0
0.04918,0
0.04338,0
0.04008,0
0.03681,0
0.11481,0
0.08066,0
0.05280,0
0.05498,0
0.07987,0
0.09101,0
0.01006,0
0.02495,0
0.03739,0
0.02259,0
0.02786,0
0.03705,0
0.03932,0
0.11996,0
0.10698,0
0.09095,0
0.06626,0
0.06436,0
0.07657,0
0.10142,0
0.10721,0
0.07856,0
0.05535,0
0.03829,0
0.03622,0
0.04525,0
0.07954,0
0.09622,0
0.07417,0
0.04973,0
0.03944,0
0.04150,0
0.04092,0
0.04363,0
0.03044,0
0.05023,0
0.07632,0
0.04176,0
0.03477,0
0.00808,0
0.02950,0
0.04674,0
0.07614,0
0.10054,0
0.10540,0
0.10360,0
0.00808,0
0.02205,0
0.03991,0
0.05322,0
0.04612,0
0.04827,0
0.05796,0
0.05037,1
0.03696,1
0.04037,1
0.03801,1
0.03700,1
0.09622,0
0.07417,0
0.04973,0
0.04212,0
0.04568,0
0.04385,0
0.04597,0
0.11709,0
0.11349,0
0.08157,0
0.07330,0
0.06865,0
0.06129,0
0.06113,0
0.09991,0
0.07642,0
0.05707,0
0.03900,0
0.03963,0
0.05823,0
0.07443,0
0.06474,0
0.06052,0
0.04539,0
0.04632,0
0.06502,0
0.01837,0
0.02562,0
0.05634,0
0.08897,0
0.12021,0
0.11957,0
0.12004,0
0.09575,0
0.06643,0
0.04390,0
0.04230,0
0.07543,0
0.09790,0
0.10214,0
0.08241,0
0.05693,0
0.05591,0
0.06774,0
0.09751,0
0.09622,1
0.07417,1
0.04973,1
0.03944,1
0.04358,1
0.05188,1
0.06079,1
0.00808,0
0.01797,0
0.03807,0
0.05238,0
0.05414,0
0.05916,0
0.06374,0
0.02894,0
0.04863,0
0.06342,0
0.06725,0
0.06211,0
0.01006,0
0.03072,0
0.04560,0
0.04618,0
0.05336,0
0.05736,0
0.03044,0
0.02265,1
0.08203,1
0.11799,1
0.12125,1
0.11159,1
0.03012,0
0.03661,0
0.01851,0
0.01789,0
0.01924,0
0.10346,1
0.11077,1
0.11320,1
0.09919,1
0.09657,1
0.08662,1
0.08495,1
0.00808,0
0.01735,0
0.02438,0
0.01136,0
0.01901,0
0.02526,0
0.03525,0
0.18072,0
0.13231,0
0.11899,0
0.09233,0
0.08270,0
0.12398,0
0.13673,0
0.07431,0
0.05130,0
0.04359,0
0.04720,0
0.05190,0
0.06651,0
0.03012,0
0.02749,0
0.03952,0
0.03362,0
0.03843,0
0.03620,0
0.03359,0
0.01006,0
0.02348,0
0.02298,0
0.01587,0
0.02167,0
0.03430,0
0.00808,0
0.02950,0
0.04478,0
0.03572,0
0.03609,0
0.03880,0
0.04295,0
0.02894,0
0.05071,0
0.04270,0
0.04999,0
0.05858,0
0.06727,0
0.07526,0
0.00808,0
0.01735,0
0.03683,0
0.05245,0
0.04797,0
0.05234,0
0.07911,1
0.10000,1
0.11356,1
0.11300,1
0.13276,0
0.10476,0
0.07198,0
0.05138,0
0.05281,0
0.07731,0
0.03012,0
0.03313,0
0.03796,0
0.03322,0
0.03517,0
0.03582,0
0.03521,0
0.14382,0
0.08005,0
0.05572,0
0.04725,0
0.04857,0
0.05866,0
0.07828,0
0.00808,0
0.01797,0
0.03575,0
0.06115,0
0.05802,0
0.05692,0
0.06103,0
0.03588,0
0.03455,0
0.03715,0
0.03223,0
0.03686,0
0.03426,0
0.03202,0
0.03588,0
0.05481,0
0.05461,0
0.05107,0
0.04767,0
0.13532,0
0.07019,0
0.04617,0
0.03877,0
0.04072,0
0.04608,0
0.07447,0
0.07169,0
0.06797,0
0.05283,0
0.03857,0
0.04375,0
0.05077,0
0.05305,0
0.00808,0
0.02994,0
0.02081,0
0.01929,0
0.02417,0
0.02772,0
0.08980,0
0.10562,0
0.07497,0
0.08027,0
0.06939,0
0.06133,0
0.06199,0
0.01837,0
0.02901,0
0.03441,0
0.03339,0
0.03728,0
0.04224,0
0.10721,0
0.08015,0
0.05458,0
0.03852,0
0.03678,0
0.04354,0
0.05931,0
0.01837,0
0.02985,0
0.04596,0
0.04951,0
0.04462,0
0.04891,0
0.05062,0
0.01006,0
0.02348,0
0.02298,0
0.01587,0
0.02450,0
0.03184,0
0.09991,1
0.07459,1
0.06002,1
0.10859,1
0.10491,1
0.10587,1
0.10817,1
0.11369,1
0.12116,1
0.11518,1
0.11293,1
0.13357,1
0.08940,0
0.09952,0
0.11098,0
0.09265,0
0.09450,0
0.09037,0
0.08926,0
0.08224,0
0.05495,0
0.06176,0
0.05995,0
0.05009,0
0.04838,0
0.06063,0
0.00808,0
0.04964,0
0.06926,0
0.07487,0
0.09492,0
0.08995,0
0.03012,0
0.02722,0
0.04562,0
0.03347,0
0.03693,0
0.03477,0
0.03211,0
0.11747,0
0.09249,0
0.07708,0
0.05154,0
0.04211,0
0.04214,0
0.05471,0
0.01006,0
0.02348,0
0.02854,0
0.02017,0
0.02770,0
0.03402,0
0.08503,1
0.06000,1
0.05668,1
0.05271,1
0.04461,1
0.04663,1
0.00808,0
0.02994,0
0.02718,0
0.03251,0
0.03850,0
0.04315,0
0.07169,0
0.06797,0
0.07892,1
0.07714,1
0.07734,1
0.07600,1
0.01837,0
0.05964,0
0.05755,0
0.07006,0
0.07078,0
0.08130,0
0.09185,0
0.01837,0
0.02562,0
0.04029,0
0.03126,0
0.02967,0
0.03614,0
0.04340,0
0.00808,0
0.02341,0
0.02239,0
0.01150,0
0.02685,0
0.03734,0
0.00808,0
0.02547,0
0.03611,0
0.02186,0
0.02288,0
0.02688,0
0.03648,0
0.01006,0
0.03329,0
0.02538,0
0.02347,0
0.03929,0
0.04513,0
0.01006,0
0.02324,0
0.04332,0
0.04655,0
0.04487,0
0.04936,0
0.05462,0
0.00808,0
0.01735,0
0.03683,0
0.04489,0
0.04852,0
0.05238,0
0.05049,0
0.00808,0
0.02994,0
0.02718,0
0.03123,0
0.03730,0
0.04216,0
0.00808,0
0.02889,0
0.02185,0
0.01921,0
0.02349,0
0.03218,0
0.00808,0
0.02341,0
0.02239,0
0.01531,0
0.02319,0
0.02737,0
0.00808,0
0.01735,0
0.02438,0
0.01136,0
0.01529,0
0.02568,0
0.03907,0
0.00808,0
0.02205,0
0.04490,0
0.04001,0
0.03968,0
0.04601,0
0.04932,0
0.08752,0
0.10607,0
0.09091,0
0.07351,0
0.06751,0
0.07040,0
0.08610,0
0.01006,0
0.06584,0
0.05686,0
0.06145,0
0.06867,0
0.07096,0
0.07497,0
0.00808,0
0.02341,0
0.02239,0
0.01150,0
0.01872,0
0.02995,0
0.00808,0
0.02547,0
0.02901,0
0.01506,0
0.02229,0
0.02652,0
0.03139,0
0.18311,0
0.18253,0
0.11089,0
0.09466,0
0.10049,0
0.08981,0
0.08815,0
0.09814,0
0.07818,0
0.06834,0
0.07798,0
0.08102,0
0.07985,0
0.13034,0
0.09193,0
0.07494,0
0.07355,0
0.05974,0
0.06215,0
0.00808,0
0.02889,0
0.02185,0
0.01748,0
0.02408,0
0.02849,0
0.03012,0
0.03415,0
0.05383,0
0.06012,0
0.05646,0
0.10643,0
0.08409,0
0.06124,0
0.04745,0
0.04202,0
0.04606,0
0.06448,0
0.00808,0
0.02547,0
0.03607,0
0.06234,0
0.05406,0
0.05206,0
0.05721,0
0.03012,0
0.03241,0
0.04186,0
0.05490,0
0.05051,0
0.04582,0
0.04289,0
0.01837,0
0.03827,0
0.03191,0
0.03332,0
0.03600,0
0.04038,0
0.00808,0
0.02547,0
0.03611,0
0.02186,0
0.02288,0
0.02787,0
0.03427,0
0.10359,0
0.07815,0
0.07238,0
0.06852,0
0.07423,0
0.07975,0
0.00808,0
0.03208,0
0.02355,0
0.01990,0
0.02638,0
0.03389,0
0.11481,0
0.08807,0
0.06480,0
0.05068,0
0.04311,0
0.04807,0
0.05774,0
0.00808,0
0.01797,0
0.04177,0
0.03083,0
0.02784,0
0.03482,0
0.04070,0
0.03044,0
0.03867,0
0.03901,0
0.03888,0
0.04254,0
0.04087,0
0.03792,0
0.10178,1
0.11359,1
0.08537,1
0.06857,1
0.07799,1
0.08608,1
0.11174,1
0.14812,1
0.00808,0
0.01735,0
0.02264,1
0.01567,1
0.02310,1
0.03566,1
0.04229,1
0.03012,0
0.05119,0
0.04389,0
0.05864,0
0.05716,0
0.08646,0
0.09344,0
0.03044,0
0.05023,0
0.07632,0
0.04176,0
0.03477,0
0.14045,0
0.09077,0
0.06670,0
0.04988,0
0.05239,0
0.06373,0
0.10049,0
0.09366,0
0.07472,0
0.06584,0
0.05985,0
0.05117,0
0.04527,0
0.04831,0
0.01837,0
0.02700,0
0.02606,0
0.02454,0
0.03148,0
0.04015,0
0.08393,0
0.04746,0
0.04012,0
0.04332,0
0.06790,0
0.12726,0
0.08786,0
0.07219,0
0.05329,0
0.04344,0
0.04216,0
0.04991,0
0.02894,0
0.03668,0
0.01728,0
0.01733,0
0.01882,0
0.01837,0
0.02700,0
0.03202,0
0.03442,0
0.03982,0
0.04730,0
0.00808,1
0.02889,1
0.02185,1
0.01775,1
0.04827,1
0.06785,1
0.09357,0
0.06882,0
0.05048,0
0.05583,0
0.05191,0
0.05933,0
0.06323,0
0.08740,0
0.07685,0
0.05116,0
0.04857,0
0.06881,0
0.08061,0
0.03012,0
0.03313,0
0.04494,0
0.03635,0
0.03940,0
0.03681,0
0.03443,0
0.00808,0
0.02205,0
0.04897,0
0.04292,0
0.04217,0
0.04559,0
0.05201,0
0.14576,0
0.10706,0
0.09498,0
0.06458,0
0.05171,0
0.04931,0
0.05950,0
0.01006,0
0.02348,0
0.02298,0
0.01193,0
0.02100,0
0.03425,0
0.03044,0
0.04646,0
0.06142,0
0.06561,0
0.06128,0
0.07169,0
0.06797,0
0.05283,0
0.03857,0
0.04375,0
0.05077,0
0.05305,0
0.09725,0
0.07002,0
0.04783,0
0.04424,0
0.06232,0
0.08560,0
0.09773,0
0.00808,0
0.02950,0
0.04517,0
0.06827,0
0.06264,0
0.06330,0
0.06658,0
0.00808,0
0.11103,1
0.10891,1
0.11067,1
0.12434,1
0.11702,1
0.10721,0
0.08805,0
0.06150,0
0.04390,0
0.04158,0
0.05129,0
0.06734,0
0.02894,0
0.03818,0
0.04311,0
0.06728,0
0.08259,0
0.08707,0
0.09004,0
0.00808,0
0.02547,0
0.04301,0
0.05833,0
0.05233,0
0.05142,0
0.05088,0
0.26804,0
0.17960,0
0.12281,0
0.09436,0
0.08004,0
0.07575,0
0.08086,0
0.00808,0
0.02889,0
0.02185,0
0.01716,0
0.02306,0
0.03431,0
0.02894,0
0.06419,0
0.08219,0
0.08072,0
0.07418,0
0.00808,0
0.02889,0
0.02185,0
0.01661,0
0.02747,0
0.03507,0
0.00808,0
0.02547,0
0.02901,0
0.01506,0
0.02152,0
0.02672,0
0.04001,0
0.17085,0
0.11105,0
0.09410,0
0.08520,0
0.06788,0
0.06275,0
0.07987,0
0.03012,0
0.02832,0
0.03728,0
0.05192,0
0.05198,0
0.04494,0
0.04030,0
0.09725,0
0.06740,0
0.04847,0
0.04443,0
0.06063,0
0.08486,0
0.09817,0
0.00808,0
0.02341,0
0.03102,0
0.02958,0
0.03986,0
0.04507,0
0.06775,0
0.06262,0
0.09179,0
0.11953,0
0.11477,0
0.12932,0
0.10125,0
0.07809,0
0.05713,0
0.05719,0
0.06990,0
0.08957,0
0.13320,0
0.10821,0
0.09118,0
0.06809,0
0.06717,0
0.07615,0
0.10588,0
0.00808,0
0.02950,0
0.03978,0
0.02844,0
0.02575,0
0.03177,0
0.03932,0
0.00808,0
0.01735,0
0.02438,0
0.01136,0
0.01901,0
0.02348,0
0.02726,0
0.09991,0
0.08323,0
0.06637,0
0.04665,0
0.04568,0
0.05773,0
0.00808,0
0.02341,0
0.02239,0
0.01150,0
0.02030,0
0.03401,0
0.01006,0
0.03072,0
0.02346,0
0.02016,0
0.02420,0
0.03274,0
0.02894,0
0.02910,0
0.02215,0
0.02253,0
0.02366,0
0.15052,0
0.11844,0
0.10085,0
0.08393,0
0.06862,0
0.07091,0
0.09500,0
0.11324,0
0.08359,0
0.04957,0
0.04982,0
0.07346,0
0.08569,0
0.00808,0
0.02135,0
0.03316,0
0.03802,0
0.03801,0
0.04287,0
0.17085,0
0.10692,0
0.09155,0
0.08439,0
0.06944,0
0.06626,0
0.07586,0
0.27652,0
0.14870,0
0.13013,0
0.10229,0
0.08264,0
0.07650,0
0.09398,0
0.00808,0
0.02547,0
0.04075,0
0.04533,0
0.04033,0
0.04473,0
0.04891,0
0.07169,1
0.07962,1
0.09685,1
0.08974,1
0.08878,1
0.09637,1
0.09805,1
0.01006,0
0.01980,0
0.03355,0
0.05027,0
0.04775,0
0.05954,0
0.06361,0
0.03044,0
0.03335,0
0.07978,0
0.06119,0
0.05342,0
0.00808,0
0.01952,0
0.02642,0
0.03049,0
0.03173,0
0.03823,0
0.12694,1
0.14014,1
0.10798,1
0.10308,1
0.09207,1
0.08438,1
0.08384,1
0.07483,1
0.02894,0
0.03282,0
0.04005,0
0.04006,0
0.05785,1
0.06053,1
0.21126,0
0.10742,0
0.09428,0
0.07903,0
0.06691,0
0.06979,0
0.01837,0
0.05031,1
0.05986,1
0.05646,1
0.06081,1
0.06377,1
0.00808,0
0.02950,0
0.04478,0
0.06850,0
0.06307,0
0.07118,0
0.07099,0
0.01837,0
0.02995,0
0.02755,0
0.01511,0
0.02688,0
0.03676,0
0.08393,0
0.04746,0
0.03988,0
0.05612,0
0.07794,0
0.09614,0
0.08118,0
0.10152,0
0.09010,0
0.10064,0
0.09515,0
0.09271,0
0.01006,0
0.04441,0
0.05887,0
0.06033,0
0.05856,0
0.06993,0
0.10116,0
0.08105,0
0.13772,0
0.12256,0
0.10350,0
0.09032,0
0.08751,0
0.09756,0
0.06426,0
0.05436,0
0.05819,0
0.11171,0
0.10178,0
0.09222,0
0.06628,0
0.04822,0
0.04570,0
0.05964,0
0.09279,0
0.00808,1
0.04964,1
0.05777,1
0.07682,1
0.08650,1
0.08701,1
0.00808,0
0.02889,0
0.02185,0
0.01716,0
0.02776,0
0.03587,0
0.08393,0
0.04746,0
0.04234,0
0.05704,0
0.09385,0
0.01006,0
0.02348,0
0.02854,0
0.02112,0
0.02701,0
0.03668,0
0.01006,0
0.02324,0
0.04105,0
0.07162,0
0.09761,0
0.10364,0
0.10794,0
0.00808,0
0.11103,1
0.11350,1
0.11378,1
0.12647,1
0.12371,1
0.14558,0
0.07281,0
0.05598,0
0.05735,0
0.04969,0
0.04584,0
0.05399,0
0.12694,0
0.13414,0
0.11127,0
0.10332,0
0.08852,0
0.07786,0
0.07711,0
0.05761,0
0.05255,0
0.05599,0
0.04572,0
0.05720,0
0.05239,0
0.04752,0
0.00808,0
0.02889,0
0.02185,0
0.01748,0
0.02371,0
0.03498,0
0.01837,0
0.02995,0
0.02755,0
0.01909,0
0.02434,0
0.02996,0
0.00808,0
0.01735,0
0.03090,0
0.05789,0
0.05325,0
0.05341,0
0.05895,0
0.12382,0
0.10781,0
0.07269,0
0.06740,0
0.07378,0
0.08551,0
0.01006,0
0.03112,0
0.04860,0
0.03477,0
0.03054,0
0.04554,0
0.05398,0
0.07911,1
0.11283,1
0.08972,1
0.09955,1
0.09098,1
0.09271,1
0.10104,1
0.00808,0
0.02547,0
0.02901,0
0.01506,0
0.02152,0
0.02488,0
0.02864,0
0.20212,0
0.14361,0
0.11855,0
0.10364,0
0.08391,0
0.07739,0
0.08864,0
0.09536,0
0.17613,0
0.15163,0
0.10523,0
0.08676,0
0.08398,0
0.08867,0
0.08343,0
0.09261,0
0.08235,0
0.06911,0
0.06125,0
0.05874,0
0.18311,0
0.18253,0
0.11986,0
0.10615,0
0.08848,0
0.07650,0
0.08041,0
0.10613,0
0.09147,0
0.07880,0
0.05481,0
0.04554,0
0.04535,0
0.05429,0
0.00808,0
0.02547,0
0.03607,0
0.06281,0
0.05925,0
0.06483,0
0.06241,0
0.01837,0
0.02995,0
0.03307,0
0.02344,0
0.02839,0
0.03687,0
0.12393,0
0.10575,0
0.08832,0
0.06853,0
0.06850,0
0.06866,0
0.08045,0
0.00808,0
0.01735,0
0.03432,0
0.03856,0
0.03840,0
0.04335,0
0.04417,0
0.01006,0
0.02301,0
0.03034,0
0.02713,0
0.03888,0
0.04454,0
0.01837,0
0.02442,0
0.03970,0
0.05416,0
0.04698,0
0.04658,0
0.04601,0
0.00808,0
0.02950,0
0.04026,0
0.05203,0
0.05145,0
0.05412,0
0.05533,0
0.00808,0
0.02889,0
0.02185,0
0.01661,0
0.02373,0
0.02571,0
0.03044,0
0.03167,0
0.03319,0
0.02999,0
0.03402,0
0.03097,0
0.02840,0
0.00808,0
0.01735,0
0.02438,0
0.01136,0
0.01529,0
0.02065,0
0.02393,0
0.12207,0
0.08526,0
0.05138,0
0.05031,0
0.07386,0
0.10579,0
0.07305,0
0.04903,0
0.04290,0
0.05811,0
0.09564,0
0.02894,0
0.03298,0
0.04571,0
0.03654,0
0.03871,0
0.03754,0
0.03614,0
0.19633,0
0.11335,0
0.08072,0
0.07090,0
0.07277,0
0.01006,0
0.02324,0
0.04105,0
0.07322,0
0.09427,0
0.09861,0
0.10279,0
0.08232,0
0.06990,0
0.06192,0
0.06467,0
0.06778,0
0.06477,0
0.10817,1
0.09505,1
0.08714,1
0.09169,1
0.10304,1
0.10419,1
0.00808,0
0.01952,0
0.02129,0
0.01663,0
0.03129,0
0.03669,0
0.01006,0
0.02348,0
0.02298,0
0.02465,0
0.03183,0
0.03844,0
0.00808,0
0.02341,0
0.02776,0
0.01980,0
0.03174,0
0.04129,0
0.01837,0
0.03630,1
0.05749,1
0.08234,1
0.07064,1
0.07164,1
0.06749,1
0.09925,0
0.08414,0
0.07469,0
0.05927,0
0.06165,0
0.08738,0
0.08393,0
0.04746,0
0.04012,0
0.04090,0
0.04201,0
0.07470,0
0.09147,0
0.07644,0
0.04434,0
0.04730,0
0.04673,0
0.04424,0
0.05220,0
0.00808,0
0.02547,0
0.02901,0
0.01506,0
0.02229,0
0.03225,0
0.04439,0
0.26804,0
0.17203,0
0.12187,0
0.09459,0
0.08611,0
0.08190,0
0.08660,0
0.09614,0
0.08731,0
0.09753,0
0.07914,0
0.07532,0
0.07207,0
0.07276,0
0.03012,0
0.03401,0
0.03715,0
0.03376,0
0.04082,0
0.03555,0
0.03259,0
0.01837,0
0.02985,0
0.07830,1
0.08237,1
0.08310,1
0.08164,1
0.07948,1
0.01006,0
0.02348,0
0.02298,0
0.01587,0
0.02167,0
0.03007,0
0.09622,0
0.10763,0
0.12939,0
0.11436,0
0.10111,0
0.08971,0
0.08692,0
0.06775,0
0.06694,0
0.08263,0
0.10838,0
0.10770,0
0.15012,0
0.10740,0
0.07438,0
0.07039,0
0.07230,0
0.06543,0
0.07106,0
0.14558,0
0.07281,0
0.05802,0
0.05762,0
0.05151,0
0.04859,0
0.05648,0
0.09622,0
0.05629,1
0.08020,1
0.06383,1
0.06660,1
0.05960,1
0.07412,1
0.07871,1
0.08312,1
0.02894,0
0.04935,0
0.05326,0
0.03934,0
0.03614,0
0.01837,0
0.07179,0
0.05992,0
0.07132,0
0.06280,0
0.06701,0
0.07249,0
0.01837,0
0.02442,0
0.03979,0
0.05236,0
0.04291,0
0.04820,0
0.04896,0
0.09614,0
0.09008,0
0.10415,0
0.08698,0
0.08376,0
0.08907,0
0.08660,0
0.01837,0
0.05759,0
0.06487,0
0.06034,0
0.06302,0
0.06526,0
0.03012,0
0.03241,0
0.04186,0
0.04816,0
0.04648,0
0.04077,0
0.03708,0
0.11928,0
0.07692,0
0.05643,0
0.05531,0
0.06792,0
0.08092,0
0.21508,0
0.13904,0
0.10155,0
0.07325,0
0.07220,0
0.11230,0
0.00808,0
0.01952,0
0.02642,0
0.03049,0
0.03679,0
0.04246,0
0.03012,0
0.02120,0
0.03134,0
0.04023,0
0.03915,0
0.03489,0
0.03217,0
0.10142,0
0.09082,0
0.07258,0
0.06277,0
0.06447,0
0.10359,0
0.07785,0
0.07201,0
0.06584,0
0.06404,0
0.07346,0
0.11996,0
0.10845,0
0.09177,0
0.06740,0
0.06573,0
0.07853,0
0.10325,0
0.12463,1
0.10465,1
0.10521,1
0.11820,1
0.13463,1
0.12452,1
0.11545,1
0.01006,0
0.03329,0
0.02538,0
0.02430,0
0.02917,0
0.03061,0
0.00808,0
0.03208,0
0.04406,0
0.03989,0
0.04699,0
0.05581,0
0.00808,0
0.01952,0
0.03119,0
0.02907,0
0.03821,0
0.04347,0
0.07443,0
0.07572,0
0.07201,0
0.04930,0
0.04836,0
0.06633,0
0.01837,0
0.02985,0
0.03876,0
0.05550,0
0.04879,0
0.05103,0
0.04985,0
0.00808,0
0.02547,0
0.03959,1
0.03935,1
0.04110,1
0.04871,1
0.05495,1
0.07305,0
0.04903,0
0.04290,0
0.04555,0
0.07088,0
0.03044,0
0.02893,0
0.03661,0
0.03574,0
0.03887,0
0.03792,0
0.03631,0
0.01837,0
0.02442,0
0.02410,0
0.04225,0
0.03445,0
0.03286,0
0.03513,0
0.14353,0
0.07975,0
0.05462,0
0.05059,0
0.05665,0
0.06880,0
0.07932,0
0.23970,0
0.14685,0
0.10063,0
0.08230,0
0.09828,0
0.01006,0
0.02301,0
0.03034,0
0.02953,0
0.03141,0
0.03722,0
0.00808,0
0.02994,0
0.02718,0
0.03090,0
0.03516,0
0.04010,0
0.12463,0
0.09957,0
0.06851,0
0.04728,0
0.04423,0
0.05717,0
0.07657,0
0.18311,0
0.18253,0
0.12013,0
0.10918,0
0.11096,0
0.09917,0
0.10159,0
0.00808,0
0.02547,0
0.02901,0
0.01506,0
0.02152,0
0.02488,0
0.02864,0
0.01006,0
0.03193,0
0.02090,0
0.01680,0
0.02654,0
0.03024,0
0.03044,0
0.02893,0
0.03744,0
0.04461,0
0.04079,0
0.03897,0
0.03604,0
0.00808,0
0.02889,0
0.02185,0
0.01921,0
0.03005,0
0.03318,0
0.01837,0
0.02900,0
0.04536,0
0.03636,0
0.03211,0
0.04219,0
0.04652,0
0.10454,1
0.08572,1
0.06269,1
0.08875,1
0.08479,1
0.08116,1
0.08779,1
0.12167,1
0.10949,1
0.10121,0
0.07564,0
0.05556,0
0.04249,0
0.03728,0
0.04217,0
0.05352,0
0.08102,1
0.05035,1
0.08133,1
0.08529,1
0.08924,1
0.01006,0
0.01906,0
0.03684,0
0.04941,0
0.04080,0
0.04420,0
0.04899,0
0.00808,0
0.02547,0
0.04088,0
0.05189,0
0.04764,0
0.05029,0
0.04971,0
0.01006,0
0.01906,0
0.03532,0
0.05040,0
0.04963,0
0.05289,0
0.05261,0
0.11493,1
0.09638,1
0.08925,1
0.08857,1
0.09313,1
0.10386,1
0.00808,0
0.01952,0
0.02129,0
0.01663,0
0.02541,0
0.04025,0
0.10542,0
0.09154,0
0.06937,0
0.05400,0
0.05155,0
0.05807,0
0.09219,0
0.09622,0
0.07417,0
0.04973,0
0.03931,0
0.04561,0
0.04417,0
0.04662,0
0.03588,0
0.06148,0
0.08377,0
0.06201,0
0.05283,0
0.08309,0
0.07932,0
0.05478,0
0.05424,0
0.06656,0
0.07922,0
0.02894,0
0.03668,0
0.01728,0
0.01743,0
0.02011,0
0.11041,0
0.08039,0
0.07651,0
0.06772,0
0.06142,0
0.06820,0
0.01006,0
0.02495,0
0.03049,0
0.01583,0
0.01839,0
0.02232,0
0.02520,0
0.03044,0
0.05023,0
0.07632,0
0.04406,0
0.03732,0
0.12560,0
0.07689,0
0.05282,0
0.05800,0
0.05240,0
0.05919,0
0.06034,0
0.00808,0
0.01735,0
0.03141,0
0.05695,0
0.07887,0
0.08073,0
0.08677,0
0.00808,0
0.02889,0
0.02185,0
0.01924,0
0.02496,0
0.03194,0
0.19633,0
0.11335,0
0.08072,0
0.06875,0
0.07103,0
0.08503,0
0.05143,0
0.03619,0
0.03962,0
0.04007,0
0.04420,0
0.06775,0
0.06547,0
0.10423,0
0.13045,0
0.12950,0
0.00808,0
0.02341,0
0.02776,0
0.02459,0
0.03096,0
0.04247,0
0.03012,0
0.01928,1
0.03207,1
0.04578,1
0.05594,1
0.05284,1
0.04913,1
0.00808,0
0.01735,0
0.02438,0
0.01136,0
0.02111,0
0.02945,0
0.03213,0
0.09622,0
0.07417,0
0.04973,0
0.03846,0
0.04119,0
0.04168,0
0.04435,0
0.07437,0
0.06737,0
0.06621,0
0.07145,0
0.06711,0
0.07184,0
0.01837,0
0.03827,0
0.02482,0
0.01969,0
0.02864,0
0.03554,0
0.05110,1
0.05782,1
0.00808,0
0.02341,0
0.02239,0
0.01271,0
0.02616,0
0.03191,0
0.05761,0
0.06465,0
0.05226,0
0.06360,0
0.06584,0
0.07001,0
0.07705,0
0.03588,0
0.04937,0
0.02330,0
0.02254,0
0.02292,0
0.00808,0
0.02994,0
0.02718,0
0.02938,0
0.03745,0
0.04332,0
0.01006,0
0.01906,0
0.03255,0
0.05723,0
0.04768,0
0.05144,0
0.06112,0
0.08697,0
0.07524,0
0.05444,0
0.06230,0
0.06149,0
0.06118,0
0.09518,0
0.10371,0
0.08646,0
0.08059,0
0.06863,0
0.05992,0
0.06217,0
0.00808,0
0.01735,0
0.03606,0
0.04859,0
0.04225,0
0.04905,0
0.05050,0
0.00808,0
0.02547,0
0.03885,0
0.06679,0
0.08827,0
0.08893,0
0.09329,0
0.03012,0
0.03313,0
0.03578,0
0.03408,0
0.03784,0
0.03676,0
0.03542,0
0.07825,0
0.07804,0
0.06291,0
0.06340,0
0.08115,0
0.11206,0
0.11041,0
0.08297,0
0.07675,0
0.07500,0
0.07915,0
0.08078,0
0.00808,0
0.01797,0
0.04323,0
0.05145,0
0.04969,0
0.04983,0
0.05568,0
0.01837,0
0.02995,0
0.02755,0
0.01636,0
0.03139,0
0.04132,0
0.13034,1
0.08057,1
0.07744,1
0.06323,1
0.01006,0
0.01906,0
0.03684,0
0.04941,0
0.04170,0
0.04173,0
0.04179,0
0.00808,0
0.02547,0
0.03898,0
0.05210,0
0.03952,0
0.03933,0
0.04610,0
0.09366,0
0.09286,0
0.07385,0
0.06327,0
0.06458,0
0.02894,0
0.03085,0
0.03620,0
0.02969,0
0.03451,0
0.03162,0
0.03048,0
0.01006,0
0.03193,0
0.02764,0
0.03056,0
0.03213,0
0.03824,0
0.01837,0
0.02995,0
0.03307,0
0.02344,0
0.03442,0
0.03848,0
0.08224,1
0.07029,1
0.05205,1
0.08438,1
0.08936,1
0.08649,1
0.09025,1
0.08076,1
0.09803,1
0.03012,0
0.03241,0
0.03605,0
0.03379,0
0.04320,0
0.03700,0
0.03365,0
0.06775,0
0.06616,0
0.07461,0
0.07277,0
0.07840,0
0.08330,0
0.03588,0
0.04056,0
0.03918,0
0.03225,0
0.03746,0
0.03590,0
0.03318,0
0.06472,0
0.06409,0
0.05914,0
0.04720,0
0.04742,0
0.06663,0
0.10858,0
0.11649,0
0.08356,0
0.07949,0
0.07474,0
0.06821,0
0.06720,0
0.27652,0
0.15093,0
0.11459,0
0.08897,0
0.07275,0
0.06691,0
0.08074,0
0.00808,0
0.01952,0
0.03119,0
0.02897,0
0.03372,0
0.04756,0
0.09746,0
0.08078,0
0.06886,0
0.06738,0
0.05799,0
0.05055,0
0.05306,0
0.01006,0
0.02495,0
0.04494,0
0.05112,0
0.05034,0
0.05668,0
0.05621,0
0.00808,0
0.01735,0
0.03090,0
0.05927,0
0.05152,0
0.04975,0
0.05274,0
0.00808,0
0.01735,0
0.03384,0
0.04299,0
0.03971,0
0.04392,0
0.04436,0
0.08503,1
0.08665,1
0.09962,1
0.07817,1
0.07907,1
0.07752,1
0.00808,0
0.01797,0
0.03366,0
0.02626,0
0.02631,0
0.03323,0
0.04106,0
0.02894,0
0.03668,0
0.01728,0
0.01733,0
0.01882,0
0.01006,0
0.01906,0
0.03225,0
0.01849,0
0.02645,0
0.03381,0
0.03577,0
0.09536,0
0.16315,0
0.13385,0
0.09771,0
0.08209,0
0.07862,0
0.08396,0
0.03588,0
0.03963,0
0.05589,0
0.07663,0
0.08690,0
0.07932,0
0.07104,0
0.11519,1
0.09599,1
0.07429,1
0.08666,1
0.09354,1
0.16046,1
0.15607,1
0.06775,0
0.06694,0
0.08263,0
0.10838,0
0.10770,0
0.00808,0
0.02994,0
0.02081,0
0.02150,0
0.03119,0
0.03466,0
0.08066,1
0.09954,1
0.10314,1
0.07305,0
0.04903,0
0.04290,0
0.05811,0
0.09564,0
0.01837,0
0.03676,0
0.02716,0
0.02661,0
0.03105,0
0.04116,0
0.01006,0
0.01980,0
0.03355,0
0.05027,0
0.04424,0
0.05007,0
0.05855,0
0.03012,0
0.03020,0
0.04012,0
0.05905,0
0.07689,0
0.08098,0
0.08695,0
0.01837,0
0.02562,0
0.05279,0
0.03906,0
0.04145,0
0.05120,0
0.05908,0
0.01006,0
0.01980,0
0.03809,0
0.05962,0
0.04935,0
0.05000,0
0.05568,0
0.01006,0
0.01980,0
0.05237,0
0.07237,0
0.10819,0
0.10695,0
0.10807,0
0.03012,0
0.03307,0
0.04433,0
0.03919,0
0.04499,0
0.03855,0
0.03446,0
0.17239,0
0.09876,0
0.09237,0
0.08869,0
0.07595,0
0.07332,0
0.12694,0
0.15402,0
0.12212,0
0.10382,0
0.09205,0
0.08289,0
0.08773,0
0.10643,0
0.08927,0
0.06451,0
0.05193,0
0.04674,0
0.04848,0
0.05711,0
0.11771,0
0.06028,0
0.04192,0
0.04449,0
0.04064,0
0.03762,0
0.04675,0
0.01006,0
0.01980,0
0.04317,0
0.03225,0
0.03205,0
0.03572,0
0.04297,0
0.03044,0
0.05023,0
0.05514,0
0.04325,0
0.03753,0
0.00808,0
0.02950,0
0.03978,0
0.03567,1
0.09364,1
0.07999,1
0.09129,1
0.10229,1
0.09889,1
0.11451,0
0.13126,0
0.10235,0
0.08686,0
0.08554,0
0.00808,0
0.01735,0
0.03096,0
0.01787,0
0.02451,0
0.03072,0
0.03422,0
0.00808,0
0.02889,0
0.02185,0
0.01748,0
0.02371,0
0.03081,0
0.03012,0
0.03020,0
0.03611,0
0.04048,0
0.03756,0
0.03636,0
0.03393,0
0.12434,0
0.11814,0
0.08738,0
0.08333,0
0.07205,0
0.06372,0
0.06872,0
0.01006,0
0.01980,0
0.03355,0
0.05027,0
0.04775,0
0.05578,0
0.06334,0
0.19633,0
0.11335,0
0.08072,0
0.06782,0
0.07063,0
0.00808,0
0.01735,0
0.03432,0
0.03856,0
0.03651,0
0.04488,0
0.04532,0
0.04806,0
0.04759,0
0.06113,0
0.05342,0
0.05227,0
0.05037,0
0.04785,0
0.09991,0
0.07459,0
0.06002,0
0.04217,0
0.04225,0
0.06059,0
0.07644,0
0.04434,0
0.05772,0
0.05985,0
0.05111,0
0.05239,0
0.01006,0
0.02324,0
0.06034,0
0.07936,0
0.11232,0
0.11135,0
0.10804,0
0.07644,0
0.05591,0
0.05695,0
0.05581,0
0.04803,0
0.04949,0
0.01837,0
0.02995,0
0.02755,0
0.01636,0
0.02890,0
0.03399,0
0.01837,0
0.07148,0
0.08277,0
0.08402,0
0.09090,0
0.09271,0
0.03044,0
0.03335,0
0.07733,0
0.04816,0
0.04051,0
0.08901,0
0.06690,0
0.06453,0
0.05726,0
0.04957,0
0.05587,0
0.03588,0
0.04937,0
0.02330,0
0.02234,0
0.02411,0
0.08343,0
0.07773,0
0.08368,0
0.08114,0
0.07504,0
0.06935,0
0.08232,0
0.06990,0
0.05206,0
0.05344,0
0.05922,0
0.05902,0
0.00808,0
0.02341,0
0.02239,0
0.01150,0
0.02701,0
0.03315,0
0.09759,1
0.09061,1
0.07135,1
0.06288,1
0.06532,1
0.07467,1
0.07261,1
0.00808,0
0.01952,0
0.02129,0
0.01610,0
0.02776,0
0.03317,0
0.12694,0
0.13414,0
0.10761,0
0.09162,0
0.08091,0
0.07247,0
0.07766,0
0.01837,0
0.02442,0
0.03594,0
0.02152,0
0.02755,0
0.03693,0
0.04353,0
0.02894,0
0.02910,0
0.02215,0
0.02205,0
0.02455,0
0.07176,0
0.03588,0
0.04262,0
0.05519,0
0.04899,0
0.05597,0
0.01837,0
0.02995,0
0.02755,0
0.01909,0
0.02464,0
0.03208,0
0.01837,0
0.04751,0
0.06959,0
0.07168,0
0.09147,0
0.09282,0
0.10721,0
0.09242,0
0.07842,0
0.06043,0
0.05996,0
0.07769,0
0.08741,0
0.08102,0
0.05035,0
0.04619,0
0.04717,0
0.04837,0
0.07991,0
0.09652,0
0.00808,0
0.02341,0
0.02239,0
0.01531,0
0.02400,0
0.02876,0
0.03012,0
0.04636,0
0.03707,0
0.03164,0
0.04325,0
0.04032,0
0.03707,0
0.01837,0
0.07179,0
0.05992,0
0.07132,0
0.07553,0
0.07092,0
0.07327,0
0.01006,0
0.03193,0
0.02764,0
0.03023,0
0.03773,0
0.04350,0
0.09991,0
0.08506,0
0.07744,0
0.05183,0
0.04967,0
0.06679,0
0.01006,0
0.06584,0
0.05577,0
0.06861,0
0.07319,0
0.06787,0
0.07092,0
0.27652,0
0.14870,0
0.13013,0
0.10468,0
0.08633,0
0.07908,0
0.09627,0
0.10471,0
0.08119,0
0.07439,0
0.05782,0
0.04888,0
0.04974,0
0.07697,1
0.07934,1
0.08227,1
0.07167,1
0.06607,1
0.06973,1
0.01837,0
0.02442,0
0.03979,0
0.05236,0
0.04291,0
0.04820,0
0.04896,0
0.10643,0
0.09872,0
0.06900,0
0.05326,0
0.04652,0
0.05083,0
0.06138,0
0.03588,0
0.04181,0
0.05968,0
0.06555,0
0.06159,0
0.03588,0
0.05370,0
0.05295,0
0.05582,0
0.05517,0
0.04806,0
0.04333,0
0.00808,0
0.01735,0
0.02438,0
0.01136,0
0.02111,0
0.02945,0
0.03213,0
0.02894,0
0.03668,0
0.01728,0
0.01743,0
0.02011,0
0.12932,0
0.10066,0
0.07486,0
0.05517,0
0.05086,0
0.06835,0
0.09592,0
0.08102,1
0.05035,1
0.08444,1
0.09710,1
0.10530,1
0.11099,1
0.09814,0
0.07818,0
0.06498,0
0.06433,0
0.06659,0
0.06748,0
0.00808,0
0.02994,0
0.02081,0
0.01929,0
0.02160,0
0.02834,0
0.01006,0
0.02495,0
0.03739,0
0.02259,0
0.02734,0
0.02889,0
0.03148,0
0.11381,0
0.08931,0
0.06592,0
0.05141,0
0.04484,0
0.05100,0
0.06132,0
0.00808,0
0.04778,0
0.04484,0
0.06382,0
0.05687,0
0.06163,0
0.06680,0
0.00808,0
0.06439,0
0.05373,0
0.06718,0
0.06867,0
0.07561,0
0.07988,0
0.12726,0
0.10275,0
0.08966,0
0.06466,0
0.05288,0
0.05084,0
0.05587,0
0.03012,0
0.03307,0
0.03923,0
0.04456,0
0.04631,0
0.04407,0
0.04170,0
0.11197,0
0.08762,0
0.14020,0
0.11879,0
0.10306,0
0.08896,0
0.08573,0
0.03012,0
0.03661,0
0.01851,0
0.01798,0
0.02046,0
0.02894,0
0.03668,0
0.01728,0
0.01743,0
0.02011,0
0.00808,0
0.02950,0
0.04478,0
0.03001,0
0.02660,0
0.03731,0
0.04221,0
0.03012,0
0.04636,0
0.04603,0
0.06284,1
0.07478,1
0.07288,1
0.03012,0
0.04636,0
0.05102,0
0.07515,0
0.08640,0
0.08857,0
0.09803,0
0.01837,0
0.02995,0
0.02755,0
0.01636,0
0.02458,0
0.03324,0
0.00808,0
0.02547,0
0.02901,0
0.01506,0
0.01770,0
0.02720,0
0.03372,0
0.03044,0
0.03335,0
0.07733,0
0.04938,0
0.04282,0
0.01006,0
0.01906,0
0.02581,0
0.01204,0
0.02032,0
0.03007,0
0.03513,0
0.09536,1
0.17613,1
0.14335,1
0.12381,1
0.11564,1
0.11207,1
0.11753,1
0.00808,0
0.02994,0
0.02718,0
0.03027,0
0.03879,0
0.04988,0
0.08224,0
0.06301,0
0.05858,0
0.05192,0
0.04376,0
0.04243,0
0.05489,0
0.02894,0
0.03032,0
0.03866,0
0.03965,0
0.04250,0
0.04099,0
0.03781,0
0.00808,0
0.02994,0
0.02718,0
0.02938,0
0.03718,0
0.04219,0
0.00808,0
0.02547,0
0.03611,0
0.02186,0
0.02721,0
0.03491,0
0.03871,0
0.08393,0
0.04746,0
0.03988,0
0.04221,0
0.04292,0
0.07538,0
0.08764,0
0.00808,0
0.02950,0
0.04478,0
0.03001,0
0.02459,0
0.03067,0
0.03798,0
0.10142,0
0.09082,0
0.07401,0
0.06301,0
0.06461,0
0.01006,0
0.02131,0
0.02250,0
0.02150,0
0.02686,0
0.03123,0
0.00808,0
0.02994,0
0.02718,0
0.03975,0
0.05518,1
0.05488,1
0.08343,0
0.07773,0
0.08343,0
0.08181,0
0.08161,0
0.07857,0
0.00808,0
0.03208,0
0.02355,0
0.02102,0
0.02797,0
0.02860,0
0.01837,0
0.03737,0
0.05560,0
0.07152,0
0.06565,0
0.06796,0
0.07375,0
0.03044,0
0.03581,0
0.03768,0
0.03035,0
0.03610,0
0.03486,0
0.03378,0
0.03044,0
0.03263,0
0.04171,0
0.03921,0
0.04535,0
0.04081,0
0.03695,0
0.03044,0
0.03581,0
0.03295,0
0.03055,0
0.03915,0
0.03448,0
0.03121,0
0.00808,0
0.01735,0
0.03432,0
0.05001,0
0.04658,0
0.04819,0
0.05531,0
0.09614,0
0.09742,0
0.09422,0
0.07144,0
0.07061,0
0.07266,0
0.07295,0
0.02894,0
0.02774,0
0.03543,0
0.03435,0
0.04343,0
0.03985,0
0.03744,0
0.10754,0
0.09513,0
0.06473,0
0.06587,0
0.10099,0
0.12259,0
0.12669,0
0.10376,0
0.07442,0
0.05785,0
0.04943,0
0.04739,0
0.05635,0
0.00808,0
0.02889,0
0.02185,0
0.01661,0
0.02454,0
0.03191,0
0.01837,0
0.02442,0
0.04071,0
0.07253,0
0.08138,0
0.08220,0
0.08884,0
0.15359,0
0.10779,0
0.09168,0
0.08500,0
0.07151,0
0.06690,0
0.07692,0
0.08343,0
0.09261,0
0.09027,0
0.07154,0
0.06452,0
0.06048,0
0.05761,0
0.04632,0
0.04542,0
0.03985,0
0.04785,0
0.03992,0
0.03548,0
0.00808,0
0.02205,0
0.05385,0
0.05956,0
0.05517,0
0.06444,0
0.07046,0
0.08102,0
0.05035,0
0.04619,0
0.04717,0
0.05220,0
0.08799,0
0.09387,0
0.00808,0
0.01735,0
0.03683,0
0.05245,0
0.04764,0
0.05331,0
0.05353,0
0.01006,0
0.02495,0
0.03777,0
0.06206,0
0.05612,1
0.05466,1
0.05975,1
0.00808,0
0.02341,0
0.02239,0
0.01150,0
0.01872,0
0.03390,0
0.09536,0
0.17613,0
0.15062,0
0.10233,0
0.08316,0
0.07594,0
0.07989,0
0.06576,0
0.09589,0
0.10078,0
0.09589,0
0.09298,0
0.08703,0
0.15416,0
0.11396,0
0.07781,0
0.05538,0
0.05721,0
0.08042,0
0.06775,0
0.06262,0
0.08521,0
0.10923,0
0.11150,0
0.01837,0
0.03986,0
0.02946,0
0.02726,0
0.03116,0
0.04105,0
0.08940,0
0.09707,0
0.11450,0
0.09454,0
0.09921,0
0.09904,0
0.09624,0
0.21126,0
0.10052,0
0.07464,0
0.06266,0
0.05176,0
0.05625,0
0.01837,0
0.05759,0
0.07193,0
0.06241,0
0.06413,0
0.06604,0
0.00808,0
0.03208,0
0.02355,0
0.02320,0
0.02822,0
0.03142,0
0.15640,0
0.12150,0
0.08854,0
0.06434,0
0.06407,0
0.08400,0
0.15998,0
0.11807,0
0.07871,0
0.05578,0
0.05670,0
0.07994,0
0.01837,0
0.02985,0
0.03461,0
0.01902,0
0.02482,0
0.03289,0
0.03948,0
0.00808,0
0.02994,0
0.02081,0
0.02295,0
0.03159,0
0.03826,0
0.00808,0
0.01952,0
0.02642,0
0.02480,0
0.03133,0
0.03700,0
0.00808,0
0.02547,0
0.03898,0
0.05210,0
0.03606,0
0.03618,0
0.04334,0
0.01006,0
0.01980,0
0.04178,0
0.03084,0
0.02748,0
0.03190,0
0.03941,0
0.02894,0
0.04935,0
0.07518,0
0.04103,0
0.03464,0
0.00808,0
0.02889,0
0.02185,0
0.01661,0
0.02400,0
0.02948,0
0.03012,0
0.03474,0
0.07691,0
0.04703,0
0.03941,0
0.01006,0
0.03193,0
0.02764,0
0.03566,0
0.04381,0
0.04900,0
0.03044,0
0.04640,0
0.04058,0
0.06159,0
0.06399,0
0.09170,0
0.10321,0
0.10676,0
0.08700,0
0.07720,0
0.06739,0
0.05924,0
0.05126,0
0.05278,0
0.12198,1
0.11364,1
0.10595,1
0.10943,1
0.09902,1
0.08638,1
0.00808,0
0.02341,0
0.02239,0
0.01150,0
0.02418,0
0.03481,0
0.03681,1
0.06185,1
0.07002,1
0.07650,1
0.06961,1
0.00808,0
0.02889,0
0.02185,0
0.01661,0
0.03162,0
0.03294,0
0.02894,0
0.03282,0
0.03957,0
0.03148,0
0.04147,0
0.03560,0
0.03258,0
0.01837,0
0.02700,0
0.02606,0
0.02454,0
0.03148,0
0.03792,0
0.07176,0
0.04374,0
0.03993,0
0.03998,0
0.03545,0
0.03892,0
0.03588,0
0.04327,0
0.04277,0
0.05071,0
0.04452,0
0.04122,0
0.03916,0
0.01837,0
0.03986,0
0.02946,0
0.02367,0
0.03123,0
0.03776,0
0.10721,0
0.08015,0
0.05458,0
0.03852,0
0.03678,0
0.04617,0
0.08128,0
0.00808,0
0.06597,0
0.07382,0
0.06100,0
0.05292,0
0.06269,0
0.10121,0
0.08646,0
0.06163,0
0.04479,0
0.03886,0
0.04002,0
0.05502,0
0.07169,0
0.06797,0
0.05283,0
0.03857,0
0.04149,0
0.04170,0
0.04496,0
0.10178,0
0.09222,0
0.06543,0
0.04701,0
0.04550,0
0.06292,0
0.09805,0
0.12669,0
0.09731,0
0.06787,0
0.04931,0
0.04208,0
0.03979,0
0.04794,0
0.09814,0
0.07462,0
0.04949,0
0.06224,0
0.06065,0
0.06147,0
0.08393,0
0.04746,0
0.03988,0
0.04260,0
0.04887,0
0.05551,0
0.05951,0
0.00808,0
0.02547,0
0.02104,1
0.07360,1
0.07817,1
0.08999,1
0.09548,1
0.09531,1
0.03012,0
0.03241,0
0.03190,0
0.03776,0
0.03820,0
0.03817,0
0.03543,0
0.05249,1
0.07582,1
0.07858,1
0.00808,0
0.01952,0
0.02642,0
0.02480,0
0.03200,0
0.03764,0
0.08102,0
0.05035,0
0.04619,0
0.05420,0
0.05741,0
0.06761,0
0.07893,0
0.03012,0
0.03661,0
0.01851,0
0.04251,1
0.10986,1
0.11931,1
0.11593,1
0.15998,0
0.12039,0
0.08606,0
0.06218,0
0.06234,0
0.08233,0
0.07644,0
0.05591,0
0.05107,0
0.04467,0
0.03983,0
0.04768,0
0.03012,0
0.03401,0
0.03616,0
0.02885,0
0.03391,0
0.03343,0
0.03239,0
0.01837,0
0.02900,0
0.05932,0
0.06845,0
0.05723,0
0.05851,0
0.06258,0
0.00808,0
0.01952,0
0.02642,0
0.03598,0
0.04408,0
0.05157,0
0.08045,0
0.06949,0
0.05952,0
0.07581,0
0.08318,0
0.08437,0
0.03044,0
0.03397,0
0.03852,0
0.04566,0
0.03973,0
0.03907,0
0.03803,0
0.00808,0
0.01797,0
0.04077,0
0.03657,0
0.04101,0
0.05566,0
0.06031,0
0.01006,0
0.02495,0
0.03777,0
0.06210,0
0.05117,0
0.04983,0
0.06893,1
0.08982,1
0.11373,1
0.11374,1
0.01837,0
0.02562,0
0.05763,0
0.08120,0
0.11695,0
0.11649,0
0.12146,0
0.01006,0
0.02324,0
0.04245,0
0.03729,0
0.03726,0
0.04310,0
0.04928,0
0.12434,0
0.11814,0
0.08540,0
0.08121,0
0.07080,0
0.06562,0
0.06701,0
0.10721,0
0.07594,0
0.05324,0
0.10016,1
0.10098,1
0.09735,1
0.09421,1
0.10372,1
0.11881,1
0.13095,1
0.26804,0
0.17203,0
0.11843,0
0.09056,0
0.07779,0
0.07494,0
0.08078,0
0.00808,0
0.01735,0
0.02438,0
0.01136,0
0.02111,0
0.02945,0
0.03213,0
0.05761,0
0.06186,0
0.03187,0
0.02778,0
0.02717,0
0.00808,0
0.02950,0
0.04457,0
0.03963,0
0.03600,0
0.04042,0
0.04520,0
0.12560,0
0.07689,0
0.05263,0
0.05266,0
0.06081,0
0.07206,0
0.08710,0
0.11324,1
0.08359,1
0.04957,1
0.04982,1
0.04159,1
0.07863,1
0.11103,1
0.01006,0
0.03329,0
0.02974,1
0.06540,1
0.08242,1
0.09338,1
0.09060,1
0.25515,0
0.13599,0
0.08904,0
0.07467,0
0.08868,0
0.11833,0
0.18019,0
0.14501,0
0.10386,0
0.08524,0
0.07834,0
0.08701,0
0.17085,0
0.10485,0
0.08869,0
0.08174,0
0.06772,0
0.06886,0
0.07583,0
0.02894,0
0.02751,0
0.03402,0
0.02978,0
0.03389,0
0.03340,0
0.03244,0
0.09614,0
0.08118,0
0.10152,0
0.08911,0
0.08468,0
0.08511,0
0.08441,0
0.19633,0
0.11280,0
0.08165,0
0.07276,0
0.07485,0
0.03012,0
0.03661,0
0.01851,0
0.01798,0
0.02046,0
0.03012,0
0.04996,0
0.04264,0
0.05299,0
0.05762,0
0.06274,0
0.07107,0
0.00808,0
0.01797,0
0.03462,0
0.02636,0
0.02376,0
0.03150,0
0.04285,0
0.01006,0
0.01906,0
0.02581,0
0.01204,0
0.02025,0
0.03106,0
0.03335,0
0.24277,0
0.17764,0
0.15211,0
0.14017,0
0.12209,0
0.11647,0
0.12658,0
0.07176,1
0.03588,1
0.04223,1
0.05998,1
0.07457,1
0.07583,1
0.09518,0
0.08698,0
0.07392,0
0.06363,0
0.05829,0
0.05241,0
0.05511,0
0.10142,0
0.09082,0
0.07258,0
0.06277,0
0.06550,0
0.07305,0
0.04903,0
0.04281,0
0.04805,0
0.07278,0
0.03012,0
0.04842,0
0.05296,0
0.04076,0
0.03571,0
0.01006,0
0.02348,0
0.02298,0
0.01587,0
0.02165,0
0.03083,0
0.02894,0
0.04935,0
0.05326,0
0.03934,0
0.03614,0
0.02894,0
0.03222,0
0.03681,0
0.03816,0
0.04256,0
0.04102,0
0.03777,0
0.04806,0
0.03892,0
0.05418,0
0.04433,0
0.04647,0
0.04254,0
0.03937,0
0.02894,0
0.04578,0
0.04225,0
0.03566,0
0.03832,0
0.03699,0
0.03449,0
0.10542,1
0.09506,1
0.09531,1
0.09740,1
0.10660,1
0.13554,1
0.12689,1
0.07443,0
0.06542,0
0.06858,0
0.04842,0
0.04738,0
0.05962,0
0.10214,0
0.07680,0
0.05233,0
0.05401,0
0.06238,0
0.09198,0
0.03012,0
0.03085,0
0.04066,0
0.04049,0
0.04414,0
0.04091,0
0.03791,0
0.18026,0
0.09606,0
0.07078,0
0.05116,0
0.04892,0
0.09364,0
0.01837,0
0.02442,0
0.02898,0
0.01510,0
0.02283,0
0.03520,0
0.04688,0
0.10491,0
0.07558,0
0.06859,0
0.06335,0
0.07127,0
0.07833,0
0.01837,0
0.03827,0
0.03191,0
0.03126,0
0.03461,0
0.03921,0
0.13673,0
0.07575,0
0.04978,0
0.04095,0
0.04021,0
0.04662,0
0.06541,0
0.02894,0
0.04935,0
0.07518,0
0.04280,0
0.03700,0
0.08503,0
0.07283,0
0.07326,0
0.06740,0
0.08659,0
0.08793,0
0.15467,0
0.11422,0
0.09057,0
0.07295,0
0.07165,0
0.09452,0
0.13244,0
0.10943,0
0.08355,0
0.06225,0
0.06120,0
0.07226,0
0.10822,0
0.03044,0
0.03904,0
0.01914,0
0.01819,0
0.02065,0
0.01837,0
0.03737,0
0.05087,0
0.03529,0
0.05490,1
0.08842,1
0.10468,1
0.14191,1
0.15562,1
0.15654,1
0.03588,0
0.04937,0
0.02330,0
0.02234,0
0.02411,0
0.10542,0
0.08739,0
0.06390,0
0.04696,0
0.04708,0
0.06838,0
0.07904,0
0.01837,0
0.03737,0
0.05281,0
0.03829,0
0.03510,0
0.03710,0
0.04696,0
0.10153,0
0.07462,0
0.05057,0
0.05022,0
0.04887,0
0.05858,0
0.06313,0
0.00808,0
0.02994,0
0.02081,0
0.02440,0
0.03040,0
0.03349,0
0.03012,0
0.03020,0
0.03611,0
0.04728,0
0.04341,0
0.04209,0
0.04047,0
0.01837,0
0.03986,0
0.02946,0
0.02367,0
0.03572,0
0.03923,0
0.12234,0
0.06720,0
0.04757,0
0.05210,0
0.05268,0
0.05444,0
0.09062,0
0.01006,0
0.01906,0
0.02581,0
0.01204,0
0.02025,0
0.03106,0
0.03462,0
0.10142,0
0.09082,0
0.07258,0
0.06277,0
0.06603,0
0.11833,0
0.18019,0
0.15499,0
0.11669,0
0.09603,0
0.08708,0
0.08707,0
0.01006,0
0.03193,0
0.02764,0
0.03219,0
0.03574,0
0.03786,0
0.00808,0
0.02341,0
0.02776,0
0.02075,0
0.03360,0
0.03833,0
0.11928,0
0.09997,0
0.10943,1
0.11279,1
0.11073,1
0.10767,1
0.13078,1
0.14024,1
0.11928,0
0.09997,0
0.06362,0
0.06076,0
0.07388,0
0.08322,0
0.12726,0
0.09617,0
0.07664,0
0.05720,0
0.04646,0
0.04445,0
0.04859,0
0.15004,0
0.08938,0
0.06069,0
0.05323,0
0.06248,0
0.06403,0
0.09746,0
0.00808,0
0.02341,0
0.02239,0
0.01531,0
0.02400,0
0.02876,0
0.08224,0
0.07010,0
0.06255,0
0.05607,0
0.05031,0
0.05400,0
0.06617,0
0.12785,1
0.11555,1
0.10406,1
0.10119,1
0.10487,1
0.12411,1
0.03044,0
0.03007,0
0.03855,0
0.03439,0
0.03809,0
0.03638,0
0.03387,0
0.12932,0
0.09967,0
0.07483,0
0.05524,0
0.05086,0
0.06826,0
0.09552,0
0.04806,0
0.06311,0
0.08756,0
0.05110,0
0.04332,0
0.10755,0
0.06840,0
0.04935,0
0.04361,0
0.05006,0
0.06339,0
0.08086,0
0.06775,0
0.06694,0
0.08263,0
0.10838,0
0.10770,0
0.03012,0
0.03661,0
0.01851,0
0.01789,0
0.01924,0
0.01837,0
0.03737,0
0.05328,0
0.03736,0
0.03277,0
0.04760,0
0.05141,0
0.13034,0
0.08586,0
0.08117,0
0.07174,0
0.05849,0
0.06125,0
0.00808,0
0.02547,0
0.06110,0
0.08633,0
0.10553,0
0.10066,0
0.10458,0
0.03588,0
0.06180,0
0.04853,0
0.05888,0
0.07239,0
0.08232,0
0.08288,0
0.00808,0
0.04633,0
0.06218,0
0.07358,0
0.07811,0
0.09306,0
0.10171,0
0.01006,0
0.02131,0
0.02250,0
0.01698,0
0.02524,0
0.03392,0
0.03012,0
0.03020,0
0.03115,0
0.02750,0
0.03020,0
0.03167,0
0.02979,0
0.03012,0
0.03661,0
0.01851,0
0.01789,0
0.01924,0
0.09991,0
0.08323,0
0.06092,0
0.04147,0
0.04145,0
0.05782,0
0.03588,0
0.02910,0
0.03561,0
0.03482,0
0.04593,0
0.04874,1
0.04954,1
0.00808,0
0.02341,0
0.02239,0
0.01150,0
0.02624,0
0.03991,0
0.02894,0
0.03298,0
0.03183,0
0.03495,0
0.03804,0
0.03561,0
0.03276,0
0.01006,0
0.02495,0
0.03049,0
0.01583,0
0.02295,0
0.04208,0
0.04512,0
0.00808,0
0.01735,0
0.02438,0
0.01136,0
0.01901,0
0.02562,0
0.02801,0
0.00808,0
0.02994,0
0.02081,0
0.03179,0
0.03523,0
0.03978,0
0.03588,0
0.04181,0
0.05968,0
0.06555,0
0.06159,0
0.00808,0
0.02547,0
0.06110,0
0.10023,0
0.12450,0
0.12587,0
0.12673,0
0.03012,0
0.03661,0
0.01851,0
0.01789,0
0.01924,0
0.08232,0
0.08300,0
0.07633,0
0.07968,0
0.08098,0
0.07752,0
0.03044,0
0.03396,0
0.03820,0
0.03188,0
0.03681,0
0.03467,0
0.03333,0
0.07122,0
0.07434,0
0.06004,0
0.06341,0
0.08243,0
0.09509,0
0.07644,0
0.05591,0
0.06142,0
0.05512,0
0.04675,0
0.05269,0
0.00808,0
0.04758,0
0.06041,0
0.07962,0
0.06955,0
0.07470,0
0.07407,0
0.03044,0
0.03381,0
0.04302,0
0.04184,0
0.04596,0
0.04394,0
0.04079,0
0.08928,0
0.07959,0
0.05508,0
0.06267,0
0.07461,0
0.10512,0
0.11098,0
0.00808,0
0.03208,0
0.04406,0
0.04209,0
0.04642,0
0.05195,0
0.00808,0
0.02889,0
0.02185,0
0.01716,0
0.01868,0
0.02673,0
0.03588,0
0.03661,0
0.04180,0
0.04388,0
0.05333,0
0.04813,0
0.04449,0
0.00808,0
0.01797,0
0.03462,0
0.02636,0
0.02693,0
0.03173,0
0.03717,0
0.08224,0
0.05495,0
0.06176,0
0.05995,0
0.04966,0
0.04819,0
0.06062,0
0.03012,0
0.03661,0
0.01851,0
0.01798,0
0.02046,0
0.00808,0
0.03208,0
0.02355,0
0.01990,0
0.02358,0
0.03179,0
0.05958,0
0.05763,0
0.04367,0
0.04687,0
0.06086,0
0.07105,0
0.15622,0
0.14208,0
0.10684,0
0.08217,0
0.07444,0
0.07284,0
0.08422,0
0.10975,0
0.12437,0
0.10039,0
0.08730,0
0.08290,0
0.07565,0
0.07570,0
0.00808,0
0.04202,0
0.06635,0
0.06796,0
0.08981,0
0.08948,0
0.14576,0
0.10706,0
0.09656,0
0.06428,0
0.05095,0
0.04772,0
0.05253,0
0.01006,0
0.01906,0
0.03866,0
0.05359,0
0.04936,0
0.05205,0
0.05036,0
0.00808,0
0.03208,0
0.02355,0
0.01990,0
0.02825,0
0.03938,0
0.03012,0
0.04842,0
0.07340,0
0.05219,0
0.04580,0
0.01006,0
0.02495,0
0.03049,0
0.01583,0
0.02402,0
0.03919,1
0.00808,0
0.02135,0
0.03316,0
0.03802,0
0.04491,0
0.05524,0
0.01006,0
0.03193,0
0.02090,0
0.01680,0
0.02556,0
0.03295,0
0.02894,0
0.04935,0
0.07518,0
0.04103,0
0.03464,0
0.08940,0
0.08190,0
0.09798,0
0.08579,0
0.08949,0
0.08851,0
0.08624,0
0.03012,0
0.03661,0
0.01851,0
0.01798,0
0.02046,0
0.01006,0
0.03072,0
0.02346,0
0.01803,0
0.03157,0
0.03475,0
0.13191,0
0.09569,0
0.07013,0
0.05459,0
0.04693,0
0.04905,0
0.05920,0
0.00808,0
0.02341,0
0.02239,0
0.01531,0
0.02106,0
0.03029,0
0.09348,0
0.07399,0
0.06868,0
0.05358,0
0.05220,0
0.05856,0
0.07169,0
0.08723,0
0.07925,0
0.07204,0
0.06886,0
0.06366,0
0.06423,0
0.00808,0
0.02547,0
0.04088,0
0.05326,0
0.04707,0
0.05246,0
0.05238,0
0.01006,0
0.03112,0
0.04619,0
0.05706,0
0.05211,0
0.05292,0
0.05513,0
0.10821,0
0.06990,0
0.04704,0
0.04145,0
0.04172,0
0.04949,0
0.06744,0
0.00808,0
0.02950,0
0.05028,0
0.06714,0
0.06202,0
0.06241,0
0.06204,0
0.00808,0
0.02889,0
0.02185,0
0.02291,0
0.02358,0
0.02516,0
0.03012,0
0.02082,0
0.03024,0
0.03218,0
0.03692,0
0.03622,0
0.03492,0
0.06472,0
0.07655,0
0.06423,0
0.04622,0
0.04643,0
0.06520,0
0.09622,0
0.08668,0
0.08187,0
0.06805,0
0.07204,0
0.06699,0
0.06700,0
0.00808,0
0.02547,0
0.02901,0
0.01506,0
0.02152,0
0.02563,0
0.03549,0
0.13178,0
0.07330,0
0.05159,0
0.04795,0
0.04790,0
0.05104,0
0.08793,0
0.03588,0
0.03954,0
0.04157,0
0.05325,0
0.05165,0
0.04809,0
0.04409,0
0.00808,0
0.02889,0
0.04428,0
0.04558,0
0.05009,0
0.05068,0
0.01837,0
0.02442,0
0.04071,0
0.07698,0
0.11440,0
0.11374,0
0.11079,0
0.01837,0
0.02700,0
0.02606,0
0.02454,0
0.02921,0
0.04114,0
0.01837,0
0.03827,0
0.03191,0
0.03095,0
0.03204,0
0.03724,0
0.03012,0
0.03661,0
0.01851,0
0.01789,0
0.09067,1
0.10274,1
0.10136,1
0.08343,0
0.09261,0
0.08724,0
0.07672,0
0.06870,0
0.06494,0
0.08232,0
0.06990,0
0.05206,0
0.05770,0
0.05740,0
0.05820,0
0.00808,0
0.04618,0
0.04349,0
0.05387,0
0.06924,0
0.09188,0
0.10038,0
0.00808,0
0.04618,0
0.04349,0
0.06165,0
0.06506,0
0.07241,0
0.08234,0
0.00808,0
0.02341,0
0.02239,0
0.01531,0
0.02319,0
0.02737,0
0.00808,0
0.02889,0
0.02185,0
0.01748,0
0.02910,0
0.03300,0
0.00808,0
0.02205,0
0.03991,0
0.05322,0
0.05254,0
0.06471,0
0.06291,0
0.09622,0
0.07417,0
0.04973,0
0.03931,0
0.04561,0
0.04301,0
0.04516,0
0.10244,0
0.08475,0
0.06300,0
0.06126,0
0.05885,0
0.06876,0
0.07367,0
0.00808,0
0.01952,0
0.02642,0
0.02514,0
0.03261,0
0.04194,0
0.08393,0
0.04746,0
0.03988,0
0.04269,0
0.04822,0
0.05524,0
0.06543,0
0.03044,0
0.03397,0
0.03782,0
0.03747,0
0.04305,0
0.03886,0
0.03550,0
0.07305,0
0.04903,0
0.04605,0
0.05301,0
0.07692,0
0.03044,0
0.04546,0
0.03829,0
0.05085,0
0.05244,0
0.08334,0
0.09053,0
0.07305,0
0.04903,0
0.04605,0
0.04597,0
0.05123,0
0.05910,0
0.06315,0
0.10142,0
0.09082,0
0.07401,0
0.06301,0
0.06563,0
0.00808,0
0.02994,0
0.02718,0
0.03123,0
0.03690,0
0.03935,0
0.00808,0
0.02994,0
0.02718,0
0.03090,0
0.03299,0
0.03872,0
0.09991,0
0.08323,0
0.06637,0
0.04978,0
0.04834,0
0.06352,0
0.03012,0
0.03661,0
0.01851,0
0.01798,0
0.02046,0
0.01837,0
0.05576,0
0.05672,0
0.06537,0
0.07637,0
0.09957,0
0.10179,0
0.15719,0
0.11862,0
0.09890,0
0.08851,0
0.07056,0
0.06620,0
0.07625,0
0.11771,0
0.06028,0
0.04822,0
0.05629,0
0.05279,0
0.05078,0
0.05469,0
0.00808,0
0.02547,0
0.04088,0
0.05189,0
0.05747,1
0.10754,0
0.08727,0
0.06149,0
0.06880,0
0.10507,0
0.12599,0
0.08976,0
0.06753,0
0.04259,0
0.04702,0
0.08561,0
0.10924,0
0.12207,0
0.08920,0
0.05459,0
0.05327,0
0.07413,0
0.10703,0
0.03044,0
0.03581,0
0.03901,0
0.03963,0
0.04019,0
0.04128,0
0.04002,0
0.00808,0
0.04964,0
0.05777,0
0.08072,0
0.08843,0
0.08768,0
0.00808,0
0.02341,0
0.02239,0
0.01531,0
0.02400,0
0.02876,0
0.00808,0
0.02950,0
0.04292,0
0.06956,0
0.09402,0
0.09628,0
0.10675,0
0.01837,0
0.02562,0
0.03782,0
0.05326,0
0.05014,0
0.05246,0
0.05773,0
0.06775,0
0.06262,0
0.08114,0
0.09883,0
0.10442,0
0.10518,0
0.11180,0
0.00808,0
0.03208,0
0.02355,0
0.02320,0
0.02822,0
0.03451,0
0.02894,0
0.04935,0
0.07357,0
0.05273,0
0.04667,0
0.03588,0
0.04370,0
0.04860,0
0.05845,0
0.05451,0
0.05010,0
0.04694,0
0.07644,0
0.05591,0
0.06142,0
0.06174,0
0.05070,0
0.05564,0
0.03588,0
0.04040,0
0.04135,0
0.03343,0
0.04348,0
0.03836,0
0.03464,0
0.00808,0
0.02547,0
0.03611,0
0.02186,0
0.02721,0
0.03117,0
0.03518,0
0.10121,0
0.08646,0
0.06148,0
0.04543,0
0.03953,0
0.03921,0
0.04987,0
0.00808,0
0.01735,0
0.03606,0
0.04859,0
0.03747,0
0.03939,0
0.04088,0
0.12560,1
0.07908,1
0.05237,1
0.05688,1
0.06701,1
0.12215,0
0.07910,0
0.05316,0
0.05365,0
0.07865,0
0.09097,0
0.02894,0
0.11453,1
0.10718,1
0.09192,1
0.09326,1
0.09989,1
0.09198,1
0.03012,0
0.02120,0
0.03134,0
0.04023,0
0.03539,0
0.03324,0
0.03228,0
0.09622,0
0.08828,0
0.07372,0
0.06317,0
0.06141,0
0.05835,0
0.05924,0
0.09385,0
0.09996,0
0.09680,0
0.07150,0
0.05956,0
0.05655,0
0.06611,0
0.00808,0
0.02135,0
0.03316,0
0.04994,0
0.05506,0
0.05809,0
0.03012,0
0.02082,0
0.03116,0
0.04233,0
0.03956,0
0.03810,0
0.03537,0
0.01837,0
0.02985,0
0.04094,0
0.02575,0
0.03175,0
0.03382,0
0.03593,0
0.00808,0
0.02547,0
0.03885,0
0.06679,0
0.08827,0
0.08535,0
0.08598,0
0.01006,0
0.04953,0
0.06516,0
0.05282,0
0.04535,0
0.04973,0
0.02894,0
0.03298,0
0.03183,0
0.02604,0
0.03279,0
0.03243,0
0.03031,0
0.00808,0
0.02950,0
0.04026,0
0.05203,0
0.04625,0
0.05130,0
0.05693,0
0.08503,0
0.05143,0
0.03111,0
0.03931,0
0.04068,0
0.04622,0
0.00808,0
0.02889,0
0.02185,0
0.01830,0
0.02623,0
0.03343,0
0.06472,0
0.07188,0
0.06637,0
0.04788,0
0.04753,0
0.06421,0
0.05777,0
0.09684,0
0.12068,0
0.09712,0
0.09515,0
0.09190,0
0.09057,0
0.00808,0
0.02547,0
0.03611,0
0.02186,0
0.02669,0
0.02633,0
0.02944,0
0.08503,0
0.06208,0
0.04771,0
0.04977,0
0.05179,0
0.05545,0
0.09366,0
0.07697,0
0.06422,0
0.05642,0
0.05035,0
0.04401,0
0.04642,0
0.02514,1
0.04491,1
0.05445,1
0.06240,1
0.05476,1
0.09609,1
0.09967,1
0.10061,1
0.08343,0
0.07773,0
0.07799,0
0.07833,0
0.07347,0
0.06980,0
0.03044,0
0.03811,0
0.03955,0
0.03496,0
0.04120,0
0.03745,0
0.03373,0
0.08901,0
0.05318,0
0.07071,0
0.06874,0
0.06066,0
0.06161,0
0.02894,0
0.03417,0
0.05107,0
0.05537,0
0.05189,0
0.03012,0
0.03020,0
0.04477,0
0.03407,0
0.03721,0
0.03533,0
0.03310,0
0.02894,0
0.03668,0
0.01728,0
0.01743,0
0.02011,0
0.01006,0
0.03072,0
0.02346,0
0.01750,0
0.02608,0
0.03065,0
0.00808,0
0.02889,0
0.02185,0
0.01716,0
0.02340,0
0.02944,0
0.03012,0
0.05076,0
0.04409,0
0.05966,0
0.05845,0
0.08626,0
0.09180,0
0.13923,0
0.10971,0
0.09032,0
0.08207,0
0.08052,1
0.08342,1
0.08889,1
0.09652,1
0.12039,1
0.01837,0
0.03737,0
0.05045,0
0.05999,0
0.05716,0
0.06704,0
0.07027,0
0.01006,0
0.01980,0
0.03211,0
0.03219,0
0.03480,0
0.04955,0
0.05525,0
0.03044,0
0.02322,0
0.04206,0
0.03117,0
0.03625,0
0.03398,0
0.03287,0
0.00808,0
0.02889,0
0.02185,0
0.01924,0
0.02463,0
0.02851,0
0.01837,0
0.02995,0
0.03541,0
0.02846,0
0.03316,0
0.04146,0
0.10491,1
0.07227,1
0.06603,1
0.05832,1
0.01006,0
0.02348,0
0.03113,0
0.02452,0
0.03625,0
0.04541,0
0.00808,0
0.03208,0
0.02355,0
0.01990,0
0.02414,0
0.02634,0
0.00808,0
0.01735,0
0.02438,0
0.01136,0
0.02111,0
0.02945,0
0.03213,0
0.09756,0
0.06426,0
0.05436,0
0.05819,0
0.11171,0
0.01006,0
0.02324,0
0.04795,0
0.06895,0
0.05656,0
0.05593,0
0.06123,0
0.07169,0
0.06427,0
0.07168,1
0.06857,1
0.06692,1
0.06976,1
0.07034,1
0.00808,0
0.02547,0
0.03048,0
0.04423,0
0.04407,0
0.04721,0
0.04675,0
0.01837,0
0.02985,0
0.04888,0
0.06249,0
0.05386,0
0.05565,0
0.06028,0
0.09366,0
0.07617,0
0.13354,0
0.11041,0
0.09505,0
0.08233,0
0.08038,0
0.01006,0
0.04585,0
0.06276,0
0.05397,0
0.04762,0
0.05502,0
0.07176,0
0.03588,0
0.04067,0
0.03934,0
0.03687,0
0.04581,0
0.02894,0
0.04935,0
0.05326,0
0.04147,0
0.03685,0
0.01837,0
0.03737,0
0.05560,0
0.07152,0
0.06564,0
0.07032,0
0.07276,0
0.05761,0
0.04010,0
0.04094,0
0.04204,0
0.05265,0
0.04886,0
0.04469,0
0.00808,0
0.01735,0
0.02438,0
0.01136,0
0.01970,0
0.02850,0
0.03339,0
0.01837,0
0.03737,0
0.04576,0
0.03886,0
0.03988,0
0.04381,0
0.04995,0
0.01837,0
0.02985,0
0.04826,0
0.07887,0
0.11777,0
0.11587,0
0.11514,0
0.09614,0
0.09216,0
0.10960,0
0.08853,0
0.09378,0
0.08948,0
0.08750,0
0.00808,0
0.02341,0
0.02239,0
0.01150,0
0.01868,0
0.03273,0
0.00808,0
0.02994,0
0.02081,0
0.03088,0
0.03779,0
0.04909,0
0.00808,0
0.05070,0
0.06128,0
0.05439,0
0.04571,0
0.04987,0
0.10045,0
0.07914,0
0.07616,0
0.05709,0
0.04828,0
0.05090,0
0.11493,0
0.07888,0
0.04941,0
0.04935,0
0.06028,0
0.09223,0
0.01285,1
0.08874,1
0.10830,1
0.10517,1
0.10038,1
0.09786,1
0.03012,0
0.04842,0
0.05296,0
0.03852,0
0.03506,0
0.18810,0
0.12375,0
0.09953,0
0.08917,0
0.07633,0
0.07144,0
0.08197,0
0.02894,0
0.04935,0
0.07518,0
0.04280,0
0.03700,0
0.01006,0
0.05755,0
0.05163,0
0.06654,0
0.07176,0
0.09297,0
0.09545,0
0.03588,0
0.03954,0
0.04087,0
0.04420,0
0.04851,0
0.04604,0
0.04254,0
0.01837,0
0.02995,0
0.03307,0
0.02841,0
0.03316,0
0.03860,0
0.12932,0
0.09769,0
0.08206,0
0.06354,0
0.06398,0
0.07775,0
0.10245,0
0.09814,0
0.07462,0
0.05699,0
0.05463,0
0.05558,0
0.05864,0
0.03012,0
0.03241,0
0.03653,0
0.02896,0
0.03411,0
0.03349,0
0.03248,0
0.01837,0
0.02442,0
0.03979,0
0.05236,0
0.04509,0
0.04798,0
0.05322,0
0.20212,0
0.14361,0
0.11704,0
0.09721,0
0.07911,0
0.08021,0
0.08969,0
0.14353,0
0.07975,0
0.05462,0
0.04782,0
0.05011,0
0.06067,0
0.06478,0
0.01006,0
0.01906,0
0.02581,0
0.01204,0
0.01961,0
0.02633,0
0.02865,0
0.07437,0
0.06747,0
0.06459,0
0.05734,0
0.06561,0
0.07447,0
0.00808,0
0.02341,0
0.02239,0
0.01531,0
0.02400,0
0.02876,0
0.14352,0
0.09171,0
0.13707,0
0.11351,0
0.09987,0
0.08677,0
0.08438,0
0.11920,0
0.08197,0
0.13062,0
0.10840,0
0.09843,0
0.08533,0
0.08323,0
0.01006,0
0.01906,0
0.03578,0
0.05096,0
0.04736,0
0.05216,0
0.05771,0
0.00808,0
0.02341,0
0.02239,0
0.01150,0
0.02059,0
0.03093,0
0.00808,0
0.01735,0
0.02438,0
0.01136,0
0.01970,0
0.02926,0
0.03857,0
0.03012,0
0.03255,0
0.06137,0
0.07856,0
0.08692,0
0.08017,0
0.07337,0
0.01837,0
0.02442,0
0.04071,0
0.06492,0
0.08597,0
0.09204,0
0.10052,0
0.11041,0
0.08297,0
0.07849,0
0.06128,0
0.05255,0
0.06008,0
0.01006,0
0.02348,0
0.02854,0
0.02508,0
0.03015,0
0.03696,0
0.01006,0
0.03072,0
0.02346,0
0.01750,0
0.02256,0
0.02784,0
0.00808,0
0.04527,0
0.05942,0
0.06199,0
0.06785,0
0.07705,0
0.01006,0
0.03329,0
0.02538,0
0.02098,0
0.02834,0
0.03568,0
0.01837,0
0.02985,0
0.03461,0
0.01902,0
0.02482,0
0.02737,0
0.02937,0
0.01837,0
0.02985,0
0.04387,0
0.05642,0
0.04748,0
0.05181,0
0.05282,0
0.13276,0
0.10803,0
0.08103,0
0.05660,0
0.05754,0
0.08083,0
0.08940,0
0.09952,0
0.11098,0
0.09265,0
0.09839,0
0.09714,0
0.09407,0
0.09911,0
0.06183,0
0.05534,0
0.05841,0
0.11155,0
0.03012,0
0.02012,0
0.03210,0
0.04244,0
0.05372,0
0.04918,0
0.04461,0
0.00808,0
0.02341,0
0.02239,0
0.01150,0
0.02418,0
0.03219,0
0.12932,0
0.08099,0
0.06233,0
0.04472,0
0.04825,0
0.06476,0
0.09064,0
0.00808,0
0.01797,0
0.04323,0
0.06227,0
0.06453,0
0.07727,0
0.07757,0
0.00808,0
0.02341,0
0.02776,0
0.02459,0
0.02881,0
0.03543,0
0.00808,0
0.01797,0
0.03236,0
0.03935,0
0.04519,0
0.05573,0
0.06361,0
0.03044,0
0.02322,0
0.03627,0
0.03786,0
0.04189,0
0.04072,0
0.03887,0
0.01837,0
0.02442,0
0.02898,0
0.01510,0
0.02411,0
0.03205,0
0.03429,0
0.00808,0
0.01735,0
0.03432,0
0.04378,0
0.03445,0
0.03757,0
0.04514,0
0.00808,0
0.01735,0
0.03090,0
0.05676,0
0.05149,0
0.05575,0
0.05706,0
0.12803,1
0.08663,1
0.09210,1
0.07648,1
0.10388,1
0.00808,0
0.02889,0
0.02185,0
0.01748,0
0.02585,0
0.03061,0
0.01006,0
0.02324,0
0.04941,0
0.04171,0
0.03714,0
0.04066,0
0.04339,0
0.00808,0
0.02994,0
0.02081,0
0.02137,0
0.02684,0
0.03256,0
0.01006,0
0.02131,0
0.02809,0
0.02570,0
0.03646,0
0.04062,0
0.01006,0
0.01906,0
0.03225,0
0.01849,0
0.02645,0
0.03381,0
0.03479,0
0.09759,0
0.09056,1
0.07508,1
0.06337,1
0.06020,1
0.07443,0
0.06296,0
0.05739,0
0.04178,0
0.04277,0
0.06173,0
0.01837,0
0.02562,0
0.04366,0
0.05671,0
0.05252,0
0.05612,0
0.06038,0
0.01837,0
0.02995,0
0.02755,0
0.01909,0
0.02672,0
0.03368,0
0.15012,0
0.12580,0
0.09825,0
0.09034,0
0.07523,0
0.06631,0
0.06654,0
0.13034,0
0.08057,0
0.07744,0
0.06782,0
0.05610,0
0.05955,0
0.10015,0
0.07541,0
0.05119,0
0.05176,0
0.06243,0
0.09484,0
0.01837,0
0.02562,0
0.04607,0
0.03448,0
0.03217,0
0.03843,0
0.04528,0
0.08393,0
0.04746,0
0.04012,0
0.05456,0
0.09213,0
0.10533,0
0.08130,0
0.07128,0
0.06981,0
0.05826,0
0.05027,0
0.05124,0
0.00808,0
0.01952,0
0.02129,0
0.01610,0
0.02463,0
0.03924,0
0.00808,0
0.02994,0
0.02081,0
0.01949,0
0.02283,0
0.02942,0
0.08976,0
0.06249,0
0.03975,0
0.04232,0
0.04397,0
0.05322,0
0.05984,0
0.12234,0
0.06986,0
0.04876,0
0.04341,0
0.04576,0
0.05590,0
0.06069,0
0.00808,0
0.01952,0
0.02129,0
0.01663,0
0.02485,0
0.03490,0
0.09622,0
0.08668,0
0.08027,0
0.07204,1
0.09626,1
0.09783,1
0.09766,1
0.09964,1
0.00808,0
0.04964,0
0.06926,0
0.07314,0
0.08466,0
0.08318,0
0.14352,0
0.11481,0
0.08710,0
0.08232,0
0.07078,0
0.06049,0
0.06054,0
0.00808,0
0.01952,0
0.02642,0
0.03598,0
0.04676,0
0.05218,0
0.19035,0
0.13131,0
0.10480,0
0.08536,0
0.06978,0
0.07047,0
0.08016,0
0.03012,0
0.03173,0
0.03427,0
0.02928,0
0.03539,0
0.03353,0
0.03148,0
0.00808,0
0.01797,0
0.03800,0
0.06507,0
0.08945,0
0.09492,0
0.09372,0
0.00808,0
0.03208,0
0.02355,0
0.02243,0
0.03017,0
0.03858,0
0.10142,0
0.09082,0
0.07258,0
0.06277,0
0.06550,0
0.13532,1
0.07672,1
0.11121,1
0.09790,1
0.09465,1
0.09769,1
0.11182,1
0.03588,0
0.06148,0
0.08500,0
0.04879,0
0.04096,0
0.07305,0
0.04903,0
0.04605,0
0.04738,0
0.04851,0
0.08528,0
0.09163,0
0.10858,0
0.11649,0
0.08423,0
0.07276,0
0.07648,0
0.06638,0
0.06527,0
0.02595,1
0.04562,1
0.05425,1
0.07036,1
0.10905,1
0.09343,1
0.11519,1
0.11837,1
0.01837,0
0.02442,0
0.03979,0
0.05236,0
0.04509,0
0.04839,0
0.04824,0
0.00808,0
0.02547,0
0.03611,0
0.02186,0
0.02669,0
0.03447,0
0.03974,0
0.11726,0
0.09802,0
0.08903,0
0.09392,0
0.09338,0
0.12347,0
0.12998,0
0.18311,0
0.18253,0
0.11856,0
0.10621,0
0.08961,0
0.08095,0
0.08541,0
0.09991,0
0.09904,0
0.09086,0
0.06687,0
0.06212,0
0.07488,0
0.01837,0
0.02562,0
0.04607,0
0.03448,0
0.03182,0
0.03724,0
0.03910,0
0.01006,0
0.05755,0
0.04906,0
0.06444,0
0.07063,0
0.08059,0
0.09142,0
0.01006,0
0.01906,0
0.03255,0
0.05748,0
0.05659,0
0.05736,0
0.05892,0
0.01837,0
0.03737,0
0.04703,0
0.03330,0
0.03427,0
0.04875,0
0.05190,0
0.11493,0
0.08344,0
0.05136,0
0.05125,0
0.06560,0
0.07801,0
0.09622,0
0.07417,0
0.04973,0
0.04212,0
0.04568,0
0.04385,0
0.04597,0
0.00808,0
0.02547,0
0.03607,0
0.06830,0
0.05858,0
0.05488,0
0.06338,0
0.03012,0
0.12440,1
0.10553,1
0.09215,1
0.01837,0
0.03827,0
0.02482,0
0.01969,0
0.02407,0
0.03013,0
0.09614,0
0.09742,0
0.09422,0
0.07339,0
0.07243,0
0.07626,0
0.07507,0
0.02894,0
0.03668,0
0.01728,0
0.01733,0
0.01882,0
0.00808,0
0.05195,0
0.05866,0
0.06250,0
0.05982,0
0.07135,0
0.03012,0
0.03661,0
0.01851,0
0.01789,0
0.01924,0
0.01837,0
0.03986,0
0.02946,0
0.02525,0
0.03234,0
0.03903,0
0.00808,0
0.02341,0
0.02776,0
0.02459,0
0.03591,0
0.04178,0
0.01006,0
0.02495,0
0.06121,0
0.10164,0
0.13417,0
0.13252,0
0.13236,0
0.03012,0
0.05076,0
0.04409,0
0.06395,0
0.06190,0
0.09515,0
0.10431,0
0.11771,0
0.06028,0
0.04684,0
0.05035,0
0.04498,0
0.04150,0
0.05047,0
0.12095,0
0.14259,0
0.11430,0
0.09865,0
0.09247,0
0.08586,0
0.08923,0
0.13532,0
0.07019,0
0.04617,0
0.03987,0
0.04068,0
0.04659,0
0.06334,0
0.12207,0
0.08920,0
0.05459,0
0.05327,0
0.07668,0
0.10005,0
0.07644,0
0.04434,0
0.05772,0
0.05985,0
0.05186,0
0.05742,0
0.00808,0
0.01797,0
0.04118,0
0.06793,0
0.10549,0
0.10876,0
0.11198,0
0.03588,0
0.03731,0
0.04877,0
0.08561,0
0.09351,0
0.09463,0
0.10151,0
0.12234,0
0.06986,0
0.04876,0
0.04654,0
0.05146,0
0.05563,0
0.07473,0
0.03588,0
0.03963,0
0.04536,0
0.03900,0
0.04639,0
0.04207,0
0.03946,0
0.08224,0
0.06660,0
0.07550,0
0.06547,0
0.05565,0
0.05343,0
0.06987,0
0.00808,0
0.01735,0
0.03606,0
0.04859,0
0.03747,0
0.03703,0
0.03876,0
0.00808,0
0.01735,0
0.04690,0
0.07242,0
0.09167,0
0.09252,0
0.09510,0
0.01006,0
0.03193,0
0.02764,0
0.03662,0
0.04327,0
0.04842,0
0.10614,1
0.08198,1
0.07588,1
0.06500,1
0.06529,1
0.07116,1
0.07176,0
0.03445,0
0.04006,0
0.05163,0
0.04663,0
0.04927,0
0.02894,0
0.03668,0
0.01728,0
0.01733,0
0.01882,0
0.00808,0
0.01735,0
0.02438,0
0.01136,0
0.02111,0
0.02945,0
0.03213,0
0.07176,0
0.04374,0
0.04511,0
0.04676,0
0.04229,0
0.04497,0
0.00808,0
0.02994,0
0.02081,0
0.01959,0
0.02746,0
0.03445,0
0.00808,0
0.02547,0
0.03611,0
0.02186,0
0.02721,0
0.03117,0
0.03518,0
0.11771,0
0.06028,0
0.04192,0
0.04112,0
0.03766,0
0.03613,0
0.04567,0
0.10207,0
0.07896,0
0.05708,0
0.06094,0
0.07209,0
0.10304,0
0.10388,0
0.01006,0
0.03072,0
0.02346,0
0.02382,0
0.02341,0
0.02831,0
0.12095,0
0.14259,0
0.11230,0
0.10009,0
0.10186,0
0.09190,0
0.09360,0
0.00808,0
0.02341,0
0.03102,0
0.02958,0
0.03667,0
0.04467,0
0.01006,0
0.02131,0
0.02809,0
0.03139,0
0.03758,0
0.04547,0
0.00808,0
0.02205,0
0.04114,0
0.03812,0
0.04147,0
0.05393,0
0.05319,0
0.01837,0
0.02901,0
0.03766,0
0.04172,0
0.05054,0
0.05451,0
0.01837,0
0.02442,0
0.02898,0
0.01510,0
0.02210,0
0.02598,0
0.02958,0
0.07443,0
0.07572,0
0.06898,0
0.05437,0
0.05279,0
0.06419,0
0.06775,0
0.06694,0
0.09029,0
0.11914,0
0.11349,0
0.02894,0
0.03668,0
0.01728,0
0.01733,0
0.01882,0
0.00808,0
0.02341,0
0.02776,0
0.02459,0
0.02937,0
0.03591,0
0.00808,0
0.02994,0
0.02081,0
0.01766,0
0.02311,0
0.02939,0
0.00808,0
0.02889,0
0.02185,0
0.01748,0
0.02408,0
0.03107,0
0.13034,0
0.10279,0
0.08265,0
0.07965,0
0.06510,0
0.06651,0
0.03044,0
0.03581,0
0.03841,0
0.04666,0
0.04045,0
0.03789,0
0.03629,0
0.10002,0
0.07269,0
0.05253,0
0.05055,0
0.09600,0
0.11870,0
0.13659,0
0.09771,0
0.07134,0
0.05364,0
0.04657,0
0.04629,0
0.06153,0
0.13034,0
0.09802,0
0.08440,0
0.07000,0
0.05624,0
0.05884,0
0.00808,0
0.02889,0
0.02185,0
0.02039,0
0.02573,0
0.03251,0
0.00808,0
0.01735,0
0.03683,0
0.04489,0
0.04852,0
0.05238,0
0.05137,0
0.14202,0
0.13701,0
0.12739,0
0.10121,0
0.09316,0
0.12207,0
0.08920,0
0.05459,0
0.05327,0
0.07413,0
0.09863,0
0.03044,0
0.03347,0
0.05336,0
0.06002,0
0.05664,0
0.03588,0
0.03964,0
0.05777,0
0.04312,0
0.04598,0
0.04377,0
0.04067,0
0.15012,0
0.10740,0
0.08125,0
0.07114,0
0.06196,0
0.05567,0
0.06225,0
0.08579,0
0.10699,0
0.07801,0
0.07021,0
0.06525,0
0.05770,0
0.06315,0
0.08503,0
0.06541,0
0.05568,0
0.06185,0
0.05995,0
0.06089,0
0.10015,1
0.09651,1
0.06582,1
0.11030,1
0.10968,1
0.12528,1
0.03044,0
0.04332,1
0.07796,1
0.07930,1
0.11796,1
0.11216,1
0.01837,0
0.02901,0
0.03766,0
0.04100,0
0.04095,0
0.04574,0
0.00808,0
0.02950,0
0.03978,0
0.02844,0
0.02649,0
0.02814,0
0.03612,0
0.19633,1
0.11280,1
0.08165,1
0.07614,1
0.07825,1
0.06719,1
0.09575,0
0.07342,0
0.04752,0
0.04978,0
0.08826,0
0.11164,0
0.01006,0
0.03072,0
0.02346,0
0.02016,0
0.02970,0
0.03547,0
0.02678,1
0.05260,1
0.03907,1
0.06043,1
0.12125,1
0.12970,1
0.12884,1
0.08928,0
0.07329,0
0.05097,0
0.05382,0
0.06045,0
0.06740,0
0.07421,0
0.03588,0
0.04937,0
0.02330,0
0.02254,0
0.02292,0
0.00808,0
0.02994,0
0.02081,0
0.01959,0
0.02373,0
0.02972,0
0.10002,0
0.07601,0
0.05335,0
0.05543,0
0.09193,0
0.11626,0
0.08697,0
0.07524,0
0.06290,0
0.06305,0
0.06077,0
0.05880,0
0.01006,0
0.03112,0
0.04641,0
0.03534,0
0.03587,0
0.05013,0
0.05570,0
0.01006,0
0.02495,0
0.03589,0
0.05219,0
0.03629,0
0.03550,0
0.03768,0
0.03044,0
0.03904,0
0.01914,0
0.01799,0
0.01939,0
0.06775,0
0.06659,0
0.08367,0
0.10743,0
0.10682,0
0.00808,0
0.02994,0
0.02718,0
0.02968,0
0.03449,0
0.03935,0
0.10755,0
0.06840,0
0.04935,0
0.04361,0
0.04790,0
0.06079,0
0.06584,0
0.03012,0
0.03241,0
0.07729,1
0.08459,1
0.08451,1
0.08151,1
0.19296,0
0.10709,0
0.07872,0
0.05557,0
0.05234,0
0.08238,0
0.00808,0
0.01797,0
0.03691,0
0.05875,0
0.04888,0
0.05963,0
0.06609,0
0.01837,0
0.02562,0
0.04366,0
0.05671,0
0.05313,0
0.05796,0
0.06108,0
0.01837,0
0.02442,0
0.03969,0
0.04238,0
0.03888,0
0.04452,0
0.07902,1
0.08774,1
0.09021,1
0.03044,0
0.05023,0
0.05514,0
0.04088,0
0.03696,0
0.11493,0
0.08889,0
0.05605,0
0.05445,0
0.06753,0
0.07680,0
0.19662,0
0.11740,0
0.08405,0
0.06000,0
0.06186,0
0.10531,0
0.01837,0
0.02900,0
0.04694,0
0.03691,0
0.03094,0
0.03690,0
0.03976,0
0.00808,0
0.06438,0
0.07278,0
0.08146,0
0.08559,0
0.10230,0
0.10374,0
0.08940,1
0.07599,1
0.09410,1
0.07651,1
0.07594,1
0.07744,1
0.03012,0
0.04842,0
0.07582,0
0.04173,0
0.03589,0
0.09622,0
0.07417,0
0.04973,0
0.03507,0
0.03559,0
0.03616,0
0.03955,0
0.12552,0
0.09843,0
0.08175,0
0.05747,0
0.04733,0
0.04644,0
0.05866,0
0.00808,0
0.01735,0
0.02438,0
0.01136,0
0.02111,0
0.02945,0
0.03213,0
0.08224,0
0.06660,0
0.07550,0
0.06547,0
0.05618,0
0.05802,0
0.07307,0
0.01006,0
0.03072,0
0.04560,0
0.04050,0
0.04256,0
0.04417,0
0.10359,0
0.07598,0
0.07244,0
0.06570,0
0.07361,0
0.07865,0
0.02894,0
0.03668,0
0.01728,0
0.01733,0
0.01882,0
0.13360,0
0.07547,0
0.05117,0
0.04288,0
0.04645,0
0.05213,0
0.08864,0
0.00808,0
0.01952,0
0.03119,0
0.02897,0
0.03499,0
0.04227,0
0.01837,0
0.03827,0
0.03191,0
0.04334,0
0.05354,0
0.05676,0
0.03044,0
0.02893,0
0.03868,0
0.07481,0
0.08487,0
0.08826,0
0.09329,0
0.09756,0
0.06426,0
0.06354,0
0.06130,0
0.11543,0
0.10178,0
0.09222,0
0.06543,0
0.04701,0
0.04550,0
0.05815,0
0.09121,0
0.11493,0
0.08889,0
0.05605,0
0.05504,0
0.06328,0
0.09188,0
0.01837,0
0.02995,0
0.02755,0
0.01511,0
0.02302,0
0.02824,0
0.09911,0
0.06183,0
0.05255,0
0.06008,0
0.11064,0
0.03012,0
0.04842,0
0.05296,0
0.04076,0
0.03571,0
0.19296,0
0.12944,0
0.09543,0
0.07281,0
0.07230,0
0.09961,0
0.00808,0
0.02341,0
0.02776,0
0.02459,0
0.03538,0
0.04358,0
0.09361,1
0.08442,1
0.05890,1
0.06441,1
0.09209,1
0.11684,1
0.01837,0
0.03827,0
0.02482,0
0.02521,0
0.03332,0
0.03976,0
0.00808,0
0.01735,0
0.02438,0
0.01136,0
0.01970,0
0.02850,0
0.03339,0
0.08343,0
0.07773,0
0.07973,0
0.06874,0
0.06285,0
0.06190,0
0.01837,0
0.03986,0
0.02946,0
0.02367,0
0.03310,0
0.03754,0
0.00808,0
0.01797,0
0.04044,0
0.03201,0
0.02820,0
0.03212,0
0.03564,0
0.03044,0
0.03167,0
0.05866,0
0.06781,0
0.08033,0
0.07191,0
0.06356,0
0.00808,0
0.02547,0
0.03898,0
0.05210,0
0.03952,0
0.04003,0
0.04139,0
0.00808,0
0.01735,0
0.02438,0
0.01136,0
0.01901,0
0.02348,0
0.02614,0
0.10244,0
0.08072,0
0.05502,0
0.05936,0
0.06241,0
0.07224,0
0.08599,0
0.08156,0
0.06709,0
0.04306,0
0.04463,0
0.06572,0
0.09913,0
0.10148,0
0.08102,0
0.05035,0
0.04619,0
0.04566,0
0.05175,0
0.06169,0
0.07038,0
0.03012,0
0.03485,0
0.04425,0
0.05791,0
0.09890,0
0.10218,0
0.10950,0
0.09614,0
0.09078,0
0.11685,0
0.09283,0
0.08590,0
0.08945,0
0.08721,0
0.10153,0
0.07462,0
0.05051,0
0.05521,0
0.06696,0
0.07903,0
0.09000,0
0.08697,0
0.07524,0
0.06376,0
0.06691,0
0.06354,0
0.06209,0
0.08940,0
0.08190,0
0.09798,0
0.07959,0
0.07390,0
0.07202,0
0.07159,0
0.09991,0
0.09816,1
0.09850,1
0.10029,1
0.10024,1
0.10473,1
0.10522,1
0.10304,1
0.11594,1
0.11041,0
0.08297,0
0.07571,0
0.06084,0
0.05195,0
0.05999,0
0.09357,0
0.06882,0
0.04773,0
0.04293,0
0.07557,0
0.08659,0
0.09162,0
0.01006,0
0.01980,0
0.03683,0
0.04484,0
0.04829,0
0.05634,0
0.06345,0
0.01006,0
0.01906,0
0.02581,0
0.01204,0
0.02032,0
0.02508,0
0.02898,0
0.01837,0
0.02985,0
0.04094,0
0.02575,0
0.02998,0
0.03357,0
0.04659,0
0.00808,0
0.02205,0
0.05385,0
0.06288,0
0.05337,0
0.05547,0
0.05584,0
0.12463,1
0.09957,1
0.06851,1
0.08231,1
0.09899,1
0.09830,1
0.10695,1
0.01006,0
0.02324,0
0.04105,0
0.07162,0
0.09761,0
0.10364,0
0.10678,0
0.01837,0
0.03827,0
0.02482,0
0.02311,0
0.02421,0
0.03045,0
0.14353,0
0.07975,0
0.05462,0
0.04782,0
0.04832,0
0.05245,0
0.07315,0
0.17085,0
0.10668,0
0.08536,0
0.07902,0
0.06475,0
0.06621,0
0.08052,0
0.11197,0
0.07788,0
0.06509,0
0.05589,0
0.05115,0
0.04556,0
0.04928,0
0.01006,0
0.02348,0
0.03113,0
0.02522,0
0.03828,0
0.04571,0
0.00808,0
0.02341,0
0.02239,0
0.01531,0
0.02400,0
0.02876,0
0.06472,0
0.05984,0
0.05234,0
0.03829,0
0.04060,0
0.06012,0
0.03044,0
0.03396,0
0.03646,0
0.03369,0
0.03704,0
0.03642,0
0.03512,0
0.29620,0
0.19797,0
0.13626,0
0.10523,0
0.08849,0
0.08393,0
0.08534,0
0.09614,0
0.09484,0
0.09485,0
0.07278,0
0.06965,0
0.06700,0
0.06807,0
0.01837,0
0.08902,1
0.08360,1
0.11544,1
0.10209,1
0.09828,1
0.09317,1
0.09991,0
0.07642,0
0.06245,0
0.04299,0
0.04277,0
0.05868,0
0.00808,0
0.04633,0
0.05458,0
0.07353,0
0.07248,0
0.07292,0
0.07587,0
0.01837,0
0.02995,0
0.02755,0
0.01909,0
0.03049,0
0.03428,0
0.03044,0
0.03263,0
0.03826,0
0.03220,0
0.04457,0
0.04273,0
0.03937,0
0.23450,0
0.13617,0
0.10069,0
0.08196,0
0.06814,0
0.06899,0
0.08702,0
0.01837,0
0.03827,0
0.03191,0
0.03095,0
0.03375,0
0.03669,0
0.00808,0
0.04618,0
0.04288,0
0.06296,0
0.05582,0
0.06040,0
0.06286,0
0.12207,0
0.08526,0
0.05000,0
0.04551,0
0.06494,0
0.08929,0
0.00808,0
0.02697,1
0.04519,1
0.05902,1
0.05327,1
0.05785,1
0.05585,1
0.03012,0
0.03313,0
0.04136,0
0.05428,0
0.05051,0
0.04615,0
0.04316,0
0.00808,0
0.01037,1
0.06466,1
0.06917,1
0.08014,1
0.08584,1
0.10183,1
0.09140,1
0.10401,1
0.07443,1
0.05927,1
0.07289,1
0.08289,1
0.09480,1
0.09375,1
0.13969,0
0.11248,0
0.09558,0
0.08247,0
0.07310,0
0.06506,0
0.06996,0
0.00808,0
0.02547,0
0.02901,0
0.01506,0
0.02229,0
0.03393,0
0.03791,0
0.11041,1
0.08297,1
0.07675,1
0.07995,1
0.09831,1
0.09859,1
0.09814,0
0.07818,0
0.06498,0
0.06875,0
0.07274,0
0.07206,0
0.03588,0
0.06180,0
0.04853,0
0.06060,0
0.07376,0
0.08344,0
0.08742,0
0.05761,0
0.07610,0
0.08631,0
0.08996,0
0.08013,0
0.00808,0
0.01735,0
0.02438,0
0.01136,0
0.01901,0
0.02072,0
0.02493,0
0.00808,0
0.02950,0
0.04468,0
0.05571,0
0.05078,0
0.05498,0
0.05973,0
0.25515,0
0.13599,0
0.08904,0
0.07265,0
0.08821,0
0.00808,0
0.02341,0
0.02239,0
0.01271,0
0.02616,0
0.03191,0
0.00808,0
0.04964,0
0.06926,0
0.07487,0
0.09492,0
0.09670,0
0.11962,0
0.09683,0
0.07413,0
0.05590,0
0.05128,0
0.06946,0
0.09545,0
0.09361,0
0.09287,0
0.06148,0
0.06175,0
0.08555,0
0.11019,0
0.12393,0
0.10575,0
0.08832,0
0.06548,0
0.06498,0
0.07904,0
0.11148,0
0.00808,0
0.02341,0
0.02239,0
0.01531,0
0.02400,0
0.03368,0
0.03012,0
0.03241,0
0.03682,0
0.03288,0
0.03652,0
0.03536,0
0.03399,0
0.04806,0
0.10125,1
0.09875,1
0.09765,1
0.10419,1
0.09581,1
0.08839,1
0.11067,0
0.08735,0
0.09160,0
0.07108,0
0.05823,0
0.05614,0
0.06526,0
0.09725,0
0.07002,0
0.05049,0
0.05085,0
0.06443,0
0.08645,0
0.09898,0
0.02894,0
0.04935,0
0.05326,0
0.04147,0
0.03685,0
0.00808,0
0.03208,0
0.02355,0
0.02102,0
0.02797,0
0.03425,0
0.12393,0
0.09218,0
0.07450,0
0.05766,0
0.04805,0
0.04716,0
0.05596,0
0.12932,0
0.10354,0
0.07757,0
0.05949,0
0.06071,0
0.07385,0
0.09932,0
0.09759,1
0.08516,1
0.08065,1
0.11012,1
0.11289,1
0.10672,1
0.09905,1
0.10721,0
0.08801,0
0.08373,0
0.06164,0
0.05688,0
0.07049,0
0.08918,0
0.12669,0
0.09328,0
0.06776,0
0.05207,0
0.04407,0
0.04521,0
0.05730,0
0.09622,0
0.10763,0
0.12939,0
0.10617,0
0.09373,0
0.08382,0
0.08178,0
0.06472,0
0.06699,0
0.05367,0
0.04042,0
0.04209,0
0.05609,0
0.07122,1
0.07258,1
0.06903,1
0.07547,1
0.08655,1
0.13654,1
0.03012,0
0.03621,0
0.05250,0
0.04308,0
0.04550,0
0.04291,0
0.03977,0
0.02894,0
0.03818,0
0.04483,0
0.03898,0
0.04250,0
0.04125,0
0.03842,0
0.05958,0
0.07218,0
0.05431,0
0.05651,0
0.07127,0
0.10117,0
0.01837,0
0.02442,0
0.04315,0
0.04880,0
0.04920,0
0.05578,0
0.05553,0
0.19633,0
0.11335,0
0.08072,0
0.06782,0
0.07618,0
0.01006,0
0.02495,0
0.03049,0
0.01583,0
0.02295,0
0.03267,0
0.03455,0
0.01837,0
0.02700,0
0.06907,1
0.07677,1
0.00808,0
0.05021,0
0.05670,0
0.06513,0
0.07256,0
0.09416,0
0.09667,0
0.01837,0
0.02995,0
0.02755,0
0.01909,0
0.02454,0
0.03330,0
0.08393,0
0.04746,0
0.03988,0
0.04204,0
0.04291,0
0.08097,0
0.08706,0
0.07412,0
0.05934,0
0.03964,0
0.03817,0
0.06783,0
0.07937,0
0.08671,0
0.01006,0
0.02348,0
0.02298,0
0.01193,0
0.02100,0
0.02999,0
0.09614,0
0.09008,0
0.10415,0
0.08918,0
0.08775,0
0.08431,0
0.08298,0
0.00808,0
0.02889,0
0.02185,0
0.01748,0
0.02454,0
0.02713,0
0.00808,0
0.01735,0
0.01874,0
0.02874,0
0.03082,0
0.03506,0
0.03584,0
0.08393,1
0.04746,1
0.04234,1
0.07296,1
0.07621,1
0.00808,0
0.02341,0
0.02239,0
0.01531,0
0.02275,0
0.02998,0
0.00808,0
0.02341,0
0.02239,0
0.01531,0
0.02053,0
0.03454,0
0.01837,0
0.02562,0
0.04748,0
0.04468,0
0.04468,0
0.04781,0
0.05783,0
0.01006,0
0.02348,0
0.02854,0
0.02017,0
0.02602,0
0.03935,0
0.08102,0
0.05035,0
0.04285,0
0.04164,0
0.04732,0
0.06369,0
0.07389,0
0.20212,0
0.13310,0
0.12403,0
0.11585,0
0.09629,0
0.08999,0
0.09835,0
0.01837,0
0.03737,0
0.02815,1
0.06402,1
0.09129,1
0.07880,1
0.08950,1
0.09907,1
0.10135,1
0.01006,0
0.03112,0
0.04571,0
0.06638,0
0.06118,0
0.06140,0
0.06851,0
0.12726,0
0.08786,0
0.07542,0
0.05176,0
0.04224,0
0.04180,0
0.05481,0
0.00808,0
0.01735,0
0.03096,0
0.01787,0
0.02376,0
0.02898,0
0.04194,0
0.02894,0
0.04935,0
0.05326,0
0.04147,0
0.03685,0
0.00808,0
0.05660,0
0.06167,0
0.07551,0
0.08695,0
0.11746,0
0.12572,0
0.07644,0
0.05591,0
0.06142,0
0.06174,0
0.05070,0
0.05564,0
0.03012,0
0.03661,0
0.01851,0
0.01798,0
0.02046,0
0.00808,0
0.01952,0
0.02129,0
0.02060,0
0.02832,0
0.03273,0
0.08697,0
0.08898,0
0.08154,0
0.07911,0
0.07702,0
0.07367,0
0.22186,0
0.16262,0
0.11930,0
0.09520,0
0.09183,0
0.12989,0
0.09622,0
0.07417,0
0.04973,0
0.03931,0
0.04561,0
0.04417,0
0.04599,0
0.03012,0
0.03401,0
0.04174,0
0.04974,0
0.04312,0
0.03955,0
0.03605,0
0.10244,0
0.07734,0
0.05715,0
0.05146,0
0.06615,0
0.08777,0
0.09353,0
0.02894,0
0.03668,0
0.01728,0
0.01743,0
0.02011,0
0.00808,0
0.02341,0
0.02239,0
0.01531,0
0.02053,0
0.02815,0
0.10244,0
0.09853,0
0.06454,0
0.06788,0
0.07072,0
0.07299,0
0.08129,0
0.01006,0
0.01980,0
0.03470,0
0.02766,0
0.02892,0
0.03558,0
0.03888,0
0.00808,0
0.01797,0
0.03575,0
0.06115,0
0.05802,0
0.05970,0
0.06732,0
0.03044,0
0.02895,0
0.03443,0
0.03137,0
0.03993,0
0.03722,0
0.03519,0
0.01006,0
0.02348,0
0.07342,1
0.07730,1
0.01837,0
0.03737,0
0.04501,0
0.03896,0
0.03604,0
0.04853,0
0.05133,0
0.01837,0
0.01708,1
0.04650,1
0.05603,1
0.05743,1
0.04966,1
0.06046,1
0.06518,1
0.00808,0
0.01797,0
0.03807,0
0.05238,0
0.04919,0
0.05231,0
0.05549,0
0.03588,0
0.03930,0
0.03978,0
0.04025,0
0.04752,0
0.04195,0
0.03803,0
0.01006,0
0.01980,0
0.03700,0
0.05931,0
0.05613,0
0.05995,0
0.06698,0
0.10329,1
0.11822,1
0.00808,0
0.02889,0
0.04428,0
0.04039,0
0.03872,0
0.04854,0
0.00808,0
0.01952,0
0.02129,0
0.02060,0
0.02684,0
0.03231,0
0.00808,0
0.01735,0
0.02438,0
0.05009,1
0.06280,1
0.06705,1
0.00808,0
0.02341,0
0.02239,0
0.01531,0
0.02275,0
0.02997,0
0.08224,0
0.06301,0
0.05834,0
0.06786,0
0.05734,0
0.05458,0
0.06566,0
0.13034,0
0.09791,0
0.09119,0
0.07713,0
0.06166,0
0.06284,0
0.12198,0
0.08896,0
0.06859,0
0.05949,0
0.05197,0
0.04491,0
0.04738,0
0.20315,0
0.12516,0
0.09285,0
0.06753,0
0.06776,0
0.10882,0
0.03012,0
0.03241,0
0.04563,0
0.03318,0
0.03531,0
0.03642,0
0.03586,0
0.08940,0
0.09832,0
0.11320,0
0.09332,0
0.09078,0
0.08731,0
0.08535,0
0.08095,0
0.07115,0
0.05055,0
0.05212,0
0.06494,0
0.07570,0
0.10178,0
0.09222,0
0.06543,0
0.04701,0
0.04372,0
0.06136,0
0.08893,0
0.02894,0
0.02774,0
0.03543,0
0.03263,0
0.03978,0
0.03500,0
0.03211,0
0.08343,0
0.09261,0
0.09313,0
0.07693,0
0.07008,0
0.06628,0
0.09925,0
0.07475,0
0.06385,0
0.04603,0
0.04907,0
0.07554,0
0.00808,0
0.02547,0
0.03611,0
0.02186,0
0.02721,0
0.03848,0
0.04555,0
0.00808,0
0.02341,0
0.02776,0
0.01980,0
0.03604,0
0.03977,0
0.19633,0
0.11335,0
0.08072,0
0.06782,0
0.07063,0
0.00808,0
0.02205,0
0.03903,0
0.07095,0
0.09569,0
0.09933,0
0.10095,0
0.00808,0
0.15931,1
0.11558,1
0.09570,1
0.10321,1
0.11627,1
0.11301,1
0.01006,0
0.02131,0
0.03229,0
0.02982,0
0.03608,0
0.04203,0
0.01837,0
0.02700,0
0.02606,0
0.01992,0
0.03314,0
0.04285,0
0.01006,0
0.02348,0
0.02854,0
0.02017,0
0.03216,0
0.03675,0
0.12694,0
0.15402,0
0.12212,0
0.11336,0
0.11525,0
0.10609,0
0.10271,0
0.07953,0
0.06364,0
0.04630,0
0.04627,0
0.07813,0
0.10863,0
0.00808,0
0.02994,0
0.02081,0
0.02061,0
0.02419,0
0.03076,0
0.06775,0
0.06262,0
0.10077,0
0.11400,0
0.11853,0
0.14353,1
0.07975,1
0.05462,1
0.08307,1
0.09443,1
0.09035,1
0.10091,1
0.11041,1
0.08297,1
0.10903,1
0.07458,1
0.07968,1
0.09313,1
0.03012,0
0.04636,0
0.05031,0
0.03610,0
0.03863,0
0.03776,0
0.03642,0
0.00808,0
0.02950,0
0.06362,0
0.09762,0
0.13743,0
0.14098,0
0.13667,0
0.12393,0
0.08048,0
0.05608,0
0.04141,0
0.04174,0
0.05488,0
0.07444,0
0.09814,0
0.06296,0
0.03942,0
0.04345,0
0.05014,0
0.05352,0
0.02894,0
0.03282,0
0.03649,0
0.03052,0
0.04046,0
0.03773,0
0.03570,0
0.10154,0
0.07058,0
0.04796,0
0.05275,0
0.06438,0
0.08952,0
0.09818,0
0.12560,0
0.07981,0
0.05338,0
0.05124,0
0.07180,0
0.10236,0
0.01837,0
0.02562,0
0.04607,0
0.03448,0
0.03023,0
0.03422,0
0.04140,0
0.08343,0
0.09261,0
0.09313,0
0.08621,0
0.08577,0
0.08106,0
0.29620,0
0.18808,0
0.12868,0
0.09815,0
0.08268,0
0.08025,0
0.08419,0
0.12560,0
0.07908,0
0.05237,0
0.05688,0
0.06451,0
0.09721,0
0.09741,0
0.00808,0
0.02341,0
0.02239,0
0.01531,0
0.02053,0
0.02983,0
0.00808,0
0.02950,0
0.03978,0
0.02844,0
0.02379,0
0.03038,0
0.03664,0
0.08503,1
0.05143,1
0.08610,1
0.08646,1
0.08348,1
0.12810,1
0.09756,0
0.06426,0
0.05797,0
0.06103,0
0.11333,0
0.01006,0
0.03193,0
0.02090,0
0.01997,0
0.02467,0
0.02814,0
0.00808,0
0.02994,0
0.02718,0
0.03495,0
0.03787,0
0.04340,0
0.11996,0
0.11165,0
0.08783,0
0.06816,0
0.06738,0
0.07744,0
0.09834,0
0.11005,0
0.08764,0
0.05757,0
0.05597,0
0.07653,0
0.10103,0
0.03588,0
0.03661,0
0.05383,0
0.04340,0
0.04530,0
0.04268,0
0.04059,0
0.03044,0
0.03904,0
0.01914,0
0.01819,0
0.02065,0
0.09991,0
0.09571,0
0.08348,0
0.05612,0
0.05293,0
0.06941,0
0.12496,0
0.08282,0
0.06657,0
0.06468,0
0.05573,0
0.04756,0
0.04908,0
0.01006,0
0.02348,0
0.02854,0
0.02508,0
0.03244,0
0.04083,0
0.10142,0
0.09082,0
0.07258,0
0.06277,0
0.06603,0
0.13437,0
0.09184,0
0.07497,0
0.06141,0
0.06133,0
0.07586,0
0.11424,0
0.08224,0
0.07029,0
0.07383,0
0.05921,0
0.04971,0
0.04776,0
0.05958,0
0.00808,0
0.02994,0
0.02081,0
0.02280,0
0.03759,0
0.04342,0
0.07176,0
0.04374,0
0.04924,0
0.04270,0
0.03798,0
0.04137,0
0.02894,0
0.03282,0
0.04220,0
0.06359,0
0.07903,0
0.08363,0
0.09398,0
0.02894,0
0.03668,0
0.01728,0
0.01743,0
0.02011,0
0.00808,0
0.01735,0
0.02438,0
0.01136,0
0.02111,0
0.02945,0
0.03213,0
0.00808,0
0.01735,0
0.03090,0
0.05530,0
0.05001,0
0.04601,0
0.04660,0
0.00808,0
0.01735,0
0.03647,0
0.07732,0
0.11670,0
0.12112,0
0.12231,0
0.00808,0
0.03208,0
0.02355,0
0.01990,0
0.02888,0
0.03300,0
0.00808,0
0.01735,0
0.03479,0
0.07223,0
0.11016,0
0.11458,0
0.11453,0
0.21126,0
0.10052,0
0.08614,0
0.08520,0
0.07118,0
0.07347,0
0.00808,0
0.02341,0
0.02239,0
0.01271,0
0.02183,0
0.03649,0
0.01837,0
0.02900,0
0.06062,0
0.09879,0
0.13503,0
0.14130,0
0.14257,0
0.09614,0
0.08193,0
0.09438,0
0.07501,0
0.07082,0
0.07055,0
0.07129,0
0.03012,0
0.03621,0
0.04685,0
0.05328,0
0.05167,0
0.04503,0
0.04055,0
0.03588,0
0.06148,0
0.08500,0
0.05048,0
0.04321,0
0.03012,0
0.02722,0
0.03311,0
0.02637,0
0.03703,0
0.03230,0
0.02927,0
0.10542,0
0.07512,0
0.05608,0
0.04346,0
0.04400,0
0.05213,0
0.08694,0
0.01837,0
0.03676,0
0.02716,0
0.02112,0
0.02431,0
0.03606,0
0.00808,0
0.01797,0
0.01659,1
0.06572,1
0.07885,1
0.11912,1
0.10378,1
0.11780,1
0.11987,1
0.12198,0
0.08042,0
0.06429,0
0.05701,0
0.05036,0
0.04339,0
0.04555,0
0.12726,0
0.09979,0
0.08515,0
0.06401,0
0.05274,0
0.05127,0
0.05940,0
0.00808,0
0.02341,0
0.02239,0
0.01531,0
0.02275,0
0.03163,0
0.09925,0
0.07987,0
0.07516,0
0.05740,0
0.05914,0
0.08438,0
0.01837,0
0.02442,0
0.03979,0
0.05236,0
0.03734,0
0.03736,0
0.03909,0
0.15004,0
0.08938,0
0.06069,0
0.05187,0
0.05162,0
0.06331,0
0.07877,0
0.14558,0
0.07281,0
0.05052,0
0.04773,0
0.04276,0
0.04013,0
0.04865,0
0.10359,0
0.07785,0
0.07201,0
0.06104,0
0.05180,0
0.06113,0
0.10244,0
0.08072,0
0.05502,0
0.05313,0
0.05980,0
0.08867,0
0.09945,0
0.06775,0
0.06694,0
0.08263,0
0.10838,0
0.11035,0
0.21126,0
0.10854,0
0.07535,0
0.06366,0
0.05398,0
0.05827,0
0.18311,0
0.18253,0
0.11993,0
0.09743,0
0.09290,0
0.08257,0
0.08174,0
0.05761,0
0.04992,0
0.04623,0
0.03754,0
0.03992,0
0.05144,1
0.07721,1
0.08907,1
0.10823,1
0.10778,1
0.11067,0
0.09103,0
0.08103,0
0.06070,0
0.04990,0
0.04768,0
0.05348,0
0.10643,0
0.09216,0
0.06282,0
0.04829,0
0.04036,0
0.04468,0
0.05493,0
0.00808,0
0.02889,0
0.02185,0
0.01901,0
0.02726,0
0.03230,0
0.06775,0
0.06694,0
0.08815,0
0.11316,0
0.11183,0
0.00808,0
0.02341,0
0.02776,0
0.02075,0
0.03534,0
0.04282,0
0.11747,0
0.09743,0
0.08672,0
0.05991,0
0.04844,0
0.04728,0
0.06365,0
0.03588,0
0.04875,1
0.08834,1
0.06954,1
0.06522,1
0.02894,0
0.04980,0
0.04914,0
0.04531,0
0.04425,0
0.04806,0
0.04747,0
0.05137,0
0.08088,0
0.09222,0
0.09392,0
0.10249,0
0.00808,0
0.01952,0
0.02642,0
0.02514,0
0.03065,0
0.04408,0
0.15640,0
0.11271,0
0.08412,0
0.06144,0
0.06165,0
0.08462,0
0.01006,0
0.01980,0
0.03809,0
0.03521,0
0.03179,0
0.03538,0
0.04250,0
0.02894,0
0.02751,0
0.03666,0
0.03259,0
0.03628,0
0.03366,0
0.03099,0
0.07305,0
0.04903,0
0.04605,0
0.04749,0
0.05258,0
0.06285,0
0.07678,0
0.00808,0
0.01735,0
0.02438,0
0.01136,0
0.01529,0
0.02225,0
0.02958,0
0.10496,0
0.08915,0
0.08219,0
0.06025,0
0.05000,0
0.04881,0
0.06035,0
0.00808,0
0.01797,0
0.03457,0
0.03616,0
0.03406,0
0.03772,0
0.04870,0
0.00808,0
0.02547,0
0.02901,0
0.01506,0
0.02229,0
0.03090,0
0.03585,0
0.15096,0
0.08322,0
0.05887,0
0.05263,0
0.05891,0
0.06166,0
0.07936,0
0.03012,0
0.02832,0
0.03648,0
0.03393,0
0.04315,0
0.03915,0
0.03673,0
0.03012,0
0.03020,0
0.03877,0
0.03241,0
0.04056,0
0.03680,0
0.03464,0
0.01837,0
0.03676,0
0.02716,0
0.02440,0
0.03242,0
0.04293,0
0.08095,0
0.08568,0
0.06127,0
0.06034,0
0.07053,0
0.09887,0
0.00808,0
0.02547,0
0.02901,0
0.01506,0
0.02414,0
0.03122,0
0.03363,0
0.10362,0
0.10503,0
0.08230,0
0.07099,0
0.06062,0
0.05309,0
0.05516,0
0.01006,0
0.03072,0
0.02346,0
0.01803,0
0.02371,0
0.03254,0
0.03012,0
0.03307,0
0.03801,0
0.04586,0
0.04604,0
0.04258,0
0.03846,0
0.08838,0
0.06406,0
0.04129,0
0.04824,0
0.05584,0
0.07251,0
0.07906,0
0.00808,0
0.02994,0
0.02718,0
0.02968,0
0.03727,0
0.04848,0
0.21126,0
0.10052,0
0.08916,0
0.08192,0
0.06842,0
0.07088,0
0.10244,0
0.08903,0
0.06578,0
0.06397,0
0.06791,0
0.07416,0
0.08024,0
0.17269,0
0.10484,0
0.07682,0
0.05816,0
0.06069,0
0.08986,0
0.06581,0
0.07211,0
0.05403,0
0.05735,0
0.07461,0
0.08740,0
0.00808,0
0.01797,0
0.03246,0
0.04899,0
0.04321,0
0.04570,0
0.05058,0
0.01837,0
0.02700,0
0.02606,0
0.02454,0
0.03445,0
0.04294,0
0.00808,0
0.03208,0
0.02355,0
0.01990,0
0.02840,0
0.03026,0
0.29620,0
0.17990,0
0.12898,0
0.09925,0
0.08410,0
0.08624,0
0.08961,0
0.10754,1
0.09513,1
0.11780,1
0.10886,1
0.12817,1
0.14721,1
0.09756,0
0.06426,0
0.05436,0
0.05819,0
0.11171,0
0.00808,0
0.04363,0
0.05451,0
0.04960,0
0.05188,0
0.05424,0
0.00808,0
0.02547,0
0.03898,0
0.05210,0
0.04233,0
0.04691,0
0.04797,0
0.08503,0
0.10760,1
0.09499,1
0.08845,1
0.09131,1
0.09018,1
0.01837,0
0.03827,0
0.02482,0
0.02497,0
0.03084,0
0.03672,0
0.08503,0
0.05143,0
0.03057,0
0.03424,0
0.04033,0
0.04647,0
0.10142,1
0.07813,1
0.07244,1
0.10932,1
0.11191,1
0.07443,0
0.06542,0
0.06697,0
0.04682,0
0.04593,0
0.06193,0
0.02894,0
0.03222,0
0.03653,0
0.04305,0
0.03984,0
0.03878,0
0.03619,0
0.00808,0
0.01797,0
0.04044,0
0.04149,0
0.04150,0
0.05595,0
0.05892,0
0.08102,0
0.05035,0
0.04619,0
0.04980,0
0.04981,0
0.08548,0
0.09385,0
0.11771,0
0.06028,0
0.04684,0
0.05035,0
0.04498,0
0.04102,0
0.04549,0
0.00808,0
0.02994,0
0.02081,0
0.01929,0
0.02895,0
0.03587,0
0.01006,0
0.02348,0
0.02012,1
0.05769,1
0.04930,1
0.07470,1
0.08814,1
0.09346,1
0.00808,0
0.01735,0
0.06407,1
0.06631,1
0.07768,1
0.09831,1
0.09931,1
0.10710,1
0.10614,1
0.00808,0
0.02889,0
0.02185,0
0.02039,0
0.02714,0
0.03116,0
0.00808,0
0.02341,0
0.02239,0
0.01531,0
0.02400,0
0.03368,0
0.07176,0
0.04374,0
0.04511,0
0.04429,0
0.03902,0
0.04201,0
0.01006,0
0.05354,0
0.06237,0
0.05474,0
0.04768,0
0.05210,0
0.00808,0
0.02547,0
0.04239,0
0.07175,0
0.07331,0
0.09149,0
0.09963,0
0.03012,0
0.02120,0
0.04149,0
0.03304,0
0.04282,0
0.04081,0
0.03788,0
0.12907,0
0.09006,0
0.07943,0
0.06290,0
0.05306,0
0.05337,0
0.12434,0
0.10756,0
0.07411,0
0.07597,0
0.06662,0
0.06188,0
0.06831,0
0.19633,0
0.11280,0
0.08165,0
0.07040,0
0.07338,0
0.00808,0
0.02547,0
0.03898,0
0.05210,0
0.04233,0
0.08413,1
0.09558,1
0.10682,1
0.10760,1
0.07176,0
0.03445,0
0.04006,0
0.04164,0
0.04018,0
0.04411,0
0.00808,0
0.02341,0
0.02239,0
0.01531,0
0.02275,0
0.02997,0
0.08393,0
0.04746,0
0.04234,0
0.04353,0
0.05422,0
0.06359,0
0.07530,0
0.00808,0
0.02950,0
0.04026,0
0.05203,0
0.04716,0
0.04881,0
0.05440,0
0.03044,0
0.03396,0
0.03646,0
0.03369,0
0.03542,0
0.03637,0
0.03389,0
0.08928,0
0.07959,0
0.05859,0
0.05687,0
0.06611,0
0.08722,0
0.09926,0
0.02894,0
0.04295,0
0.07864,0
0.05102,0
0.04409,0
0.02894,0
0.02910,0
0.02215,0
0.02253,0
0.02366,0
0.01006,0
0.02348,0
0.02298,0
0.01587,0
0.03159,0
0.04230,0
0.00808,0
0.02950,0
0.04468,0
0.05571,0
0.05515,0
0.05688,0
0.06154,0
0.01837,0
0.02985,0
0.04094,0
0.02575,0
0.03059,0
0.04121,0
0.04885,0
0.08976,1
0.06753,1
0.04259,1
0.04364,1
0.06097,1
0.06652,1
0.07317,1
0.00808,0
0.01735,0
0.03141,0
0.06063,0
0.07246,0
0.08493,0
0.09142,0
0.13673,0
0.07431,0
0.05130,0
0.04482,0
0.04749,0
0.05286,0
0.06672,0
0.01837,0
0.02700,0
0.02606,0
0.02454,0
0.02998,0
0.04254,0
0.00808,0
0.01797,0
0.05071,0
0.08369,0
0.10429,0
0.10670,0
0.10907,0
0.10362,0
0.08361,0
0.06995,0
0.06220,0
0.05473,0
0.04732,0
0.04940,0
0.07644,0
0.05591,0
0.06331,0
0.06687,0
0.05878,0
0.06354,0
0.05777,0
0.09684,0
0.11202,0
0.09208,0
0.09095,0
0.08862,0
0.08682,0
0.01837,0
0.02442,0
0.03979,0
0.05258,0
0.04343,0
0.04321,0
0.05498,0
0.02894,0
0.05864,0
0.07517,0
0.07918,0
0.07277,0
0.00808,0
0.02994,0
0.02718,0
0.03027,0
0.03255,0
0.03575,0
0.10178,0
0.11359,0
0.09090,0
0.07257,0
0.06906,0
0.07345,0
0.10545,0
0.02894,0
0.03282,0
0.03993,0
0.03495,0
0.03908,0
0.03686,0
0.03412,0
0.01837,0
0.02985,0
0.04094,0
0.02575,0
0.02615,0
0.02795,0
0.03080,0
0.13191,0
0.09159,0
0.06867,0
0.05139,0
0.04252,0
0.04631,0
0.05624,0
0.00808,0
0.02547,0
0.04301,0
0.05833,0
0.05080,0
0.04572,0
0.04595,0
0.01837,0
0.02442,0
0.02898,0
0.01510,0
0.02411,0
0.03205,0
0.03429,0
0.03588,0
0.07212,1
0.10097,1
0.09197,1
0.08324,1
0.07468,1
0.03588,0
0.02910,0
0.03653,0
0.04745,0
0.05514,0
0.05031,0
0.04550,0
0.00808,0
0.01952,0
0.02642,0
0.03598,0
0.04115,0
0.04642,0
0.01837,0
0.02442,0
0.02898,0
0.01510,0
0.02283,0
0.02946,0
0.03312,0
0.01006,0
0.01980,0
0.04178,0
0.03084,0
0.03127,0
0.03628,0
0.04330,0
0.03012,0
0.07957,1
0.06575,1
0.09525,1
0.09777,1
0.08608,1
0.09184,1
0.15417,0
0.11473,0
0.07542,0
0.05693,0
0.04850,0
0.05673,0
0.06263,0
0.12803,0
0.08310,0
0.07219,0
0.07337,0
0.06204,0
0.06446,0
0.09279,0
0.07176,0
0.04374,0
0.06040,0
0.05937,0
0.05123,0
0.05191,0
0.08940,0
0.08672,0
0.10049,0
0.08274,0
0.07805,0
0.07614,0
0.07575,0
0.01837,0
0.02995,0
0.02755,0
0.01636,0
0.02448,0
0.03173,0
0.01837,0
0.03676,0
0.02716,0
0.02021,0
0.02802,0
0.03245,0
0.01006,0
0.03072,0
0.02346,0
0.02139,0
0.02567,0
0.03652,0
0.09911,1
0.06183,1
0.05499,1
0.06063,1
0.01006,0
0.11652,1
0.11710,1
0.10587,1
0.10999,1
0.11656,1
0.08940,1
0.09832,1
0.11320,1
0.09332,1
0.08339,1
0.07913,1
0.00808,0
0.01952,0
0.02642,0
0.03049,0
0.03405,0
0.03741,0
0.00808,0
0.02547,0
0.04088,0
0.04555,0
0.04042,0
0.04474,0
0.05526,0
0.06775,0
0.06243,0
0.05956,0
0.07830,0
0.08633,0
0.08459,0
0.01006,0
0.01980,0
0.03470,0
0.02766,0
0.03380,0
0.03834,0
0.04149,0
0.11771,0
0.06028,0
0.04822,0
0.05457,0
0.04996,0
0.04634,0
0.05525,0
0.17608,0
0.12879,0
0.11657,0
0.10008,0
0.08494,0
0.07920,0
0.10021,0
0.07443,0
0.08340,0
0.06933,0
0.05094,0
0.05047,0
0.06570,0
0.01006,0
0.01906,0
0.02581,0
0.01204,0
0.02171,0
0.03000,0
0.03259,0
0.09991,0
0.09147,0
0.08547,0
0.06106,0
0.05707,0
0.07096,0
0.00808,0
0.02341,0
0.02239,0
0.01531,0
0.02159,0
0.02930,0
0.00808,0
0.03208,0
0.02355,0
0.01990,0
0.03264,0
0.03974,0
0.03044,0
0.03904,0
0.01914,0
0.01799,0
0.01939,0
0.00808,0
0.01735,0
0.02438,0
0.01136,0
0.01529,0
0.02225,0
0.03272,0
0.09215,0
0.06962,0
0.04963,0
0.05081,0
0.07772,0
0.10951,0
0.13034,0
0.08057,0
0.08422,0
0.06854,0
0.05741,0
0.06081,0
0.01006,0
0.02131,0
0.02250,0
0.02867,0
0.03988,0
0.04898,0
0.11442,0
0.11249,0
0.11243,0
0.11095,0
0.09966,0
0.08766,0
0.08508,0
0.07644,0
0.05591,0
0.06085,0
0.05279,0
0.04707,0
0.04951,0
0.00808,0
0.01735,0
0.03606,0
0.04859,0
0.03992,0
0.04560,0
0.04684,0
0.00808,0
0.02205,0
0.05385,0
0.07171,0
0.06337,0
0.06211,0
0.06435,0
0.00808,0
0.01735,0
0.02438,0
0.01136,0
0.01970,0
0.02903,0
0.03404,0
0.04596,1
0.05313,1
0.01837,0
0.02901,0
0.03441,0
0.03217,0
0.03907,0
0.04378,0
0.12976,0
0.10522,0
0.08305,0
0.06006,0
0.05951,0
0.08340,0
0.08940,0
0.08738,0
0.10801,0
0.09026,0
0.09055,0
0.08680,0
0.08585,0
0.07412,0
0.05600,0
0.03720,0
0.04111,0
0.04247,0
0.05426,0
0.06277,0
0.07443,1
0.06668,1
0.07791,1
0.08264,1
0.09663,1
0.09433,1
0.01006,0
0.05535,1
0.05638,1
0.06934,1
0.07354,1
0.09314,1
0.09525,1
0.18311,0
0.18253,0
0.12013,0
0.10220,0
0.08813,0
0.07859,0
0.08335,0
0.00808,0
0.02950,0
0.04737,0
0.03236,0
0.03116,0
0.03704,0
0.04246,0
0.04806,0
0.04276,0
0.04626,0
0.04328,0
0.04614,0
0.04371,0
0.04138,0
0.00808,0
0.01797,0
0.03837,0
0.06704,0
0.10457,0
0.10986,0
0.11375,0
0.00808,0
0.02341,0
0.02776,0
0.02459,0
0.03202,0
0.03554,0
0.01837,0
0.02985,0
0.04888,0
0.06675,1
0.08302,1
0.08462,1
0.05777,0
0.09684,0
0.12068,0
0.09712,0
0.10190,0
0.10251,0
0.09962,0
0.07176,0
0.03445,0
0.05055,0
0.05411,0
0.04723,0
0.04899,0
0.09536,0
0.16315,0
0.13655,0
0.10441,0
0.08695,0
0.08092,0
0.08742,0
0.10142,0
0.09082,0
0.07401,0
0.06301,0
0.06563,0
0.08835,0
0.09056,0
0.06190,0
0.05452,0
0.07247,0
0.09951,0
0.10224,0
0.00808,0
0.02994,0
0.02081,0
0.01613,0
0.01923,0
0.02629,0
0.01837,0
0.02700,0
0.03202,0
0.02865,0
0.03877,0
0.04475,0
0.00808,0
0.02889,0
0.02185,0
0.01716,0
0.02201,0
0.03420,0
0.00808,0
0.01952,0
0.02129,0
0.02777,0
0.03912,0
0.04833,0
0.12969,0
0.17841,0
0.14621,0
0.14521,0
0.13529,0
0.12354,0
0.11711,0
0.03012,0
0.03307,0
0.08691,1
0.09686,1
0.09851,1
0.08928,1
0.07882,1
0.00808,0
0.02341,0
0.02239,0
0.01531,0
0.02275,0
0.02997,0
0.01006,0
0.01906,0
0.02581,0
0.01204,0
0.01961,0
0.02572,0
0.02913,0
0.03012,0
0.02722,0
0.03839,0
0.03580,0
0.04180,0
0.03646,0
0.03331,0
0.09575,0
0.06643,0
0.04390,0
0.04715,0
0.08543,0
0.10821,0
0.00808,0
0.02994,0
0.02718,0
0.02956,0
0.03682,0
0.04426,0
0.13244,0
0.08748,0
0.07215,0
0.05181,0
0.05249,0
0.06613,0
0.10293,0
0.00808,0
0.03208,0
0.04406,0
0.03975,0
0.04544,0
0.04792,0
0.00808,0
0.02950,0
0.03978,0
0.02844,0
0.02379,0
0.02784,0
0.03561,0
0.12803,0
0.09126,0
0.07849,0
0.06976,0
0.06077,0
0.06305,0
0.09070,0
0.01837,0
0.03676,0
0.02716,0
0.02325,0
0.02347,0
0.03032,0
0.09991,0
0.09147,0
0.06920,0
0.05052,0
0.04884,0
0.06071,0
0.01006,0
0.03112,0
0.04571,0
0.06893,0
0.06277,0
0.06423,0
0.06367,0
0.01837,0
0.02700,0
0.02606,0
0.02454,0
0.02998,0
0.03821,0
0.00808,0
0.02994,0
0.02081,0
0.02137,0
0.03003,0
0.04191,0
0.00808,0
0.02547,0
0.02901,0
0.01506,0
0.02229,0
0.03169,0
0.03552,0
0.08102,0
0.05035,0
0.04619,0
0.04316,0
0.05018,0
0.05765,0
0.07112,0
0.08928,0
0.07959,0
0.05859,0
0.06023,0
0.07693,0
0.10774,0
0.11751,0
0.00808,0
0.02994,0
0.02081,0
0.02654,0
0.02826,0
0.03171,0
0.01837,0
0.02995,0
0.02755,0
0.01511,0
0.02504,0
0.03817,0
0.12441,0
0.09753,0
0.06633,0
0.06311,0
0.07602,0
0.10505,0
0.08446,0
0.06821,0
0.06515,0
0.05110,0
0.04362,0
0.05325,0
0.01837,0
0.03737,0
0.04576,0
0.03361,0
0.02951,0
0.03826,0
0.04304,0
0.08503,0
0.04849,1
0.07079,1
0.05860,1
0.05919,1
0.06929,1
0.07641,1
0.01837,0
0.02700,0
0.02606,0
0.01992,0
0.03267,0
0.03820,0
0.08156,0
0.06709,0
0.04306,0
0.04812,0
0.07485,0
0.09959,0
0.00808,0
0.02994,0
0.02718,0
0.02938,0
0.03329,0
0.03576,0
0.11197,0
0.08286,0
0.06054,0
0.05439,0
0.04920,0
0.04291,0
0.04541,0
0.02894,0
0.11289,1
0.09367,1
0.09909,1
0.09453,1
0.11709,0
0.11349,0
0.08269,0
0.08771,0
0.08457,0
0.07613,0
0.07885,0
0.00808,0
0.02950,0
0.04478,0
0.03001,0
0.02738,0
0.03337,0
0.03674,0
0.10496,1
0.06140,1
0.11498,1
0.12479,1
0.11943,1
0.10329,1
0.09891,1
0.08824,1
0.09612,1
0.09614,0
0.09216,0
0.11861,0
0.09401,0
0.08685,0
0.08095,0
0.08102,0
0.03012,0
0.02722,0
0.03464,0
0.03107,0
0.03797,0
0.03397,0
0.03135,0
0.21126,0
0.10052,0
0.08890,0
0.08440,0
0.06945,0
0.07222,0
0.17239,0
0.12626,0
0.10837,0
0.09089,0
0.07990,0
0.08288,0
0.01006,0
0.02348,0
0.02298,0
0.01587,0
0.02261,0
0.03054,0
0.00808,0
0.07174,0
0.07704,0
0.08648,0
0.08985,0
0.10152,0
0.11051,0
0.10215,0
0.08007,0
0.07070,0
0.07140,0
0.06163,0
0.05917,0
0.07534,0
0.01006,0
0.02495,0
0.04494,0
0.05929,0
0.05291,0
0.05216,0
0.05301,0
0.08102,0
0.05035,0
0.04619,0
0.04501,0
0.05653,0
0.06668,0
0.07490,0
0.00808,0
0.01797,0
0.04044,0
0.03201,0
0.03610,0
0.04997,0
0.04974,0
0.00808,0
0.02205,0
0.03991,0
0.05322,0
0.05248,0
0.06241,0
0.06375,0
0.00808,0
0.06853,0
0.06758,0
0.07219,0
0.08575,0
0.09275,0
0.10356,0
0.01837,0
0.02900,0
0.05092,0
0.07448,0
0.06718,0
0.07450,0
0.07552,0
0.09991,0
0.08506,0
0.06700,0
0.05096,0
0.04933,0
0.06494,0
0.00808,0
0.02341,0
0.02776,0
0.02459,0
0.03202,0
0.04048,0
0.00808,0
0.02341,0
0.02776,0
0.01980,0
0.02734,0
0.03369,0
0.11247,0
0.08069,0
0.06887,0
0.06101,0
0.05392,0
0.06640,1
0.07943,1
0.08508,1
0.10852,1
0.10829,1
0.08343,0
0.07773,0
0.07799,0
0.07236,0
0.06862,0
0.06669,0
0.03012,0
0.03621,0
0.04248,0
0.04940,0
0.04771,0
0.04235,0
0.03842,0
0.03044,0
0.03396,0
0.03646,0
0.03369,0
0.03542,0
0.03676,0
0.03604,0
0.00808,0
0.02889,0
0.02185,0
0.01661,0
0.02855,0
0.03525,0
0.01837,0
0.02700,0
0.03202,0
0.02865,0
0.03877,0
0.04245,0
0.00808,0
0.01952,0
0.02129,0
0.02060,0
0.02832,0
0.03273,0
0.09814,0
0.07462,0
0.05699,0
0.05760,0
0.05806,0
0.05979,0
0.08224,0
0.06660,0
0.07550,0
0.06547,0
0.05618,0
0.05802,0
0.06871,0
0.01837,0
0.03676,0
0.02716,0
0.02021,0
0.03580,0
0.04221,0
0.10643,0
0.08405,0
0.06250,0
0.04634,0
0.04014,0
0.04382,0
0.05389,0
0.01837,0
0.02700,0
0.03202,0
0.03442,0
0.03982,0
0.04730,0
0.21126,0
0.12223,0
0.09208,0
0.07419,0
0.06083,0
0.06377,0
0.03044,0
0.03397,0
0.04612,0
0.03413,0
0.04312,0
0.03861,0
0.03542,0
0.00808,0
0.02341,0
0.02776,0
0.01980,0
0.03174,0
0.04129,0
0.08503,0
0.06208,0
0.04771,0
0.05474,0
0.05356,0
0.05676,0
0.02894,0
0.03818,0
0.04922,0
0.04160,0
0.04569,0
0.04124,0
0.03768,0
0.14558,0
0.07281,0
0.05598,0
0.05735,0
0.05044,0
0.04568,0
0.05364,0
0.00808,0
0.02341,0
0.02239,0
0.03132,1
0.04457,1
0.05329,1
0.10045,0
0.07914,0
0.07616,0
0.06125,0
0.05256,0
0.05538,0
0.02894,0
0.03818,0
0.04168,0
0.04791,0
0.05050,0
0.04758,0
0.04370,0
0.00808,0
0.02889,0
0.02185,0
0.01661,0
0.02492,0
0.03252,0
0.03588,0
0.03843,0
0.02805,0
0.02755,0
0.02769,0
0.00808,0
0.01735,0
0.03683,0
0.04489,0
0.04680,0
0.05121,0
0.05664,0
0.03044,0
0.03904,0
0.01914,0
0.01799,0
0.01939,0
0.02894,0
0.08165,0
0.08421,0
0.09983,0
0.09017,0
0.11977,0
0.12353,0
0.00808,0
0.02547,0
0.02901,0
0.01506,0
0.02414,0
0.03122,0
0.03363,0
0.00808,0
0.02547,0
0.03898,0
0.05210,0
0.03952,0
0.04182,0
0.04796,0
0.02894,0
0.02751,0
0.03628,0
0.04797,0
0.05077,0
0.04479,0
0.04142,0
0.01006,0
0.02131,0
0.02809,0
0.03139,0
0.03563,0
0.04166,0
0.17402,0
0.09461,0
0.07206,0
0.05217,0
0.05553,0
0.09968,0
0.00808,0
0.02135,0
0.02967,0
0.02927,0
0.02779,1
0.04690,1
0.05523,1
0.03012,0
0.03307,0
0.03744,0
0.03459,0
0.04365,0
0.03952,0
0.03689,0
0.02894,0
0.04753,0
0.04300,0
0.05218,0
0.05596,0
0.06192,0
0.07102,0
0.00808,0
0.02341,0
0.02239,0
0.01271,0
0.02616,0
0.03191,0
0.00808,0
0.03208,0
0.02355,0
0.02102,0
0.02968,0
0.03372,0
0.01837,0
0.02985,0
0.04387,0
0.05550,0
0.03866,0
0.04417,1
0.04999,1
0.01006,0
0.01906,0
0.03225,0
0.01849,0
0.02431,0
0.02708,0
0.03002,0
0.06775,0
0.06616,0
0.07461,0
0.07277,0
0.08000,0
0.08099,0
0.01837,0
0.02700,0
0.03202,0
0.03442,0
0.03902,0
0.04405,0
0.01006,0
0.02348,0
0.02298,0
0.01587,0
0.02205,0
0.03115,0
0.01006,0
0.02348,0
0.02298,0
0.01587,0
0.02450,0
0.03411,0
0.01845,1
0.04644,1
0.05082,1
0.04502,1
0.05147,1
0.04903,1
0.04578,1
0.15640,0
0.11664,0
0.08415,0
0.05841,0
0.05712,0
0.07971,0
0.09925,0
0.07987,0
0.07644,0
0.05515,0
0.05681,0
0.08257,0
0.09725,0
0.07002,0
0.04783,0
0.04805,0
0.06521,0
0.09064,0
0.10051,0
0.12976,0
0.11344,0
0.07915,0
0.05814,0
0.05892,0
0.08284,0
0.03044,0
0.03121,0
0.02434,0
0.02330,0
0.02545,0
0.09911,0
0.06183,0
0.05187,0
0.05578,0
0.10982,0
0.13191,0
0.09569,0
0.07013,0
0.05459,0
0.04740,0
0.04600,0
0.06489,0
0.03044,0
0.03397,0
0.03852,0
0.04566,0
0.04173,0
0.03962,0
0.03631,0
0.10142,0
0.09082,0
0.07258,0
0.06277,0
0.06447,0
0.13673,0
0.07861,0
0.05270,0
0.04594,0
0.04737,0
0.05628,0
0.06999,0
0.19104,0
0.13449,0
0.15057,1
0.12735,1
0.12687,1
0.12338,1
0.12886,1
0.14629,1
0.03012,0
0.03661,0
0.01851,0
0.01798,0
0.02046,0
0.01006,0
0.03112,0
0.04898,0
0.04314,0
0.04128,0
0.04306,0
0.04486,0
0.12434,0
0.12028,0
0.07732,0
0.06994,0
0.06176,0
0.05568,0
0.05798,0
0.08503,0
0.05143,0
0.03057,0
0.03330,0
0.03565,0
0.04085,0
0.00808,0
0.02994,0
0.02081,0
0.02129,0
0.03420,0
0.04025,0
0.00808,0
0.11103,1
0.12381,1
0.11521,1
0.08224,1
0.07029,1
0.07529,1
0.09629,1
0.12415,1
0.10389,1
0.09472,1
0.01006,0
0.03072,0
0.02346,0
0.01750,0
0.03355,0
0.03743,0
0.07305,0
0.04903,0
0.04281,0
0.05985,0
0.09622,0
0.01837,0
0.03827,0
0.02482,0
0.01969,0
0.02036,0
0.02733,0
0.00808,0
0.02994,0
0.02081,0
0.02176,0
0.02737,0
0.03086,0
0.08503,0
0.05143,0
0.03111,0
0.03798,0
0.05141,0
0.05503,0
0.03012,0
0.03168,0
0.03806,0
0.04353,0
0.03852,0
0.03774,0
0.03692,0
0.08393,0
0.04746,0
0.03988,0
0.04482,0
0.04494,0
0.08223,0
0.08812,0
0.01006,0
0.03112,0
0.04641,0
0.03534,0
0.03930,0
0.04837,0
0.05195,0
0.00808,0
0.02341,0
0.02239,0
0.01150,0
0.02418,0
0.02991,0
0.08095,0
0.07673,0
0.05197,0
0.05202,0
0.06492,0
0.09536,0
0.00808,0
0.01797,0
0.04335,0
0.02977,0
0.02965,0
0.03380,0
0.04117,0
0.11544,0
0.11187,0
0.08668,0
0.07810,0
0.07445,0
0.06821,0
0.07458,0
0.24277,0
0.17764,0
0.14112,0
0.12277,0
0.10998,0
0.10451,0
0.11779,0
0.01837,0
0.02442,0
0.03969,0
0.04749,0
0.04182,0
0.04825,0
0.04791,0
0.03044,0
0.03904,0
0.01914,0
0.01799,0
0.01939,0
0.08343,0
0.09261,0
0.08361,0
0.06801,0
0.06344,0
0.05925,0
0.03588,0
0.03954,0
0.03781,0
0.03069,0
0.03932,0
0.03512,0
0.03220,0
0.08697,0
0.08898,0
0.06760,0
0.06541,0
0.06141,0
0.06251,0
0.12560,0
0.07908,0
0.05237,0
0.05233,0
0.06042,0
0.06653,0
0.07250,0
0.13969,0
0.10674,0
0.09280,0
0.09166,0
0.08334,0
0.07496,0
0.07362,0
0.03012,0
0.02937,0
0.03226,0
0.02963,0
0.03231,0
0.03299,0
0.03086,0
0.00808,0
0.03208,0
0.02355,0
0.01990,0
0.03546,0
0.03916,0
0.03012,0
0.03168,0
0.04400,0
0.04917,0
0.04841,0
0.04117,0
0.03672,0
0.00808,0
0.02994,0
0.02081,0
0.01929,0
0.02417,0
0.03012,0
0.06775,0
0.06262,0
0.07868,0
0.10416,0
0.10671,0
0.13034,0
0.08057,0
0.07746,0
0.06714,0
0.05535,0
0.05901,0
0.00808,1
0.02889,1
0.02185,1
0.05183,1
0.10529,1
0.11452,1
0.00808,0
0.07238,1
0.06329,1
0.07256,1
0.08883,1
0.09339,1
0.03012,0
0.03168,0
0.03528,0
0.02783,0
0.03127,0
0.03269,0
0.03074,0
0.15640,0
0.11699,0
0.09009,0
0.06715,0
0.06571,0
0.08839,0
0.03044,0
0.03397,0
0.03938,0
0.03673,0
0.03777,0
0.03491,0
0.03254,0
0.00808,0
0.02994,0
0.02081,0
0.01929,0
0.02872,0
0.03203,0
0.08579,0
0.09550,0
0.07941,0
0.08070,0
0.07468,0
0.06785,0
0.07225,0
0.01006,0
0.02131,0
0.02809,0
0.02602,0
0.02459,1
0.04896,1
0.05621,1
0.09622,0
0.07810,0
0.08769,0
0.07338,0
0.07590,0
0.08660,0
0.08924,0
0.02894,0
0.03282,0
0.03335,0
0.02976,0
0.03238,0
0.03400,0
0.03348,0
0.03044,0
0.03397,0
0.03858,0
0.03332,0
0.03760,0
0.03535,0
0.03399,0
0.01837,0
0.02901,0
0.03441,0
0.03721,0
0.04046,0
0.04224,0
0.00808,0
0.02889,0
0.04428,0
0.03837,0
0.04334,0
0.04953,0
0.00808,0
0.03208,0
0.02355,0
0.02320,0
0.02828,0
0.03364,0
0.01837,0
0.02995,0
0.02755,0
0.01909,0
0.02672,0
0.03098,0
0.00808,0
0.01735,0
0.02438,0
0.01136,0
0.01963,0
0.03055,0
0.03287,0
0.09614,0
0.10949,0
0.11794,0
0.10373,0
0.11117,0
0.10709,0
0.10397,0
0.00808,0
0.01735,0
0.03384,0
0.04548,0
0.04073,0
0.04444,0
0.04521,0
0.07092,0
0.05767,0
0.03752,0
0.04373,0
0.04060,0
0.04724,0
0.05729,0
0.06775,0
0.06547,0
0.08160,0
0.10674,0
0.10958,0
0.03012,0
0.06433,1
0.05788,1
0.03012,0
0.03661,0
0.01851,0
0.01789,0
0.01924,0
0.09924,0
0.07607,0
0.06029,0
0.05531,0
0.06007,0
0.05654,0
0.06429,0
0.11771,0
0.06028,0
0.04684,0
0.05035,0
0.04498,0
0.04150,0
0.05047,0
0.02694,1
0.04551,1
0.05273,1
0.05443,1
0.06010,1
0.06385,1
0.07563,1
0.11197,0
0.08286,0
0.06865,0
0.06313,0
0.05416,0
0.04687,0
0.04886,0
0.00808,0
0.02950,0
0.04478,0
0.03001,0
0.02459,0
0.02840,0
0.03252,0
0.01006,0
0.05050,0
0.04480,0
0.06460,0
0.07432,0
0.10458,0
0.11069,0
0.02894,0
0.03668,0
0.01728,0
0.01733,0
0.01882,0
0.01837,0
0.03676,0
0.02716,0
0.02021,0
0.02752,0
0.03880,0
0.01006,0
0.02131,0
0.02250,0
0.01755,0
0.02994,0
0.03760,0
0.00808,0
0.02547,0
0.02901,0
0.01506,0
0.02152,0
0.02479,0
0.02840,0
0.04806,0
0.05298,0
0.02656,0
0.02438,0
0.02567,0
0.08095,0
0.07673,0
0.05197,0
0.05130,0
0.06223,0
0.07572,0
0.11928,0
0.09997,0
0.06372,0
0.06037,0
0.06888,0
0.10072,0
0.13532,0
0.07019,0
0.04617,0
0.03987,0
0.04276,0
0.04674,0
0.06047,0
0.01006,0
0.02348,0
0.02854,0
0.02017,0
0.02603,0
0.04000,0
0.08224,0
0.07010,0
0.07156,0
0.05838,0
0.05117,0
0.05471,0
0.06665,0
0.00808,0
0.01952,0
0.02129,0
0.02060,0
0.02719,0
0.03545,0
0.08343,0
0.07773,0
0.08277,0
0.07975,0
0.07955,0
0.07394,0
0.17085,0
0.10615,0
0.08881,0
0.07221,0
0.06114,0
0.05990,0
0.06835,0
0.10595,0
0.09320,0
0.06336,0
0.06786,0
0.09059,0
0.11430,0
0.00808,0
0.02994,0
0.04340,1
0.11213,1
0.12655,1
0.10655,1
0.11389,1
0.08224,0
0.05495,0
0.05160,0
0.04237,0
0.03650,0
0.03685,0
0.05049,0
0.10214,0
0.09672,0
0.06399,0
0.06074,0
0.07181,0
0.09980,0
0.11833,1
0.16645,1
0.12942,1
0.11461,1
0.11829,1
0.10994,1
0.10012,1
0.01837,0
0.02995,0
0.02755,0
0.01511,0
0.02302,0
0.03694,0
0.00808,0
0.02994,0
0.02081,0
0.01959,0
0.02746,0
0.03445,0
0.08224,0
0.05495,0
0.05060,0
0.04463,0
0.03810,0
0.04165,0
0.05356,0
0.00808,0
0.02547,0
0.02901,0
0.01506,0
0.02152,0
0.02430,0
0.02783,0
0.00808,0
0.04872,0
0.04428,0
0.05440,0
0.05423,0
0.06281,0
0.06613,0
0.01837,0
0.03676,0
0.02716,0
0.02112,0
0.03038,0
0.03727,0
0.03012,0
0.03661,0
0.01851,0
0.01789,0
0.01924,0
0.00808,0
0.02341,0
0.02239,0
0.02427,0
0.03187,0
0.03476,0
0.00808,0
0.02994,0
0.02081,0
0.01744,0
0.02719,0
0.03440,0
0.00808,0
0.01952,0
0.02129,0
0.01663,0
0.03129,0
0.04171,0
0.03044,0
0.03581,0
0.04369,0
0.05137,0
0.04423,0
0.04240,0
0.04077,0
0.00808,0
0.02341,0
0.02776,0
0.02459,0
0.03538,0
0.04358,0
0.08232,0
0.06990,0
0.05206,0
0.09809,1
0.09736,1
0.09551,1
0.10227,1
0.10088,1
0.00808,0
0.01735,0
0.02438,0
0.01136,0
0.01529,0
0.02284,0
0.02577,0
0.13360,0
0.07547,0
0.05117,0
0.04617,0
0.06025,0
0.06519,0
0.08051,0
0.08697,0
0.07524,0
0.06200,0
0.05929,0
0.05539,0
0.08380,1
0.08929,1
0.09277,1
0.09311,1
0.29620,0
0.18506,0
0.12659,0
0.09529,0
0.08083,0
0.07506,0
0.08130,0
0.03044,0
0.03007,0
0.03809,0
0.03252,0
0.03734,0
0.03669,0
0.03528,0
0.08503,0
0.05143,0
0.03619,0
0.04524,0
0.05376,0
0.05647,0
0.00808,0
0.02547,0
0.03607,0
0.06023,0
0.04992,0
0.04895,0
0.05864,0
0.03588,0
0.04937,0
0.02330,0
0.02254,0
0.02292,0
0.01006,0
0.03193,0
0.02090,0
0.01997,0
0.02611,0
0.03346,0
0.09614,0
0.08118,0
0.10152,0
0.09010,0
0.09378,0
0.08648,0
0.08461,0
0.00808,0
0.02205,0
0.04850,0
0.03673,0
0.03052,0
0.03413,0
0.04059,0
0.00808,0
0.02547,0
0.03898,0
0.05299,0
0.04398,0
0.04426,0
0.04539,0
0.08393,0
0.04746,0
0.04234,0
0.04327,0
0.05422,0
0.06517,0
0.07321,0
0.01837,1
0.05964,1
0.06514,1
0.07521,1
0.07820,1
0.08757,1
0.09741,1
0.08665,1
0.00808,0
0.01735,0
0.02438,0
0.02417,1
0.08068,1
0.08986,1
0.08009,1
0.08232,1
0.08538,1
0.03012,0
0.03085,0
0.04312,0
0.06988,0
0.08545,0
0.08850,0
0.09997,0
0.00808,0
0.02889,0
0.02185,0
0.01716,0
0.02935,0
0.03301,0
0.01837,0
0.04016,0
0.05692,0
0.07062,0
0.06945,0
0.08064,0
0.15012,0
0.12580,0
0.09577,0
0.08178,0
0.08933,0
0.07941,0
0.07891,0
0.00808,0
0.01735,0
0.03479,0
0.05657,0
0.07716,0
0.07597,0
0.08301,0
0.15132,0
0.16229,0
0.14151,0
0.11400,0
0.09505,0
0.08707,0
0.08966,0
0.11771,0
0.06028,0
0.04337,0
0.03884,0
0.03539,0
0.03445,0
0.04473,0
0.00808,0
0.01735,0
0.03096,0
0.01787,0
0.02590,0
0.03331,0
0.03534,0
0.01006,0
0.03193,0
0.02090,0
0.02227,0
0.02885,0
0.03466,0
0.09575,0
0.06643,0
0.04390,0
0.04715,0
0.07375,0
0.09910,0
0.01837,0
0.02562,0
0.03648,0
0.03108,0
0.02731,0
0.03343,0
0.03695,0
0.03012,0
0.02937,0
0.03510,0
0.04253,0
0.03770,0
0.08305,1
0.10022,1
0.11901,1
0.11758,1
0.03012,0
0.03661,0
0.01851,0
0.01789,0
0.01924,0
0.00808,0
0.06398,1
0.07022,1
0.08434,1
0.08636,1
0.09950,1
0.13771,1
0.02894,0
0.02910,0
0.02215,0
0.02205,0
0.02455,0
0.09911,0
0.06183,0
0.05534,0
0.05347,0
0.11155,0
0.12393,0
0.09075,0
0.06125,0
0.04471,0
0.04158,0
0.05557,0
0.08875,0
0.01006,0
0.01906,0
0.03255,0
0.05732,0
0.04957,0
0.04888,0
0.04933,0
0.02894,0
0.06419,0
0.08219,0
0.08524,0
0.07643,0
0.00808,0
0.05600,0
0.04957,0
0.05881,0
0.05852,0
0.06567,0
0.06872,0
0.12234,0
0.06986,0
0.04876,0
0.04577,0
0.04710,0
0.05158,0
0.06857,0
0.00808,0
0.02205,0
0.04897,0
0.04547,0
0.04670,0
0.04899,0
0.05440,0
0.02894,0
0.03294,0
0.04265,0
0.03934,0
0.04685,0
0.04092,0
0.03675,0
0.10045,0
0.07914,0
0.07258,0
0.05649,0
0.04758,0
0.05326,0
0.01006,0
0.03193,0
0.02090,0
0.01836,0
0.02830,0
0.03540,0
0.10471,0
0.08119,0
0.07439,0
0.06130,0
0.05308,0
0.05413,0
0.16316,0
0.10980,0
0.09151,0
0.07371,0
0.07220,0
0.08924,0
0.12143,0
0.07644,0
0.04434,0
0.05772,0
0.05985,0
0.05304,0
0.05399,0
0.00808,0
0.02547,0
0.03898,0
0.05210,0
0.04233,0
0.04691,0
0.04797,0
0.02894,0
0.02797,0
0.04274,0
0.04918,0
0.04922,0
0.04349,0
0.04048,0
0.00808,0
0.02889,0
0.02185,0
0.01661,0
0.02855,0
0.03696,0
0.12434,0
0.12028,0
0.07799,0
0.07804,0
0.06840,0
0.06236,0
0.06810,0
0.10142,0
0.09082,0
0.07401,0
0.06301,0
0.06563,0
0.12441,0
0.10838,0
0.07157,0
0.06711,0
0.07660,0
0.08808,0
0.00808,0
0.02994,0
0.02081,0
0.03179,0
0.03621,0
0.04209,0
0.03012,0
0.03401,0
0.04459,0
0.07531,0
0.07869,0
0.08759,0
0.09478,0
0.08232,0
0.06990,0
0.06047,0
0.06364,0
0.06171,0
0.06138,0
0.12669,0
0.09798,0
0.06861,0
0.05050,0
0.04262,0
0.04963,0
0.05694,0
0.01006,0
0.02348,0
0.02298,0
0.01587,0
0.02165,0
0.02917,0
0.10496,0
0.10103,0
0.08550,0
0.05680,0
0.04638,0
0.04607,0
0.05584,0
0.13673,0
0.07861,0
0.05270,0
0.04594,0
0.04875,0
0.05488,0
0.07226,0
0.11771,0
0.06028,0
0.05033,0
0.05285,0
0.05938,0
0.05409,0
0.06164,0
0.13532,0
0.07019,0
0.04617,0
0.03987,0
0.04574,0
0.05118,0
0.08699,0
0.09614,0
0.09078,0
0.10789,0
0.08742,0
0.08504,0
0.08236,0
0.08204,0
0.00808,0
0.01952,0
0.02642,0
0.02480,0
0.02993,0
0.03498,0
0.03044,0
0.03396,0
0.05769,0
0.07535,0
0.09416,0
0.08796,0
0.07876,0
0.11771,0
0.06028,0
0.04822,0
0.05468,0
0.06535,0
0.06080,0
0.06841,0
0.10121,0
0.08660,0
0.06153,0
0.04576,0
0.04049,0
0.03945,0
0.05822,0
0.00808,0
0.02547,0
0.03611,0
0.02186,0
0.02920,0
0.03552,0
0.03704,0
0.08980,0
0.09463,0
0.07767,0
0.06657,0
0.05978,0
0.05355,0
0.05616,0
0.03588,0
0.05308,0
0.09037,0
0.05754,0
0.04775,0
0.06775,0
0.06262,0
0.08440,0
0.11410,0
0.11497,0
0.00808,0
0.02950,0
0.04026,0
0.05203,0
0.04360,0
0.04886,0
0.05293,0
0.01837,0
0.02995,0
0.02755,0
0.01909,0
0.02464,0
0.03208,0
0.10754,1
0.07743,1
0.05141,1
0.06071,1
0.05862,1
0.06246,1
0.08343,0
0.07773,0
0.09073,0
0.08835,0
0.09262,0
0.08776,0
0.01837,0
0.02995,0
0.02755,0
0.01636,0
0.02472,0
0.03213,0
0.00808,0
0.02994,0
0.02081,0
0.01744,0
0.02493,0
0.03176,0
0.03588,0
0.03556,0
0.04157,0
0.05221,0
0.04902,0
0.04330,0
0.03943,0
0.01006,0
0.02348,0
0.03113,0
0.03004,0
0.03315,0
0.03791,0
0.01837,0
0.03986,0
0.02946,0
0.02614,0
0.03311,0
0.03928,0
0.03588,0
0.04655,0
0.04460,0
0.03628,0
0.04037,0
0.03704,0
0.03428,0
0.12463,0
0.09957,0
0.06851,0
0.04728,0
0.04297,0
0.06169,0
0.07343,0
0.17269,0
0.10315,0
0.07723,0
0.05849,0
0.06033,0
0.10481,0
0.04806,0
0.07761,1
0.09668,1
0.12242,1
0.10720,1
0.09404,1
0.08324,1
0.08503,0
0.05143,0
0.03619,0
0.04524,0
0.04940,0
0.05271,0
0.08224,0
0.07029,0
0.07383,0
0.06301,0
0.05248,0
0.04963,0
0.06086,0
0.00808,0
0.02547,0
0.04239,0
0.07098,0
0.07464,0
0.07981,0
0.09320,0
0.10186,0
0.08532,0
0.07961,0
0.06750,0
0.05725,0
0.05641,0
0.06769,0
0.01837,0
0.03676,0
0.02716,0
0.02440,0
0.02415,0
0.02829,0
0.00808,0
0.09321,1
0.08526,1
0.09127,1
0.09088,1
0.08803,1
0.08567,1
0.03012,0
0.04842,0
0.07582,0
0.04000,0
0.03350,0
0.17085,0
0.11872,0
0.09986,0
0.08842,0
0.07193,0
0.07287,0
0.08117,0
0.03012,0
0.05076,0
0.04409,0
0.05405,0
0.06825,0
0.06967,0
0.07636,0
0.17085,0
0.10668,0
0.08769,0
0.08013,0
0.06514,0
0.06240,0
0.07156,0
0.02894,0
0.03032,0
0.03591,0
0.03579,0
0.03984,0
0.03894,0
0.03730,0
0.00808,0
0.03208,0
0.02355,0
0.02326,0
0.03272,0
0.04237,0
0.00808,0
0.05770,0
0.04805,0
0.06304,0
0.06501,0
0.08360,0
0.09393,0
0.00808,0
0.01735,0
0.02438,0
0.01136,0
0.02111,0
0.02945,0
0.03213,0
0.00808,0
0.02341,0
0.03102,0
0.03591,0
0.03967,0
0.04380,0
0.09622,0
0.07417,0
0.04973,0
0.03507,0
0.03559,0
0.03508,0
0.03867,0
0.03044,0
0.03254,0
0.03587,0
0.03388,0
0.03810,0
0.03674,0
0.03514,0
0.09911,0
0.06183,0
0.05534,0
0.05841,0
0.11155,0
0.00808,0
0.01735,0
0.03432,0
0.03856,0
0.03579,0
0.03774,0
0.03953,0
0.00808,0
0.02994,0
0.02718,0
0.03495,0
0.04275,0
0.04733,0
0.10858,1
0.10264,1
0.09222,1
0.16171,1
0.13649,1
0.13219,1
0.12464,1
0.12997,0
0.17615,0
0.14120,0
0.12990,0
0.11980,0
0.10878,0
0.10416,0
0.01837,0
0.03737,0
0.05152,0
0.04233,0
0.03686,0
0.04328,0
0.04828,0
0.11493,0
0.08889,0
0.05931,0
0.05895,0
0.06847,0
0.08026,0
0.07176,1
0.04374,1
0.04620,1
0.04661,1
0.06472,0
0.07188,0
0.06975,0
0.04711,0
0.04616,0
0.06272,0
0.01837,0
0.02995,0
0.02755,0
0.01636,0
0.02238,0
0.03037,0
0.11481,0
0.09745,0
0.06289,0
0.06084,0
0.08235,0
0.10443,0
0.08503,0
0.06208,0
0.04054,0
0.05536,0
0.05527,0
0.05725,0
0.00808,0
0.01797,0
0.03366,0
0.02626,0
0.02631,0
0.03386,0
0.04148,0
0.03588,0
0.05370,0
0.05603,0
0.06760,0
0.11408,0
0.11564,0
0.12505,0
0.01006,0
0.02348,0
0.02298,0
0.01193,0
0.02732,0
0.03293,0
0.00808,0
0.02341,0
0.02776,0
0.02075,0
0.03360,0
0.04324,0
0.14951,0
0.13989,0
0.10725,0
0.08995,0
0.08272,0
0.10717,1
0.10930,1
0.11054,1
0.11064,1
0.11056,1
0.00808,0
0.02341,0
0.02239,0
0.01531,0
0.02120,0
0.03392,0
0.13034,0
0.09716,0
0.07851,0
0.07771,0
0.06257,0
0.06417,0
0.06472,0
0.06225,0
0.05576,0
0.04352,0
0.04433,0
0.06324,0
0.03044,0
0.03396,0
0.03646,0
0.04001,0
0.04386,0
0.04213,0
0.03907,0
0.10542,0
0.09447,0
0.06903,0
0.05175,0
0.05172,0
0.05933,0
0.09313,0
0.00808,0
0.01735,0
0.03479,0
0.07223,0
0.11016,0
0.11354,0
0.11481,0
0.02894,0
0.04863,0
0.06287,0
0.06761,0
0.06211,0
0.03044,0
0.03121,0
0.02434,0
0.02330,0
0.02545,0
0.01837,0
0.02442,0
0.03176,0
0.04402,0
0.04169,0
0.05080,0
0.05590,0
0.20212,0
0.14473,0
0.12922,0
0.10852,0
0.09000,0
0.08885,0
0.09696,0
0.11324,0
0.08607,0
0.05452,0
0.05464,0
0.07954,0
0.09307,0
0.09622,0
0.09229,0
0.12069,0
0.10143,0
0.09601,0
0.09294,0
0.09007,0
0.00808,0
0.02341,0
0.03102,0
0.02958,0
0.04001,0
0.04200,0
0.10362,0
0.08421,0
0.06926,0
0.06147,0
0.05363,0
0.04743,0
0.04993,0
0.10721,0
0.08015,0
0.05458,0
0.03870,0
0.03813,0
0.05022,0
0.08381,0
0.03012,0
0.03661,0
0.01851,0
0.01798,0
0.02046,0
0.09622,0
0.06793,0
0.05738,0
0.04817,0
0.05440,0
0.05061,0
0.05287,0
0.05777,0
0.09684,0
0.11202,0
0.09208,0
0.09086,0
0.08839,0
0.08771,0
0.00808,0
0.02994,0
0.02081,0
0.01744,0
0.02624,0
0.03353,0
0.12969,0
0.17251,0
0.13900,0
0.12695,0
0.11736,0
0.10923,0
0.10714,0
0.01006,0
0.03193,0
0.02090,0
0.01812,0
0.02080,0
0.02522,0
0.03012,0
0.03661,0
0.01851,0
0.01789,0
0.01924,0
0.07305,0
0.04903,0
0.04605,0
0.04874,0
0.08620,0
0.00808,0
0.02341,0
0.02239,0
0.01531,0
0.02400,0
0.03368,0
0.00808,0
0.02889,0
0.02185,0
0.01661,0
0.02454,0
0.03626,0
0.09849,0
0.08701,0
0.07486,0
0.06385,0
0.05582,0
0.04929,0
0.05187,0
0.00808,0
0.02994,0
0.02081,0
0.01949,0
0.02523,0
0.02876,0
0.01006,0
0.03329,0
0.02538,0
0.02098,0
0.03727,0
0.04045,0
0.04806,0
0.05298,0
0.02656,0
0.02438,0
0.02567,0
0.23474,0
0.16987,0
0.13900,0
0.11866,0
0.10576,0
0.10448,0
0.11704,0
0.07176,0
0.03588,0
0.03991,0
0.03835,0
0.03532,0
0.03985,0
0.00808,0
0.03208,0
0.02355,0
0.01990,0
0.03181,0
0.04261,0
0.01837,0
0.03827,0
0.02482,0
0.02525,0
0.03910,0
0.04469,0
0.02310,1
0.05047,1
0.09511,1
0.07518,1
0.12054,1
0.11531,1
0.10652,1
0.14202,0
0.13701,0
0.12739,0
0.10121,0
0.09220,0
0.00808,0
0.01735,0
0.03090,0
0.05608,0
0.05246,0
0.05440,0
0.05349,0
0.01006,0
0.03329,0
0.02538,0
0.02248,0
0.03387,0
0.03449,0
0.00808,0
0.01952,0
0.02642,0
0.02514,0
0.03261,0
0.04073,0
0.01837,0
0.05071,0
0.06200,0
0.06262,0
0.06068,0
0.07233,0
0.12393,0
0.09236,0
0.06488,0
0.05089,0
0.04880,0
0.05610,0
0.08957,0
0.00808,0
0.01797,0
0.04044,0
0.03201,0
0.02993,0
0.03807,0
0.04125,0
0.01006,0
0.02495,0
0.04213,0
0.05845,0
0.05236,0
0.05734,0
0.05699,0
0.09622,0
0.10763,0
0.12939,0
0.11458,0
0.10596,0
0.09269,0
0.08938,0
0.12969,0
0.17251,0
0.13900,0
0.13805,0
0.12462,0
0.11354,0
0.10981,0
0.08393,0
0.04746,0
0.04012,0
0.04053,0
0.05185,0
0.06118,0
0.06837,0
0.00808,0
0.01952,0
0.03119,0
0.02897,0
0.03499,0
0.03908,0
0.09622,0
0.07417,0
0.04973,0
0.04149,0
0.04553,0
0.05214,0
0.05383,0
0.01837,0
0.03827,0
0.03191,0
0.03095,0
0.03449,0
0.03913,0
0.02480,1
0.04966,1
0.08889,1
0.12091,1
0.09891,1
0.11160,1
0.10673,1
0.01006,0
0.07702,1
0.08986,1
0.09538,1
0.09556,1
0.10585,1
0.01837,0
0.07148,0
0.07389,0
0.07538,0
0.07803,0
0.08351,0
0.10721,0
0.08015,0
0.05629,0
0.04316,0
0.04148,0
0.05357,0
0.08677,0
0.03044,0
0.03263,0
0.04002,0
0.03395,0
0.03750,0
0.03903,0
0.03807,0
0.08393,0
0.04746,0
0.04234,0
0.04741,0
0.04659,0
0.07787,0
0.07985,0
0.03012,0
0.03241,0
0.03605,0
0.02877,0
0.03436,0
0.03286,0
0.03039,0
0.02968,1
0.04743,1
0.05419,1
0.04770,1
0.04296,1
0.04684,1
0.06146,1
0.11833,0
0.18019,0
0.14501,0
0.10386,0
0.08524,0
0.07843,0
0.07876,0
0.03044,0
0.02170,0
0.05017,0
0.07111,0
0.07398,0
0.07090,0
0.06554,0
0.00808,0
0.02889,0
0.02185,0
0.01924,0
0.02415,0
0.02807,0
0.02894,0
0.04295,0
0.06438,0
0.05053,0
0.04572,0
0.08503,0
0.07085,0
0.07080,0
0.06621,0
0.07463,0
0.07677,0
0.15719,0
0.11862,0
0.09775,0
0.08868,0
0.07060,0
0.07250,0
0.08208,0
0.12441,0
0.10838,0
0.07487,0
0.07015,0
0.08115,0
0.08893,0
0.01837,0
0.02995,0
0.02755,0
0.01909,0
0.02591,0
0.03277,0
0.02894,0
0.03298,0
0.04141,0
0.04878,0
0.04217,0
0.03934,0
0.03746,0
0.08232,0
0.08300,0
0.06636,0
0.07070,0
0.06806,0
0.06691,0
0.00808,0
0.01735,0
0.02438,0
0.01136,0
0.01963,0
0.03055,0
0.03287,0
0.00808,0
0.01735,0
0.03384,0
0.04422,0
0.03991,0
0.04244,0
0.04652,0
0.08393,1
0.04746,1
0.04234,1
0.07478,1
0.08576,1
0.09411,1
0.10818,1
0.02894,0
0.03818,0
0.04601,0
0.05075,0
0.04463,0
0.04128,0
0.03754,0
0.12463,0
0.09957,0
0.06851,0
0.04783,0
0.04513,0
0.05321,0
0.08718,0
0.02894,0
0.03668,0
0.01728,0
0.01743,0
0.02011,0
0.00808,0
0.02341,0
0.02776,0
0.02459,0
0.02972,0
0.04186,0
0.17085,0
0.10615,0
0.10440,0
0.09853,0
0.07872,0
0.07226,0
0.08110,0
0.12463,0
0.09957,0
0.11808,1
0.10695,1
0.09506,1
0.08686,1
0.09105,1
0.10672,1
0.14321,1
0.08224,0
0.06301,0
0.05647,0
0.05014,0
0.04276,0
0.04166,0
0.05856,0
0.09991,0
0.08506,0
0.07744,0
0.05183,0
0.04967,0
0.06679,0
0.00808,0
0.01952,0
0.02642,0
0.03049,0
0.03428,0
0.04025,0
0.03012,0
0.02210,1
0.07171,1
0.05770,1
0.08014,1
0.09468,1
0.10082,1
0.11189,1
0.11162,1
0.03044,1
0.07410,1
0.07860,1
0.06635,1
0.08800,1
0.13659,0
0.09771,0
0.07278,0
0.05718,0
0.05098,0
0.05520,0
0.07054,0
0.12560,1
0.20175,1
0.15276,1
0.12683,1
0.11910,1
0.12971,1
0.14238,1
0.01837,0
0.02995,0
0.03541,0
0.03328,0
0.04281,0
0.04754,0
0.00808,0
0.02950,0
0.05944,0
0.07068,0
0.06765,0
0.07530,0
0.07139,0
0.06775,0
0.06659,0
0.08367,0
0.10743,0
0.11084,0
0.01006,0
0.03329,0
0.02538,0
0.02098,0
0.02923,0
0.04136,0
0.01006,0
0.01906,0
0.03578,0
0.05096,0
0.04998,0
0.05329,0
0.05290,0
0.01837,0
0.02562,0
0.04234,0
0.06586,0
0.08103,1
0.08581,1
0.00808,0
0.02950,0
0.04585,0
0.04946,0
0.04906,0
0.05523,0
0.05914,0
0.03588,0
0.04114,0
0.04821,0
0.05297,0
0.04921,0
0.04624,0
0.04256,0
0.11920,0
0.08716,0
0.06101,0
0.05476,0
0.04983,0
0.04384,0
0.04981,0
0.00808,0
0.01952,0
0.02129,0
0.01610,0
0.02776,0
0.03804,0
0.03044,0
0.04141,0
0.07972,0
0.05103,0
0.04401,0
0.12669,1
0.08898,1
0.08792,1
0.10243,1
0.10544,1
0.09598,1
0.08757,1
0.08045,0
0.06949,0
0.06574,0
0.05958,0
0.05363,0
0.06478,0
0.17549,0
0.12112,0
0.10738,0
0.09166,0
0.07673,0
0.07675,0
0.08591,0
0.08224,0
0.06660,0
0.07550,0
0.06547,0
0.05618,0
0.05369,0
0.06555,0
0.10261,1
0.10167,1
0.12208,1
0.15416,1
0.14789,1
0.08835,0
0.07909,0
0.05164,0
0.05267,0
0.07715,0
0.09811,0
0.01006,0
0.02348,0
0.02298,0
0.01587,0
0.02101,0
0.02859,0
0.18026,0
0.09972,0
0.07073,0
0.04982,0
0.05306,0
0.09647,0
0.03044,0
0.05023,0
0.07576,0
0.05467,0
0.04745,0
0.15012,0
0.10740,0
0.07841,0
0.07506,0
0.06475,0
0.05898,0
0.06557,0
0.13923,0
0.11581,0
0.09956,0
0.09260,0
0.07541,0
0.07649,0
0.10016,0
0.10121,1
0.08896,1
0.06838,1
0.06537,1
0.06155,1
0.06670,1
0.07775,1
0.09925,0
0.09101,0
0.07411,0
0.05649,0
0.05793,0
0.08314,0
0.00808,0
0.02547,0
0.03611,0
0.02186,0
0.02720,0
0.03649,0
0.03889,0
0.00808,0
0.02341,0
0.02776,0
0.02459,0
0.03658,0
0.04656,0
0.07169,0
0.06797,0
0.05283,0
0.03857,0
0.03504,0
0.03623,0
0.04076,0
0.12328,0
0.08673,0
0.07652,0
0.06931,0
0.07581,0
0.08265,0
0.02894,0
0.03668,0
0.01728,0
0.01733,0
0.01882,0
0.02894,0
0.03222,0
0.03653,0
0.04305,0
0.03984,0
0.03823,0
0.03533,0
0.01006,0
0.02348,0
0.02298,0
0.01313,0
0.02665,0
0.03233,0
0.03012,0
0.03307,0
0.04386,0
0.03328,0
0.03817,0
0.03687,0
0.03454,0
0.02894,0
0.03222,0
0.05879,0
0.07641,0
0.09043,0
0.08018,0
0.07147,0
0.00808,0
0.02889,0
0.02185,0
0.01661,0
0.02284,0
0.03131,0
0.12973,0
0.09972,0
0.06046,0
0.06305,0
0.07062,0
0.08844,0
0.09363,0
0.09366,0
0.07697,0
0.06511,0
0.05988,0
0.06438,0
0.06342,0
0.06722,0
0.11328,0
0.10408,0
0.10034,0
0.07436,0
0.06197,0
0.05886,0
0.06605,0
0.01837,0
0.02985,0
0.04094,0
0.02575,0
0.02998,0
0.02894,0
0.03155,0
0.12095,0
0.14259,0
0.11430,0
0.10028,0
0.09239,0
0.08684,0
0.09034,0
0.00808,0
0.02341,0
0.02776,0
0.02459,0
0.03202,0
0.04048,0
0.11771,0
0.06028,0
0.04192,0
0.04128,0
0.03645,0
0.03445,0
0.04413,0
0.04422,1
0.06823,1
0.04081,1
0.03795,1
0.03582,1
0.01006,0
0.03193,0
0.02090,0
0.02026,0
0.02910,0
0.03488,0
0.00808,0
0.01952,0
0.02129,0
0.02060,0
0.02779,0
0.03163,0
0.03012,0
0.04842,0
0.07582,0
0.04173,0
0.03589,0
0.00808,0
0.02547,0
0.04301,0
0.05833,0
0.04758,0
0.04602,0
0.04645,0
0.00808,0
0.03208,0
0.02355,0
0.01990,0
0.02888,0
0.03329,0
0.05507,1
0.05981,1
0.10215,0
0.08007,0
0.07960,0
0.08346,0
0.07112,0
0.07046,0
0.08375,0
0.00808,0
0.01735,0
0.03090,0
0.05676,0
0.04735,0
0.05093,0
0.06002,0
0.00808,0
0.01735,0
0.02438,0
0.01136,0
0.01529,0
0.02065,0
0.02509,0
0.03044,0
0.04640,0
0.04058,0
0.04979,0
0.05049,0
0.08638,0
0.09830,0
0.09852,0
0.07432,0
0.05437,0
0.04874,0
0.05393,0
0.01837,0
0.02995,0
0.03307,0
0.02344,0
0.02839,0
0.03807,0
0.12228,0
0.11961,0
0.07908,0
0.06993,0
0.06947,0
0.06450,0
0.07059,0
0.00808,0
0.06439,0
0.05373,0
0.05929,0
0.06517,0
0.07006,0
0.06928,0
0.03588,0
0.04056,0
0.04757,0
0.04914,0
0.04835,0
0.04243,0
0.03958,0
0.05958,0
0.06905,0
0.05184,0
0.05390,0
0.06915,0
0.09936,0
0.10496,1
0.07849,1
0.07747,1
0.05137,1
0.04174,1
0.00808,0
0.01797,0
0.05331,0
0.07304,0
0.07113,0
0.06981,0
0.07151,0
0.00808,0
0.01735,0
0.03432,0
0.04477,0
0.04118,0
0.04339,0
0.04481,0
0.02868,1
0.05408,1
0.09272,1
0.08691,1
0.07734,1
0.06602,1
0.08336,1
0.10848,1
0.13238,1
0.08503,0
0.06541,0
0.05568,0
0.05508,0
0.06526,0
0.06722,0
0.00808,0
0.02994,0
0.02718,0
0.02741,0
0.03567,0
0.04340,0
0.03044,0
0.03867,0
0.04539,0
0.05334,0
0.05521,0
0.05220,0
0.04857,0
0.01006,0
0.02131,0
0.02250,0
0.02150,0
0.02910,0
0.03345,0
0.12932,0
0.09713,0
0.07266,0
0.05248,0
0.05449,0
0.07366,0
0.10777,0
0.09614,0
0.10332,0
0.09480,0
0.07793,0
0.07311,0
0.07956,0
0.07877,0
0.07169,0
0.10196,0
0.12757,0
0.11778,0
0.10583,0
0.09418,0
0.09119,0
0.07169,0
0.06797,0
0.05283,0
0.04333,0
0.04333,0
0.04331,0
0.04682,0
0.00808,0
0.02547,0
0.02446,0
0.04395,0
0.03565,0
0.03595,0
0.03770,0
0.00808,0
0.01735,0
0.01874,0
0.02874,0
0.03424,0
0.03559,0
0.03713,0
0.00808,0
0.01735,0
0.03606,0
0.04859,0
0.03747,0
0.03770,0
0.04961,0
0.13034,0
0.08057,0
0.07735,0
0.07187,0
0.06082,0
0.06323,0
0.07530,1
0.08559,1
0.09031,1
0.07650,1
0.08527,1
0.00808,0
0.02341,0
0.02239,0
0.01271,0
0.01980,0
0.03044,0
0.10721,0
0.08031,0
0.08302,0
0.06217,0
0.05708,0
0.06473,0
0.09802,0
0.07176,0
0.03445,0
0.05055,0
0.04775,0
0.04402,0
0.04687,0
0.00808,0
0.02994,0
0.02718,0
0.02956,0
0.03512,0
0.04046,0
0.03012,0
0.03313,0
0.03606,0
0.03377,0
0.03754,0
0.03623,0
0.03477,0
0.10454,0
0.07422,0
0.07770,0
0.06610,0
0.05444,0
0.05615,0
0.08498,0
0.06775,0
0.06694,0
0.08811,0
0.10601,0
0.11988,0
0.11838,0
0.12435,0
0.00808,0
0.08744,1
0.07756,1
0.08601,1
0.09387,1
0.08984,1
0.01006,0
0.03193,0
0.02090,0
0.02227,0
0.02885,0
0.03216,0
0.03012,0
0.03661,0
0.01851,0
0.01798,0
0.02046,0
0.03012,0
0.04636,0
0.05031,0
0.03610,0
0.04834,1
0.07161,1
0.09719,1
0.11334,1
0.11232,1
0.06775,1
0.06262,1
0.07868,1
0.10416,1
0.01006,0
0.01906,0
0.02581,0
0.01204,0
0.02032,0
0.02977,0
0.03793,0
0.11747,0
0.09249,0
0.07708,0
0.05154,0
0.04211,0
0.04145,0
0.05011,0
0.01837,0
0.03676,0
0.02716,0
0.02083,0
0.02703,0
0.03097,0
0.01837,0
0.02995,0
0.02755,0
0.01909,0
0.02385,0
0.03110,0
0.06472,0
0.07188,0
0.06975,0
0.04711,0
0.04667,0
0.06555,0
0.00808,0
0.06597,0
0.06691,0
0.06357,0
0.05375,0
0.06415,0
0.10754,0
0.09513,0
0.06074,0
0.06251,0
0.08703,0
0.11106,0
0.06775,0
0.07611,0
0.08702,0
0.10961,0
0.11199,0
0.11928,0
0.09997,0
0.06372,0
0.05926,0
0.07107,0
0.08178,0
0.00808,0
0.04779,0
0.06367,0
0.05207,0
0.04542,0
0.04946,0
0.01837,0
0.03827,0
0.02482,0
0.01969,0
0.02184,0
0.02864,0
0.00808,0
0.01735,0
0.03096,0
0.01787,0
0.02440,0
0.03441,0
0.03738,0
0.06775,0
0.06659,0
0.08367,0
0.10743,0
0.11084,0
0.01837,0
0.02995,0
0.03622,1
0.03691,1
0.04485,1
0.05557,1
0.01837,0
0.02442,0
0.03594,0
0.02152,0
0.02305,0
0.02693,0
0.02916,0
0.03025,1
0.03224,1
0.03676,1
0.01956,1
0.02197,1
0.02822,1
0.03259,1
0.09925,0
0.09101,0
0.07411,0
0.05614,0
0.05750,0
0.07989,0
0.01837,0
0.02995,0
0.02755,0
0.01511,0
0.02688,0
0.03676,0
0.08503,0
0.05143,0
0.03057,0
0.04370,0
0.04553,0
0.04974,0
0.00808,0
0.02547,0
0.02901,0
0.01506,0
0.02152,0
0.03022,0
0.04290,0
0.07305,0
0.04903,0
0.04290,0
0.04555,0
0.07088,0
0.08045,0
0.06949,0
0.06574,0
0.05262,0
0.04497,0
0.05680,0
0.03012,0
0.03621,0
0.05250,0
0.03995,0
0.04104,0
0.04111,0
0.03810,0
0.13693,0
0.13904,0
0.11090,0
0.10420,0
0.09685,0
0.08764,0
0.08523,0
0.00808,0
0.02950,0
0.04737,0
0.04181,0
0.04147,0
0.04484,0
0.05067,0
0.10426,0
0.08142,0
0.05678,0
0.05739,0
0.08341,0
0.10644,0
0.03044,0
0.02322,0
0.03547,0
0.03132,0
0.03514,0
0.03133,0
0.03017,0
0.10496,1
0.08589,1
0.07626,1
0.06160,1
0.05767,1
0.05979,1
0.07879,1
0.08503,0
0.06208,0
0.04156,0
0.04475,0
0.04886,0
0.05269,0
0.02894,0
0.03085,0
0.03668,0
0.03012,0
0.03545,0
0.03431,0
0.03165,0
0.11324,0
0.08359,0
0.04957,0
0.04982,0
0.07346,0
0.10763,0
0.13034,0
0.09193,0
0.07413,0
0.06576,0
0.05530,0
0.05869,0
0.10426,0
0.09586,0
0.06094,0
0.05721,0
0.07650,0
0.09834,0
0.08940,1
0.09832,1
0.11320,1
0.08650,1
0.08278,1
0.08036,1
0.08015,1
0.07180,1
0.07169,0
0.09250,0
0.08754,0
0.08319,0
0.08176,0
0.07442,0
0.07353,0
0.07029,1
0.04698,1
0.07041,1
0.07212,1
0.07620,1
0.08130,1
0.08825,1
0.13708,0
0.07232,0
0.04855,0
0.04411,0
0.04463,0
0.04769,0
0.07800,0
0.01006,0
0.02348,0
0.02854,0
0.02112,0
0.03404,0
0.03869,0
0.00808,0
0.02889,0
0.02185,0
0.01830,0
0.02579,0
0.03301,0
0.19633,0
0.11335,0
0.08072,0
0.06782,0
0.07063,0
0.18311,0
0.18253,0
0.11986,0
0.10615,0
0.08848,0
0.07650,0
0.07580,0
0.00808,0
0.03208,0
0.02355,0
0.01990,0
0.02825,0
0.03533,0
0.17057,0
0.12625,0
0.09383,0
0.07142,0
0.07219,0
0.10022,0
0.00808,0
0.02889,0
0.02185,0
0.01924,0
0.02009,0
0.02188,0
0.06775,0
0.06262,0
0.08508,0
0.09012,0
0.13587,0
0.13139,0
0.14155,0
0.04806,0
0.04343,0
0.05296,0
0.04473,0
0.04468,0
0.04354,0
0.04015,0
0.08224,0
0.06301,0
0.05993,0
0.05226,0
0.04384,0
0.04668,0
0.05797,0
0.01837,0
0.03676,0
0.02716,0
0.02083,0
0.02798,0
0.03497,0
0.00808,0
0.02889,0
0.02185,0
0.01716,0
0.02503,0
0.02971,0
0.00808,0
0.02205,0
0.04806,0
0.04321,0
0.04591,0
0.05991,0
0.06446,0
0.21126,0
0.11007,0
0.08383,0
0.06820,0
0.05557,0
0.05975,0
0.24277,1
0.18288,1
0.14099,1
0.12333,1
0.10758,1
0.11675,1
0.12588,1
0.00808,0
0.06173,1
0.07521,1
0.07086,1
0.06444,1
0.07437,1
0.01006,0
0.01906,0
0.03255,0
0.05732,0
0.05258,0
0.05134,0
0.05129,0
0.00808,0
0.01735,0
0.02438,0
0.01136,0
0.01901,0
0.02348,0
0.02726,0
0.00808,0
0.02547,0
0.02901,0
0.01506,0
0.02152,0
0.02672,0
0.03474,0
0.08232,0
0.06990,0
0.06192,0
0.06305,0
0.05851,0
0.05879,0
0.01006,0
0.03072,0
0.02346,0
0.01750,0
0.02565,0
0.03039,0
0.00808,0
0.02950,0
0.04826,0
0.07834,0
0.09887,0
0.10118,0
0.10388,0
0.18438,0
0.13128,0
0.11107,0
0.08541,0
0.08335,0
0.12513,0
0.00808,0
0.02889,0
0.02185,0
0.02039,0
0.02464,0
0.03533,0
0.08503,0
0.05143,0
0.03619,0
0.04104,0
0.05216,0
0.05529,0
0.00808,0
0.01735,0
0.02438,0
0.01136,0
0.01901,0
0.02389,0
0.02660,0
0.10858,0
0.11649,0
0.08423,0
0.07255,0
0.06639,0
0.05846,0
0.06368,0
0.00808,0
0.02950,0
0.03978,0
0.02844,0
0.02575,0
0.03497,0
0.04016,0
0.08393,0
0.04746,0
0.04234,0
0.05704,0
0.07852,0
0.10186,0
0.10232,0
0.12464,0
0.10004,0
0.08483,0
0.08032,0
0.08661,0
0.11771,0
0.06028,0
0.05116,0
0.04985,0
0.04325,0
0.03962,0
0.04842,0
0.08102,0
0.05035,0
0.04594,0
0.04711,0
0.05127,0
0.08760,0
0.09578,0
0.00808,0
0.02889,0
0.02185,0
0.01661,0
0.02454,0
0.03191,0
0.11771,0
0.06028,0
0.05116,0
0.04985,0
0.04369,0
0.03937,0
0.04794,0
0.21126,0
0.11270,0
0.09110,0
0.08333,0
0.06891,0
0.06607,0
0.09886,0
0.06913,0
0.04564,0
0.04927,0
0.04631,0
0.05357,0
0.06005,0
0.03044,0
0.03167,0
0.03359,0
0.02925,0
0.03186,0
0.03365,0
0.03323,0
0.12441,0
0.08949,0
0.06071,0
0.05903,0
0.07174,0
0.10063,0
0.03012,0
0.03661,0
0.01851,0
0.01798,0
0.02046,0
0.10142,0
0.09082,0
0.07401,0
0.06301,0
0.06461,0
0.01006,0
0.01906,0
0.02064,0
0.02953,0
0.03110,0
0.03851,0
0.04404,0
0.03012,0
0.02120,0
0.02706,0
0.02283,0
0.02908,0
0.02925,0
0.02886,0
0.00808,0
0.02341,0
0.02776,0
0.03198,0
0.04384,0
0.05226,0
0.01837,0
0.02995,0
0.02755,0
0.02791,0
0.03442,0
0.04705,0
0.10721,0
0.08051,0
0.05777,0
0.04081,0
0.03882,0
0.05018,0
0.07142,0
0.03012,0
0.03085,0
0.03779,0
0.04811,0
0.04927,0
0.04629,0
0.04343,0
0.08232,0
0.08300,0
0.08253,0
0.07891,0
0.08019,0
0.07635,0
0.00808,0
0.01051,1
0.04377,1
0.05658,1
0.08670,1
0.09848,1
0.08640,1
0.08999,1
0.07169,0
0.10196,0
0.12757,0
0.10974,0
0.10340,0
0.10003,0
0.09718,0
0.01837,0
0.03676,0
0.02716,0
0.02083,0
0.02658,0
0.03308,0
0.10142,0
0.09082,0
0.07258,0
0.06277,0
0.06550,0
0.00808,0
0.02950,0
0.05196,0
0.03513,0
0.02850,0
0.03164,0
0.03804,0
0.08095,0
0.07115,0
0.04744,0
0.04605,0
0.06381,0
0.08602,0
0.09166,0
0.06155,0
0.03524,1
0.07267,1
0.05878,1
0.07821,1
0.07793,1
0.08084,1
0.10312,1
0.12222,1
0.08102,0
0.05035,0
0.05061,0
0.05017,0
0.05859,0
0.06680,0
0.07513,0
0.08156,0
0.06332,0
0.04481,0
0.04883,0
0.07579,0
0.10465,0
0.08928,0
0.09040,0
0.06474,0
0.06427,0
0.08133,0
0.11084,0
0.11983,0
0.02894,0
0.03282,0
0.06276,1
0.06704,1
0.08381,1
0.08976,1
0.08264,1
0.07169,0
0.06797,0
0.05283,0
0.03857,0
0.03994,0
0.04528,0
0.04858,0
0.03588,0
0.04040,0
0.03701,0
0.03328,0
0.03879,0
0.04778,0
0.05459,0
0.00808,0
0.02205,0
0.04598,0
0.05755,0
0.04976,0
0.05128,0
0.05547,0
0.01837,0
0.02442,0
0.03970,0
0.05067,0
0.04460,0
0.04473,0
0.04531,0
0.01006,0
0.01980,0
0.03574,0
0.03514,0
0.03711,0
0.05130,0
0.05675,0
0.01837,0
0.02985,0
0.04094,0
0.02575,0
0.02615,0
0.02880,0
0.03172,0
0.00808,0
0.02341,0
0.02239,0
0.01150,0
0.02418,0
0.02991,0
0.13532,0
0.07672,0
0.05354,0
0.04434,0
0.05621,0
0.05884,0
0.09377,0
0.03044,0
0.02322,0
0.03547,0
0.02957,0
0.03521,0
0.03355,0
0.03162,0
0.00808,0
0.03208,0
0.02355,0
0.02102,0
0.02753,0
0.03383,0
0.01837,0
0.02995,0
0.02755,0
0.01511,0
0.02688,0
0.03197,0
0.02894,0
0.03298,0
0.03624,0
0.04425,0
0.03848,0
0.03657,0
0.03360,0
0.01837,0
0.02700,0
0.02606,0
0.02051,0
0.03231,0
0.03953,0
0.03012,0
0.03661,0
0.01851,0
0.01798,0
0.02046,0
0.07305,0
0.04903,0
0.04281,0
0.04805,0
0.08475,0
0.01006,0
0.02131,0
0.02250,0
0.01698,0
0.02514,0
0.03936,0
0.00808,0
0.04424,0
0.04325,0
0.05131,0
0.07320,0
0.09587,0
0.10392,0
0.03012,0
0.04842,0
0.07582,0
0.04173,0
0.03589,0
0.21126,0
0.12223,0
0.08681,0
0.07292,0
0.06129,0
0.06438,0
0.14576,0
0.09861,0
0.08233,0
0.05793,0
0.04686,0
0.04546,0
0.05819,0
0.00808,0
0.01952,0
0.02129,0
0.02777,0
0.03298,0
0.03953,0
0.09911,0
0.06183,0
0.05534,0
0.05347,0
0.11155,0
0.10491,0
0.07404,0
0.06740,0
0.06126,0
0.06908,0
0.07117,0
0.00808,0
0.02341,0
0.02239,0
0.01150,0
0.02003,0
0.02907,0
0.05667,1
0.06569,1
0.12234,0
0.10581,0
0.09033,0
0.07853,0
0.07281,0
0.06513,0
0.06991,0
0.01837,0
0.02442,0
0.03593,0
0.06068,0
0.06133,0
0.06381,0
0.06229,0
0.09536,0
0.17613,0
0.14465,0
0.10794,0
0.08913,0
0.08322,0
0.09090,0
0.11324,0
0.08694,0
0.05452,0
0.05058,0
0.07096,0
0.09483,0
0.14202,0
0.13701,0
0.12739,0
0.10121,0
0.09316,0
0.12976,0
0.10149,0
0.08234,0
0.06323,0
0.06434,0
0.08832,0
0.01837,0
0.02442,0
0.03979,0
0.05236,0
0.04291,0
0.04820,0
0.04896,0
0.09991,0
0.08506,0
0.06700,0
0.04627,0
0.04493,0
0.06064,0
0.07443,0
0.07572,0
0.07201,0
0.05398,0
0.05173,0
0.06894,0
0.03588,0
0.03731,0
0.05414,0
0.04488,0
0.04623,0
0.04328,0
0.04101,0
0.03012,0
0.04636,0
0.04244,0
0.04747,0
0.04364,0
0.04150,0
0.03809,0
0.08224,1
0.05495,1
0.06176,1
0.07007,1
0.05845,1
0.05213,1
0.06631,1
0.08662,1
0.03588,0
0.03954,0
0.03739,0
0.03941,0
0.04312,0
0.04159,0
0.03955,0
0.07176,1
0.03588,1
0.05098,1
0.05413,1
0.04612,1
0.05249,1
0.04686,1
0.10121,0
0.09334,0
0.06349,0
0.04719,0
0.03868,0
0.04012,0
0.04640,0
0.00808,0
0.02547,0
0.04075,0
0.05010,0
0.04180,0
0.04138,0
0.04095,0
0.00808,0
0.01797,0
0.03575,0
0.05846,0
0.04844,0
0.05092,0
0.05937,0
0.01006,0
0.02131,0
0.02250,0
0.01698,0
0.02850,0
0.03866,0
0.12198,0
0.08689,0
0.13964,0
0.11760,0
0.10125,0
0.08692,0
0.08350,0
0.10657,0
0.07463,0
0.04825,0
0.04936,0
0.07539,0
0.09937,0
0.10454,0
0.07162,0
0.06445,0
0.05584,0
0.04595,0
0.04429,0
0.07324,0
0.00808,0
0.01952,0
0.02129,0
0.01610,0
0.02776,0
0.03556,0
0.12669,0
0.09781,0
0.06806,0
0.05094,0
0.04358,0
0.04058,0
0.05451,0
0.18810,0
0.14033,0
0.12671,0
0.10250,0
0.08413,0
0.08130,0
0.08900,0
0.03044,0
0.04640,0
0.04058,0
0.05154,0
0.05213,0
0.05969,0
0.07330,0
0.03012,0
0.03828,0
0.04359,0
0.03713,0
0.04141,0
0.04757,1
0.06062,1
0.02894,0
0.03032,0
0.03308,0
0.04068,0
0.04263,0
0.04080,0
0.03781,0
0.03012,0
0.02722,0
0.03464,0
0.03107,0
0.04012,0
0.03518,0
0.03188,0
0.09622,0
0.08806,0
0.09736,0
0.08876,0
0.07820,0
0.07165,0
0.07141,0
0.02894,0
0.03417,0
0.05107,0
0.05436,0
0.05034,0
0.02894,0
0.03298,0
0.04571,0
0.03833,0
0.04386,0
0.03836,0
0.03475,0
0.03044,0
0.03867,0
0.04462,0
0.05347,0
0.04583,0
0.04375,0
0.04194,0
0.06775,0
0.07113,0
0.10963,0
0.12119,0
0.13299,0
0.12726,0
0.10275,0
0.08185,0
0.06403,0
0.05364,0
0.05217,0
0.06023,0
0.01006,0
0.01906,0
0.03866,0
0.04563,0
0.04677,0
0.05389,0
0.05386,0
0.01006,0
0.02348,0
0.02298,0
0.01587,0
0.02205,0
0.03392,0
0.09614,0
0.10332,0
0.10624,0
0.08701,0
0.08673,0
0.08196,0
0.08122,0
0.03588,0
0.05951,0
0.04879,0
0.06099,0
0.06713,0
0.07325,0
0.07967,0
0.29620,0
0.19179,0
0.13153,0
0.10239,0
0.08688,0
0.08195,0
0.08672,0
0.08940,0
0.09171,0
0.10094,0
0.09123,0
0.08501,0
0.08338,0
0.08355,0
0.00808,0
0.01735,0
0.03683,0
0.05245,0
0.04889,0
0.05164,0
0.05011,0
0.11771,0
0.06028,0
0.04822,0
0.05468,0
0.05915,0
0.05730,0
0.06585,0
0.07122,0
0.07501,0
0.05555,0
0.05696,0
0.06917,0
0.10065,0
0.07176,1
0.03588,1
0.04067,1
0.05182,1
0.06423,1
0.07239,1
0.14558,0
0.07281,0
0.05834,0
0.05668,0
0.04968,0
0.04420,0
0.05211,0
0.00808,0
0.02547,0
0.03611,0
0.02186,0
0.02920,0
0.04654,0
0.04643,0
0.01837,0
0.02700,0
0.03202,0
0.03442,0
0.03824,0
0.04483,0
0.00808,0
0.01952,0
0.02129,0
0.01663,0
0.02541,0
0.03938,0
0.09622,0
0.06793,0
0.06776,0
0.05818,0
0.06136,0
0.06626,0
0.06542,0
0.03588,0
0.04937,0
0.02330,0
0.02234,0
0.02411,0
0.01006,0
0.03112,0
0.04898,0
0.03381,0
0.03814,1
0.06453,1
0.07742,1
0.08440,1
0.10148,1
0.13316,1
0.00808,0
0.03208,0
0.02355,0
0.01990,0
0.03181,0
0.04261,0
0.11771,0
0.06028,0
0.05116,0
0.06920,0
0.06121,0
0.05560,0
0.06300,0
0.06775,0
0.06659,0
0.08367,0
0.10743,0
0.10682,0
0.00808,0
0.09095,1
0.09408,1
0.08479,1
0.08977,1
0.08930,1
0.08791,1
0.01006,0
0.02131,0
0.02809,0
0.02570,0
0.03847,0
0.04762,0
0.03044,0
0.04141,0
0.07972,0
0.04966,0
0.04161,0
0.09991,0
0.09571,0
0.08028,0
0.05743,0
0.05416,0
0.06849,0
0.09756,0
0.06426,0
0.05573,0
0.06198,0
0.11131,0
0.00808,0
0.01952,0
0.02129,0
0.01610,0
0.02453,0
0.03143,0
0.03012,0
0.03828,0
0.04075,0
0.04760,0
0.05828,0
0.05357,0
0.04863,0
0.02894,0
0.04935,0
0.07518,0
0.04280,0
0.03700,0
0.09416,1
0.08737,1
0.07212,1
0.05455,1
0.05494,1
0.05660,1
0.05477,1
0.00808,0
0.02994,0
0.02718,0
0.03027,0
0.02764,1
0.04703,1
0.05520,1
0.13360,0
0.07455,0
0.04923,0
0.04235,0
0.05070,0
0.05368,0
0.06927,0
0.00808,0
0.02547,0
0.02901,0
0.01506,0
0.01770,0
0.02258,0
0.03294,0
0.00808,0
0.02205,0
0.03991,0
0.05322,0
0.04612,0
0.04602,0
0.04838,0
0.14045,0
0.11175,0
0.08635,0
0.06553,0
0.06537,0
0.07960,0
0.10439,0
0.00808,0
0.02547,0
0.03898,0
0.05299,0
0.04274,0
0.04387,0
0.04508,0
0.01006,0
0.02348,0
0.02298,0
0.01313,0
0.02264,0
0.03693,0
0.09814,0
0.06296,0
0.04017,0
0.04401,0
0.04700,0
0.05135,0
0.00808,0
0.02889,0
0.02185,0
0.01901,0
0.03483,0
0.04567,0
0.02894,0
0.02119,0
0.03312,0
0.03914,0
0.04198,0
0.03895,0
0.03713,0
0.01837,0
0.04016,0
0.05631,0
0.05897,0
0.06691,0
0.07609,0
0.03044,0
0.03867,0
0.03901,0
0.03517,0
0.04152,0
0.03689,0
0.03358,0
0.01837,0
0.03737,0
0.04588,0
0.05617,0
0.04695,0
0.05185,0
0.05412,0
0.00808,0
0.04202,0
0.06635,0
0.06806,0
0.07797,0
0.07767,0
0.03012,0
0.03661,0
0.01851,0
0.01789,0
0.01924,0
0.20212,0
0.14340,0
0.11607,0
0.10284,0
0.08552,0
0.07913,0
0.09188,0
0.10142,0
0.09082,0
0.07258,0
0.06277,0
0.06603,0
0.01837,0
0.02442,0
0.04367,0
0.06887,0
0.08985,0
0.09042,0
0.09532,0
0.00808,0
0.03468,0
0.05246,0
0.05798,0
0.05869,0
0.07407,0
0.02894,0
0.02910,0
0.02215,0
0.02253,0
0.02366,0
0.00808,0
0.02889,0
0.02185,0
0.01661,0
0.02454,0
0.03191,0
0.00808,0
0.02547,0
0.03898,0
0.05210,0
0.04416,0
0.05012,0
0.05125,0
0.00808,0
0.02547,0
0.03464,0
0.05181,0
0.04338,0
0.04599,0
0.04611,0
0.01837,0
0.03986,0
0.02946,0
0.02614,0
0.03461,0
0.03791,0
0.00808,0
0.02547,0
0.02901,0
0.01506,0
0.02152,0
0.02501,0
0.02753,0
0.00808,0
0.01952,0
0.02129,0
0.01663,0
0.02918,0
0.03463,0
0.21126,0
0.10052,0
0.07593,0
0.06423,0
0.05314,0
0.05755,0
0.00808,0
0.02547,0
0.03611,0
0.02186,0
0.02721,0
0.03661,0
0.04312,0
0.11833,0
0.18019,0
0.14501,0
0.10386,0
0.08524,0
0.07870,0
0.08430,0
0.14832,0
0.09218,0
0.06618,0
0.05078,0
0.04504,0
0.04564,0
0.05382,0
0.00808,0
0.02950,0
0.04814,0
0.03732,0
0.03891,0
0.05181,0
0.05472,0
0.14353,0
0.07975,0
0.05462,0
0.05007,0
0.05255,0
0.06258,0
0.06627,0
0.00808,0
0.01735,0
0.02438,0
0.01136,0
0.02111,0
0.02945,0
0.03213,0
0.11247,0
0.08482,0
0.06662,0
0.05578,0
0.05102,0
0.04527,0
0.04841,0
0.00808,0
0.02205,0
0.04367,0
0.04228,0
0.04080,0
0.04971,0
0.05515,0
0.01837,0
0.03827,0
0.02482,0
0.02314,0
0.02776,0
0.03080,0
0.11928,0
0.08879,0
0.05754,0
0.05588,0
0.06824,0
0.09763,0
0.03044,0
0.03904,0
0.01914,0
0.01799,0
0.01939,0
0.08503,1
0.05143,1
0.03619,1
0.04524,1
0.05515,1
0.06502,1
0.00808,0
0.02994,0
0.02081,0
0.01613,0
0.01923,0
0.02629,0
0.17239,0
0.11765,0
0.09064,0
0.07768,0
0.06542,0
0.06888,0
0.00808,0
0.01952,0
0.02129,0
0.02060,0
0.02667,0
0.03532,0
0.02894,0
0.03282,0
0.04525,0
0.03372,0
0.04253,0
0.03893,0
0.03677,0
0.00808,0
0.01952,0
0.02642,0
0.02514,0
0.03226,0
0.03691,0
0.08095,0
0.08568,0
0.05866,0
0.05708,0
0.06587,0
0.09497,0
0.08697,0
0.07524,0
0.05288,0
0.05732,0
0.06208,0
0.06164,0
0.02894,0
0.06419,0
0.08219,0
0.08386,0
0.07663,0
0.01006,0
0.02324,0
0.05504,0
0.06075,0
0.05355,0
0.05444,0
0.05501,0
0.09622,0
0.09810,0
0.07776,0
0.06234,0
0.06664,0
0.06194,0
0.06229,0
0.14936,0
0.08493,0
0.05777,0
0.04802,0
0.05091,0
0.05258,0
0.08275,0
0.02894,0
0.04935,0
0.07518,0
0.04280,0
0.03700,0
0.10858,0
0.11649,0
0.08349,0
0.07329,0
0.07074,0
0.08718,1
0.09000,1
0.09208,1
0.09876,1
0.09983,1
0.01006,0
0.02301,0
0.03034,0
0.02967,0
0.02793,1
0.05005,1
0.05883,1
0.02894,0
0.02774,0
0.03968,0
0.04535,0
0.04470,0
0.04408,0
0.04227,0
0.17085,0
0.10485,0
0.08513,0
0.07751,0
0.06381,0
0.06008,0
0.07598,0
0.10199,0
0.07610,0
0.05999,0
0.04698,0
0.04280,0
0.04600,0
0.05569,0
0.08102,0
0.05035,0
0.04314,0
0.04466,0
0.04510,0
0.08210,0
0.09094,0
0.09410,0
0.16337,0
0.12950,0
0.10056,0
0.08907,0
0.08503,0
0.05143,0
0.03111,0
0.03419,0
0.04047,0
0.04624,0
0.01837,0
0.03827,0
0.02482,0
0.02495,0
0.02962,0
0.03254,0
0.21126,0
0.11270,0
0.09437,0
0.08538,0
0.07031,0
0.07224,0
0.00808,0
0.02889,0
0.04428,0
0.04268,0
0.05032,0
0.04783,0
0.06692,1
0.06770,1
0.20212,0
0.13051,0
0.10962,0
0.09943,0
0.08431,0
0.08477,0
0.09395,0
0.13674,0
0.11940,0
0.08563,0
0.08459,0
0.07938,0
0.07195,0
0.07432,0
0.08393,0
0.04746,0
0.03988,0
0.04155,0
0.05707,0
0.06567,0
0.06792,0
0.01006,0
0.03112,0
0.04991,0
0.06782,0
0.06621,0
0.07544,0
0.07478,0
0.10613,0
0.09073,0
0.08606,0
0.05880,0
0.04916,0
0.04923,0
0.05567,0
0.26804,0
0.17203,0
0.12187,0
0.09459,0
0.08188,0
0.07676,0
0.08029,0
0.06761,0
0.07052,0
0.04909,0
0.05081,0
0.06608,0
0.07925,0
0.00808,0
0.02950,0
0.04737,0
0.03236,0
0.02895,0
0.03388,0
0.04154,0
0.00808,0
0.02341,0
0.02239,0
0.01271,0
0.02213,0
0.03010,0
0.08343,0
0.07773,0
0.08343,0
0.07075,0
0.06461,0
0.06302,0
0.09366,0
0.07769,0
0.06257,0
0.05186,0
0.04551,0
0.03975,0
0.04301,0
0.00808,0
0.02889,0
0.02185,0
0.02039,0
0.02491,0
0.02624,0
0.01837,0
0.03737,0
0.05045,0
0.05999,0
0.05716,0
0.06799,0
0.06863,0
0.08579,0
0.09550,0
0.07983,0
0.06735,0
0.06459,0
0.05823,0
0.06372,0
0.03012,0
0.03241,0
0.03672,0
0.04389,0
0.04115,0
0.03975,0
0.03711,0
0.03012,0
0.03307,0
0.03649,0
0.03512,0
0.03925,0
0.03790,0
0.03634,0
0.00808,0
0.06597,0
0.06691,0
0.06357,0
0.05510,0
0.06670,0
0.13276,0
0.09520,0
0.08606,0
0.06199,0
0.06068,0
0.08361,0
0.08835,0
0.07400,0
0.05243,0
0.05424,0
0.07870,0
0.09992,0
0.00808,0
0.01952,0
0.02129,0
0.01610,0
0.02463,0
0.03831,0
0.03044,0
0.03904,0
0.01914,0
0.01799,0
0.01939,0
0.00808,0
0.01952,0
0.02642,0
0.02480,0
0.03200,0
0.04078,0
0.06775,0
0.06694,0
0.10679,0
0.13078,0
0.12902,0
0.03012,0
0.02120,0
0.05464,0
0.07453,0
0.07791,0
0.07059,0
0.06291,0
0.13034,1
0.09193,1
0.08520,1
0.07340,1
0.05905,1
0.06111,1
0.09138,1
0.09469,1
0.09922,1
0.01837,0
0.02985,0
0.04044,0
0.06518,0
0.05942,0
0.06514,0
0.06449,0
0.15416,0
0.11658,0
0.08963,0
0.06681,0
0.06598,0
0.08585,0
0.01837,0
0.02562,0
0.03648,0
0.03108,0
0.02955,0
0.03663,0
0.04393,0
0.15403,0
0.17498,0
0.11372,0
0.10324,0
0.08754,0
0.07776,0
0.07689,0
0.02894,0
0.03294,0
0.04449,0
0.03973,0
0.04326,0
0.04152,0
0.03857,0
0.05958,0
0.06905,0
0.04923,0
0.05058,0
0.06286,0
0.09342,0
0.02894,0
0.02797,0
0.04731,0
0.03862,0
0.03923,0
0.03946,0
0.03835,0
0.02894,0
0.03200,0
0.04453,0
0.05319,0
0.05335,0
0.04657,0
0.04199,0
0.08224,0
0.06301,0
0.05555,0
0.04847,0
0.04105,0
0.04002,0
0.05242,0
0.01837,0
0.02995,0
0.02755,0
0.01909,0
0.02434,0
0.03158,0
0.18438,0
0.13627,0
0.12007,0
0.09048,0
0.08745,0
0.11391,0
0.02894,0
0.02774,0
0.03269,0
0.02664,0
0.03767,0
0.03291,0
0.02995,0
0.09366,0
0.09041,0
0.09566,0
0.09113,0
0.08786,0
0.07840,0
0.07827,0
0.02894,0
0.03668,0
0.01728,0
0.01743,0
0.02011,0
0.07515,0
0.06314,0
0.07751,0
0.10056,0
0.11454,0
0.11663,0
0.11920,0
0.00808,0
0.01735,0
0.03606,0
0.04873,0
0.03737,0
0.03948,0
0.04134,0
0.01006,0
0.01906,0
0.02064,0
0.03895,0
0.03649,0
0.04387,0
0.04527,0
0.03588,0
0.05308,0
0.09037,0
0.05834,0
0.04995,0
0.03012,0
0.02120,0
0.02871,0
0.02300,0
0.02961,0
0.02928,0
0.02789,0
0.00808,0
0.01735,0
0.03683,0
0.04489,0
0.04346,0
0.04868,0
0.05853,0
0.01006,0
0.02348,0
0.02854,0
0.03231,0
0.04695,0
0.05323,0
0.13969,0
0.10674,0
0.08948,0
0.08047,0
0.07531,0
0.06843,0
0.06965,0
0.00808,1
0.01952,1
0.02129,1
0.01610,1
0.02423,1
0.02800,1
0.04104,1
0.05462,1
0.07788,1
0.07443,0
0.06542,0
0.05194,0
0.03738,0
0.03898,0
0.05871,0
0.01837,0
0.02562,0
0.04498,0
0.04039,0
0.03710,0
0.04269,0
0.04906,0
0.00808,0
0.01735,0
0.02438,0
0.01136,0
0.02111,0
0.02945,0
0.03213,0
0.01006,0
0.03329,0
0.04523,0
0.04352,0
0.05266,0
0.06043,0
0.00808,0
0.02547,0
0.03611,0
0.02186,0
0.02920,0
0.03552,0
0.03608,0
0.00808,0
0.01797,0
0.03246,0
0.04899,0
0.04579,0
0.05637,0
0.05788,0
0.07035,1
0.07560,1
0.12659,1
0.11418,1
0.09938,1
0.00808,0
0.02994,0
0.02718,0
0.02768,0
0.03588,0
0.04725,0
0.06775,0
0.06694,0
0.08263,0
0.10838,0
0.11035,0
0.10244,0
0.08475,0
0.06300,0
0.05907,0
0.06895,0
0.08491,0
0.09777,0
0.00808,0
0.01038,1
0.04559,1
0.07156,1
0.09618,1
0.08177,1
0.10149,1
0.10463,1
0.10598,1
0.11005,0
0.08448,0
0.05886,0
0.05851,0
0.07098,0
0.08473,0
0.09401,0
0.00808,0
0.05503,0
0.08014,0
0.07902,0
0.08755,0
0.08963,0
0.01006,0
0.02301,0
0.03365,0
0.03890,0
0.04145,0
0.04666,0
0.19633,0
0.11335,0
0.08072,0
0.07090,0
0.07277,0
0.11381,0
0.08761,0
0.06629,0
0.05272,0
0.04792,0
0.05816,0
0.06761,0
0.09814,0
0.06296,0
0.04581,0
0.05246,0
0.05917,0
0.06011,0
0.01006,0
0.05794,0
0.06919,0
0.07314,0
0.08305,0
0.08677,0
0.06775,0
0.06694,0
0.08263,0
0.10838,0
0.10770,0
0.00808,0
0.02341,0
0.02776,0
0.02459,0
0.02823,0
0.03683,0
0.09614,0
0.09484,0
0.09678,0
0.08219,0
0.07667,0
0.07290,0
0.07316,0
0.08224,0
0.07029,0
0.07383,0
0.06301,0
0.05248,0
0.04963,0
0.06086,0
0.00808,0
0.01797,0
0.03457,0
0.04352,0
0.04838,0
0.06067,1
0.07838,1
0.08771,1
0.09114,1
0.00808,0
0.01735,0
0.03090,0
0.05608,0
0.05118,0
0.05862,0
0.06396,0
0.16316,0
0.12025,0
0.09295,0
0.07299,0
0.07171,0
0.08805,0
0.12362,0
0.09366,0
0.07596,0
0.07763,1
0.06877,1
0.06653,1
0.08503,0
0.05143,0
0.03111,0
0.04728,0
0.05547,0
0.05694,0
0.00808,0
0.02547,0
0.02901,0
0.01506,0
0.02231,0
0.03209,0
0.03538,0
0.07176,0
0.04374,0
0.04547,0
0.03996,0
0.03503,0
0.03909,0
0.01837,0
0.02995,0
0.02755,0
0.01909,0
0.02672,0
0.03098,0
0.01837,0
0.02900,0
0.04518,0
0.07529,0
0.10136,0
0.10701,0
0.11045,0
0.00808,0
0.01952,0
0.03119,0
0.02907,0
0.03599,0
0.04389,0
0.01006,0
0.03112,0
0.04641,0
0.03162,0
0.03301,0
0.04381,0
0.05283,0
0.01837,0
0.03676,0
0.02716,0
0.02112,0
0.02675,0
0.03523,0
0.03044,0
0.03007,0
0.04763,0
0.04427,0
0.04441,0
0.04462,0
0.04295,0
0.09814,0
0.06296,0
0.03942,0
0.04347,0
0.04605,0
0.05054,0
0.12393,1
0.08829,1
0.05878,1
0.10564,1
0.14254,1
0.13267,1
0.13204,1
0.08503,0
0.07274,0
0.07369,0
0.07155,0
0.08123,0
0.08204,0
0.15640,0
0.09630,0
0.07364,0
0.05389,0
0.05375,0
0.07723,0
0.03012,0
0.04842,0
0.07582,0
0.04000,0
0.03350,0
0.06775,1
0.06547,1
0.08554,1
0.09110,1
0.10350,1
0.09532,1
0.00808,0
0.02547,0
0.02901,0
0.01506,0
0.01770,0
0.02202,0
0.02626,0
0.00808,0
0.01735,0
0.02438,0
0.01136,0
0.01963,0
0.03055,0
0.03414,0
0.02894,0
0.02119,0
0.03452,0
0.02874,0
0.03102,0
0.03239,0
0.03057,0
0.03012,0
0.03661,0
0.01851,0
0.01789,0
0.01924,0
0.04806,0
0.05825,0
0.04911,0
0.04767,0
0.04947,0
0.04441,0
0.04063,0
0.15416,0
0.11396,0
0.08439,0
0.06235,0
0.06089,0
0.08336,0
0.00808,0
0.01797,0
0.03246,0
0.04899,0
0.04977,0
0.05226,0
0.05789,0
0.10121,0
0.07810,0
0.06166,0
0.04812,0
0.04251,0
0.04610,0
0.05391,0
0.04806,0
0.03892,0
0.04433,0
0.05975,0
0.05731,0
0.05374,0
0.04865,0
0.06576,0
0.11488,0
0.09894,0
0.08544,0
0.07584,0
0.06952,0
0.03012,0
0.06472,1
0.14703,1
0.13086,1
0.12458,1
0.11659,1
0.10338,1
0.03012,0
0.02722,0
0.03464,0
0.03418,0
0.03755,0
0.03613,0
0.03461,0
0.09814,0
0.06296,0
0.04581,0
0.04911,0
0.04618,0
0.04998,0
0.01837,0
0.02562,0
0.03782,0
0.05326,0
0.05014,0
0.05149,0
0.05129,0
0.07443,0
0.07572,0
0.06898,0
0.05437,0
0.05279,0
0.06779,0
0.03012,0
0.04636,0
0.03829,0
0.02942,0
0.03299,0
0.03111,0
0.02919,0
0.05516,1
0.06013,1
0.12504,0
0.09168,0
0.06671,0
0.05137,0
0.04458,0
0.04558,0
0.05502,0
0.00808,0
0.02950,0
0.04026,0
0.05203,0
0.04716,0
0.05215,0
0.05446,0
0.25515,0
0.13513,0
0.09175,0
0.07791,0
0.09145,0
0.00808,0
0.05660,0
0.07056,0
0.08042,0
0.08689,0
0.09414,0
0.09847,0
0.00808,0
0.04872,0
0.04278,0
0.05521,0
0.06506,0
0.07784,0
0.08422,0
0.00808,0
0.01735,0
0.03384,0
0.04422,0
0.03700,0
0.03904,0
0.04091,0
0.12560,0
0.07981,0
0.05322,0
0.05405,0
0.07767,0
0.08953,0
0.01837,0
0.03676,0
0.02716,0
0.02315,0
0.02672,0
0.03489,0
0.10186,1
0.09567,1
0.10282,1
0.10219,1
0.10705,1
0.09487,1
0.10150,1
0.00808,0
0.02135,0
0.03316,0
0.03840,0
0.05022,0
0.05473,0
0.00808,0
0.01952,0
0.03119,0
0.03508,0
0.04373,0
0.04627,0
0.09575,0
0.07342,0
0.04752,0
0.04978,0
0.08826,0
0.11707,0
0.01837,0
0.02442,0
0.02898,0
0.01510,0
0.02283,0
0.02763,0
0.03104,0
0.03588,0
0.04114,0
0.04044,0
0.04337,0
0.04432,0
0.04249,0
0.04028,0
0.27652,0
0.14273,0
0.11433,0
0.11008,0
0.08952,0
0.08091,0
0.09724,0
0.02894,0
0.03668,0
0.08442,1
0.07044,1
0.06263,1
0.01837,0
0.02700,0
0.03202,0
0.02865,0
0.03436,0
0.04139,0
0.01837,0
0.04751,0
0.06959,0
0.07168,0
0.07735,0
0.08136,0
0.00808,0
0.02889,0
0.02185,0
0.01901,0
0.02636,0
0.03773,0
0.01837,0
0.02985,0
0.03461,0
0.01902,0
0.02569,0
0.03477,0
0.03628,0
0.12973,0
0.09207,0
0.05703,0
0.05354,0
0.07304,0
0.10440,0
0.03044,0
0.03347,0
0.05336,0
0.05688,0
0.05496,0
0.17239,0
0.10467,0
0.08004,0
0.06901,0
0.05969,0
0.05948,0
0.03044,0
0.03167,0
0.03527,0
0.02832,0
0.03389,0
0.03380,0
0.03297,0
0.06775,0
0.06262,0
0.08243,0
0.09949,0
0.11720,0
0.11720,0
0.11834,0
0.02894,0
0.03085,0
0.06240,0
0.07857,0
0.08728,0
0.08092,0
0.07393,0
0.12234,0
0.06986,0
0.04876,0
0.04444,0
0.05735,0
0.06739,0
0.08134,0
0.01837,0
0.05964,0
0.05755,0
0.07540,0
0.06589,0
0.07230,0
0.07420,0
0.01006,0
0.03072,0
0.02346,0
0.02016,0
0.02566,0
0.02675,0
0.06576,0
0.11488,0
0.10883,0
0.08884,0
0.07997,0
0.07493,0
0.01006,0
0.02495,0
0.03049,0
0.01583,0
0.02296,0
0.03353,1
0.03766,1
0.13276,0
0.08445,0
0.06041,0
0.04364,0
0.04692,0
0.07268,0
0.12560,1
0.07908,1
0.05237,1
0.05688,1
0.05291,1
0.05920,1
0.09518,0
0.07968,0
0.13783,0
0.11554,0
0.09959,0
0.08714,0
0.08554,0
0.10015,1
0.09089,1
0.08581,1
0.07093,1
0.06812,1
0.06950,1
0.10721,0
0.07183,0
0.04993,0
0.03487,0
0.03441,0
0.04655,0
0.06524,0
0.03012,0
0.03828,0
0.03887,0
0.03468,0
0.04199,0
0.03678,0
0.03348,0
0.07305,0
0.04903,0
0.04281,0
0.05985,0
0.08232,0
0.06761,0
0.06633,0
0.04996,0
0.05216,0
0.06853,0
0.10001,0
0.19633,0
0.11280,0
0.08165,0
0.07276,0
0.07495,0
0.00808,0
0.01952,0
0.03119,0
0.03508,0
0.03785,0
0.04218,0
0.02894,0
0.02119,0
0.02787,0
0.02629,0
0.03827,0
0.03650,0
0.03401,0
0.00808,0
0.02994,0
0.02718,0
0.02968,0
0.03816,0
0.04402,0
0.03012,0
0.03313,0
0.04136,0
0.04858,0
0.04770,0
0.04065,0
0.03627,0
0.02894,0
0.02910,0
0.02215,0
0.02253,0
0.02366,0
0.03012,0
0.03255,0
0.06137,0
0.07189,0
0.08505,0
0.07742,0
0.06916,0
0.01006,0
0.02131,0
0.02250,0
0.01698,0
0.02684,0
0.03486,0
0.00808,0
0.02889,0
0.04428,0
0.03837,0
0.03751,0
0.03804,0
0.00808,0
0.01735,0
0.02438,0
0.01136,0
0.01529,0
0.02111,0
0.03541,0
0.01006,0
0.02495,0
0.04494,0
0.05929,0
0.05252,0
0.05700,0
0.05628,0
0.00808,0
0.02994,0
0.02718,0
0.02607,0
0.03442,0
0.04596,0
0.01837,0
0.05810,0
0.07343,1
0.06035,1
0.06197,1
0.07158,1
0.10026,1
0.11794,1
0.11902,1
0.10542,0
0.08192,0
0.06369,0
0.05026,0
0.05091,0
0.05769,0
0.07770,0
0.09852,0
0.07464,0
0.05374,0
0.05151,0
0.05502,0
0.01837,0
0.02995,0
0.03541,0
0.02771,0
0.03185,0
0.03659,0
0.10542,0
0.07395,0
0.05689,0
0.04458,0
0.04403,0
0.06550,0
0.07783,0
0.07644,0
0.05591,0
0.06142,0
0.06174,0
0.05070,0
0.05564,0
0.01837,0
0.02985,0
0.04387,0
0.05550,0
0.04599,0
0.04810,0
0.04796,0
0.01006,0
0.02495,0
0.04385,0
0.07718,0
0.09653,0
0.09243,0
0.09137,0
0.00808,0
0.01797,0
0.03807,0
0.05238,0
0.04682,0
0.04853,0
0.05029,0
0.11067,0
0.06482,1
0.12527,1
0.12778,1
0.10605,1
0.12362,1
0.11361,1
0.11440,1
0.12069,1
0.13659,1
0.10352,1
0.08983,1
0.10045,1
0.11367,1
0.10368,1
0.10087,1
0.00808,0
0.02547,0
0.03898,0
0.05210,0
0.03952,0
0.03925,0
0.04080,0
0.10643,0
0.08409,0
0.06124,0
0.04745,0
0.04277,0
0.05257,0
0.05879,0
0.00808,0
0.02341,0
0.02239,0
0.02427,0
0.03662,0
0.04600,0
0.00808,0
0.01735,0
0.02438,0
0.01136,0
0.01901,0
0.02363,0
0.02751,0
0.07564,0
0.06743,0
0.12212,0
0.11420,0
0.09649,0
0.08425,0
0.08204,0
0.03044,0
0.02322,0
0.03324,0
0.03230,0
0.04056,0
0.03493,0
0.03188,0
0.09366,0
0.09286,0
0.07476,0
0.06282,0
0.06353,0
0.00808,0
0.02341,0
0.02776,0
0.03198,0
0.03599,0
0.04218,0
0.00808,0
0.02547,0
0.03607,0
0.06830,0
0.05956,0
0.06266,0
0.06113,0
0.00808,0
0.01797,0
0.03246,0
0.04899,0
0.04321,0
0.04914,0
0.05106,0
0.11067,0
0.08146,0
0.07218,0
0.05067,0
0.04209,0
0.04198,0
0.05180,0
0.11747,1
0.08396,1
0.07218,1
0.05059,1
0.04188,1
0.04181,1
0.05218,1
0.04727,1
0.00808,0
0.02547,0
0.02901,0
0.01506,0
0.02229,0
0.03285,0
0.03984,0
0.09852,0
0.07432,0
0.05437,0
0.05133,0
0.06461,0
0.13034,0
0.09193,0
0.08128,0
0.07063,0
0.05630,0
0.05909,0
0.00808,0
0.02950,0
0.04737,0
0.03236,0
0.02895,0
0.03898,0
0.04607,0
0.00808,0
0.01952,0
0.02129,0
0.02060,0
0.02832,0
0.03752,0
0.13034,0
0.09951,0
0.09292,0
0.07718,0
0.06265,0
0.06432,0
0.00808,0
0.01735,0
0.03683,0
0.05245,0
0.04764,0
0.05331,0
0.05353,0
0.00808,0
0.02341,0
0.03102,0
0.02958,0
0.03395,0
0.03691,0
0.03588,0
0.03964,0
0.05777,0
0.04626,0
0.05209,0
0.04422,0
0.04070,0
0.01006,0
0.03072,0
0.02346,0
0.02382,0
0.02863,0
0.03483,0
0.12425,0
0.10273,0
0.09313,0
0.08842,0
0.07435,0
0.07105,0
0.08760,0
0.00808,0
0.01735,0
0.03606,0
0.04859,0
0.03834,0
0.03799,0
0.04919,0
0.01006,0
0.03112,0
0.04860,0
0.03477,0
0.03054,0
0.03882,0
0.04510,0
0.00808,0
0.01797,0
0.03575,0
0.05846,0
0.04844,0
0.05928,0
0.06151,0
0.01837,0
0.02985,0
0.04596,0
0.05589,0
0.04449,0
0.04392,0
0.05424,0
0.01006,0
0.01906,0
0.02581,0
0.01204,0
0.01590,0
0.02102,0
0.02528,0
0.03044,0
0.05023,0
0.05514,0
0.04325,0
0.03753,0
0.00808,0
0.02950,0
0.04468,0
0.05571,0
0.05408,0
0.06171,0
0.06388,0
0.00808,0
0.01952,0
0.02129,0
0.01610,0
0.03002,0
0.03759,0
0.00808,0
0.01735,0
0.02438,0
0.01136,0
0.01901,0
0.02526,0
0.03525,0
0.03012,0
0.04852,0
0.04369,0
0.05703,0
0.05742,0
0.06012,0
0.06920,0
0.09366,0
0.07859,0
0.13566,0
0.11727,0
0.10033,0
0.08639,0
0.08324,0
0.09502,0
0.09080,0
0.06368,0
0.05883,0
0.07646,0
0.10753,0
0.03012,0
0.04852,0
0.04369,0
0.05155,0
0.05362,0
0.08825,0
0.09468,0
0.01006,0
0.01906,0
0.03255,0
0.05723,0
0.04928,0
0.05216,0
0.05229,0
0.00808,0
0.02341,0
0.02239,0
0.01150,0
0.02059,0
0.02745,0
0.24277,0
0.17764,0
0.16045,0
0.14494,0
0.12454,0
0.11849,0
0.12989,0
0.06775,0
0.06547,0
0.09756,0
0.12546,0
0.12693,0
0.03012,0
0.03661,0
0.01851,0
0.01798,0
0.02046,0
0.08343,0
0.09261,0
0.08361,0
0.08028,0
0.07912,0
0.07322,0
0.06775,0
0.06547,0
0.08062,0
0.10422,0
0.10697,0
0.01006,0
0.02348,0
0.02854,0
0.02017,0
0.02775,0
0.03386,0
0.00808,0
0.01952,0
0.02642,0
0.02480,0
0.03148,0
0.03765,0
0.11709,0
0.10479,0
0.08491,0
0.07334,0
0.06469,0
0.05780,0
0.05973,0
0.07644,0
0.05591,0
0.05149,0
0.05678,0
0.04970,0
0.05129,0
0.12060,0
0.08408,0
0.08964,0
0.07687,0
0.06374,0
0.05934,0
0.08807,0
0.09725,0
0.07002,0
0.04793,0
0.04835,0
0.06781,0
0.09402,0
0.10264,0
0.02894,0
0.03085,0
0.03748,0
0.03313,0
0.03757,0
0.03738,0
0.03510,0
0.00808,0
0.02341,0
0.02776,0
0.02459,0
0.03658,0
0.03884,0
0.01837,0
0.02442,0
0.02898,0
0.01510,0
0.02411,0
0.03205,0
0.03429,0
0.00808,0
0.02341,0
0.02776,0
0.02459,0
0.02865,0
0.03602,0
0.00808,0
0.02341,0
0.02239,0
0.01150,0
0.01840,0
0.02700,0
0.00808,0
0.01735,0
0.02438,0
0.02732,1
0.03558,1
0.04451,1
0.05288,1
0.03012,0
0.03661,0
0.01851,0
0.01789,0
0.01924,0
0.00808,0
0.02341,0
0.02776,0
0.01980,0
0.02734,0
0.03235,0
0.01006,0
0.01980,0
0.04317,0
0.04136,0
0.04146,0
0.04448,0
0.05053,0
0.11962,1
0.09683,1
0.10289,1
0.09819,1
0.09514,1
0.10521,1
0.12663,1
0.00808,0
0.04111,0
0.04150,0
0.06560,0
0.05895,0
0.06480,0
0.06487,0
0.01837,0
0.02442,0
0.03176,0
0.05260,0
0.04921,0
0.05121,0
0.04982,0
0.03044,0
0.04640,0
0.04058,0
0.04775,0
0.05236,0
0.05983,0
0.06766,0
0.01006,0
0.06562,0
0.06854,0
0.07136,0
0.07976,0
0.08670,0
0.10142,0
0.09082,0
0.07258,0
0.06277,0
0.06603,0
0.02894,0
0.03412,0
0.04461,0
0.04360,0
0.04655,0
0.04407,0
0.04153,0
0.00808,0
0.01735,0
0.02438,0
0.01136,0
0.01713,0
0.02511,0
0.02928,0
0.00808,0
0.11103,1
0.11325,1
0.10080,1
0.10680,1
0.11412,1
0.03588,0
0.04937,0
0.02330,0
0.02254,0
0.02292,0
0.01837,0
0.02995,0
0.03541,0
0.03328,0
0.04281,0
0.04984,0
0.00808,0
0.01797,0
0.03366,0
0.02626,0
0.02426,0
0.03022,0
0.03810,0
0.00808,0
0.02994,0
0.02081,0
0.01959,0
0.02640,0
0.03276,0
0.12932,0
0.10125,0
0.08085,0
0.06114,0
0.05994,0
0.07268,0
0.09769,0
0.07169,0
0.07962,0
0.09685,0
0.09594,0
0.08901,0
0.08202,0
0.07976,0
0.00808,0
0.02341,0
0.02239,0
0.01531,0
0.02319,0
0.02836,0
0.00808,0
0.02341,0
0.02239,0
0.04254,1
0.08857,1
0.10248,1
0.12481,1
0.10096,1
0.09352,1
0.08940,0
0.07599,0
0.09410,0
0.08429,0
0.08116,0
0.08159,0
0.08127,0
0.03012,0
0.05076,0
0.04409,0
0.05153,0
0.06535,0
0.07043,0
0.07336,0
0.00808,0
0.02341,0
0.02239,0
0.01531,0
0.02319,0
0.02836,0
0.11920,1
0.08462,1
0.07003,1
0.06136,1
0.05434,1
0.04756,1
0.01837,0
0.03676,0
0.02716,0
0.02191,0
0.02889,0
0.03285,0
0.03044,0
0.05023,0
0.07632,0
0.04406,0
0.03732,0
0.10542,0
0.09447,0
0.06903,0
0.05175,0
0.05377,0
0.06780,0
0.10207,0
0.00808,0
0.01735,0
0.02438,0
0.01136,0
0.01963,0
0.03055,0
0.03414,0
0.13532,0
0.07672,0
0.05354,0
0.04382,0
0.04532,0
0.05207,0
0.07082,0
0.00808,0
0.01735,0
0.03606,0
0.04859,0
0.03747,0
0.03839,0
0.03876,0
0.01006,0
0.01906,0
0.02581,0
0.01204,0
0.03385,1
0.04405,1
0.04892,1
0.11962,0
0.09415,0
0.07341,0
0.05564,0
0.05202,0
0.07312,0
0.11047,0
0.01837,0
0.02562,0
0.04089,0
0.06286,0
0.05885,0
0.06100,0
0.06143,0
0.01837,0
0.02985,0
0.03461,0
0.01902,0
0.02482,0
0.03289,0
0.04148,0
0.12560,0
0.07908,0
0.05475,0
0.05932,0
0.06900,0
0.07002,0
0.07157,0
0.00808,0
0.04872,0
0.04428,0
0.06357,0
0.05429,0
0.05634,0
0.06548,0
0.01006,0
0.01906,0
0.02581,0
0.01204,0
0.01590,0
0.02102,0
0.02528,0
0.00808,0
0.01952,0
0.02642,0
0.02480,0
0.03573,0
0.04230,0
0.03588,0
0.06464,0
0.07936,0
0.08406,0
0.07547,0
0.19633,0
0.11335,0
0.08072,0
0.07097,0
0.07317,0
0.00808,0
0.02547,0
0.03607,0
0.06066,0
0.05624,0
0.05414,0
0.05248,0
0.01837,0
0.02442,0
0.03489,0
0.05196,0
0.04483,0
0.05157,0
0.05639,0
0.01837,0
0.05964,0
0.06514,0
0.08102,0
0.07828,0
0.08015,0
0.08003,0
0.01006,0
0.07043,0
0.06851,0
0.07321,0
0.07784,0
0.09415,0
0.10063,0
0.00808,0
0.01952,0
0.02129,0
0.01610,0
0.02776,0
0.03556,0
0.01837,0
0.02700,0
0.03202,0
0.02865,0
0.04084,0
0.04457,0
0.01006,0
0.02348,0
0.02854,0
0.02017,0
0.03216,0
0.04161,0
0.03044,0
0.02893,0
0.04295,0
0.05554,0
0.05085,0
0.04560,0
0.04078,0
0.03012,0
0.04842,0
0.07582,0
0.04173,0
0.03589,0
0.13276,0
0.10714,0
0.07948,0
0.05834,0
0.05953,0
0.08355,0
0.00808,0
0.02341,0
0.02239,0
0.01150,0
0.02418,0
0.03481,0
0.00808,0
0.02135,0
0.02967,0
0.03403,0
0.03777,0
0.03994,0
0.03012,0
0.04842,0
0.07582,0
0.04173,0
0.03589,0
0.29620,0
0.17990,0
0.12898,0
0.13280,1
0.12859,1
0.11581,1
0.11107,1
0.11586,1
0.12220,1
0.00808,0
0.02341,0
0.03102,0
0.02958,0
0.03667,0
0.04467,0
0.00808,0
0.02889,0
0.02185,0
0.01661,0
0.02492,0
0.02964,0
0.11544,0
0.10738,0
0.07961,0
0.07175,0
0.07005,0
0.06532,0
0.07191,0
0.10542,0
0.08836,0
0.07851,0
0.06067,0
0.05744,0
0.07067,0
0.10333,0
0.01006,0
0.03072,0
0.02346,0
0.01750,0
0.02565,0
0.03759,0
0.00808,0
0.02547,0
0.02901,0
0.01506,0
0.02229,0
0.02690,0
0.03156,0
0.12393,0
0.09075,0
0.06125,0
0.04463,0
0.04197,0
0.05669,0
0.09005,0
0.08503,0
0.07274,0
0.06418,0
0.07604,0
0.08332,0
0.08490,0
0.00808,0
0.03640,0
0.03728,0
0.05631,0
0.07235,0
0.07962,0
0.08410,0
0.11771,0
0.06028,0
0.05116,0
0.04985,0
0.04325,0
0.03962,0
0.04842,0
0.01837,0
0.02442,0
0.04315,0
0.04880,0
0.04942,0
0.05764,0
0.05814,0
0.03044,0
0.02893,0
0.05940,0
0.06959,0
0.08232,0
0.07752,0
0.06995,0
0.13034,0
0.09193,0
0.08201,0
0.07669,0
0.06514,0
0.06707,0
0.09622,1
0.08806,1
0.09736,1
0.08708,1
0.08863,1
0.08168,1
0.01006,0
0.04392,0
0.05650,0
0.05175,0
0.04429,0
0.05656,0
0.00808,0
0.02994,0
0.02718,0
0.02968,0
0.03727,0
0.04848,0
0.10121,0
0.08200,0
0.06123,0
0.04763,0
0.04190,0
0.04435,0
0.05540,0
0.07169,0
0.06797,0
0.05283,0
0.04140,0
0.05275,0
0.05724,0
0.05864,0
0.01837,0
0.03827,0
0.03191,0
0.02960,0
0.03519,0
0.04048,0
0.15719,0
0.11233,0
0.11083,0
0.10003,0
0.08379,0
0.07784,0
0.09468,0
0.01006,0
0.02301,0
0.03365,0
0.03632,0
0.04377,0
0.05108,0
0.01837,0
0.03827,0
0.03191,0
0.03311,0
0.03511,0
0.04020,0
0.09814,0
0.06296,0
0.04017,0
0.04371,0
0.04688,0
0.04998,0
0.09575,0
0.07342,0
0.04752,0
0.04978,0
0.07580,0
0.10504,0
0.07848,0
0.06875,0
0.06908,0
0.07105,0
0.06870,0
0.07521,0
0.01837,0
0.02700,0
0.03202,0
0.03442,0
0.03712,0
0.04004,0
0.02894,0
0.08367,1
0.10022,1
0.07948,1
0.06906,1
0.01006,0
0.02348,0
0.02298,0
0.01587,0
0.02450,0
0.03184,0
0.21126,0
0.11826,0
0.09865,0
0.09065,0
0.07473,0
0.07643,0
0.01837,0
0.02700,0
0.02606,0
0.01992,0
0.02489,0
0.03205,0
0.00808,0
0.03208,0
0.04406,0
0.03975,0
0.04737,0
0.05176,0
0.02894,0
0.03085,0
0.03668,0
0.03354,0
0.03864,0
0.03721,0
0.03478,0
0.10142,0
0.09082,0
0.07258,0
0.06277,0
0.06770,0
0.27652,0
0.15093,0
0.11575,0
0.11362,0
0.09240,0
0.08876,0
0.10368,0
0.07169,0
0.06272,0
0.07999,0
0.07084,0
0.07641,0
0.07746,0
0.07633,0
0.00808,0
0.02205,0
0.04850,0
0.03673,0
0.03384,0
0.04525,0
0.04552,0
0.07169,0
0.06797,0
0.05283,0
0.04140,0
0.04199,0
0.04328,0
0.04717,0
0.05777,0
0.09558,0
0.11249,0
0.10055,0
0.10003,0
0.09978,1
0.09659,1
0.07412,0
0.05934,0
0.04241,0
0.04482,0
0.05273,0
0.06060,0
0.06674,0
0.07953,0
0.07135,0
0.05197,0
0.04955,0
0.09473,0
0.11905,0
0.14202,0
0.18464,0
0.14755,0
0.16615,1
0.16652,1
0.14383,1
0.13550,1
0.01837,0
0.02901,0
0.03441,0
0.03339,0
0.03539,0
0.04087,0
0.12694,0
0.14608,0
0.11782,0
0.10697,0
0.09115,0
0.07968,0
0.08303,0
0.08528,0
0.07406,0
0.06944,0
0.06576,0
0.06850,0
0.07080,0
0.03044,0
0.03167,0
0.10913,1
0.10713,1
0.10183,1
0.10323,1
0.09618,1
0.19633,0
0.11280,0
0.08165,0
0.07276,0
0.07485,0
0.08224,0
0.07010,0
0.07156,0
0.06224,0
0.05388,0
0.05656,0
0.06799,0
0.00808,0
0.01797,0
0.03575,0
0.06115,0
0.05802,0
0.05875,0
0.05935,0
0.01006,0
0.02495,0
0.03739,0
0.02259,0
0.02352,0
0.02842,0
0.03145,0
0.01006,0
0.02131,0
0.02250,0
0.01698,0
0.02448,0
0.03873,0
0.08503,0
0.06208,0
0.05302,0
0.05429,0
0.05376,0
0.05745,0
0.08393,0
0.04746,0
0.04012,0
0.04181,0
0.04650,0
0.05221,0
0.06011,0
0.06775,0
0.06547,0
0.08160,0
0.10674,0
0.10958,0
0.00808,0
0.02994,0
0.02081,0
0.01744,0
0.02624,0
0.03353,0
0.13659,1
0.10321,1
0.07399,1
0.05623,1
0.05245,1
0.04680,1
0.06684,1
0.09082,1
0.09756,0
0.06426,0
0.05436,0
0.05383,0
0.11073,0
0.03044,0
0.03904,0
0.01914,0
0.01799,0
0.01939,0
0.00808,0
0.01735,0
0.03096,0
0.01787,0
0.02451,0
0.03494,0
0.04173,0
0.00808,0
0.01735,0
0.02438,0
0.01136,0
0.01901,0
0.02526,0
0.03525,0
0.11324,0
0.08359,0
0.04957,0
0.04662,0
0.06642,0
0.09086,0
0.02894,0
0.03085,0
0.03620,0
0.03311,0
0.03744,0
0.03585,0
0.03352,0
0.02894,0
0.03222,0
0.04584,0
0.03556,0
0.03979,0
0.03581,0
0.03313,0
0.08579,0
0.10699,0
0.07726,0
0.08290,0
0.07387,0
0.06555,0
0.06598,0
0.12095,0
0.14259,0
0.12224,0
0.10831,0
0.09612,0
0.08727,0
0.08604,0
0.03044,0
0.03646,0
0.04673,0
0.05598,0
0.05043,0
0.04399,0
0.04055,0
0.03044,0
0.03068,0
0.04065,0
0.03459,0
0.04610,0
0.04246,0
0.03894,0
0.12393,0
0.09897,0
0.06863,0
0.05071,0
0.04731,0
0.05360,0
0.08691,0
0.11771,0
0.06028,0
0.04192,0
0.04128,0
0.03710,0
0.03531,0
0.04477,0
0.13659,0
0.08924,0
0.06717,0
0.05138,0
0.04573,0
0.05061,0
0.06002,0
0.03044,0
0.03581,0
0.04494,0
0.05085,0
0.05336,0
0.04956,0
0.04481,0
0.10542,0
0.08739,0
0.06390,0
0.04696,0
0.04708,0
0.05657,0
0.09084,0
0.01006,0
0.02348,0
0.02854,0
0.02508,0
0.03015,0
0.03532,0
0.01006,0
0.02495,0
0.03777,0
0.06210,0
0.05117,0
0.05362,0
0.05868,0
0.06576,0
0.09589,0
0.09356,0
0.08363,0
0.07627,0
0.07087,0
0.00808,0
0.02341,0
0.03102,0
0.02418,0
0.03584,0
0.04502,0
0.00808,0
0.01735,0
0.03096,0
0.01787,0
0.02440,0
0.03441,0
0.03611,0
0.00808,0
0.02547,0
0.03048,0
0.05086,0
0.04951,0
0.06287,0
0.06167,0
0.12976,0
0.11004,0
0.08233,0
0.06422,0
0.06358,0
0.08683,0
0.09925,0
0.10371,0
0.08333,0
0.06529,0
0.06502,0
0.08942,0
0.14352,0
0.08766,0
0.06629,0
0.05648,0
0.05172,0
0.04598,0
0.04891,0
0.01837,0
0.02442,0
0.03593,0
0.06073,0
0.05559,0
0.06052,0
0.05992,0
0.00808,0
0.02205,0
0.04756,0
0.05148,0
0.05740,0
0.06085,0
0.06508,0
0.01006,0
0.03329,0
0.02538,0
0.02786,0
0.03247,0
0.03826,0
0.02894,0
0.04935,0
0.05326,0
0.03934,0
0.03614,0
0.00808,0
0.02889,0
0.02185,0
0.01924,0
0.02399,0
0.03075,0
0.00808,0
0.02950,0
0.04026,0
0.05203,0
0.04646,0
0.05944,0
0.06356,0
0.03044,0
0.03396,0
0.03755,0
0.04572,0
0.04633,0
0.04114,0
0.03837,0
0.03012,0
0.03415,0
0.05383,0
0.06012,0
0.05646,0
0.00808,0
0.01797,0
0.05676,1
0.07081,1
0.07842,1
0.09709,1
0.13963,1
0.14438,1
0.14168,1
0.07169,0
0.06797,0
0.05283,0
0.04140,0
0.04763,0
0.04800,0
0.05050,0
0.01837,0
0.02700,0
0.03202,0
0.03442,0
0.04271,0
0.04504,0
0.18311,0
0.18253,0
0.11089,0
0.09466,0
0.09031,0
0.08014,0
0.08451,0
0.11833,1
0.08475,1
0.06308,1
0.14035,1
0.13038,1
0.12972,1
0.13243,1
0.01837,0
0.02442,0
0.02898,0
0.01510,0
0.02020,0
0.03118,0
0.04904,1
0.07172,1
0.07602,1
0.00808,0
0.02547,0
0.03898,0
0.05210,0
0.03952,0
0.03862,0
0.04552,0
0.01837,0
0.02980,1
0.04057,1
0.06369,1
0.06900,1
0.07360,1
0.07314,1
0.00808,0
0.04424,0
0.04325,0
0.05348,0
0.06701,0
0.06436,0
0.07229,0
0.09614,0
0.08354,0
0.09243,0
0.07331,0
0.07204,0
0.06983,0
0.07038,0
0.01006,0
0.03072,0
0.04560,0
0.04050,0
0.04472,0
0.04618,0
0.03012,0
0.02722,0
0.03607,0
0.04075,0
0.04620,0
0.04336,0
0.03994,0
0.12441,0
0.10838,0
0.07157,0
0.06534,0
0.07307,0
0.10167,0
0.18845,0
0.13640,0
0.11075,0
0.08302,0
0.08078,0
0.10723,0
0.06775,0
0.06659,0
0.10628,0
0.11777,0
0.13137,0
0.00808,0
0.01952,0
0.03119,0
0.03508,0
0.04373,0
0.05118,0
0.01837,0
0.02985,0
0.04592,0
0.05676,0
0.04538,0
0.04880,0
0.05822,0
0.08309,0
0.06664,0
0.04482,0
0.04708,0
0.06216,0
0.09218,0
0.01006,0
0.03112,0
0.04179,0
0.05333,0
0.04444,0
0.05003,0
0.05558,0
0.03044,0
0.03904,0
0.01914,0
0.01819,0
0.02065,0
0.08940,0
0.07735,0
0.09341,0
0.08265,0
0.07928,0
0.07997,0
0.07969,0
0.01837,0
0.02985,0
0.03461,0
0.01902,0
0.02482,0
0.02737,0
0.03053,0
0.07644,0
0.05591,0
0.05376,0
0.05131,0
0.04502,0
0.05192,0
0.00808,0
0.02547,0
0.04088,0
0.05326,0
0.04284,0
0.04159,0
0.04228,0
0.01006,0
0.03193,0
0.02764,0
0.04805,1
0.08733,1
0.11365,1
0.11424,1
0.11095,1
0.00808,0
0.02135,0
0.03316,0
0.03802,0
0.04464,0
0.04892,0
0.03012,0
0.04963,0
0.05044,0
0.04676,0
0.04425,0
0.08503,0
0.07283,0
0.07326,0
0.06740,0
0.07649,0
0.07551,0
0.00808,0
0.02341,0
0.02776,0
0.02075,0
0.02902,0
0.03229,0
0.07644,0
0.04434,0
0.05772,0
0.05441,0
0.04780,0
0.04980,0
0.06472,0
0.08002,0
0.06441,0
0.04699,0
0.04776,0
0.06050,0
0.05958,0
0.06905,0
0.04923,0
0.05096,0
0.06697,0
0.07988,0
0.00808,0
0.08744,1
0.07110,1
0.07837,1
0.08831,1
0.08937,1
0.01006,0
0.02348,0
0.02854,0
0.02508,0
0.02925,0
0.03361,0
0.10142,0
0.09082,0
0.07401,0
0.06301,0
0.06437,0
0.03044,0
0.03904,0
0.01914,0
0.01799,0
0.01939,0
0.03012,0
0.03307,0
0.04999,0
0.04038,0
0.04311,0
0.04062,0
0.03767,0
0.06761,0
0.08318,0
0.05911,0
0.05888,0
0.07409,0
0.10392,0
0.08102,1
0.05035,1
0.08131,1
0.09932,1
0.09632,1
0.10433,1
0.11507,1
0.00808,1
0.02950,1
0.05901,1
0.08557,1
0.09565,1
0.10669,1
0.13037,1
0.00808,0
0.03208,0
0.02355,0
0.02160,0
0.02732,0
0.03405,0
0.01006,0
0.02495,0
0.03937,0
0.06832,0
0.08914,0
0.08618,0
0.08653,0
0.08579,0
0.09550,0
0.07983,0
0.06199,0
0.05600,0
0.05014,0
0.05173,0
0.06775,0
0.06547,0
0.09058,0
0.09255,0
0.13867,0
0.13909,0
0.14788,0
0.01837,0
0.02442,0
0.03979,0
0.05236,0
0.04509,0
0.05111,0
0.05571,0
0.01006,0
0.03193,0
0.02090,0
0.01680,0
0.02203,0
0.02847,0
0.07169,0
0.06797,0
0.05283,0
0.04333,0
0.04406,0
0.05212,0
0.05388,0
0.00808,0
0.01735,0
0.02438,0
0.01136,0
0.01901,0
0.02290,0
0.02658,0
0.02595,1
0.04526,1
0.05260,1
0.05434,1
0.06006,1
0.05151,1
0.07017,1
0.07275,1
0.00808,0
0.02994,0
0.02081,0
0.01949,0
0.02523,0
0.03119,0
0.01837,0
0.02985,0
0.03461,0
0.01902,0
0.02569,0
0.03477,0
0.03755,0
0.03044,0
0.02893,0
0.04295,0
0.04947,0
0.04254,0
0.03892,0
0.03700,0
0.07305,0
0.04903,0
0.04605,0
0.06106,0
0.09476,0
0.10244,0
0.08072,0
0.05502,0
0.05471,0
0.06720,0
0.06699,0
0.07930,0
0.00808,0
0.02205,0
0.04806,0
0.04321,0
0.04416,0
0.04997,0
0.05516,0
0.03044,0
0.03184,0
0.03631,0
0.03389,0
0.03782,0
0.03702,0
0.03561,0
0.03588,0
0.05481,0
0.05461,0
0.05008,0
0.04788,0
0.11771,0
0.06028,0
0.04192,0
0.03955,0
0.03620,0
0.03364,0
0.03866,0
0.07176,0
0.04374,0
0.05327,0
0.05522,0
0.04579,0
0.04676,0
0.00808,0
0.01797,0
0.04323,0
0.06227,0
0.06214,0
0.06157,0
0.06154,0
0.01837,0
0.02562,0
0.03782,0
0.06413,1
0.07830,1
0.11162,1
0.11524,1
0.13299,0
0.10803,0
0.10285,1
0.10872,1
0.10924,1
0.10616,1
0.11115,1
0.13114,1
0.14158,1
0.00808,0
0.01797,0
0.03246,0
0.04899,0
0.04670,0
0.05852,0
0.06007,0
0.00808,0
0.02341,0
0.02239,0
0.01150,0
0.02063,0
0.02639,0
0.23970,0
0.15153,0
0.10232,0
0.08120,0
0.08928,0
0.06581,0
0.07211,0
0.05566,0
0.05771,0
0.07416,0
0.10480,0
0.01837,0
0.02901,0
0.03766,0
0.03862,0
0.03919,0
0.04399,0
0.03012,0
0.03661,0
0.01851,0
0.01789,0
0.01924,0
0.00808,0
0.02547,0
0.02901,0
0.01506,0
0.02229,0
0.03421,0
0.08802,1
0.10380,1
0.10893,1
0.10811,1
0.12803,0
0.08865,0
0.07625,0
0.07645,0
0.06446,0
0.06640,0
0.09436,0
0.00808,0
0.02341,0
0.02239,0
0.01150,0
0.02070,0
0.03081,0
0.18072,0
0.11035,0
0.07832,0
0.06060,0
0.06249,0
0.09063,0
0.27652,0
0.15093,0
0.11947,0
0.11405,0
0.09158,0
0.08770,0
0.10214,0
0.00808,0
0.02547,0
0.02901,0
0.01506,0
0.02231,0
0.03209,0
0.03538,0
0.09622,0
0.07417,0
0.04973,0
0.03944,0
0.04047,0
0.03999,0
0.04279,0
0.01837,0
0.02442,0
0.03970,0
0.04302,0
0.03616,0
0.03982,0
0.04027,0
0.01006,0
0.03193,0
0.02090,0
0.01812,0
0.02678,0
0.03576,0
0.02894,0
0.02919,0
0.04072,0
0.04306,0
0.05103,0
0.04785,0
0.04389,0
0.00808,0
0.01735,0
0.02438,0
0.01136,0
0.01963,0
0.03055,0
0.03414,0
0.00808,0
0.01735,0
0.03432,0
0.04477,0
0.04085,0
0.05411,1
0.09306,1
0.10820,1
0.11657,1
0.11555,1
0.02894,0
0.04935,0
0.07357,0
0.05422,0
0.04672,0
0.07515,0
0.06314,0
0.06603,0
0.09788,0
0.10283,0
0.11973,0
0.12098,0
0.00808,0
0.04633,0
0.06727,0
0.08239,0
0.07204,0
0.07482,0
0.07483,0
0.03044,0
0.03347,0
0.04891,0
0.05419,0
0.05122,0
0.02894,0
0.03085,0
0.04329,0
0.05573,0
0.05260,0
0.04739,0
0.04268,0
0.08503,1
0.07283,1
0.07088,1
0.06119,1
0.07527,1
0.07989,1
0.00808,0
0.01797,0
0.03366,0
0.03339,0
0.03620,0
0.04545,0
0.05149,0
0.01837,0
0.03737,0
0.04588,0
0.05617,0
0.04695,0
0.04869,0
0.05812,0
0.01837,0
0.03986,0
0.02946,0
0.02614,0
0.04148,0
0.04395,0
0.10496,0
0.07849,0
0.06946,0
0.04514,0
0.03649,0
0.03657,0
0.04992,0
0.03044,0
0.05023,0
0.07632,0
0.06946,1
0.11996,0
0.09326,0
0.08020,0
0.06410,0
0.06448,0
0.07847,0
0.11463,0
0.01006,0
0.02131,0
0.02250,0
0.02150,0
0.02690,0
0.03222,0
0.09911,0
0.06183,0
0.05534,0
0.05347,0
0.11155,0
0.08697,0
0.08898,0
0.07724,0
0.08168,0
0.06944,0
0.06840,0
0.01837,0
0.03737,0
0.05560,0
0.06232,0
0.05398,0
0.05295,0
0.05330,0
0.01006,0
0.05322,0
0.06016,0
0.07780,0
0.08402,0
0.11318,0
0.11777,0
0.03588,0
0.04937,0
0.02330,0
0.02234,0
0.02411,0
0.09991,0
0.07370,0
0.06601,0
0.04900,0
0.04821,0
0.06391,0
0.14202,0
0.17522,0
0.14807,0
0.11575,0
0.10496,0
0.00808,0
0.03208,0
0.02355,0
0.01990,0
0.03264,0
0.03371,0
0.00808,0
0.02950,0
0.05211,0
0.04268,0
0.03597,0
0.03797,0
0.04424,0
0.00808,0
0.06439,0
0.05492,0
0.06844,0
0.05963,0
0.06486,0
0.07104,0
0.03012,0
0.03401,0
0.04565,0
0.03620,0
0.03917,0
0.03666,0
0.03386,0
0.01006,0
0.01906,0
0.02581,0
0.01204,0
0.02025,0
0.03106,0
0.03462,0
0.09724,0
0.07209,0
0.05550,0
0.04912,0
0.05884,0
0.00808,0
0.01952,0
0.02129,0
0.02060,0
0.02832,0
0.03752,0
0.12560,0
0.07689,0
0.05282,0
0.05800,0
0.06155,0
0.07653,0
0.08162,0
0.03012,0
0.02722,0
0.03924,0
0.06680,0
0.09012,0
0.08825,0
0.09037,0
0.00808,0
0.02341,0
0.02776,0
0.02075,0
0.03023,0
0.03975,0
0.01837,0
0.03737,0
0.05087,0
0.04067,0
0.03990,0
0.04195,0
0.04437,0
0.03588,0
0.04056,0
0.04757,0
0.04914,0
0.04255,0
0.03920,0
0.03749,0
0.03588,0
0.03731,0
0.04375,0
0.05291,0
0.05813,0
0.05050,0
0.04495,0
0.00808,0
0.02341,0
0.03102,0
0.02489,0
0.04067,0
0.04428,0
0.07305,0
0.04903,0
0.04290,0
0.05811,0
0.08097,0
0.07305,0
0.04903,0
0.04605,0
0.04546,0
0.04739,0
0.08412,0
0.09064,0
0.10542,0
0.09711,0
0.09232,0
0.06802,0
0.06459,0
0.07239,0
0.10555,0
0.01837,0
0.03737,0
0.05560,0
0.07152,0
0.06393,0
0.06175,0
0.06849,0
0.12425,0
0.10273,0
0.09202,0
0.08068,0
0.06680,0
0.06391,0
0.07995,0
0.14558,0
0.07281,0
0.05598,0
0.05735,0
0.05044,0
0.04527,0
0.05336,0
0.01837,0
0.14637,1
0.12186,1
0.11245,1
0.11036,1
0.10802,1
0.00808,0
0.03208,0
0.04406,0
0.04209,0
0.04580,0
0.04949,0
0.00808,0
0.01952,0
0.02129,0
0.02060,0
0.02832,0
0.03273,0
0.11137,0
0.08793,0
0.06120,0
0.05702,0
0.07432,0
0.10539,0
0.00808,0
0.04719,1
0.07351,1
0.08501,1
0.07060,1
0.07024,1
0.07201,1
0.08343,0
0.07773,0
0.07973,0
0.08112,0
0.07606,0
0.07205,0
0.00808,0
0.02547,0
0.03898,0
0.05299,0
0.04274,0
0.04214,0
0.04339,0
0.01837,0
0.03676,0
0.02716,0
0.02083,0
0.03389,0
0.03677,0
0.07462,0
0.06130,0
0.06020,0
0.05619,0
0.06645,0
0.07429,0
0.10533,0
0.08673,0
0.14280,0
0.12081,0
0.10500,0
0.09059,0
0.08675,0
0.09991,1
0.08323,1
0.06637,1
0.04544,1
0.04452,1
0.04041,1
0.07257,1
0.09814,0
0.06296,0
0.03942,0
0.04358,0
0.04778,0
0.05076,0
0.05777,0
0.10453,0
0.10290,0
0.08327,0
0.08066,0
0.08035,0
0.07969,0
0.09622,0
0.07417,0
0.04973,0
0.03944,0
0.03866,0
0.03864,0
0.04189,0
0.00808,0
0.02341,0
0.02776,0
0.01980,0
0.03174,0
0.04129,0
0.08045,0
0.06949,0
0.06574,0
0.05653,0
0.05663,0
0.06386,0
0.00808,0
0.02341,0
0.02239,0
0.01531,0
0.02551,0
0.02866,0
0.10214,1
0.07680,1
0.05233,1
0.15682,1
0.15328,1
0.14767,1
0.16049,1
0.10178,0
0.09222,0
0.06543,0
0.04701,0
0.04550,0
0.06292,0
0.09047,0
0.00808,0
0.02994,0
0.02081,0
0.02022,0
0.02787,0
0.03468,0
0.13320,0
0.09190,0
0.06354,0
0.04670,0
0.04410,0
0.06686,0
0.07434,0
0.01006,0
0.02324,0
0.05504,0
0.06075,0
0.05355,0
0.05655,0
0.05777,0
0.13034,0
0.09791,0
0.07612,0
0.07285,0
0.05815,0
0.06005,0
0.02894,0
0.03668,0
0.01728,0
0.01733,0
0.01882,0
0.08940,0
0.07758,1
0.08741,1
0.08095,1
0.08019,1
0.08195,1
0.08286,1
0.03012,0
0.02120,0
0.03573,0
0.07305,0
0.08873,0
0.09007,0
0.09741,0
0.01837,0
0.02700,0
0.03202,0
0.02865,0
0.03877,0
0.04741,0
0.21126,0
0.10744,0
0.09276,0
0.08480,0
0.07037,0
0.07251,0
0.10142,0
0.09082,0
0.07401,0
0.06301,0
0.06437,0
0.00808,0
0.02950,0
0.04026,0
0.05203,0
0.04646,0
0.05944,0
0.06356,0
0.03012,0
0.03020,0
0.03353,0
0.03010,0
0.03623,0
0.03299,0
0.03045,0
0.01006,0
0.03112,0
0.03994,0
0.02972,0
0.02425,0
0.03054,0
0.04080,0
0.02894,0
0.05050,0
0.04363,0
0.05115,0
0.06113,0
0.06888,0
0.07240,0
0.12560,0
0.07908,0
0.05242,0
0.05747,0
0.05354,0
0.06009,0
0.06038,0
0.00808,0
0.02889,0
0.02185,0
0.01661,0
0.02894,0
0.03347,0
0.10858,0
0.10530,0
0.08333,0
0.07437,0
0.07412,0
0.06711,0
0.06784,0
0.00808,0
0.03208,0
0.04406,0
0.04266,0
0.04687,0
0.04829,0
0.13034,0
0.09229,0
0.08212,0
0.07168,0
0.05804,0
0.06050,0
0.00808,0
0.01952,0
0.02129,0
0.01610,0
0.02423,0
0.03150,0
0.02894,0
0.03615,0
0.03396,0
0.03170,0
0.03313,0
0.03412,0
0.03188,0
0.00808,0
0.01023,1
0.03880,1
0.04201,1
0.03948,1
0.06616,1
0.08141,1
0.08838,1
0.03044,0
0.03904,0
0.01914,0
0.01799,0
0.01939,0
0.10496,0
0.07849,0
0.06946,0
0.04855,0
0.03979,0
0.03992,0
0.04984,0
0.00808,0
0.01735,0
0.03096,0
0.05487,1
0.06364,1
0.06872,1
0.06708,1
0.02894,0
0.03298,0
0.03616,0
0.03212,0
0.03741,0
0.03557,0
0.03335,0
0.02894,0
0.03294,0
0.04013,0
0.04704,0
0.04759,0
0.04223,0
0.03934,0
0.01006,0
0.01906,0
0.03684,0
0.04908,0
0.04257,0
0.04277,0
0.04504,0
0.01006,0
0.03329,0
0.02538,0
0.02192,0
0.03222,0
0.04219,0
0.00808,0
0.02205,0
0.05385,0
0.06288,0
0.05337,0
0.05287,0
0.05609,0
0.02894,0
0.01970,0
0.03200,0
0.06088,0
0.07916,0
0.08485,0
0.09397,0
0.15403,0
0.17498,0
0.11605,0
0.09845,0
0.09312,0
0.08276,0
0.08662,0
0.19296,1
0.13540,1
0.10815,1
0.09146,1
0.09216,1
0.09140,1
0.10186,0
0.08727,0
0.09999,0
0.08964,0
0.07708,0
0.07347,0
0.07671,0
0.03012,0
0.03661,0
0.01851,0
0.01798,0
0.02046,0
0.12976,0
0.11344,0
0.08550,0
0.06482,0
0.06398,0
0.08712,0
0.12726,0
0.09617,0
0.08199,0
0.06092,0
0.04963,0
0.04689,0
0.05102,0
0.01837,0
0.02442,0
0.03979,0
0.05236,0
0.04291,0
0.04820,0
0.04896,0
0.00808,0
0.02547,0
0.03464,0
0.05181,0
0.04396,0
0.04838,0
0.05354,0
0.01006,0
0.01980,0
0.04178,0
0.03084,0
0.02748,0
0.03169,0
0.03845,0
0.00808,0
0.03208,0
0.02355,0
0.02102,0
0.02685,0
0.03746,0
0.10190,0
0.07745,0
0.05466,0
0.05012,0
0.06274,0
0.03012,0
0.02120,0
0.03193,0
0.02918,0
0.03413,0
0.03192,0
0.02996,0
0.00808,0
0.01952,0
0.02642,0
0.02480,0
0.03372,0
0.03772,0
0.03044,0
0.03811,0
0.03955,0
0.03884,0
0.04984,0
0.04720,0
0.04334,0
0.01006,0
0.01906,0
0.03225,0
0.01849,0
0.02494,0
0.03493,0
0.03656,0
0.01837,0
0.05444,0
0.06125,0
0.05774,0
0.06106,0
0.06213,0
0.03044,0
0.05023,0
0.07632,0
0.04406,0
0.03732,0
0.08224,0
0.06301,0
0.05834,0
0.06917,0
0.05831,0
0.05957,0
0.06966,0
0.00808,0
0.01735,0
0.03384,0
0.04548,0
0.04234,0
0.04425,0
0.04538,0
0.19633,0
0.11335,0
0.08072,0
0.07514,0
0.07614,0
0.00808,0
0.01735,0
0.03606,0
0.04873,0
0.04195,0
0.04809,0
0.04967,0
0.01837,0
0.02700,0
0.03202,0
0.02865,0
0.03436,0
0.03991,0
0.00808,0
0.02341,0
0.02239,0
0.01531,0
0.02275,0
0.02998,0
0.00808,0
0.02889,0
0.02185,0
0.02039,0
0.02491,0
0.03587,0
0.00808,0
0.01735,0
0.02438,0
0.01136,0
0.02111,0
0.02945,0
0.03213,0
0.00808,0
0.02994,0
0.02081,0
0.01929,0
0.02185,0
0.02838,0
0.09911,0
0.06183,0
0.05499,0
0.06063,0
0.11201,0
0.00808,0
0.04792,0
0.06353,0
0.05242,0
0.05406,0
0.05423,0
0.01006,0
0.03329,0
0.02538,0
0.02429,0
0.02902,0
0.03462,0
0.00808,0
0.02889,0
0.02185,0
0.01901,0
0.02636,0
0.03773,0
0.01006,0
0.02495,0
0.03777,0
0.06210,0
0.05707,0
0.05760,0
0.05577,0
0.03012,0
0.04842,0
0.07582,0
0.07051,1
0.09714,1
0.13425,1
0.14327,1
0.13743,1
0.03588,0
0.05370,0
0.05603,0
0.06760,0
0.11408,0
0.11552,0
0.12513,0
0.03044,0
0.04640,0
0.04058,0
0.05258,0
0.05614,0
0.06097,0
0.06809,0
0.13276,0
0.10330,0
0.08084,0
0.05799,0
0.05779,0
0.08147,0
0.01837,0
0.02442,0
0.02410,0
0.04225,0
0.03941,0
0.04829,0
0.04996,0
0.00808,0
0.02889,0
0.02185,0
0.01716,0
0.02340,0
0.02781,0
0.07443,0
0.07572,0
0.06256,0
0.04886,0
0.04843,0
0.06679,0
0.03012,0
0.03661,0
0.01851,0
0.01798,0
0.02046,0
0.03044,0
0.03581,0
0.04369,0
0.05137,0
0.04996,0
0.04329,0
0.03852,0
0.00808,0
0.02547,0
0.03611,0
0.02186,0
0.02288,0
0.03145,0
0.04141,0
0.01837,0
0.09138,1
0.13049,1
0.10867,1
0.10433,1
0.09958,1
0.00808,0
0.02205,0
0.04897,0
0.03594,0
0.03232,0
0.03887,0
0.04963,0
0.01837,0
0.03827,0
0.03086,1
0.09454,1
0.10757,1
0.09127,1
0.09465,1
0.09710,1
0.00808,0
0.02994,0
0.02081,0
0.01687,0
0.02441,0
0.03125,0
0.02894,0
0.03298,0
0.05849,0
0.07947,1
0.09761,1
0.09161,1
0.09051,1
0.11476,1
0.13145,1
0.13074,1
0.07122,0
0.07174,0
0.05370,0
0.05640,0
0.07258,0
0.08400,0
0.11962,0
0.09683,0
0.08108,0
0.05958,0
0.05944,0
0.07397,0
0.10789,0
0.00808,0
0.02950,0
0.05254,0
0.04428,0
0.03734,0
0.03876,0
0.04490,0
0.01006,0
0.03112,0
0.04179,0
0.05333,0
0.04841,0
0.05602,0
0.06330,0
0.00808,0
0.02341,0
0.02239,0
0.01150,0
0.02224,0
0.02738,0
0.13034,0
0.09193,0
0.08236,0
0.07105,0
0.05957,0
0.06203,0
0.00808,0
0.02341,0
0.02776,0
0.02459,0
0.02946,0
0.03629,0
0.00808,0
0.02341,0
0.02239,0
0.01150,0
0.02418,0
0.02991,0
0.00808,0
0.01797,0
0.05737,0
0.08610,0
0.10573,0
0.10824,0
0.10733,0
0.00808,0
0.01952,0
0.02129,0
0.01610,0
0.02613,0
0.04008,0
0.09814,1
0.06296,1
0.04581,1
0.04352,1
0.05476,1
0.05459,1
0.03044,0
0.03867,0
0.04176,0
0.03399,0
0.03895,0
0.03760,0
0.03471,0
0.09348,1
0.10631,1
0.07616,1
0.06653,1
0.06262,1
0.08503,0
0.06208,0
0.04771,0
0.04977,0
0.05179,0
0.05496,0
0.29620,0
0.19332,0
0.12944,0
0.09893,0
0.08371,0
0.07625,0
0.07872,0
0.17549,0
0.12053,0
0.10805,0
0.09641,0
0.07917,0
0.07285,0
0.08184,0
0.00808,0
0.02994,0
0.02718,0
0.02917,1
0.08193,1
0.06984,1
0.07509,1
0.07984,1
0.01006,0
0.01906,0
0.03255,0
0.05732,0
0.04957,0
0.04967,0
0.05930,0
0.00808,0
0.01735,0
0.03683,0
0.04489,0
0.04677,0
0.05534,0
0.05997,0
0.00808,0
0.01735,0
0.02438,0
0.01136,0
0.02111,0
0.02945,0
0.03213,0
0.02894,0
0.03615,0
0.03433,0
0.03115,0
0.03458,0
0.03198,0
0.02996,0
0.02894,0
0.03668,0
0.01728,0
0.01733,0
0.01882,0
0.09814,0
0.07462,0
0.05699,0
0.05575,0
0.05624,0
0.05850,0
0.08503,0
0.06541,0
0.04798,0
0.05094,0
0.05450,0
0.05712,0
0.00808,0
0.02994,0
0.02081,0
0.01959,0
0.02858,0
0.03441,0
0.01837,0
0.02700,0
0.03202,0
0.02865,0
0.03436,0
0.04708,0
0.03012,0
0.03128,0
0.03792,0
0.04003,0
0.04939,0
0.04550,0
0.04241,0
0.08940,0
0.11888,0
0.12297,0
0.10246,0
0.09567,0
0.09975,0
0.09811,0
0.01006,0
0.03112,0
0.04641,0
0.03162,0
0.02758,0
0.04240,0
0.04819,0
0.00808,0
0.02205,0
0.04850,0
0.03673,0
0.03384,0
0.04325,0
0.05216,0
0.12393,0
0.09828,0
0.09017,0
0.06772,0
0.06423,0
0.06877,0
0.10056,0
0.08940,0
0.08190,0
0.09798,0
0.07912,0
0.08021,0
0.07861,0
0.07844,0
0.00808,0
0.01797,0
0.04376,0
0.06243,0
0.09624,0
0.10028,0
0.10051,0
0.01837,0
0.03737,0
0.05328,0
0.03736,0
0.03412,0
0.04309,0
0.05141,0
0.19104,0
0.13000,0
0.09299,0
0.07148,0
0.07139,0
0.11386,0
0.04806,0
0.05825,0
0.04559,0
0.03514,0
0.04457,0
0.03779,0
0.03380,0
0.01006,0
0.02348,0
0.02298,0
0.01587,0
0.02450,0
0.02921,0
0.09991,0
0.08051,0
0.06968,0
0.05262,0
0.05160,0
0.06942,0
0.10244,1
0.09853,1
0.06485,1
0.12037,1
0.11397,1
0.00808,0
0.01797,0
0.05331,0
0.07304,0
0.07442,0
0.08268,0
0.07939,0
0.08224,0
0.05495,0
0.05340,0
0.06493,0
0.05506,0
0.05285,0
0.06898,0
0.08697,0
0.07524,0
0.06581,0
0.06607,0
0.06046,0
0.05914,0
0.03012,0
0.03661,0
0.01851,0
0.01789,0
0.01924,0
0.01006,0
0.03112,0
0.04176,0
0.07049,0
0.09527,0
0.10299,0
0.10090,0
0.01006,0
0.02131,0
0.02250,0
0.01698,0
0.02684,0
0.03618,0
0.00808,0
0.02547,0
0.02901,0
0.01506,0
0.02231,0
0.03209,0
0.03538,0
0.03012,0
0.07707,1
0.08283,1
0.07559,1
0.06884,1
0.06203,1
0.13034,0
0.08031,0
0.06268,0
0.05786,0
0.04833,0
0.05329,0
0.17239,0
0.10521,0
0.08041,0
0.06953,0
0.05948,0
0.06426,0
0.09725,0
0.07002,0
0.04783,0
0.04424,0
0.05927,0
0.07447,0
0.08260,0
0.01837,0
0.02442,0
0.02898,0
0.01510,0
0.01835,0
0.02029,0
0.02467,0
0.00808,0
0.02950,0
0.04026,0
0.05203,0
0.04646,0
0.04901,0
0.05435,0
0.08343,0
0.07773,0
0.08235,0
0.07732,0
0.07316,0
0.07091,0
0.00808,0
0.01735,0
0.03141,0
0.07203,0
0.10301,0
0.11443,0
0.11684,0
0.13673,0
0.07575,0
0.04978,0
0.04263,0
0.04489,0
0.04835,0
0.06579,0
0.00808,0
0.01797,0
0.04696,0
0.03413,0
0.03173,0
0.03598,0
0.04314,0
0.03012,0
0.03661,0
0.01851,0
0.01789,0
0.01924,0
0.03012,0
0.03661,0
0.01851,0
0.01789,0
0.01924,0
0.00808,0
0.02341,0
0.02776,0
0.02459,0
0.03034,0
0.03638,0
0.10542,0
0.08192,0
0.06369,0
0.04749,0
0.04879,0
0.05538,0
0.07152,0
0.08503,0
0.05143,0
0.03619,0
0.04524,0
0.05376,0
0.05513,0
0.11197,0
0.10370,0
0.07397,0
0.06402,0
0.05571,0
0.04807,0
0.04984,0
0.17305,0
0.12615,0
0.10682,0
0.08242,0
0.07454,0
0.11694,0
0.00808,0
0.03208,0
0.02355,0
0.02694,0
0.03180,0
0.04174,0
0.07169,0
0.09250,0
0.08754,0
0.07568,0
0.07100,0
0.06632,0
0.06674,0
0.02894,0
0.03668,0
0.01728,0
0.01733,0
0.01882,0
0.01837,0
0.02985,0
0.03461,0
0.01902,0
0.02570,0
0.03317,0
0.03730,0
0.01006,0
0.01906,0
0.02581,0
0.01204,0
0.02025,0
0.03106,0
0.03462,0
0.03588,0
0.04527,0
0.07072,0
0.05796,0
0.04972,0
0.03044,0
0.05023,0
0.07576,0
0.05467,0
0.04745,0
0.01837,0
0.02442,0
0.03594,0
0.02152,0
0.02755,0
0.03501,0
0.03729,0
0.01006,0
0.03193,0
0.02764,0
0.04247,0
0.04501,0
0.04842,0
0.00808,0
0.02341,0
0.02776,0
0.01980,0
0.03423,0
0.04372,0
0.12669,0
0.09731,0
0.06546,0
0.04903,0
0.04213,0
0.04531,0
0.05548,0
0.03588,0
0.04040,0
0.04038,0
0.03446,0
0.04774,0
0.04363,0
0.04079,0
0.13673,0
0.07431,0
0.05130,0
0.04359,0
0.04393,0
0.05023,0
0.06917,0
0.08224,0
0.07029,0
0.07383,0
0.06301,0
0.05248,0
0.05365,0
0.06808,0
0.08503,0
0.07283,0
0.07326,0
0.06740,0
0.07487,0
0.07740,0
0.01837,0
0.02900,0
0.05182,0
0.07512,0
0.06784,0
0.06703,0
0.07276,0
0.13034,0
0.08586,0
0.06651,0
0.05889,0
0.04933,0
0.05436,0
0.00808,0
0.02341,0
0.03102,0
0.02418,0
0.03166,0
0.03941,0
0.08697,0
0.07524,0
0.05288,0
0.06377,0
0.05918,0
0.05935,0
0.03012,0
0.03307,0
0.04999,0
0.04655,0
0.05198,0
0.04576,0
0.04144,0
0.02894,0
0.03668,0
0.01728,0
0.01743,0
0.02011,0
0.17448,0
0.12050,0
0.10503,0
0.08239,0
0.07906,0
0.12106,0
0.01006,0
0.02348,0
0.02854,0
0.02508,0
0.03101,0
0.03704,0
0.03044,0
0.03068,0
0.03928,0
0.04847,0
0.05191,0
0.04738,0
0.04397,0
0.00808,0
0.02135,0
0.02967,0
0.02927,0
0.02990,0
0.03587,0
0.14576,0
0.12664,0
0.11141,0
0.08217,0
0.06687,0
0.06186,0
0.06522,0
0.07616,1
0.08348,1
0.09618,1
0.08119,1
0.08593,1
0.09089,1
0.03012,0
0.03173,0
0.03475,0
0.04184,0
0.04174,0
0.04107,0
0.03784,0
0.01006,0
0.16197,1
0.12551,1
0.10807,1
0.11907,1
0.11105,1
0.10710,1
0.00808,0
0.01952,0
0.02129,0
0.01610,0
0.02992,1
0.01006,0
0.03072,0
0.04560,0
0.04341,0
0.04405,0
0.05238,0
0.00808,0
0.01735,0
0.01874,0
0.03792,0
0.03448,0
0.03806,0
0.03958,0
0.12207,0
0.07663,0
0.04652,0
0.04742,0
0.07233,0
0.09473,0
0.00808,0
0.01735,0
0.03432,0
0.04627,0
0.03843,0
0.04099,0
0.04505,0
0.17085,0
0.10668,0
0.08536,0
0.07465,0
0.05966,0
0.05776,0
0.06706,0
0.08503,0
0.06208,0
0.04771,0
0.05474,0
0.05694,0
0.05945,0
0.13532,0
0.07672,0
0.05354,0
0.04434,0
0.05094,0
0.05667,0
0.07816,0
0.03044,0
0.03396,0
0.04522,0
0.03416,0
0.04050,0
0.03668,0
0.03380,0
0.09575,1
0.07342,1
0.12200,1
0.09716,1
0.09714,1
0.10854,1
0.03012,0
0.03313,0
0.04494,0
0.03332,0
0.03698,0
0.03484,0
0.03221,0
0.01006,0
0.03072,0
0.04560,0
0.04361,0
0.04445,0
0.04516,0
0.10121,1
0.08680,1
0.06202,1
0.04715,1
0.04059,1
0.04306,1
0.05290,1
0.03012,0
0.03168,0
0.03806,0
0.05013,0
0.05209,0
0.04595,0
0.04240,0
0.19633,0
0.11280,0
0.08165,0
0.07276,0
0.07485,0
0.01837,0
0.02900,0
0.05092,0
0.07448,0
0.06718,0
0.07484,0
0.07731,0
0.00808,0
0.01735,0
0.03090,0
0.05608,0
0.04722,0
0.04621,0
0.04695,0
0.26804,0
0.16522,0
0.12239,1
0.13941,1
0.11855,1
0.11171,1
0.11337,1
0.12158,1
0.11247,0
0.09159,0
0.07120,0
0.06079,0
0.05325,0
0.04692,0
0.04946,0
0.00808,0
0.04225,0
0.05560,0
0.05101,0
0.05188,0
0.06333,0
0.10542,0
0.08874,0
0.06569,0
0.05116,0
0.04765,0
0.06672,0
0.07415,0
0.11451,1
0.09582,1
0.10648,1
0.08445,1
0.07691,1
0.00808,0
0.04111,0
0.03874,0
0.06457,0
0.05795,0
0.06415,0
0.06439,0
0.14202,0
0.13701,0
0.12739,0
0.10121,0
0.09220,0
0.18311,0
0.18253,0
0.12013,0
0.10647,0
0.09007,0
0.08059,0
0.08536,0
0.02894,0
0.03282,0
0.04220,0
0.06244,0
0.07811,0
0.08512,0
0.09379,0
0.09361,0
0.09287,0
0.06500,0
0.07004,0
0.06875,0
0.07207,0
0.07190,0
0.09756,0
0.06426,0
0.05573,0
0.06028,0
0.11258,0
0.07644,0
0.05591,0
0.06953,0
0.06144,0
0.05338,0
0.05444,0
0.01837,0
0.02442,0
0.02898,0
0.01510,0
0.02273,0
0.03315,0
0.03512,0
0.02894,0
0.03265,0
0.04030,0
0.04211,0
0.04758,0
0.04225,0
0.03858,0
0.08928,0
0.07329,0
0.05097,0
0.05925,0
0.06437,0
0.06901,0
0.07972,0
0.07176,0
0.03445,0
0.05055,0
0.05411,0
0.04723,0
0.05350,0
0.01006,0
0.03072,0
0.02346,0
0.01750,0
0.02519,0
0.03680,0
0.06775,0
0.06547,0
0.08160,0
0.10674,0
0.10958,0
0.15359,0
0.10887,0
0.09170,0
0.08022,0
0.07063,0
0.06674,0
0.07807,0
0.12207,0
0.09146,0
0.05914,0
0.06190,0
0.06981,0
0.08858,0
0.10196,0
0.03012,0
0.04261,0
0.07927,0
0.05005,0
0.04304,0
0.12969,0
0.17841,0
0.14621,0
0.13481,0
0.12399,0
0.11488,0
0.10963,0
0.03588,0
0.03954,0
0.04789,0
0.05165,0
0.04656,0
0.04123,0
0.03749,0
0.01006,0
0.01906,0
0.03532,0
0.04545,0
0.04073,0
0.04198,0
0.04335,0
0.02894,0
0.05071,0
0.04270,0
0.05680,0
0.05671,0
0.09190,0
0.10119,0
0.06210,1
0.05890,1
0.06113,1
0.06602,1
0.07761,1
0.09119,1
0.09680,1
0.10754,0
0.09513,0
0.06074,0
0.06251,0
0.09776,0
0.12634,0
0.07305,0
0.04903,0
0.04533,0
0.04948,0
0.05202,0
0.05722,0
0.06157,0
0.01006,0
0.02348,0
0.02298,0
0.01313,0
0.02665,0
0.03457,0
0.00808,0
0.02889,0
0.02185,0
0.01924,0
0.02645,0
0.03015,0
0.12234,0
0.06986,0
0.04876,0
0.04654,0
0.05210,0
0.05921,0
0.07555,0
0.14662,0
0.08555,0
0.05678,0
0.04807,0
0.05114,0
0.06287,0
0.07630,0
0.03044,0
0.04765,0
0.03985,0
0.04864,0
0.05068,0
0.08703,0
0.09664,0
0.03588,0
0.03954,0
0.04028,0
0.04664,0
0.04439,0
0.04388,0
0.04033,0
0.03044,0
0.03397,0
0.04612,0
0.04345,0
0.04629,0
0.04365,0
0.04044,0
0.00808,0
0.02205,0
0.04598,0
0.05755,0
0.05712,0
0.06161,0
0.06455,0
0.07176,0
0.04374,0
0.05327,0
0.05522,0
0.04579,0
0.04676,0
0.06775,0
0.06694,0
0.10679,0
0.13165,0
0.13955,0
0.01837,0
0.02562,0
0.04607,0
0.03448,0
0.03023,0
0.03715,0
0.04289,0
0.11481,1
0.09419,1
0.09234,1
0.09775,1
0.11274,1
0.13224,1
0.01837,0
0.05328,0
0.07197,0
0.07916,0
0.08491,0
0.08762,0
0.14936,0
0.08703,0
0.11223,1
0.08948,1
0.08434,1
0.08548,1
0.09910,1
0.10983,1
0.12905,1
0.00808,0
0.02994,0
0.02081,0
0.01959,0
0.02146,0
0.02815,0
0.01006,0
0.02495,0
0.04213,0
0.05845,0
0.05434,0
0.05619,0
0.05483,0
0.10121,0
0.08200,0
0.06123,0
0.04763,0
0.04190,0
0.04321,0
0.06152,0
0.09991,0
0.09904,0
0.08352,0
0.06154,0
0.05846,0
0.07179,0
0.00808,0
0.02205,0
0.05578,0
0.04757,0
0.04054,0
0.04519,0
0.04809,0
0.01006,0
0.01906,0
0.03244,0
0.04868,0
0.03830,0
0.04091,0
0.05084,0
0.00808,0
0.01952,0
0.02642,0
0.03049,0
0.03367,0
0.03966,0
0.11493,0
0.08889,0
0.05605,0
0.05504,0
0.06328,0
0.09188,0
0.07176,0
0.04374,0
0.04924,0
0.04953,0
0.04208,0
0.04445,0
0.13708,0
0.08458,1
0.05765,1
0.04931,1
0.05832,1
0.05774,1
0.09201,1
0.09663,0
0.08435,0
0.07256,0
0.04799,0
0.03926,0
0.03868,0
0.05150,0
0.00808,0
0.04925,0
0.04582,0
0.07122,0
0.07568,0
0.07500,0
0.07711,0
0.11197,0
0.09696,0
0.08485,0
0.08075,0
0.07002,0
0.06163,0
0.06257,0
0.09622,0
0.07417,0
0.04973,0
0.03846,0
0.04524,0
0.05546,0
0.05747,0
0.00808,0
0.02547,0
0.03464,0
0.05181,0
0.04396,0
0.04358,0
0.04568,0
0.00808,0
0.02889,0
0.02185,0
0.01661,0
0.02454,0
0.03371,0
0.02894,0
0.03032,0
0.03454,0
0.03039,0
0.03816,0
0.03616,0
0.03449,0
0.00808,0
0.01735,0
0.02438,0
0.01136,0
0.02111,0
0.02945,0
0.03213,0
0.00808,0
0.01797,0
0.03457,0
0.03616,0
0.04057,0
0.05048,0
0.05444,0
0.00808,0
0.04778,0
0.04542,0
0.05651,0
0.07073,0
0.10229,0
0.11040,0
0.00808,0
0.01797,0
0.03246,0
0.04899,0
0.04321,0
0.04865,0
0.05464,0
0.07305,0
0.04903,0
0.04533,0
0.05295,0
0.05388,0
0.06004,0
0.06864,0
0.01837,0
0.02995,0
0.02755,0
0.01511,0
0.02963,0
0.03947,0
0.08393,1
0.08338,1
0.07729,1
0.07840,1
0.08482,1
0.08745,1
0.09156,1
0.18311,0
0.18253,0
0.12013,0
0.10918,0
0.10360,0
0.09342,0
0.09184,0
0.00808,0
0.02889,0
0.02185,0
0.01661,0
0.01987,0
0.02864,0
0.02894,0
0.03265,0
0.04001,0
0.03874,0
0.04801,0
0.04548,0
0.04185,0
0.00808,0
0.02135,0
0.02967,0
0.03014,0
0.03826,0
0.04371,0
0.01837,0
0.03827,0
0.03191,0
0.03311,0
0.03773,0
0.03984,0
0.07705,1
0.08147,1
0.08247,1
0.11067,0
0.10387,0
0.08764,0
0.05993,0
0.04904,0
0.04850,0
0.05329,0
0.00808,0
0.06597,0
0.07055,0
0.07420,0
0.08294,0
0.08732,0
0.02894,0
0.03412,0
0.03661,0
0.04449,0
0.04287,0
0.03879,0
0.03542,0
0.08503,0
0.05143,0
0.03111,0
0.03674,0
0.04196,0
0.04703,0
0.08343,0
0.09261,0
0.08665,0
0.08388,0
0.08811,0
0.08288,0
0.09991,0
0.08051,0
0.07002,0
0.05239,0
0.05182,0
0.06927,0
0.21126,0
0.12971,0
0.11425,0
0.10229,0
0.08524,0
0.08490,0
0.08343,0
0.07773,0
0.08248,0
0.07874,0
0.07851,0
0.07536,0
0.00808,0
0.02889,0
0.02185,0
0.01661,0
0.02492,0
0.02711,0
0.01006,0
0.01906,0
0.03225,0
0.01849,0
0.02494,0
0.03493,0
0.03782,0
0.01006,0
0.02301,0
0.03034,0
0.03378,0
0.04152,0
0.05224,0
0.00808,0
0.02994,0
0.02081,0
0.01929,0
0.02417,0
0.03012,0
0.00808,0
0.02341,0
0.02776,0
0.02075,0
0.03586,0
0.04276,0
0.03044,0
0.04744,0
0.05066,0
0.03955,0
0.04159,0
0.03934,0
0.03588,0
0.09614,0
0.08118,0
0.10152,0
0.09047,0
0.08926,0
0.09335,0
0.09127,0
0.00808,0
0.01735,0
0.03090,0
0.05676,0
0.05166,0
0.05615,0
0.05465,0
0.02894,0
0.04935,0
0.07518,0
0.04280,0
0.03700,0
0.06775,0
0.06659,0
0.08367,0
0.10743,0
0.10682,0
0.03012,0
0.03313,0
0.03648,0
0.03274,0
0.03629,0
0.03385,0
0.03116,0
0.10178,0
0.09222,0
0.06543,0
0.04701,0
0.04550,0
0.05324,0
0.08763,0
0.00808,0
0.02341,0
0.02239,1
0.04211,1
0.08201,1
0.10111,1
0.10103,1
0.10294,1
0.00808,0
0.02341,0
0.02239,0
0.01271,0
0.02860,0
0.03429,0
0.10121,0
0.08646,0
0.06163,0
0.04479,0
0.03848,0
0.03937,0
0.05328,0
0.01837,0
0.03676,0
0.02716,0
0.02440,0
0.02546,0
0.03197,0
0.03012,0
0.03658,0
0.05189,0
0.03921,0
0.04756,0
0.04092,0
0.03705,0
0.16849,0
0.12591,0
0.10393,0
0.09218,0
0.08612,0
0.08068,0
0.08007,0
0.01006,0
0.01980,0
0.03355,0
0.05027,0
0.04593,0
0.05233,0
0.06089,0
0.09198,1
0.10276,1
0.01006,0
0.03072,0
0.04560,0
0.03909,0
0.04377,0
0.04828,0
0.12976,0
0.12047,0
0.09335,0
0.07176,0
0.07009,0
0.09288,0
0.01006,0
0.02495,0
0.03049,0
0.01583,0
0.02491,0
0.03173,0
0.03406,0
0.09924,0
0.07607,0
0.06029,0
0.05583,0
0.04880,0
0.04451,0
0.05245,0
0.08697,0
0.07524,0
0.05288,0
0.05360,0
0.05950,0
0.05816,0
0.01837,0
0.03676,0
0.04970,0
0.04182,0
0.05066,0
0.05491,0
0.00808,0
0.01735,0
0.02438,0
0.01136,0
0.01963,0
0.03055,0
0.03414,0
0.21126,0
0.11251,0
0.08557,0
0.07205,0
0.05917,0
0.06251,0
0.10359,0
0.07815,0
0.07539,0
0.06015,0
0.05484,0
0.06562,0
0.15132,0
0.11664,0
0.12399,0
0.09531,0
0.07987,0
0.07485,0
0.07799,0
0.10362,1
0.07415,1
0.10123,1
0.07730,1
0.07419,1
0.07270,1
0.01006,0
0.03193,0
0.02764,0
0.02672,0
0.02866,0
0.03472,0
0.18311,0
0.18253,0
0.11993,0
0.09743,0
0.09081,0
0.08128,0
0.08574,0
0.12379,0
0.08735,0
0.08454,0
0.08153,0
0.06892,0
0.07022,0
0.09836,0
0.03044,0
0.04141,0
0.08255,0
0.06474,0
0.05425,0
0.00808,0
0.02950,0
0.05944,0
0.06712,0
0.06350,0
0.06698,0
0.06728,0
0.00808,0
0.01952,0
0.03119,0
0.02907,0
0.04539,0
0.04852,0
0.11493,0
0.08889,0
0.05605,0
0.05445,0
0.06579,0
0.07911,0
0.08343,0
0.07773,0
0.08847,0
0.08586,0
0.08565,0
0.08192,0
0.01006,0
0.01980,0
0.04178,0
0.03797,0
0.04197,0
0.04493,0
0.04867,0
0.01006,0
0.03112,0
0.04641,0
0.03162,0
0.02758,0
0.04219,0
0.05131,0
0.06775,0
0.06694,0
0.10679,0
0.13078,0
0.12902,0
0.09622,0
0.09035,0
0.06133,0
0.05046,0
0.06410,0
0.06029,0
0.06001,0
0.01006,0
0.02131,0
0.02250,0
0.02150,0
0.02910,0
0.03825,0
0.00808,0
0.01735,0
0.03479,0
0.07223,0
0.11016,0
0.11714,0
0.11831,0
0.07169,0
0.08862,0
0.07858,0
0.06794,0
0.07244,0
0.06798,0
0.06826,0
0.00808,0
0.01735,0
0.03606,0
0.04859,0
0.04167,0
0.04474,0
0.04539,0
0.09756,0
0.06426,0
0.05797,0
0.06103,0
0.11333,0
0.14832,0
0.10284,0
0.07494,0
0.05611,0
0.04652,0
0.04728,0
0.06487,0
0.13708,0
0.07232,0
0.04855,0
0.04291,0
0.05284,0
0.05433,0
0.07215,0
0.10533,0
0.08896,0
0.09025,0
0.07353,0
0.06171,0
0.05252,0
0.05384,0
0.01837,0
0.02985,0
0.04387,0
0.05550,0
0.04342,0
0.04139,0
0.04285,0
0.00808,0
0.01952,0
0.02129,0
0.01610,0
0.02613,0
0.03918,0
0.01006,0
0.03072,0
0.02346,0
0.01987,0
0.02635,0
0.03387,0
0.20212,0
0.14473,0
0.12743,0
0.10288,0
0.08436,0
0.07774,0
0.08758,0
0.10755,0
0.06840,0
0.04935,0
0.04546,0
0.05350,0
0.05618,0
0.09281,0
0.03044,0
0.03904,0
0.01914,0
0.01819,0
0.02065,0
0.07443,0
0.06262,0
0.05663,0
0.04185,0
0.04272,0
0.06181,0
0.01006,0
0.02131,0
0.02250,0
0.02150,0
0.02910,0
0.03345,0
0.03012,0
0.02832,0
0.04283,0
0.05061,0
0.04431,0
0.08802,1
0.10331,1
0.12262,1
0.12129,1
0.00808,0
0.02341,0
0.03102,0
0.02418,0
0.03148,0
0.03816,0
0.03044,0
0.03121,0
0.02434,0
0.02366,0
0.02461,0
0.17608,0
0.13309,0
0.11342,0
0.10206,0
0.08797,0
0.08220,0
0.10710,0
0.03044,0
0.03811,0
0.04176,0
0.06318,0
0.07973,0
0.08403,0
0.08945,0
0.08343,1
0.07773,1
0.08446,1
0.08761,1
0.11641,1
0.12139,1
0.03044,0
0.03904,0
0.01914,0
0.01819,0
0.02065,0
0.15012,0
0.10740,0
0.07841,0
0.07506,0
0.06475,0
0.05846,0
0.06047,0
0.00808,0
0.02889,0
0.02185,0
0.02291,0
0.02838,0
0.02931,0
0.10491,0
0.07404,0
0.07113,0
0.06374,0
0.05757,0
0.06080,0
0.00808,0
0.02889,0
0.05975,1
0.06413,1
0.00808,0
0.01735,0
0.02438,0
0.01136,0
0.01529,0
0.02284,0
0.02693,0
0.02894,0
0.03222,0
0.03653,0
0.04879,0
0.04560,0
0.04254,0
0.04025,0
0.00808,0
0.02889,0
0.02392,1
0.02001,1
0.03161,1
0.03712,1
0.00808,0
0.02135,0
0.03316,0
0.03780,0
0.04559,0
0.05598,0
0.03012,0
0.03828,0
0.04075,0
0.03254,0
0.03805,0
0.03723,0
0.03594,0
0.00808,0
0.02341,0
0.02776,0
0.02075,0
0.02872,0
0.03256,0
0.00808,0
0.02341,0
0.03102,0
0.02958,0
0.03667,0
0.04219,0
0.01006,0
0.09464,1
0.08944,1
0.07839,1
0.07260,1
0.00808,0
0.02889,0
0.02185,0
0.01748,0
0.02731,0
0.03406,0
0.00808,0
0.02547,0
0.02901,0
0.01506,0
0.02414,0
0.03122,0
0.03363,0
0.00808,0
0.04964,0
0.06926,0
0.07314,0
0.08466,0
0.08473,0
0.01837,0
0.02985,0
0.04596,0
0.04951,0
0.04593,0
0.04874,0
0.04822,0
0.14202,0
0.13701,0
0.13799,0
0.10581,0
0.09469,0
0.03044,0
0.03904,0
0.01914,0
0.01799,0
0.01939,0
0.03012,0
0.02120,0
0.03134,0
0.04023,0
0.03539,0
0.03324,0
0.03228,0
0.29620,0
0.19500,0
0.13133,0
0.09920,0
0.08339,0
0.07595,0
0.07833,0
0.13360,0
0.07547,0
0.05117,0
0.04376,0
0.04960,0
0.05275,0
0.07386,0
0.00808,0
0.02889,0
0.02185,0
0.01661,0
0.02454,0
0.03626,0
0.00808,0
0.01735,0
0.03479,0
0.06250,0
0.06383,0
0.07897,0
0.08777,0
0.00808,0
0.02547,0
0.02901,0
0.01506,0
0.02229,0
0.03169,0
0.03552,0
0.00808,0
0.01735,0
0.03479,0
0.06371,0
0.06530,0
0.08729,0
0.08999,0
0.00808,0
0.02341,0
0.02239,0
0.01150,0
0.02063,0
0.03092,0
0.02894,0
0.03417,0
0.05498,0
0.06130,0
0.05642,0
0.01837,0
0.05627,0
0.04962,0
0.06763,0
0.07667,0
0.10633,0
0.11452,0
0.00808,0
0.01735,0
0.02438,0
0.01136,0
0.01970,0
0.02926,0
0.03672,0
0.00808,0
0.01797,0
0.03246,0
0.04899,0
0.04499,0
0.04922,0
0.05528,0
0.03012,0
0.03701,0
0.04673,0
0.03775,0
0.04489,0
0.03807,0
0.03458,0
0.01006,0
0.01906,0
0.03225,0
0.01849,0
0.02645,0
0.03381,0
0.03479,0
0.17085,0
0.10668,0
0.08769,0
0.07244,0
0.05736,0
0.05425,0
0.07301,0
0.01006,0
0.01980,0
0.03923,0
0.05363,0
0.05160,0
0.05274,0
0.05762,0
0.11996,0
0.10845,0
0.09177,0
0.06740,0
0.06522,0
0.07530,0
0.10133,0
0.00808,0
0.01735,0
0.02438,0
0.01136,0
0.01963,0
0.03055,0
0.03414,0
0.09911,0
0.06183,0
0.05255,0
0.05686,0
0.11048,0
0.08857,0
0.07098,0
0.06669,0
0.05360,0
0.05056,0
0.05134,0
0.00808,0
0.02341,0
0.03102,0
0.02958,0
0.03375,0
0.03667,0
0.00808,0
0.01735,0
0.02438,0
0.01136,0
0.01970,0
0.03212,0
0.03641,0
0.09814,0
0.06296,0
0.04017,0
0.05634,0
0.05453,0
0.05766,0
0.00808,1
0.01797,1
0.03807,1
0.05238,1
0.05877,1
0.07823,1
0.08044,1
0.04806,0
0.03892,0
0.03876,0
0.04077,0
0.04500,0
0.03925,0
0.03576,0
0.00808,0
0.03208,0
0.04406,0
0.04209,0
0.04474,0
0.04879,0
0.00808,0
0.02547,0
0.02901,0
0.01506,0
0.02231,0
0.03209,0
0.03538,0
0.11771,0
0.06028,0
0.05033,0
0.05285,0
0.05813,0
0.05276,0
0.06044,0
0.20212,0
0.14361,0
0.11453,0
0.09507,0
0.07734,0
0.07357,0
0.08450,0
0.01837,0
0.03827,0
0.03191,0
0.03126,0
0.03800,0
0.04577,0
0.01006,0
0.03329,0
0.02538,0
0.02429,0
0.02547,0
0.02912,0
0.10491,0
0.07227,0
0.06550,0
0.06001,0
0.05576,0
0.06681,0
0.10362,0
0.07868,0
0.05927,0
0.05429,0
0.04927,0
0.04315,0
0.04603,0
0.00808,0
0.02135,0
0.02967,0
0.02671,0
0.03516,0
0.04340,0
0.16555,0
0.10900,0
0.08218,0
0.06434,0
0.06668,0
0.11089,0
0.08503,0
0.07274,0
0.07369,0
0.06889,0
0.08068,0
0.08297,0
0.03588,0
0.04937,0
0.02330,0
0.02234,0
0.02411,0
0.00808,0
0.02889,0
0.02185,0
0.02291,0
0.02885,0
0.02935,0
0.05761,0
0.08250,1
0.09869,1
0.12142,1
0.13139,1
0.11742,1
0.10438,1
0.00808,0
0.02889,0
0.02185,0
0.01716,0
0.02776,0
0.03838,0
0.03588,0
0.04056,0
0.03753,0
0.04197,0
0.04332,0
0.04040,0
0.03691,0
0.03044,0
0.03167,0
0.03754,0
0.04862,0
0.04471,0
0.04376,0
0.04007,0
0.02894,0
0.04578,0
0.04212,0
0.04664,0
0.04031,0
0.03817,0
0.03662,0
0.01006,0
0.02131,0
0.02250,0
0.02150,0
0.02910,0
0.03825,0
0.01837,0
0.02562,0
0.03899,0
0.03121,0
0.03127,0
0.04186,0
0.04656,0
0.03044,0
0.03326,0
0.04740,0
0.03872,0
0.04138,0
0.03887,0
0.03562,0
0.08503,0
0.07085,0
0.07108,0
0.10567,0
0.13731,0
0.13630,0
0.13782,0
0.01837,0
0.02442,0
0.02898,0
0.01510,0
0.02377,0
0.02771,0
0.02989,0
0.06472,0
0.06225,0
0.05576,0
0.04039,0
0.04168,0
0.06136,0
0.01837,0
0.03676,0
0.02716,0
0.02021,0
0.02752,0
0.03447,0
0.01837,0
0.03737,0
0.04588,0
0.05617,0
0.04695,0
0.04839,0
0.05021,0
0.00808,0
0.02994,0
0.02081,0
0.01929,0
0.02417,0
0.02772,0
0.13532,0
0.07019,0
0.04617,0
0.03877,0
0.03808,0
0.04612,0
0.08360,0
0.03044,0
0.03347,0
0.04891,0
0.05394,0
0.05004,0
0.14662,1
0.08248,1
0.10136,1
0.10847,1
0.11760,1
0.11333,1
0.12801,1
0.00808,0
0.02547,0
0.02901,0
0.01506,0
0.02152,0
0.03022,0
0.03926,0
0.03044,0
0.03396,0
0.03728,0
0.03378,0
0.03985,0
0.03517,0
0.03226,0
0.03012,0
0.03241,0
0.03792,0
0.03743,0
0.03934,0
0.03987,0
0.03862,0
0.10433,0
0.07805,0
0.06838,0
0.04390,0
0.03578,0
0.03681,0
0.04296,0
0.01006,0
0.03329,0
0.02538,0
0.02104,0
0.03730,0
0.04044,0
0.03012,0
0.02968,0
0.02341,0
0.02263,0
0.02495,0
0.11771,0
0.06028,0
0.04684,0
0.05035,0
0.04498,0
0.04150,0
0.05047,0
0.17305,0
0.10451,0
0.07716,0
0.05679,0
0.05901,0
0.08807,0
0.12886,0
0.10024,0
0.06874,0
0.06483,0
0.07584,0
0.08748,0
0.08835,0
0.07909,0
0.05169,0
0.05239,0
0.07606,0
0.09700,0
0.10142,0
0.09082,0
0.07401,0
0.06301,0
0.06563,0
0.00808,0
0.01735,0
0.03096,0
0.01787,0
0.02451,0
0.03313,0
0.03622,0
0.10496,0
0.07849,0
0.06946,0
0.04514,0
0.03649,0
0.03768,0
0.04410,0
0.13673,0
0.07861,0
0.05270,0
0.04464,0
0.04927,0
0.05855,0
0.07537,0
0.03044,0
0.03397,0
0.03930,0
0.03470,0
0.03904,0
0.03734,0
0.03469,0
0.12441,0
0.10838,0
0.07157,0
0.06711,0
0.07477,0
0.10523,0
0.00808,0
0.03208,0
0.02355,0
0.02102,0
0.02149,0
0.02356,0
0.08697,0
0.07524,0
0.05761,0
0.05958,0
0.05807,0
0.05781,0
0.00808,0
0.01735,0
0.03090,0
0.06302,0
0.05567,0
0.05988,0
0.05912,0
0.10359,0
0.07785,0
0.07571,0
0.07037,0
0.07064,0
0.07638,0
0.03588,0
0.04655,0
0.05184,0
0.04109,0
0.04570,0
0.04075,0
0.03713,0
0.10244,0
0.08072,0
0.05502,0
0.05936,0
0.07147,0
0.09613,0
0.10724,0
0.08503,0
0.06208,0
0.07816,1
0.08065,1
0.07212,1
0.07601,1
0.08598,1
0.08790,1
0.00808,0
0.02994,0
0.02718,0
0.02768,0
0.04504,1
0.11771,0
0.06028,0
0.04192,0
0.04098,0
0.03701,0
0.03524,0
0.04517,0
0.00808,0
0.05600,0
0.04957,0
0.06486,0
0.07049,0
0.09185,0
0.09988,0
0.00808,0
0.02205,0
0.03991,0
0.05322,0
0.04612,0
0.04988,0
0.05569,0
0.07305,0
0.04903,0
0.04533,0
0.04698,0
0.05128,0
0.08699,0
0.08805,0
0.01006,0
0.01980,0
0.04178,0
0.03084,0
0.02748,0
0.03190,0
0.03555,0
0.03012,0
0.02749,0
0.03212,0
0.03151,0
0.04343,1
0.05456,1
0.05798,1
0.08343,0
0.09261,0
0.08525,0
0.07819,0
0.07308,0
0.06887,0
0.01837,0
0.03676,0
0.02716,0
0.02440,0
0.02786,0
0.03390,0
0.02894,0
0.02751,0
0.03628,0
0.04797,0
0.04690,0
0.04404,0
0.04022,0
0.06775,1
0.06694,1
0.08899,1
0.09374,1
0.09403,1
0.00808,0
0.02341,0
0.03102,0
0.02958,0
0.02752,1
0.05030,1
0.05794,1
0.13034,1
0.08586,1
0.08117,1
0.06994,1
0.05747,1
0.06058,1
0.05443,1
0.13452,0
0.12103,0
0.08643,0
0.07722,0
0.07456,0
0.06857,0
0.06919,0
0.00808,0
0.05070,0
0.06128,0
0.05663,0
0.05911,0
0.06356,0
0.03044,0
0.03007,0
0.04455,0
0.05614,0
0.05172,0
0.04575,0
0.04123,0
0.00808,0
0.04424,1
0.04441,1
0.08411,1
0.08175,1
0.08226,1
0.09317,1
0.00808,0
0.03208,0
0.02355,0
0.01990,0
0.03269,0
0.03366,0
0.03012,0
0.03661,0
0.01851,0
0.01798,0
0.02046,0
0.08224,0
0.07029,0
0.07383,0
0.06301,0
0.05206,0
0.05351,0
0.06812,0
0.00808,0
0.02341,0
0.02239,0
0.01531,0
0.02319,0
0.06110,1
0.10335,1
0.10357,1
0.01837,0
0.02442,0
0.04315,0
0.05678,0
0.04630,0
0.04660,0
0.04997,0
0.01006,0
0.01906,0
0.03655,0
0.06696,0
0.09859,0
0.10997,0
0.11268,0
0.00808,0
0.02205,0
0.04688,0
0.03975,0
0.03578,0
0.04312,0
0.04670,0
0.06775,1
0.07611,1
0.10639,1
0.09541,1
0.09846,1
0.12393,0
0.09828,0
0.09017,0
0.06772,0
0.06423,0
0.06877,0
0.10056,0
0.01006,0
0.02495,0
0.03777,0
0.06210,0
0.05117,0
0.05362,0
0.06250,0
0.01837,0
0.02442,0
0.03979,0
0.05236,0
0.03734,0
0.03730,0
0.04542,0
0.10190,1
0.07745,1
0.05466,1
0.05121,1
0.01006,0
0.05322,0
0.05303,0
0.06617,0
0.07541,0
0.09143,0
0.09848,0
0.03044,0
0.03068,0
0.03898,0
0.03529,0
0.04255,0
0.03740,0
0.03406,0
0.00808,0
0.02889,0
0.02185,0
0.01661,0
0.02492,0
0.02656,0
0.03012,0
0.03661,0
0.01851,0
0.01789,0
0.01924,0
0.08503,0
0.07274,0
0.07369,0
0.07155,0
0.08901,0
0.09038,0
0.11771,0
0.09557,1
0.07640,1
0.07734,1
0.06817,1
0.06191,1
0.06362,1
0.00808,0
0.01735,0
0.02438,0
0.01136,0
0.01529,0
0.02265,0
0.02557,0
0.00808,0
0.01797,0
0.03603,0
0.04359,0
0.04417,0
0.04687,0
0.05264,0
0.09991,0
0.08506,0
0.07744,0
0.05698,0
0.05390,0
0.07048,0
0.01837,0
0.02562,0
0.04748,0
0.03579,0
0.03148,0
0.03496,0
0.04210,0
0.00808,0
0.02135,0
0.03316,0
0.03693,0
0.04502,0
0.04718,0
0.07802,1
0.09636,1
0.00808,0
0.02205,0
0.04598,0
0.05755,0
0.04976,0
0.04877,0
0.05469,0
0.01837,0
0.03986,0
0.02946,0
0.02525,0
0.03234,0
0.03605,0
0.11481,0
0.09745,0
0.06289,0
0.05681,0
0.07497,0
0.09570,0
0.00808,0
0.02341,0
0.02239,0
0.01271,0
0.02616,0
0.03191,0
0.03044,0
0.03904,0
0.01914,0
0.01819,0
0.02065,0
0.00808,0
0.01797,0
0.05737,0
0.08610,0
0.10573,0
0.10824,0
0.11258,0
0.14386,0
0.11827,0
0.10088,0
0.09334,0
0.07746,0
0.07685,0
0.01837,0
0.02700,0
0.02606,0
0.04461,1
0.04388,1
0.05606,1
0.23450,0
0.14781,0
0.11795,0
0.11320,0
0.09450,0
0.08790,0
0.10176,0
0.03044,0
0.03007,0
0.04098,0
0.03025,0
0.04013,0
0.03438,0
0.03137,0
0.07176,0
0.03588,0
0.03991,0
0.04278,0
0.03935,0
0.04297,0
0.12932,0
0.08099,0
0.06233,0
0.04472,0
0.04228,0
0.05925,0
0.09795,0
0.00808,0
0.02950,0
0.04478,0
0.03572,0
0.03750,0
0.04465,0
0.05063,0
0.05958,0
0.06905,0
0.04997,0
0.04719,0
0.06872,0
0.09681,0
0.09913,0
0.01006,0
0.03112,0
0.04571,0
0.06638,0
0.06118,0
0.06938,0
0.07102,0
0.00808,0
0.02994,0
0.02081,0
0.01613,0
0.02519,0
0.02928,0
0.01837,0
0.02900,0
0.06077,0
0.05829,0
0.06217,0
0.06337,0
0.06700,0
0.00808,0
0.01797,0
0.04323,0
0.05145,0
0.04882,0
0.05000,0
0.05136,0
0.02894,0
0.03298,0
0.03624,0
0.04425,0
0.04564,0
0.03981,0
0.03598,0
0.01006,0
0.02131,0
0.02571,1
0.02782,1
0.04117,1
0.05411,1
0.00808,0
0.02547,0
0.06694,1
0.07313,1
0.10010,1
0.09738,1
0.11861,1
0.13530,1
0.15519,1
0.03044,0
0.03581,0
0.04438,0
0.06505,0
0.08378,0
0.08911,0
0.09901,0
0.00808,0
0.02341,0
0.02239,0
0.01531,0
0.02159,0
0.02930,0
0.00808,0
0.01797,0
0.04696,0
0.04429,0
0.04309,0
0.04631,0
0.04823,0
0.03012,0
0.03661,0
0.01851,0
0.01789,0
0.01924,0
0.00808,0
0.02950,0
0.04585,0
0.04946,0
0.05224,0
0.06555,0
0.06675,0
0.00808,0
0.02547,0
0.03611,0
0.02186,0
0.02669,0
0.02921,0
0.03200,0
0.01006,0
0.01906,0
0.02581,0
0.01204,0
0.01590,0
0.02102,0
0.02413,0
0.03044,0
0.04788,1
0.09162,1
0.10563,1
0.11827,1
0.13347,1
0.12079,1
0.01837,0
0.02995,0
0.02755,0
0.01511,0
0.02321,0
0.03282,0
0.11928,0
0.09997,0
0.06362,0
0.06076,0
0.07234,0
0.08570,0
0.01837,0
0.03737,0
0.04588,0
0.05617,0
0.05037,0
0.05136,0
0.05562,0
0.03044,0
0.03167,0
0.04526,0
0.03486,0
0.04239,0
0.03911,0
0.03703,0
0.01006,0
0.01906,0
0.03578,0
0.04601,0
0.04110,0
0.04218,0
0.04222,0
0.07176,0
0.03445,0
0.04173,0
0.03840,0
0.03668,0
0.04118,0
0.01837,0
0.02995,0
0.02755,0
0.01636,0
0.02890,0
0.03880,0
0.12572,0
0.10730,0
0.08283,0
0.07601,0
0.07112,0
0.06400,0
0.06368,0
0.08102,0
0.05035,0
0.05061,0
0.04600,0
0.05085,0
0.06631,0
0.07305,0
0.12095,0
0.14259,0
0.11430,0
0.11349,0
0.10375,0
0.09590,0
0.09758,0
0.15012,0
0.12580,0
0.09003,0
0.08119,0
0.08188,0
0.10406,1
0.11789,1
0.11688,1
0.12400,1
0.12776,1
0.08503,0
0.06208,0
0.04156,0
0.04521,0
0.04929,0
0.05306,0
0.08503,0
0.07274,0
0.07369,0
0.06889,0
0.07469,0
0.07305,0
0.00808,0
0.02994,0
0.02718,0
0.02741,0
0.04095,0
0.04620,0
0.00808,0
0.04363,0
0.06108,0
0.05043,0
0.04438,0
0.05014,0
0.01006,0
0.02131,0
0.02250,0
0.01698,0
0.02850,0
0.03866,0
0.08503,0
0.06541,0
0.05568,0
0.05862,0
0.06665,0
0.06754,0
0.00808,0
0.02889,0
0.02185,0
0.01661,0
0.02454,0
0.03191,0
0.08503,0
0.07283,0
0.07326,0
0.06740,0
0.07333,0
0.07618,0
0.03044,0
0.04141,0
0.06001,1
0.10891,1
0.09931,1
0.00808,0
0.04527,0
0.06338,0
0.05635,0
0.04853,0
0.05182,0
0.01006,0
0.01906,0
0.03578,0
0.04746,0
0.04201,0
0.04284,0
0.04250,0
0.03044,0
0.03381,0
0.04276,0
0.03856,0
0.03978,0
0.03977,0
0.03677,0
0.03588,0
0.03841,0
0.04370,0
0.04659,0
0.04192,0
0.03867,0
0.03574,0
0.12463,0
0.09957,0
0.06851,0
0.04783,0
0.04435,0
0.05675,0
0.07030,0
0.00808,0
0.02341,0
0.02776,0
0.01980,0
0.02565,0
0.03468,0
0.19633,0
0.11335,0
0.08072,0
0.07097,0
0.07343,0
0.03012,0
0.02120,0
0.03134,0
0.04644,0
0.04512,0
0.04227,0
0.03884,0
0.01006,0
0.04942,0
0.04645,0
0.05662,0
0.06645,0
0.09872,0
0.10975,0
0.02894,0
0.04863,0
0.06342,0
0.06725,0
0.06211,0
0.00808,0
0.01735,0
0.03090,0
0.05642,0
0.05194,0
0.05633,0
0.06036,0
0.03012,1
0.04842,1
0.08050,1
0.07393,1
0.11691,1
0.20341,0
0.11907,0
0.08448,0
0.06374,0
0.06447,0
0.10608,0
0.00808,0
0.02547,0
0.02901,0
0.01506,0
0.02333,0
0.03202,0
0.03878,0
0.01837,0
0.02900,0
0.05182,0
0.07512,0
0.06784,0
0.06800,0
0.07368,0
0.03044,0
0.03904,0
0.01914,0
0.01819,0
0.02065,0
0.07443,0
0.06296,0
0.06677,0
0.05241,0
0.05167,0
0.06666,0
0.10817,0
0.09354,0
0.07659,0
0.05656,0
0.05945,0
0.08126,0
0.00808,0
0.01952,0
0.02129,0
0.01610,0
0.02467,0
0.03003,0
0.11442,0
0.08049,0
0.13826,0
0.11865,0
0.10187,0
0.08816,0
0.08508,0
0.01006,0
0.03193,0
0.02764,0
0.02672,0
0.03528,0
0.04066,0
0.29620,0
0.18588,0
0.12787,0
0.09681,0
0.08254,0
0.08685,0
0.08737,0
0.03044,0
0.03904,0
0.01914,0
0.01799,0
0.01939,0
0.00808,0
0.02547,0
0.02901,0
0.01506,0
0.02414,0
0.03122,0
0.03264,0
0.01837,0
0.03827,0
0.03191,0
0.03126,0
0.03800,0
0.04577,0
0.03588,0
0.03455,0
0.04457,0
0.03456,0
0.03896,0
0.03768,0
0.03616,0
0.19633,1
0.11280,1
0.08165,1
0.01006,0
0.09464,1
0.08822,1
0.10660,1
0.09515,1
0.09671,1
0.09225,1
0.10142,0
0.09082,0
0.07401,0
0.06301,0
0.06729,0
0.08095,0
0.07673,0
0.05197,0
0.05202,0
0.06651,0
0.09602,0
0.00808,0
0.01735,0
0.02438,0
0.01136,0
0.01901,0
0.02582,0
0.02935,0
0.15998,0
0.13240,0
0.09946,0
0.07395,0
0.07077,0
0.09244,0
0.00808,0
0.02341,0
0.03102,0
0.02958,0
0.03667,0
0.04467,0
0.09622,0
0.09035,0
0.06133,0
0.04681,0
0.04814,0
0.04697,0
0.04904,0
0.05761,0
0.06186,0
0.03187,0
0.02778,0
0.02717,0
0.11442,0
0.08647,0
0.07177,0
0.06228,0
0.05605,0
0.04856,0
0.05086,0
0.08224,0
0.05495,0
0.05256,0
0.05744,0
0.04958,0
0.05321,0
0.06942,0
0.01006,0
0.01906,0
0.02581,0
0.01204,0
0.01590,0
0.02277,0
0.03116,0
0.03012,0
0.03241,0
0.04563,0
0.03318,0
0.04211,0
0.03850,0
0.03636,0
0.00808,0
0.01735,0
0.03479,0
0.05657,0
0.07716,0
0.07983,0
0.08540,0
0.09925,0
0.09043,0
0.07771,0
0.05849,0
0.06147,0
0.08571,0
0.11833,1
0.18019,1
0.14540,1
0.10971,1
0.11124,1
0.11227,1
0.11123,1
0.07169,0
0.06797,0
0.05283,0
0.04140,0
0.04583,0
0.04529,0
0.04931,0
0.00808,0
0.03208,0
0.02790,1
0.06366,1
0.07035,1
0.08005,1
0.08497,1
0.04806,0
0.03069,0
0.03550,0
0.03404,0
0.03679,0
0.03710,0
0.03602,0
0.09614,0
0.10332,0
0.07790,1
0.09721,1
0.11373,1
0.11311,1
0.11247,1
0.11192,1
0.01006,0
0.01906,0
0.02581,0
0.01204,0
0.02171,0
0.03000,0
0.03259,0
0.10186,0
0.08532,0
0.09421,0
0.07165,0
0.05969,0
0.05852,0
0.06396,0
0.11962,0
0.09281,0
0.06916,0
0.05287,0
0.04924,0
0.06949,0
0.10695,0
0.01837,0
0.02442,0
0.03970,0
0.04928,0
0.04449,0
0.05321,0
0.05810,0
0.03012,0
0.02937,0
0.04604,0
0.05583,0
0.05793,0
0.05513,0
0.05098,0
0.13034,0
0.09951,0
0.07721,0
0.06588,0
0.05524,0
0.05863,0
0.13034,0
0.09193,0
0.07631,0
0.06211,0
0.05182,0
0.05589,0
0.01006,0
0.02131,0
0.02250,0
0.02150,0
0.02690,0
0.03402,0
0.18438,0
0.10762,0
0.07761,0
0.05610,0
0.05897,0
0.10293,0
0.03012,0
0.03313,0
0.03796,0
0.03767,0
0.03911,0
0.03956,0
0.03849,0
0.07848,1
0.06875,1
0.09879,1
0.07117,1
0.07762,1
0.07988,1
0.03012,0
0.03621,0
0.04351,0
0.04083,0
0.04392,0
0.04137,0
0.03819,0
0.13532,0
0.07672,0
0.05354,0
0.04382,0
0.04532,0
0.05207,0
0.07442,0
0.13437,0
0.08748,0
0.07408,0
0.09922,1
0.10471,1
0.10304,1
0.10364,1
0.12241,1
0.13095,1
0.01837,0
0.02562,0
0.04831,0
0.06694,0
0.06306,0
0.06482,0
0.06825,0
0.08976,0
0.06753,0
0.04599,0
0.05046,0
0.04979,0
0.05760,0
0.05858,0
0.08095,0
0.07673,0
0.05197,0
0.05130,0
0.06090,0
0.09198,0
0.17402,0
0.13074,0
0.11543,0
0.08692,0
0.08435,0
0.11056,0
0.00808,0
0.01797,0
0.04044,0
0.03201,0
0.02993,0
0.03454,0
0.04197,0
0.08503,1
0.08570,1
0.07728,1
0.06304,1
0.06398,1
0.08833,1
0.10840,1
0.10828,1
0.26804,0
0.17656,0
0.12032,0
0.09197,0
0.07788,0
0.07597,0
0.07860,0
0.00808,0
0.01797,0
0.03575,0
0.06115,0
0.05802,0
0.06701,0
0.06767,0
0.07443,0
0.06946,0
0.06351,0
0.04884,0
0.04882,0
0.06759,0
0.01006,0
0.03112,0
0.02487,1
0.07110,1
0.07989,1
0.08978,1
0.07885,1
0.08710,1
0.08760,1
0.22186,1
0.16821,1
0.13605,1
0.16822,1
0.15151,1
0.15252,1
0.00808,0
0.01735,0
0.03683,0
0.04489,0
0.04346,0
0.04622,0
0.04650,0
0.03012,0
0.05119,0
0.04389,0
0.05379,0
0.06648,0
0.07440,0
0.08105,0
0.01837,0
0.03676,0
0.02716,0
0.02310,0
0.02794,0
0.03389,0
0.01006,0
0.06562,0
0.06854,0
0.07136,0
0.06775,0
0.07218,0
0.07176,0
0.05416,0
0.05683,0
0.04997,0
0.04630,0
0.05426,0
0.00808,0
0.02205,0
0.04806,0
0.03340,0
0.03114,0
0.04308,0
0.04925,0
0.00808,0
0.01735,0
0.04995,0
0.08813,0
0.12460,0
0.12741,0
0.12105,0
0.01837,1
0.02995,1
0.02755,1
0.01909,1
0.02017,1
0.04087,1
0.05250,1
0.04741,1
0.02657,1
0.05025,1
0.03879,1
0.06355,1
0.12323,1
0.12676,1
0.12597,1
0.29620,0
0.19179,0
0.13153,0
0.10239,0
0.08817,0
0.08035,0
0.08242,0
0.02894,0
0.03282,0
0.03840,0
0.04491,0
0.04387,0
0.04332,0
0.03993,0
0.01837,0
0.03986,0
0.02946,0
0.03060,0
0.03954,0
0.04420,0
0.01837,0
0.02442,0
0.02898,0
0.01510,0
0.01835,0
0.02481,0
0.03491,0
0.00808,0
0.01952,0
0.02129,0
0.02060,0
0.02719,0
0.03332,0
0.01006,0
0.03072,0
0.02346,0
0.02016,0
0.02509,0
0.03116,0
0.01837,0
0.03986,0
0.02946,0
0.02525,0
0.03146,0
0.03730,0
0.11709,0
0.11349,0
0.08157,0
0.07047,0
0.06450,0
0.05782,0
0.05775,0
0.01006,0
0.02324,0
0.04761,0
0.05882,0
0.05066,0
0.05200,0
0.05710,0
0.01837,0
0.03827,0
0.03191,0
0.03126,0
0.03208,0
0.03487,0
0.12434,0
0.12028,0
0.07931,0
0.07662,0
0.07692,0
0.06910,0
0.06978,0
0.02894,0
0.04295,0
0.06438,0
0.05298,0
0.04594,0
0.00808,0
0.02889,0
0.04428,0
0.04558,0
0.04480,0
0.04604,0
0.01837,0
0.02900,0
0.05182,0
0.07512,0
0.06784,0
0.06750,0
0.07026,0
0.00808,0
0.02950,0
0.04517,0
0.06554,0
0.06067,0
0.05907,0
0.06084,0
0.03012,0
0.02120,0
0.03134,0
0.04644,0
0.04346,0
0.03936,0
0.03604,0
0.02894,0
0.03818,0
0.04009,0
0.03547,0
0.04317,0
0.04057,0
0.03833,0
0.17085,0
0.10668,0
0.08769,0
0.08013,0
0.06344,0
0.06443,0
0.07159,0
0.12060,0
0.09539,0
0.09376,0
0.07589,0
0.06160,0
0.05725,0
0.08406,0
0.04806,0
0.04774,0
0.04420,0
0.04144,0
0.05122,0
0.04749,0
0.04341,0
0.11655,0
0.09041,0
0.06028,0
0.04493,0
0.03949,0
0.04161,0
0.05351,0
0.03012,0
0.03661,0
0.01851,0
0.01789,0
0.01924,0
0.13969,0
0.11248,0
0.09558,0
0.08107,0
0.07632,0
0.06777,0
0.07255,0
0.00808,0
0.01952,0
0.02129,0
0.02060,0
0.02476,0
0.03134,0
0.09759,0
0.08752,0
0.13614,0
0.12048,0
0.10256,0
0.08871,0
0.08543,0
0.10154,0
0.07058,0
0.05061,0
0.05616,0
0.05775,0
0.06303,0
0.06582,0
0.02894,0
0.02119,0
0.02787,0
0.02805,0
0.03131,0
0.03234,0
0.03046,0
0.04806,0
0.04303,0
0.04757,0
0.04226,0
0.04475,0
0.04198,0
0.03975,0
0.00808,0
0.02341,0
0.02239,0
0.01531,0
0.02053,0
0.02815,0
0.00808,0
0.02889,0
0.02185,0
0.01716,0
0.02306,0
0.03013,0
0.00808,0
0.01735,0
0.03090,0
0.05658,0
0.05432,0
0.05657,0
0.05558,0
0.05958,0
0.06309,0
0.04740,0
0.05108,0
0.06078,0
0.07248,0
0.01837,0
0.03827,0
0.02482,0
0.02128,0
0.02772,0
0.03406,0
0.01006,0
0.03112,0
0.04253,0
0.02966,0
0.03400,0
0.04431,0
0.05309,0
0.07169,0
0.08862,0
0.09251,0
0.08459,0
0.07843,0
0.07282,0
0.07190,0
0.03012,0
0.02749,0
0.03595,0
0.03138,0
0.03942,0
0.03401,0
0.03197,0
0.07412,1
0.05600,1
0.03748,1
0.07213,1
0.07958,1
0.11661,1
0.12724,1
0.00808,0
0.02950,0
0.03978,0
0.02844,0
0.02649,0
0.03096,0
0.03856,0
0.12095,0
0.14259,0
0.11940,0
0.10804,0
0.09918,0
0.08922,0
0.08726,0
0.08102,1
0.05035,1
0.08649,1
0.09406,1
0.11189,1
0.11393,1
0.10801,1
0.08232,0
0.06990,0
0.06047,0
0.05783,0
0.06275,0
0.06178,0
0.00808,0
0.02547,0
0.02901,0
0.01506,0
0.02231,0
0.03209,0
0.03410,0
0.00808,0
0.02994,0
0.02081,0
0.02987,0
0.03044,0
0.03607,0
0.10533,0
0.11198,0
0.12008,0
0.11753,0
0.10185,0
0.09035,0
0.08850,0
0.08503,0
0.06208,0
0.04054,0
0.04446,0
0.04873,0
0.05277,0
0.09622,0
0.07262,0
0.07770,0
0.06680,0
0.06324,0
0.05937,0
0.06033,0
0.00808,0
0.02994,0
0.02081,0
0.01687,0
0.02602,0
0.03505,0
0.01006,0
0.02495,0
0.03777,0
0.06944,0
0.06055,0
0.06231,0
0.06684,0
0.25515,1
0.13513,1
0.11580,1
0.12995,1
0.12093,1
0.00808,0
0.02889,0
0.06666,1
0.08069,1
0.11928,0
0.08879,0
0.06137,0
0.06035,0
0.07048,0
0.08062,0
0.00808,0
0.01952,0
0.02129,0
0.02060,0
0.02611,0
0.03334,0
0.07305,0
0.04903,0
0.04605,0
0.04485,0
0.04961,0
0.06088,0
0.06490,0
0.10359,0
0.07815,0
0.07539,0
0.06015,0
0.04901,0
0.05806,0
0.00808,0
0.01952,0
0.02642,0
0.02514,0
0.03291,0
0.04646,0
0.01837,0
0.02442,0
0.05018,0
0.07461,0
0.09348,0
0.09129,0
0.09613,0
0.01837,0
0.03827,0
0.02482,0
0.02128,0
0.02326,0
0.02958,0
0.12932,0
0.09841,0
0.07398,0
0.05377,0
0.05338,0
0.06966,0
0.10466,0
0.00808,0
0.01735,0
0.02438,0
0.01136,0
0.01529,0
0.01774,0
0.02251,0
0.00808,0
0.02547,0
0.02901,0
0.01506,0
0.01976,0
0.02775,0
0.03092,0
0.01006,0
0.01906,0
0.03225,0
0.01849,0
0.02431,0
0.02945,0
0.03875,0
0.16316,0
0.13105,0
0.10890,0
0.08738,0
0.08448,0
0.09997,0
0.13381,0
0.00808,0
0.01735,0
0.03090,0
0.05676,0
0.05031,0
0.04904,0
0.04865,0
0.01837,0
0.02900,0
0.04694,0
0.03691,0
0.03796,0
0.05137,0
0.05105,0
0.03044,0
0.05023,0
0.07632,0
0.04176,0
0.03477,0
0.10214,0
0.07680,0
0.04946,0
0.04936,0
0.06373,0
0.09308,0
0.09614,0
0.10332,0
0.10624,0
0.08869,0
0.09551,0
0.09212,0
0.08966,0
0.07176,0
0.04374,0
0.05327,0
0.05522,0
0.04579,0
0.04676,0
0.12726,0
0.09979,0
0.08201,0
0.05858,0
0.04815,0
0.04733,0
0.05777,0
0.13673,0
0.07861,0
0.05270,0
0.04704,0
0.06032,0
0.05965,0
0.09435,0
0.00808,0
0.02994,0
0.02718,0
0.02938,0
0.03329,0
0.03815,0
0.00808,0
0.05070,0
0.06767,0
0.05846,0
0.05989,0
0.05927,0
0.06775,0
0.06694,0
0.08218,0
0.10550,0
0.10411,0
0.19296,0
0.13762,0
0.11133,0
0.08339,0
0.08087,0
0.12073,0
0.13034,0
0.09193,0
0.07494,0
0.07355,0
0.05917,0
0.06136,0
0.09536,0
0.17613,0
0.14014,0
0.10271,0
0.08489,0
0.07771,0
0.07926,0
0.10721,0
0.08031,0
0.08736,0
0.06426,0
0.05985,0
0.06632,0
0.09876,0
0.09614,0
0.08354,0
0.09243,0
0.07474,0
0.07288,0
0.06968,0
0.07051,0
0.10244,0
0.07734,0
0.05294,0
0.05975,0
0.06333,0
0.07297,0
0.08641,0
0.02894,0
0.02119,0
0.03531,0
0.06811,0
0.08314,0
0.09235,0
0.10281,0
0.09622,0
0.06793,0
0.06776,0
0.05818,0
0.05611,0
0.05242,0
0.05420,0
0.00808,0
0.02994,0
0.02081,0
0.01959,0
0.02746,0
0.03674,0
0.07436,1
0.08374,1
0.08596,1
0.03012,0
0.02749,0
0.04186,0
0.04856,0
0.04160,0
0.03811,0
0.03645,0
0.06775,0
0.06694,0
0.08748,0
0.09873,0
0.10693,0
0.10898,0
0.11640,0
0.09886,0
0.06913,0
0.04561,0
0.05303,0
0.06383,0
0.08324,0
0.08899,0
0.12393,0
0.09828,0
0.09391,0
0.07051,0
0.06592,0
0.07036,0
0.10200,0
0.01837,0
0.02700,0
0.02606,0
0.02051,0
0.02859,0
0.03490,0
0.03588,0
0.04040,0
0.04135,0
0.03661,0
0.04438,0
0.04101,0
0.03850,0
0.01837,0
0.02995,0
0.02755,0
0.01909,0
0.02495,0
0.02908,0
0.09622,0
0.07417,0
0.04973,0
0.03507,0
0.03111,0
0.03222,0
0.03636,0
0.12572,0
0.11613,0
0.08137,0
0.06947,0
0.07536,0
0.06574,0
0.06980,0
0.12932,0
0.10125,0
0.08522,0
0.06100,0
0.05899,0
0.06841,0
0.09343,0
0.10542,0
0.09711,0
0.08826,0
0.06724,0
0.06453,0
0.07241,0
0.10633,0
0.12234,0
0.06657,0
0.04654,0
0.04324,0
0.04081,0
0.05489,0
0.06712,0
0.02894,0
0.03032,0
0.03977,0
0.06469,0
0.06605,0
0.07558,0
0.09443,0
0.10754,0
0.09513,0
0.06107,0
0.06305,0
0.09917,0
0.12770,0
0.01006,0
0.02348,0
0.02298,0
0.01587,0
0.02231,0
0.03541,0
0.00808,0
0.02547,0
0.03898,0
0.05210,0
0.03606,0
0.03538,0
0.03601,0
0.02894,0
0.02029,0
0.02939,0
0.02517,0
0.03634,0
0.03427,0
0.03254,0
0.00808,0
0.01797,0
0.04077,0
0.02931,0
0.02647,0
0.03111,0
0.03895,0
0.00808,0
0.05499,0
0.07899,0
0.08647,0
0.09017,0
0.09278,0
0.09536,0
0.17613,0
0.15084,0
0.10995,0
0.09025,0
0.08269,0
0.08418,0
0.01006,0
0.03329,0
0.02538,0
0.02786,0
0.03529,0
0.03810,0
0.01006,0
0.01906,0
0.03578,0
0.04502,0
0.03826,0
0.04372,0
0.05449,0
0.09622,0
0.07417,0
0.04973,0
0.03846,0
0.04524,0
0.05363,1
0.06916,1
0.07380,1
0.09129,1
0.09226,1
0.02894,0
0.04980,0
0.04914,0
0.04531,0
0.04425,0
0.03588,0
0.04937,0
0.02330,0
0.02234,0
0.02411,0
0.03044,0
0.04765,0
0.03985,0
0.05194,0
0.05303,0
0.08325,0
0.09171,0
0.06472,0
0.07188,0
0.06637,0
0.04788,0
0.04749,0
0.06370,0
0.07176,0
0.03588,0
0.05598,0
0.05358,0
0.04606,0
0.04818,0
0.00808,0
0.02950,0
0.04478,0
0.03572,0
0.03750,0
0.04163,0
0.04806,0
0.01837,0
0.02995,0
0.02755,0
0.02791,0
0.03419,0
0.04207,0
0.00808,0
0.01735,0
0.03175,0
0.04823,0
0.04382,0
0.04755,0
0.04787,0
0.03012,0
0.04636,0
0.04244,0
0.04747,0
0.04807,0
0.04152,0
0.03721,0
0.07169,0
0.08723,0
0.08448,0
0.07201,0
0.07501,0
0.07882,0
0.07710,0
0.00808,0
0.02889,0
0.02185,0
0.01661,0
0.02492,0
0.02964,0
0.01837,0
0.02562,0
0.04366,0
0.05671,0
0.05027,0
0.05162,0
0.05412,0
0.00808,0
0.01735,0
0.03096,0
0.01787,0
0.02008,0
0.02637,0
0.02865,0
0.01006,0
0.02348,0
0.02298,0
0.01193,0
0.02662,0
0.04018,0
0.03588,0
0.03954,0
0.06375,0
0.07331,0
0.08376,0
0.07452,0
0.06747,0
0.01006,0
0.02324,0
0.04490,0
0.04344,0
0.04155,0
0.04532,0
0.04873,0
0.00808,0
0.01952,0
0.02129,0
0.01610,0
0.02463,0
0.03025,0
0.01837,0
0.02700,0
0.02606,0
0.02454,0
0.02976,0
0.03658,0
0.01006,0
0.03193,0
0.02090,0
0.03055,0
0.03347,0
0.03570,0
0.09814,0
0.06296,0
0.04581,0
0.05246,0
0.05497,0
0.05717,0
0.09622,0
0.07417,0
0.04973,0
0.04212,0
0.04568,0
0.04385,0
0.04597,0
0.02894,0
0.03282,0
0.04220,0
0.06982,0
0.07802,0
0.08164,0
0.09047,0
0.09366,0
0.07596,0
0.05677,0
0.05370,0
0.04529,0
0.04004,0
0.04346,0
0.01837,0
0.02442,0
0.02898,0
0.01510,0
0.02273,0
0.03315,0
0.03638,0
0.02676,1
0.04589,1
0.03410,1
0.05739,1
0.08968,1
0.11306,1
0.12009,1
0.11792,1
0.03012,0
0.03661,0
0.01851,0
0.01789,0
0.01924,0
0.05958,0
0.06309,0
0.04577,0
0.04822,0
0.06169,0
0.07574,0
0.03044,0
0.04765,0
0.03985,0
0.05104,0
0.05675,0
0.06242,0
0.07497,0
0.04806,0
0.03892,0
0.05002,0
0.05400,0
0.04634,0
0.04373,0
0.04202,0
0.01837,0
0.02901,0
0.03441,0
0.02869,0
0.03164,0
0.03732,0
0.12726,0
0.09979,0
0.08515,0
0.06100,0
0.05014,0
0.04790,0
0.05642,0
0.12560,0
0.07908,0
0.05237,0
0.05233,0
0.06484,0
0.09843,0
0.09987,0
0.06472,0
0.07975,0
0.07438,0
0.05066,0
0.04919,0
0.06149,0
0.08224,0
0.06301,0
0.05746,0
0.05861,0
0.04983,0
0.05313,0
0.06914,0
0.00808,0
0.01735,0
0.03090,0
0.06096,0
0.05498,0
0.06055,0
0.06390,0
0.09622,0
0.09810,0
0.07776,0
0.06236,0
0.06274,0
0.05967,0
0.06142,0
0.10121,0
0.08422,0
0.06078,0
0.04626,0
0.03915,0
0.04160,0
0.05253,0
0.02734,1
0.05361,1
0.08585,1
0.06796,1
0.07907,1
0.08879,1
0.08222,1
0.07437,0
0.06747,0
0.06459,0
0.05734,0
0.06624,0
0.07211,0
0.23450,0
0.13317,0
0.11634,0
0.09220,0
0.07554,0
0.07563,0
0.09481,0
0.01006,0
0.03193,0
0.02090,0
0.02224,0
0.03121,0
0.04315,0
0.04806,0
0.04276,0
0.05768,0
0.04618,0
0.05230,0
0.04489,0
0.04022,0
0.10755,0
0.06840,0
0.04935,0
0.04280,0
0.05155,0
0.05709,0
0.07611,0
0.00808,0
0.02950,0
0.09243,1
0.09742,1
0.09485,1
0.10002,1
0.01006,0
0.02495,0
0.03049,0
0.01583,0
0.02222,0
0.02733,0
0.03063,0
0.01006,0
0.02348,0
0.02298,0
0.01193,0
0.02467,0
0.03518,0
0.09756,0
0.06426,0
0.05797,0
0.06103,0
0.11333,0
0.15012,0
0.12580,0
0.09137,0
0.08637,0
0.07379,0
0.06524,0
0.07059,0
0.00808,0
0.01735,0
0.02438,0
0.04938,1
0.06040,1
0.00808,0
0.03208,0
0.02355,0
0.01990,0
0.02646,0
0.03338,0
0.08503,0
0.05143,0
0.03111,0
0.03690,0
0.04228,0
0.04701,0
0.10015,1
0.12529,1
0.13743,1
0.11616,1
0.11436,1
0.11054,1
0.11216,1
0.07305,0
0.04903,0
0.04290,0
0.05811,0
0.08097,0
0.01006,0
0.03072,0
0.02346,0
0.01803,0
0.02371,0
0.03068,0
0.01837,0
0.02985,0
0.03461,0
0.01902,0
0.02482,0
0.02470,0
0.02828,0
0.12560,0
0.08915,0
0.06105,0
0.05949,0
0.08235,0
0.09268,0
0.01837,0
0.03676,0
0.02716,0
0.02021,0
0.02976,0
0.03393,0
0.01837,0
0.03737,0
0.05087,0
0.03529,0
0.03219,0
0.03943,0
0.04855,0
0.03044,0
0.03581,0
0.03733,0
0.03057,0
0.04076,0
0.03743,0
0.03521,0
0.01006,0
0.01980,0
0.03923,0
0.05363,0
0.04778,0
0.04927,0
0.05105,0
0.01006,0
0.01980,0
0.04446,0
0.05265,0
0.04982,0
0.05202,0
0.05713,0
0.01006,0
0.04585,0
0.06276,0
0.05397,0
0.05765,0
0.06056,0
0.13673,0
0.07861,0
0.05270,0
0.04594,0
0.05032,0
0.05402,0
0.06719,0
0.12669,0
0.09781,0
0.09467,0
0.08784,0
0.07581,0
0.07545,0
0.08194,0
0.10207,0
0.07896,0
0.05708,0
0.06094,0
0.05375,0
0.06142,0
0.06222,0
0.01006,0
0.02495,0
0.03739,0
0.02259,0
0.02734,0
0.02944,0
0.03204,0
0.09911,0
0.06183,0
0.05534,0
0.05841,0
0.11155,0
0.12434,0
0.12028,0
0.07732,0
0.06642,0
0.05845,0
0.05359,0
0.06046,0
0.08901,0
0.07142,0
0.08437,0
0.07875,0
0.07104,0
0.07043,0
0.06775,1
0.06547,1
0.08257,1
0.06933,1
0.00808,0
0.01797,0
0.04177,0
0.03083,0
0.03083,0
0.04413,0
0.04436,0
0.09622,0
0.07417,0
0.04973,0
0.04212,0
0.04568,0
0.04272,0
0.04523,0
0.18311,0
0.18253,0
0.11993,0
0.10140,0
0.09729,0
0.08628,0
0.08982,0
0.06775,0
0.06547,0
0.08160,0
0.10674,0
0.10958,0
0.01006,0
0.02495,0
0.04037,0
0.05338,0
0.04493,0
0.04963,0
0.04957,0
0.17448,0
0.12698,0
0.10695,0
0.08283,0
0.08058,0
0.12205,0
0.00808,0
0.02547,0
0.03607,0
0.06123,0
0.05199,0
0.04725,0
0.04784,0
0.09725,0
0.07002,0
0.04783,0
0.05330,0
0.06426,0
0.09160,0
0.10090,0
0.03012,0
0.03313,0
0.03283,0
0.03541,0
0.03970,0
0.03850,0
0.03684,0
0.00808,0
0.01735,0
0.02438,0
0.01136,0
0.01963,0
0.03055,0
0.03414,0
0.08045,0
0.06618,0
0.06611,0
0.05973,0
0.05527,0
0.06383,0
0.11928,0
0.09997,0
0.06362,0
0.06079,0
0.08252,0
0.12137,0
0.12990,0
0.16316,0
0.13215,0
0.10924,0
0.08064,0
0.07441,0
0.09072,0
0.12557,0
0.15416,0
0.11780,0
0.08865,0
0.06614,0
0.06470,0
0.08736,0
0.07953,0
0.07135,0
0.05197,0
0.05304,0
0.09165,0
0.11900,0
0.11771,0
0.06028,0
0.05116,0
0.04985,0
0.04325,0
0.03919,0
0.04817,0
0.13034,0
0.09716,0
0.08176,0
0.07013,0
0.05614,0
0.05828,0
0.00808,0
0.04424,0
0.04325,0
0.05348,0
0.06290,0
0.06590,0
0.07532,0
0.21126,0
0.12223,0
0.10592,0
0.09449,0
0.07964,0
0.08016,0
0.00808,0
0.02950,0
0.04478,0
0.06567,0
0.06110,0
0.06948,0
0.07384,0
0.03588,0
0.04937,0
0.02330,0
0.02254,0
0.02292,0
0.12932,0
0.09769,0
0.08672,0
0.06378,0
0.05777,0
0.07164,0
0.09819,0
0.01006,0
0.02495,0
0.03739,0
0.02259,0
0.02980,0
0.03603,0
0.03649,0
0.01837,0
0.02700,0
0.02606,0
0.02454,0
0.02976,0
0.03658,0
0.01006,0
0.03193,0
0.02764,0
0.03037,0
0.03784,0
0.04895,0
0.02894,0
0.03032,0
0.03624,0
0.04618,0
0.04254,0
0.04165,0
0.04017,0
0.07644,0
0.04434,0
0.06242,0
0.05914,0
0.05287,0
0.05875,0
0.09911,1
0.06183,1
0.05255,1
0.05686,1
0.11048,1
0.11913,1
0.11696,1
0.25515,0
0.13599,0
0.08904,0
0.07265,0
0.08821,0
0.07443,0
0.06611,0
0.06859,0
0.04829,0
0.04697,0
0.06471,0
0.00808,0
0.02341,0
0.02239,0
0.01150,0
0.02685,0
0.03734,0
0.19633,0
0.11335,0
0.13856,1
0.09385,1
0.08477,1
0.08998,1
0.10084,1
0.12669,1
0.10055,1
0.07238,1
0.05654,1
0.04905,1
0.04491,1
0.06882,1
0.06178,1
0.08841,1
0.00808,0
0.02547,0
0.03898,0
0.05210,0
0.04345,0
0.04585,0
0.04487,0
0.07305,0
0.04903,0
0.04605,0
0.04874,0
0.08620,0
0.00808,0
0.01952,0
0.02642,0
0.02514,0
0.03697,0
0.04135,0
0.01006,0
0.01906,0
0.03578,0
0.04502,0
0.03826,0
0.03944,0
0.03933,0
0.26804,0
0.17203,0
0.12187,0
0.09459,0
0.08188,0
0.07492,0
0.07798,0
0.07305,0
0.04903,0
0.04281,0
0.04805,0
0.07278,0
0.03012,0
0.03307,0
0.06236,0
0.06813,0
0.08353,0
0.07643,0
0.06837,0
0.13034,0
0.09802,0
0.08141,0
0.06791,0
0.05667,0
0.05957,0
0.08446,0
0.06821,0
0.06857,0
0.06016,0
0.05236,0
0.05568,0
0.08224,0
0.06301,0
0.05555,0
0.04522,0
0.03882,0
0.04238,0
0.05413,0
0.00808,0
0.02994,0
0.02081,0
0.01744,0
0.02624,0
0.03873,0
0.03044,0
0.03397,0
0.04612,0
0.03413,0
0.03773,0
0.03491,0
0.03260,0
0.11451,0
0.13126,0
0.10400,0
0.08680,0
0.08585,0
0.07176,0
0.03588,0
0.05598,0
0.05851,0
0.05003,0
0.05538,0
0.03012,0
0.03128,0
0.03792,0
0.03523,0
0.04763,0
0.04380,0
0.03959,0
0.01006,0
0.02348,0
0.02298,0
0.01193,0
0.02108,0
0.02904,0
0.09575,0
0.07342,0
0.04752,0
0.04978,0
0.08826,0
0.11164,0
0.09725,0
0.07002,0
0.04783,0
0.04805,0
0.06105,0
0.06007,0
0.07199,0
0.03044,0
0.03167,0
0.03754,0
0.04207,0
0.03870,0
0.03757,0
0.03485,0
0.01006,0
0.01906,0
0.02581,0
0.01204,0
0.01961,0
0.02612,0
0.02956,0
0.00808,0
0.02205,0
0.04598,0
0.05755,0
0.04976,0
0.05401,0
0.05515,0
0.00808,0
0.01952,0
0.02129,0
0.02060,0
0.02832,0
0.03538,0
0.09622,0
0.07417,0
0.04973,0
0.03931,0
0.04561,0
0.04417,0
0.04710,0
0.03012,0
0.03828,0
0.04075,0
0.03746,0
0.04151,0
0.04008,0
0.03839,0
0.01837,0
0.02900,0
0.04842,0
0.03664,0
0.03026,0
0.03660,0
0.04635,0
0.10613,0
0.08808,0
0.08227,0
0.05460,0
0.04427,0
0.04294,0
0.05217,0
0.03012,0
0.03173,0
0.04430,0
0.06487,0
0.08501,0
0.08736,0
0.09405,0
0.01006,0
0.02495,0
0.03049,0
0.01583,0
0.02296,0
0.03480,0
0.04241,0
0.03012,0
0.03401,0
0.03664,0
0.05099,0
0.04706,0
0.04334,0
0.04083,0
0.13034,0
0.09229,0
0.07716,0
0.06696,0
0.05609,0
0.05989,0
0.09963,0
0.07742,0
0.06732,0
0.05412,0
0.04976,0
0.05550,0
0.06630,0
0.10178,1
0.09222,1
0.06543,1
0.07873,1
0.07933,1
0.08712,1
0.01837,0
0.03986,0
0.02946,0
0.02842,0
0.03279,0
0.04259,0
0.01837,0
0.02442,0
0.02898,0
0.01510,0
0.02411,0
0.03205,0
0.03429,0
0.01006,0
0.02131,0
0.02809,0
0.02602,0
0.03336,0
0.03944,0
0.03588,0
0.03963,0
0.03869,0
0.03408,0
0.03835,0
0.03555,0
0.03270,0
0.06775,0
0.06694,0
0.08263,0
0.10838,0
0.11035,0
0.03012,0
0.04842,0
0.07582,0
0.04000,0
0.03350,0
0.00808,0
0.02889,0
0.02185,0
0.01716,0
0.02306,0
0.03431,0
0.01837,0
0.05033,0
0.06553,0
0.05490,0
0.05701,0
0.05860,0
0.09925,0
0.07043,0
0.06046,0
0.04410,0
0.04771,0
0.07153,0
0.14576,0
0.09861,0
0.08740,0
0.06389,0
0.05242,0
0.04965,0
0.05666,0
0.10496,0
0.07849,0
0.07246,0
0.05098,0
0.04164,0
0.04056,0
0.04963,0
0.01837,0
0.02985,0
0.04387,0
0.05550,0
0.04679,0
0.05241,0
0.05328,0
0.07169,0
0.06797,0
0.05283,0
0.04140,0
0.04837,0
0.04873,0
0.05120,0
0.07443,0
0.08394,0
0.06682,0
0.05186,0
0.05086,0
0.06596,0
0.01837,0
0.02995,0
0.02755,0
0.01511,0
0.02688,0
0.03676,0
0.02894,0
0.03668,0
0.01728,0
0.01743,0
0.02011,0
0.02894,0
0.03294,0
0.04064,0
0.05887,0
0.09947,0
0.10274,0
0.10653,0
0.10657,0
0.08074,0
0.04886,0
0.04951,0
0.07402,0
0.10502,0
0.00808,0
0.01952,0
0.02129,0
0.01610,0
0.02453,0
0.03467,0
0.00808,0
0.02341,0
0.02239,0
0.01531,0
0.02400,0
0.03368,0
0.11928,0
0.08879,0
0.05724,0
0.05831,0
0.08596,0
0.09367,0
0.09612,0
0.06775,0
0.06616,0
0.07461,0
0.07277,0
0.08783,0
0.08826,0
0.26804,0
0.16522,0
0.11401,0
0.08838,0
0.07614,0
0.07218,0
0.07487,0
0.00808,0
0.03712,0
0.03790,0
0.05048,0
0.05116,0
0.06093,0
0.06246,0
0.06775,0
0.06547,0
0.08160,0
0.10674,0
0.10958,0
0.13178,0
0.07009,0
0.04933,0
0.04440,0
0.04869,0
0.06089,0
0.07599,0
0.08343,0
0.07773,0
0.08515,0
0.08137,0
0.07437,0
0.07278,0
0.01837,0
0.03827,0
0.03191,0
0.03332,0
0.03403,0
0.03916,0
0.00808,0
0.04771,1
0.05344,1
0.06096,1
0.06279,1
0.06963,1
0.01006,0
0.03193,0
0.02090,0
0.03157,0
0.03923,0
0.04389,0
0.10858,1
0.11649,1
0.08355,1
0.08777,1
0.09111,1
0.09572,1
0.09689,1
0.01006,0
0.02348,0
0.02298,0
0.01193,0
0.02467,0
0.03265,0
0.01006,0
0.01906,0
0.02581,0
0.01204,0
0.01961,0
0.02341,0
0.02595,0
0.08224,0
0.05495,0
0.05160,0
0.04620,0
0.04093,0
0.04459,0
0.06088,0
0.10454,0
0.07477,0
0.08335,0
0.07232,0
0.06177,0
0.05817,0
0.06626,0
0.09911,0
0.06183,0
0.05499,0
0.06260,0
0.11267,0
0.07644,0
0.04434,0
0.04452,0
0.05554,0
0.05196,0
0.05396,0
0.11962,0
0.09791,0
0.07862,0
0.05943,0
0.06097,0
0.07624,0
0.11149,0
0.08697,0
0.07524,0
0.05288,0
0.05271,0
0.04583,0
0.04840,0
0.08393,0
0.04746,0
0.04012,0
0.04774,0
0.07143,0
0.00808,0
0.02889,0
0.04428,0
0.04380,0
0.04416,0
0.05240,0
0.00808,0
0.02950,0
0.05028,0
0.05481,0
0.04925,0
0.05107,0
0.05595,0
0.12294,0
0.13721,0
0.12531,0
0.09881,0
0.09050,0
0.15318,0
0.11904,0
0.11307,0
0.09318,0
0.07609,0
0.07375,0
0.08215,0
0.08045,0
0.06618,0
0.06399,0
0.06207,0
0.06547,0
0.07230,0
0.12198,0
0.08896,0
0.06427,0
0.05643,0
0.05136,0
0.04561,0
0.04853,0
0.00808,0
0.02205,0
0.05385,0
0.07171,0
0.06337,0
0.06287,0
0.06642,0
0.14202,0
0.18464,0
0.14389,0
0.11202,0
0.10610,0
0.19633,0
0.11335,0
0.08072,0
0.06782,0
0.07063,0
0.03012,0
0.02722,0
0.03839,0
0.02841,0
0.03264,0
0.02975,0
0.02811,0
0.21126,0
0.10744,0
0.09028,0
0.08589,0
0.07232,0
0.07458,0
0.15640,1
0.10412,1
0.08872,1
0.06340,1
0.06152,1
0.02894,0
0.04935,0
0.07518,0
0.04280,0
0.03700,0
0.03044,0
0.02322,0
0.03139,0
0.02667,0
0.03371,0
0.03365,0
0.03182,0
0.03012,0
0.03485,0
0.03303,0
0.03195,0
0.03460,0
0.03554,0
0.03475,0
0.02894,0
0.05071,0
0.04270,0
0.04999,0
0.05329,0
0.05892,0
0.06761,0
0.01006,0
0.01906,0
0.02727,0
0.04902,0
0.04146,0
0.03904,0
0.03941,0
0.17448,0
0.12698,0
0.10695,0
0.08241,0
0.07426,0
0.11665,0
0.03044,0
0.02893,0
0.03269,0
0.03649,0
0.04509,0
0.04159,0
0.03895,0
0.01837,0
0.07179,0
0.05992,0
0.07132,0
0.07215,0
0.08396,0
0.09849,0
0.11833,0
0.18019,0
0.14501,0
0.10386,0
0.08524,0
0.07870,0
0.08646,0
0.07176,0
0.03445,0
0.05055,0
0.04775,0
0.04402,0
0.05149,0
0.01837,0
0.02442,0
0.02410,0
0.04225,0
0.03941,0
0.04630,0
0.05613,0
0.14202,0
0.18464,0
0.14755,0
0.11181,0
0.10050,0
0.01837,0
0.03676,0
0.02716,0
0.02021,0
0.02752,0
0.03880,0
0.08393,1
0.04746,1
0.09977,1
0.11115,1
0.10571,1
0.03044,0
0.03167,0
0.03527,0
0.02832,0
0.04200,0
0.03965,0
0.03608,0
0.09622,0
0.07417,0
0.04973,0
0.03931,0
0.04561,0
0.04417,0
0.04599,0
0.13708,0
0.07591,0
0.05210,0
0.04888,0
0.05263,0
0.05721,0
0.07173,0
0.14576,0
0.10706,0
0.08425,0
0.06478,0
0.05314,0
0.05081,0
0.05924,0
0.00808,0
0.13113,1
0.11918,1
0.11046,1
0.10087,1
0.07644,0
0.04434,0
0.04650,0
0.04403,0
0.04110,0
0.04451,0
0.00808,0
0.02547,0
0.03898,0
0.05210,0
0.03606,0
0.03618,0
0.04334,0
0.00808,0
0.02950,0
0.04639,0
0.07222,0
0.09580,0
0.09800,0
0.10860,0
0.06775,0
0.06547,0
0.10423,0
0.13045,0
0.12950,0
0.13673,0
0.07861,0
0.05270,0
0.04594,0
0.04506,0
0.05292,0
0.06742,0
0.08503,0
0.06208,0
0.05302,0
0.05512,0
0.05782,0
0.06112,0
0.15719,0
0.12068,0
0.11225,0
0.09483,0
0.07764,0
0.07337,0
0.08787,0
0.08393,1
0.04746,1
0.06696,1
0.08099,1
0.08100,1
0.09793,1
0.10390,1
0.09622,0
0.07262,0
0.07977,0
0.07631,0
0.07557,0
0.06878,0
0.06803,0
0.08343,0
0.07773,0
0.07973,0
0.06874,0
0.06285,0
0.06190,0
0.03044,0
0.03397,0
0.04242,0
0.07759,0
0.08871,0
0.09076,0
0.09458,0
0.00808,0
0.02889,0
0.04428,0
0.03837,0
0.04425,0
0.04623,0
0.11166,0
0.08444,0
0.05055,0
0.04714,0
0.06571,0
0.07918,0
0.09911,0
0.06183,0
0.05187,0
0.05578,0
0.10982,0
0.00808,0
0.01797,0
0.03457,0
0.03616,0
0.03490,0
0.04205,0
0.04499,0
0.09911,0
0.06183,0
0.05499,0
0.06063,0
0.11201,0
0.03012,0
0.04963,0
0.05044,0
0.04676,0
0.04425,0
0.08835,0
0.08057,0
0.05635,0
0.05092,0
0.07738,0
0.08761,0
0.09828,0
0.00808,0
0.02950,0
0.04478,0
0.03001,0
0.02660,0
0.03197,0
0.03951,0
0.03044,0
0.03904,0
0.01914,0
0.01799,0
0.01939,0
0.10199,0
0.08349,0
0.06797,0
0.05178,0
0.04612,0
0.04645,0
0.05839,0
0.00808,0
0.01735,0
0.03606,0
0.04873,0
0.04397,0
0.04434,0
0.04519,0
0.03588,0
0.04937,0
0.02330,0
0.02234,0
0.02411,0
0.03012,0
0.02120,0
0.02706,0
0.02283,0
0.02967,0
0.02890,0
0.02748,0
0.00808,0
0.02950,0
0.04478,0
0.03572,0
0.03662,0
0.04424,0
0.05098,0
0.09614,0
0.09008,0
0.10415,0
0.08918,0
0.08775,0
0.09148,0
0.08859,0
0.09536,0
0.16315,0
0.13655,0
0.10441,0
0.08695,0
0.07987,0
0.08070,0
0.01837,0
0.02995,0
0.02755,0
0.01511,0
0.02096,0
0.02896,0
0.00808,0
0.02341,0
0.02239,0
0.01271,0
0.02860,0
0.03429,0
0.01837,0
0.02700,0
0.02606,0
0.02454,0
0.02831,0
0.03552,0
0.01006,0
0.03072,0
0.02346,0
0.01803,0
0.02610,0
0.03345,0
0.03588,0
0.03930,0
0.04406,0
0.03741,0
0.04053,0
0.03747,0
0.05908,1
0.01837,0
0.02995,0
0.02755,0
0.01909,0
0.02672,0
0.03368,0
0.03012,0
0.03401,0
0.03664,0
0.04510,0
0.04177,0
0.03908,0
0.03581,0
0.03012,0
0.03415,0
0.04998,0
0.05358,0
0.04955,0
0.00808,0
0.02994,0
0.02081,0
0.01766,0
0.01916,0
0.02641,0
0.01837,0
0.02442,0
0.02898,0
0.01510,0
0.02210,0
0.02604,0
0.02830,0
0.01006,0
0.02348,0
0.02298,0
0.01587,0
0.02321,0
0.03040,0
0.07801,1
0.08249,1
0.08359,1
0.01837,0
0.02700,0
0.03202,0
0.03442,0
0.03712,0
0.04116,0
0.08393,0
0.04746,0
0.04234,0
0.04386,0
0.04840,0
0.05839,0
0.06503,0
0.08579,0
0.10699,0
0.07943,0
0.06989,0
0.06688,0
0.06101,0
0.06630,0
0.10469,1
0.08861,1
0.08619,1
0.06378,1
0.06287,1
0.07310,1
0.12726,0
0.09617,0
0.08199,0
0.06092,0
0.04963,0
0.04911,0
0.05666,0
0.00808,0
0.01952,0
0.02642,0
0.02480,0
0.03573,0
0.04230,0
0.02894,0
0.04753,0
0.04300,0
0.05089,0
0.06782,0
0.07080,0
0.07852,0
0.08752,0
0.10707,0
0.09042,0
0.07206,0
0.06584,0
0.06912,0
0.08577,0
0.00808,0
0.01735,0
0.03384,0
0.03794,0
0.03627,0
0.04456,0
0.04640,0
0.03012,0
0.03313,0
0.03578,0
0.04505,0
0.04510,0
0.04468,0
0.04283,0
0.03588,0
0.06148,0
0.08500,0
0.05048,0
0.04321,0
0.02894,0
0.03594,0
0.04209,0
0.04991,0
0.04486,0
0.04261,0
0.03892,0
0.10755,0
0.06760,0
0.09939,1
0.09050,1
0.08460,1
0.08369,1
0.08772,1
0.09557,1
0.10673,1
0.12591,1
0.09361,0
0.09287,0
0.06500,0
0.06470,0
0.09993,0
0.11826,0
0.18311,0
0.18253,0
0.12013,0
0.10959,0
0.09388,0
0.08517,0
0.08954,0
0.08102,1
0.07682,1
0.08696,1
0.10748,1
0.11795,1
0.11418,1
0.10489,1
0.00808,0
0.02135,0
0.03316,0
0.03794,0
0.04173,0
0.04650,0
0.17085,0
0.10166,1
0.13296,1
0.12886,1
0.11822,1
0.11053,1
0.11171,1
0.12270,1
0.29620,0
0.18588,0
0.12747,0
0.09622,0
0.08118,0
0.07800,0
0.08011,0
0.03044,0
0.03381,0
0.03998,0
0.04170,0
0.05138,0
0.04694,0
0.04341,0
0.07169,0
0.06797,0
0.05283,0
0.04540,0
0.04972,0
0.05575,0
0.05742,0
0.03012,0
0.02968,0
0.02341,0
0.02263,0
0.02495,0
0.03012,0
0.02968,0
0.02341,0
0.02313,0
0.02413,0
0.19633,0
0.11335,0
0.08072,0
0.07090,0
0.07277,0
0.02894,0
0.02910,0
0.02215,0
0.02205,0
0.02455,0
0.01006,0
0.02324,0
0.04120,0
0.05422,0
0.06679,1
0.07323,1
0.07562,1
0.09924,1
0.07607,1
0.06029,1
0.05480,1
0.04954,1
0.04540,1
0.05472,1
0.03588,0
0.03856,0
0.04460,0
0.04182,0
0.04707,0
0.04200,0
0.03825,0
0.00808,0
0.02994,0
0.02718,0
0.03027,0
0.03902,0
0.04489,0
0.00808,0
0.01797,0
0.03462,0
0.03386,0
0.03870,0
0.05383,0
0.05809,0
0.08343,0
0.07773,0
0.08515,0
0.07233,0
0.06587,0
0.06473,0
0.01837,0
0.02442,0
0.02898,0
0.01510,0
0.02411,0
0.03205,0
0.03429,0
0.01837,0
0.02562,0
0.04428,0
0.07073,0
0.09450,0
0.10341,0
0.10990,0
0.02894,0
0.03282,0
0.04130,0
0.04768,0
0.04176,0
0.03916,0
0.03738,0
0.17085,0
0.10668,0
0.07942,0
0.06642,0
0.05430,0
0.05731,0
0.07284,0
0.01006,0
0.02301,0
0.03034,0
0.03020,0
0.03180,0
0.03793,0
0.00808,0
0.02547,0
0.02446,0
0.03433,0
0.03775,0
0.03977,0
0.04743,0
0.00808,0
0.01735,0
0.02438,0
0.01136,0
0.01529,0
0.02225,0
0.03272,0
0.09536,0
0.17613,0
0.14731,0
0.10355,0
0.08447,0
0.07702,0
0.07736,0
0.07169,0
0.08426,0
0.06420,0
0.05259,0
0.05055,0
0.06124,0
0.06227,0
0.08503,0
0.07283,0
0.07326,0
0.06740,0
0.07487,0
0.07740,0
0.07176,0
0.03445,0
0.03787,0
0.04190,0
0.04075,0
0.04962,0
0.01837,0
0.02442,0
0.03594,0
0.02152,0
0.02742,0
0.03699,0
0.03830,0
0.03044,0
0.03263,0
0.04002,0
0.03896,0
0.04296,0
0.04162,0
0.03965,0
0.03044,0
0.05023,0
0.07632,0
0.04176,0
0.03477,0
0.02894,0
0.03668,0
0.01728,0
0.01743,0
0.02011,0
0.10116,0
0.12731,1
0.11199,1
0.09441,1
0.08133,1
0.07809,1
0.03044,0
0.04141,0
0.07972,0
0.04966,0
0.04161,0
0.03012,0
0.03313,0
0.04494,0
0.03332,0
0.03698,0
0.03597,0
0.03484,0
0.13532,0
0.07672,0
0.05354,0
0.04382,0
0.04847,0
0.05351,0
0.08970,0
0.00808,0
0.02205,0
0.04490,0
0.03352,0
0.03262,0
0.03820,0
0.04482,0
0.12997,1
0.11631,1
0.09524,1
0.15969,1
0.15975,1
0.15963,1
0.15644,1
0.11197,0
0.10966,0
0.09723,0
0.09724,0
0.09223,0
0.08131,0
0.07988,0
0.06472,0
0.07188,0
0.10392,1
0.10299,1
0.10148,1
0.10775,1
0.11021,1
0.12457,1
0.08503,0
0.05143,0
0.03111,0
0.04407,0
0.04564,0
0.04886,0
0.02894,0
0.03298,0
0.03615,0
0.03383,0
0.04201,0
0.03935,0
0.03704,0
0.01837,0
0.02700,0
0.02606,0
0.02051,0
0.02850,0
0.03704,0
0.00808,0
0.02950,0
0.03978,0
0.03415,0
0.03509,0
0.03848,0
0.04118,0
0.03588,0
0.03964,0
0.04593,0
0.05109,0
0.04542,0
0.04213,0
0.03994,0
0.02894,0
0.03032,0
0.03591,0
0.04404,0
0.04886,0
0.04201,0
0.03774,0
0.00808,0
0.02547,0
0.03885,0
0.06099,0
0.06331,0
0.07437,0
0.08198,0
0.03588,0
0.03954,0
0.06375,0
0.07979,0
0.08911,0
0.07904,0
0.07011,0
0.01006,0
0.03072,0
0.04560,0
0.04050,0
0.04244,0
0.05067,0
0.12803,0
0.09126,0
0.09998,0
0.09261,0
0.07894,0
0.07345,0
0.07961,0
0.08393,0
0.04746,0
0.05082,0
0.05225,0
0.08949,0
0.14292,0
0.12520,0
0.11829,0
0.09729,0
0.08954,0
0.07443,0
0.06296,0
0.05739,0
0.04178,0
0.04277,0
0.05920,0
0.07443,0
0.07572,0
0.06256,0
0.04453,0
0.04484,0
0.05773,0
0.00808,0
0.01735,0
0.03175,0
0.04809,0
0.04154,0
0.04521,0
0.04613,0
0.03012,0
0.04261,0
0.07927,0
0.05005,0
0.04304,0
0.05761,0
0.04992,0
0.04543,0
0.05266,0
0.05574,0
0.04919,0
0.04431,0
0.09622,0
0.08806,0
0.10490,0
0.10058,0
0.09379,0
0.08438,0
0.08216,0
0.07305,0
0.04903,0
0.04533,0
0.04948,0
0.05226,0
0.08218,0
0.08836,0
0.02894,0
0.02751,0
0.03537,0
0.03417,0
0.04223,0
0.03920,0
0.03700,0
0.01006,0
0.02495,0
0.04037,0
0.05238,0
0.03623,0
0.03578,0
0.04809,0
0.09614,0
0.09216,0
0.11861,0
0.08780,0
0.09199,0
0.08863,0
0.08651,0
0.02894,0
0.03282,0
0.04525,0
0.03372,0
0.03516,0
0.03666,0
0.03611,0
0.08224,1
0.10533,1
0.10874,1
0.09399,1
0.08779,1
0.08206,1
0.09665,1
0.01006,0
0.02348,0
0.02298,0
0.01587,0
0.02805,0
0.03499,0
0.06472,0
0.06786,0
0.05896,0
0.04158,0
0.04195,0
0.06119,0
0.10045,0
0.07797,0
0.07071,0
0.05589,0
0.05449,0
0.05598,0
0.00808,0
0.01797,0
0.03807,0
0.05238,0
0.04851,0
0.05039,0
0.05991,0
0.03012,0
0.03020,0
0.04477,0
0.03407,0
0.03533,0
0.03561,0
0.03327,0
0.12694,1
0.15088,1
0.11829,1
0.09298,1
0.09583,1
0.09992,1
0.08747,1
0.09042,1
0.10068,1
0.01837,0
0.02995,0
0.03307,0
0.02841,0
0.02931,0
0.03608,0
0.03044,0
0.03904,0
0.01914,0
0.01819,0
0.02065,0
0.01006,0
0.03329,0
0.02538,0
0.02429,0
0.03117,0
0.03449,0
0.00808,0
0.02889,0
0.02185,0
0.01748,0
0.02454,0
0.03149,0
0.19633,0
0.11280,0
0.08165,0
0.07276,0
0.07485,0
0.02561,1
0.06650,1
0.06394,1
0.05317,1
0.05831,1
0.08813,1
0.10343,1
0.17085,0
0.10692,0
0.08518,0
0.07779,0
0.06248,0
0.06385,0
0.07256,0
0.01006,0
0.03112,0
0.04666,0
0.04391,0
0.03773,0
0.04008,0
0.04646,0
0.01006,0
0.03329,0
0.02538,0
0.02192,0
0.02734,0
0.03393,0
0.10178,0
0.09222,0
0.06628,0
0.04822,0
0.04542,0
0.05332,0
0.08720,0
0.03012,0
0.03701,0
0.03529,0
0.02801,0
0.03386,0
0.03342,0
0.03113,0
0.03012,0
0.02749,0
0.03662,0
0.04996,0
0.04552,0
0.04370,0
0.04181,0
0.01837,0
0.02442,0
0.02898,0
0.01510,0
0.02210,0
0.02784,0
0.03546,0
0.12560,0
0.07908,0
0.05237,0
0.05233,0
0.06734,0
0.07103,0
0.07345,0
0.07911,1
0.06965,1
0.07801,1
0.06401,1
0.06580,1
0.07005,1
0.08697,0
0.07524,0
0.05288,0
0.05360,0
0.05950,0
0.05922,0
0.11442,0
0.08783,0
0.14250,0
0.11733,0
0.10234,0
0.08968,0
0.08780,0
0.01006,0
0.01906,0
0.03225,0
0.01849,0
0.02494,0
0.03493,0
0.03782,0
0.02894,0
0.02910,0
0.04087,1
0.01006,0
0.02495,0
0.04385,0
0.07228,0
0.07495,0
0.08190,0
0.08644,0
0.02894,0
0.05071,0
0.04270,0
0.05541,0
0.05599,0
0.09153,0
0.10249,0
0.01006,0
0.03193,0
0.02764,0
0.03056,0
0.03213,0
0.03559,0
0.06576,0
0.11488,0
0.10073,0
0.08245,0
0.07432,0
0.06936,0
0.10755,0
0.06760,0
0.04671,0
0.03869,0
0.04070,0
0.04759,0
0.07097,0
0.06775,0
0.06659,0
0.09314,0
0.12123,0
0.11579,0
0.08503,0
0.06541,0
0.04798,0
0.05119,0
0.05464,0
0.05721,0
0.08940,0
0.08190,0
0.09798,0
0.07959,0
0.08322,0
0.07637,0
0.07614,0
0.03012,0
0.03485,0
0.03640,0
0.03447,0
0.03813,0
0.03706,0
0.03551,0
0.01006,0
0.03193,0
0.02764,0
0.02757,0
0.03570,0
0.04331,0
0.11041,0
0.08297,0
0.07571,0
0.06084,0
0.05195,0
0.05999,0
0.07644,0
0.04291,0
0.05725,0
0.05961,0
0.05327,0
0.05445,0
0.03012,0
0.03828,0
0.04482,0
0.03273,0
0.03671,0
0.03497,0
0.03221,0
0.01837,0
0.02700,0
0.02606,0
0.02454,0
0.03021,0
0.03595,0
0.08714,0
0.10341,0
0.08778,0
0.07137,0
0.06699,0
0.06966,0
0.08575,0
0.18311,0
0.18253,0
0.11089,0
0.09342,0
0.07967,0
0.07030,0
0.07560,0
0.08232,0
0.06990,0
0.06047,0
0.05927,0
0.06415,0
0.06325,0
0.00808,0
0.01735,0
0.02438,0
0.01136,0
0.02111,0
0.02945,0
0.03116,0
0.06775,0
0.06243,0
0.07270,0
0.07506,0
0.08680,0
0.09349,0
0.15012,0
0.10740,0
0.07841,0
0.07506,0
0.06524,0
0.05871,0
0.06497,0
0.00808,0
0.02889,0
0.02185,0
0.01921,0
0.02723,0
0.03828,0
0.03012,0
0.03661,0
0.01851,0
0.01798,0
0.02046,0
0.00808,0
0.02889,0
0.02185,0
0.01924,0
0.02888,0
0.03913,0
0.14352,0
0.09916,0
0.07182,0
0.06266,0
0.05357,0
0.04621,0
0.04830,0
0.03012,0
0.03701,0
0.03767,0
0.04375,0
0.04487,0
0.04279,0
0.04046,0
0.09614,1
0.11030,1
0.13952,1
0.14301,1
0.12283,1
0.12231,1
0.11926,1
0.07462,0
0.06289,0
0.06591,0
0.05665,0
0.05670,0
0.05855,0
0.14045,0
0.10327,0
0.08279,0
0.06345,0
0.05773,0
0.07125,0
0.09837,0
0.00808,0
0.01735,0
0.03090,0
0.05927,0
0.04863,0
0.04780,0
0.04822,0
0.01006,0
0.02348,0
0.02298,0
0.02465,0
0.03211,0
0.04005,0
0.12425,0
0.09391,0
0.07242,0
0.06363,0
0.05178,0
0.04983,0
0.06238,0
0.01006,0
0.02348,0
0.02298,0
0.01313,0
0.02430,0
0.03301,0
0.03012,0
0.04842,0
0.07340,0
0.05219,0
0.04580,0
0.00808,0
0.02994,0
0.02081,0
0.02137,0
0.03003,0
0.04191,0
0.09518,0
0.08143,0
0.06783,0
0.06094,0
0.05356,0
0.04691,0
0.04898,0
0.00808,0
0.01735,0
0.03090,0
0.05645,0
0.05432,0
0.05580,0
0.05575,0
0.08232,0
0.06990,0
0.05206,0
0.05770,0
0.06229,0
0.06140,0
0.09348,0
0.07205,0
0.06683,0
0.05981,0
0.05257,0
0.05920,0
0.01006,0
0.03072,0
0.02346,0
0.01750,0
0.03230,0
0.04344,0
0.00808,0
0.02341,0
0.03102,0
0.02418,0
0.03584,0
0.04229,0
0.02894,0
0.03085,0
0.04329,0
0.05012,0
0.04435,0
0.04337,0
0.04001,0
0.10142,0
0.09082,0
0.07258,0
0.06277,0
0.06603,0
0.14386,0
0.09718,0
0.08603,0
0.07757,0
0.06557,0
0.06809,0
0.03012,0
0.05866,0
0.07664,0
0.08016,0
0.07227,0
0.03044,0
0.03581,0
0.05878,0
0.05646,0
0.07023,0
0.06240,0
0.05546,0
0.01837,0
0.03737,0
0.05235,0
0.04782,0
0.04259,0
0.04886,0
0.05790,0
0.15012,0
0.10740,0
0.08125,0
0.07072,0
0.07061,0
0.06404,0
0.06566,0
0.02829,1
0.03983,1
0.02033,1
0.01970,1
0.03332,1
0.10362,0
0.08171,0
0.13852,0
0.11564,0
0.10149,0
0.08719,0
0.08419,0
0.12572,0
0.11613,0
0.08137,0
0.07002,0
0.06256,0
0.05490,0
0.06040,0
0.00808,0
0.01735,0
0.03606,0
0.04859,0
0.03747,0
0.04013,0
0.05065,0
0.03588,0
0.02910,0
0.04504,0
0.04962,0
0.05078,1
0.04862,1
0.05413,1
0.02894,0
0.03668,0
0.01728,0
0.01743,0
0.02011,0
0.00808,0
0.02205,0
0.04688,0
0.03975,0
0.03395,0
0.03694,0
0.04287,0
0.09421,0
0.06904,0
0.04380,0
0.04321,0
0.06663,0
0.08949,0
0.12382,0
0.09685,1
0.07924,1
0.05254,1
0.06136,1
0.06969,1
0.07808,1
0.09956,1
0.11167,1
0.09622,0
0.06793,0
0.05738,0
0.04584,0
0.04486,0
0.05746,0
0.05905,0
0.00808,0
0.02889,0
0.04428,0
0.03986,0
0.04304,0
0.04704,0
0.20212,0
0.13310,0
0.12037,0
0.11312,0
0.09466,0
0.08916,0
0.10089,0
0.00808,0
0.01735,0
0.03090,0
0.05642,0
0.05194,0
0.07366,1
0.09493,1
0.10943,1
0.11639,1
0.11495,1
0.00808,0
0.04633,0
0.06218,0
0.07926,0
0.08552,0
0.10549,0
0.11598,0
0.03588,0
0.04937,0
0.02330,0
0.02234,0
0.02411,0
0.15012,0
0.10740,0
0.07841,0
0.07506,0
0.06475,0
0.05898,0
0.06557,0
0.07305,0
0.04903,0
0.04605,0
0.04874,0
0.07353,0
0.00808,0
0.01797,0
0.03691,0
0.05875,0
0.04888,0
0.05197,0
0.05477,0
0.12463,0
0.09957,0
0.07097,0
0.04907,0
0.04464,0
0.05217,0
0.08563,0
0.00808,0
0.02889,0
0.04428,0
0.03837,0
0.04334,0
0.04793,0
0.11005,0
0.08764,0
0.05729,0
0.05079,0
0.06930,0
0.10102,0
0.00808,0
0.02889,0
0.02185,0
0.01661,0
0.02454,0
0.03191,0
0.00808,0
0.02994,0
0.02718,0
0.03116,0
0.04016,0
0.05113,0
0.10142,0
0.09082,0
0.07401,0
0.06301,0
0.06563,0
0.06775,1
0.06547,1
0.08139,1
0.08511,1
0.14368,1
0.00808,0
0.02341,0
0.02239,0
0.01150,0
0.02246,0
0.03265,0
0.11928,0
0.08879,0
0.05754,0
0.05603,0
0.07086,0
0.08352,0
0.07305,1
0.09105,1
0.08496,1
0.08456,1
0.09215,1
0.10094,1
0.10021,1
0.08579,0
0.10699,0
0.07750,0
0.07281,0
0.06845,0
0.06408,0
0.06577,0
0.01837,0
0.02995,0
0.02755,0
0.01909,0
0.03049,0
0.03902,0
0.10121,1
0.07581,1
0.08295,1
0.09538,1
0.10624,1
0.09763,1
0.09626,1
0.03588,0
0.03930,0
0.04149,0
0.04640,0
0.04333,0
0.04165,0
0.03832,0
0.01837,0
0.02985,0
0.04044,0
0.06422,0
0.05607,0
0.05296,0
0.05094,0
0.03044,0
0.03904,0
0.01914,0
0.01819,0
0.02065,0
0.03012,0
0.05076,0
0.04409,0
0.05225,0
0.06831,0
0.07168,0
0.07395,0
0.01006,0
0.03193,0
0.02090,0
0.03250,0
0.03974,0
0.04421,0
0.02894,0
0.11563,1
0.12093,1
0.08913,1
0.07412,1
0.00808,0
0.05503,0
0.08014,0
0.07883,0
0.08805,0
0.09410,0
0.00808,0
0.02547,0
0.04978,0
0.08936,0
0.09318,0
0.09579,0
0.10011,0
0.12228,0
0.10958,0
0.07328,0
0.06559,0
0.06970,0
0.06511,0
0.07068,0
0.01837,0
0.03737,0
0.05210,0
0.08219,0
0.10287,0
0.10279,0
0.10805,0
0.10542,1
0.08874,1
0.11240,1
0.10738,1
0.10841,1
0.11000,1
0.14341,1
0.01837,0
0.02995,0
0.03541,0
0.02771,0
0.03390,0
0.04152,0
0.13244,0
0.11838,0
0.09297,0
0.07147,0
0.06846,0
0.08046,0
0.11581,0
0.03012,0
0.04963,0
0.05044,0
0.04589,0
0.04464,0
0.00808,0
0.02341,0
0.04428,1
0.04739,1
0.04815,1
0.05620,1
0.00808,0
0.05652,1
0.05756,1
0.05049,1
0.04941,1
0.05855,1
0.00808,0
0.01735,0
0.03432,0
0.03856,0
0.03840,0
0.04335,0
0.04417,0
0.03044,0
0.03184,0
0.06133,0
0.07981,0
0.08653,0
0.08119,0
0.07313,0
0.13733,1
0.07841,1
0.05262,1
0.04350,1
0.05628,1
0.09991,0
0.09571,0
0.08348,0
0.06093,0
0.05658,0
0.07222,0
0.13532,0
0.07019,0
0.04617,0
0.03877,0
0.03707,0
0.04160,0
0.07368,0
0.01837,0
0.03676,0
0.02716,0
0.02112,0
0.02675,0
0.03756,0
0.09536,0
0.17613,0
0.15096,0
0.10971,0
0.09014,0
0.08160,0
0.08470,0
0.01006,0
0.05128,0
0.05958,0
0.06898,0
0.07388,0
0.08578,0
0.10004,0
0.00808,0
0.02547,0
0.03611,0
0.02186,0
0.02669,0
0.02893,0
0.03165,0
0.13034,1
0.09716,1
0.09375,1
0.10206,1
0.11694,1
0.11969,1
0.06818,1
0.06389,1
0.07435,1
0.09403,1
0.08000,1
0.08911,1
0.08498,1
0.10755,0
0.06760,0
0.04671,0
0.04070,0
0.05258,0
0.05398,0
0.08983,0
0.18881,0
0.13677,0
0.11277,0
0.08450,0
0.07573,0
0.11776,0
0.03588,0
0.04937,0
0.02330,0
0.02234,0
0.02411,0
0.03044,0
0.03904,0
0.01914,0
0.01819,0
0.02065,0
0.08343,0
0.07773,0
0.07973,0
0.07361,0
0.06951,0
0.06703,0
0.16962,0
0.09682,0
0.07148,0
0.05226,0
0.05498,0
0.08555,0
0.00808,0
0.02950,0
0.04478,0
0.03001,0
0.03208,0
0.04641,0
0.05218,0
0.01837,0
0.02985,0
0.04044,0
0.06520,0
0.05542,1
0.09249,1
0.08096,1
0.09375,1
0.09336,1
0.15417,1
0.10959,1
0.09024,1
0.06827,1
0.06066,1
0.08796,1
0.00808,0
0.01797,0
0.03246,0
0.04899,0
0.04499,0
0.04750,0
0.05103,0
0.09622,0
0.07417,0
0.04973,0
0.03944,0
0.03947,0
0.03825,0
0.04198,0
0.00808,0
0.02135,0
0.02967,0
0.02671,0
0.02722,0
0.03402,0
0.00808,0
0.02950,0
0.04478,0
0.03001,0
0.03450,0
0.03931,0
0.04179,0
0.10214,0
0.07680,0
0.04946,0
0.04936,0
0.06373,0
0.07624,0
0.00808,0
0.02341,0
0.02239,0
0.01271,0
0.02860,0
0.03429,0
0.03588,0
0.04937,0
0.02330,0
0.02254,0
0.02292,0
0.07169,1
0.08426,1
0.06420,1
0.05259,1
0.05430,1
0.05665,1
0.03012,0
0.02120,0
0.04149,0
0.03483,0
0.03790,0
0.03658,0
0.03531,0
0.01006,0
0.02131,0
0.02250,0
0.02150,0
0.02547,0
0.03635,0
0.10426,1
0.08142,1
0.05325,1
0.05348,1
0.07013,1
0.11771,0
0.06028,0
0.05116,0
0.04985,0
0.04369,0
0.03937,0
0.04349,0
0.00808,0
0.02341,0
0.02239,0
0.01150,0
0.02418,0
0.03481,0
0.01837,0
0.02442,0
0.02410,0
0.04225,0
0.03753,0
0.03931,0
0.04469,0
0.00808,0
0.04365,0
0.05869,0
0.06214,0
0.06927,0
0.07863,0
0.00808,0
0.04225,0
0.05560,0
0.05101,0
0.04341,0
0.05569,0
0.10491,0
0.07227,0
0.06550,0
0.06001,0
0.06747,0
0.07509,0
0.10214,0
0.07680,0
0.04946,0
0.04936,0
0.06373,0
0.07624,0
0.11381,0
0.09354,0
0.06562,0
0.05096,0
0.04553,0
0.05007,0
0.06813,0
0.02894,0
0.03668,0
0.01728,0
0.01733,0
0.01882,0
0.10676,0
0.08414,0
0.14218,0
0.11945,0
0.10213,0
0.08928,0
0.08699,0
0.02977,1
0.06422,1
0.09195,1
0.08318,1
0.08162,1
0.08507,1
0.03044,0
0.05023,0
0.05514,0
0.04088,0
0.03696,0
0.00808,0
0.01952,0
0.02129,0
0.02060,0
0.02779,0
0.03275,0
0.13532,0
0.07672,0
0.05354,0
0.04382,0
0.04398,0
0.05046,0
0.07080,0
0.00808,0
0.01797,0
0.04077,0
0.02931,0
0.02811,0
0.03591,0
0.04703,0
0.00808,0
0.02950,0
0.04674,0
0.08555,0
0.11544,0
0.11471,0
0.11645,0
0.07305,0
0.04903,0
0.04281,0
0.04545,0
0.04976,0
0.05909,0
0.06724,0
0.01997,1
0.05105,1
0.05790,1
0.05656,1
0.06318,1
0.06152,1
0.05656,1
0.00808,0
0.01797,0
0.03991,0
0.03558,0
0.03938,1
0.06419,1
0.08003,1
0.08300,1
0.13525,0
0.11811,0
0.09669,0
0.07553,0
0.07236,0
0.09756,0
0.06426,0
0.05797,0
0.06103,0
0.11333,0
0.00808,0
0.02950,0
0.04468,0
0.05571,0
0.05118,0
0.05223,0
0.05693,0
0.03044,0
0.03904,0
0.01914,0
0.01819,0
0.02065,0
0.09614,0
0.09078,0
0.10789,0
0.08742,0
0.09303,0
0.09494,0
0.09223,0
0.07176,0
0.04374,0
0.04480,0
0.04214,0
0.03727,0
0.04531,0
0.11137,0
0.07082,0
0.05203,0
0.05109,0
0.07185,0
0.08334,0
0.00808,0
0.03208,0
0.02355,0
0.01990,0
0.03400,0
0.03498,0
0.02894,0
0.03057,0
0.04375,0
0.04989,0
0.04429,0
0.04267,0
0.04097,0
0.01006,0
0.03072,0
0.04560,0
0.04357,0
0.05232,0
0.05212,0
0.07169,0
0.06797,0
0.05283,0
0.04536,0
0.04943,0
0.04766,0
0.04978,0
0.00808,0
0.02889,0
0.04428,0
0.03986,0
0.03843,0
0.04081,0
0.01006,0
0.11652,1
0.13011,1
0.12611,1
0.13184,1
0.12575,1
0.00808,0
0.01952,0
0.02129,0
0.02060,0
0.02992,0
0.03579,0
0.00808,0
0.01797,0
0.03246,0
0.04899,0
0.04670,0
0.05294,0
0.06116,0
0.00808,0
0.02950,0
0.03978,0
0.02844,0
0.02575,0
0.03331,0
0.04057,0
0.08393,0
0.04746,0
0.04234,0
0.04577,0
0.04854,0
0.05536,0
0.07078,0
0.00808,0
0.09722,1
0.10232,1
0.10105,1
0.00808,0
0.01952,0
0.02129,0
0.02060,0
0.02832,0
0.03752,0
0.08224,0
0.07010,0
0.07511,0
0.06328,0
0.05518,0
0.05403,0
0.06714,0
0.00808,0
0.01735,0
0.03432,0
0.04627,0
0.04228,0
0.04930,0
0.04897,0
0.03044,0
0.03397,0
0.03930,0
0.03470,0
0.03674,0
0.03795,0
0.03694,0
0.00808,0
0.02205,0
0.04114,0
0.03191,0
0.02927,0
0.03145,0
0.03934,0
0.12393,1
0.08823,1
0.13126,1
0.09197,1
0.08471,1
0.08734,1
0.10116,1
0.03012,0
0.02749,0
0.04718,0
0.06155,0
0.08152,0
0.07355,0
0.06572,0
0.06775,0
0.06547,0
0.08160,0
0.10674,0
0.10595,0
0.00808,0
0.01735,0
0.02438,0
0.04908,1
0.08772,1
0.10580,1
0.11106,1
0.11082,1
0.10757,1
0.11209,1
0.07169,0
0.06797,0
0.05283,0
0.04333,0
0.04783,0
0.05149,0
0.05362,0
0.09925,0
0.08944,0
0.07207,0
0.05513,0
0.05675,0
0.08174,0
0.00808,0
0.02341,0
0.02776,0
0.02459,0
0.03059,0
0.03271,0
0.02894,0
0.04935,0
0.07518,0
0.04280,0
0.03700,0
0.03588,0
0.04937,0
0.02330,0
0.02234,0
0.02411,0
0.01837,0
0.02995,0
0.06650,1
0.06940,1
0.08832,1
0.00808,0
0.02950,0
0.04457,0
0.03741,1
0.09618,1
0.11223,1
0.11630,1
0.11627,1
0.14576,0
0.09861,0
0.07957,0
0.05912,0
0.04778,0
0.04675,0
0.05172,0
0.19633,0
0.11335,0
0.08072,0
0.06875,0
0.07124,0
0.13532,0
0.07672,0
0.05354,0
0.04382,0
0.04723,0
0.05056,0
0.06457,0
0.00808,0
0.06634,0
0.06813,0
0.06013,0
0.05110,0
0.05524,0
0.00808,0
0.02341,0
0.02776,0
0.01980,0
0.02783,0
0.03586,0
0.10362,0
0.09534,0
0.06613,0
0.05762,0
0.05237,0
0.04526,0
0.04725,0
0.00808,0
0.02994,0
0.02081,0
0.02531,0
0.03349,0
0.03987,0
0.09348,0
0.07449,0
0.06927,0
0.05537,0
0.04726,0
0.05143,0
0.00808,0
0.02547,0
0.03898,0
0.05210,0
0.03606,0
0.03500,0
0.03594,0
0.01006,0
0.02348,0
0.02854,0
0.02508,0
0.03015,0
0.03475,0
0.03588,0
0.06148,0
0.08377,0
0.06025,0
0.05302,0
0.00808,0
0.01735,0
0.03384,0
0.04946,0
0.04681,0
0.05455,0
0.05655,0
0.00808,0
0.01735,0
0.03683,0
0.05245,0
0.04350,0
0.04430,0
0.04906,0
0.07176,0
0.04374,0
0.04635,0
0.04480,0
0.03852,0
0.04168,0
0.01837,0
0.02985,0
0.03461,0
0.01902,0
0.02569,0
0.03477,0
0.03755,0
0.00808,0
0.02547,0
0.04552,0
0.08606,0
0.09095,0
0.09226,0
0.09564,0
0.03012,0
0.05076,0
0.04409,0
0.05672,0
0.05957,0
0.06813,0
0.07516,0
0.02294,1
0.04487,1
0.04466,1
0.07594,1
0.06335,1
0.09100,1
0.09992,1
0.10457,1
0.10536,1
0.08232,0
0.06990,0
0.05206,0
0.05668,0
0.05366,0
0.05460,0
0.08343,0
0.07773,0
0.08515,0
0.07200,0
0.06868,0
0.06580,0
0.00808,0
0.02341,0
0.02239,0
0.01271,0
0.02173,0
0.02779,0
0.25515,0
0.13513,0
0.09175,0
0.07791,0
0.08777,0
0.00808,0
0.01797,0
0.03457,0
0.03616,0
0.03705,0
0.05079,0
0.05104,0
0.11771,0
0.06028,0
0.04337,0
0.03943,0
0.03643,0
0.03467,0
0.04458,0
0.00808,0
0.02341,0
0.02239,0
0.01531,0
0.02275,0
0.02998,0
0.00808,0
0.02547,0
0.03607,0
0.06565,0
0.05723,0
0.05398,0
0.05201,0
0.19296,0
0.09909,0
0.07109,0
0.05136,0
0.05414,0
0.08360,0
0.07169,0
0.06797,0
0.05283,0
0.03857,0
0.03994,0
0.04779,0
0.05082,0
0.09575,0
0.06643,0
0.04392,0
0.04819,0
0.08683,0
0.10563,0
0.11928,0
0.08879,0
0.05754,0
0.05588,0
0.06683,0
0.07740,0
0.09614,0
0.07537,0
0.08851,0
0.06924,0
0.06739,0
0.06989,0
0.07108,0
0.03044,0
0.05023,0
0.07576,0
0.05467,0
0.04745,0
0.02894,0
0.02119,0
0.02949,0
0.03918,0
0.04533,1
0.00808,0
0.01735,0
0.02438,0
0.01136,0
0.01901,0
0.02526,0
0.03325,0
0.00808,0
0.02950,0
0.04026,0
0.05203,0
0.04625,0
0.05174,0
0.05595,0
0.10805,1
0.08541,1
0.06519,1
0.04952,1
0.04364,1
0.04909,1
0.03012,0
0.02749,0
0.03462,0
0.03245,0
0.04456,0
0.04101,0
0.03771,0
0.00808,0
0.04161,0
0.05688,0
0.06020,0
0.07126,0
0.07424,0
0.13034,0
0.08057,0
0.06271,0
0.05603,0
0.04623,0
0.05176,0
0.01837,0
0.02995,0
0.03541,0
0.03328,0
0.03664,0
0.04264,0
0.00808,0
0.02950,0
0.04204,0
0.07778,0
0.10823,0
0.11107,0
0.11900,0
0.00808,0
0.02994,0
0.02081,0
0.02280,0
0.02939,0
0.03521,0
0.07176,0
0.04374,0
0.05327,0
0.04835,0
0.04103,0
0.04794,0
0.14558,0
0.07281,0
0.05802,0
0.05156,0
0.04695,0
0.04350,0
0.04762,0
0.06472,0
0.06786,0
0.05896,0
0.04158,0
0.04186,0
0.05850,0
0.03012,0
0.02120,0
0.04149,0
0.04099,0
0.04227,0
0.04025,0
0.03847,0
0.14386,0
0.09718,0
0.08860,0
0.07838,0
0.06509,0
0.06713,0
0.00808,0
0.02994,0
0.02718,0
0.02768,0
0.03588,0
0.04725,0
0.10015,0
0.08117,0
0.05261,0
0.05230,0
0.06505,0
0.09530,0
0.01006,0
0.05354,0
0.06933,0
0.05618,0
0.05399,0
0.06441,0
0.03044,0
0.03396,0
0.04522,0
0.03416,0
0.03805,0
0.03625,0
0.03339,0
0.00808,0
0.02994,0
0.02081,0
0.01929,0
0.02417,0
0.02772,0
0.06665,1
0.06832,1
0.08675,1
0.09234,1
0.07585,1
0.06882,1
0.06625,1
0.00808,0
0.02341,0
0.02776,0
0.01980,0
0.02741,0
0.04097,0
0.14386,0
0.11085,0
0.10010,0
0.08368,0
0.06997,0
0.07120,0
0.02894,0
0.03222,0
0.03850,0
0.02844,0
0.03322,0
0.03308,0
0.03233,0
0.08393,0
0.04746,0
0.04012,0
0.03937,0
0.04482,0
0.08208,0
0.09631,0
0.03012,0
0.03661,0
0.01851,0
0.01798,0
0.02046,0
0.03012,0
0.03661,0
0.01851,0
0.01798,0
0.02046,0
0.12932,0
0.09769,0
0.08798,0
0.06547,0
0.05868,0
0.07526,0
0.11069,0
0.02894,0
0.02910,0
0.02215,0
0.02205,0
0.02455,0
0.01006,0
0.02348,0
0.02854,0
0.02508,0
0.02925,0
0.03580,0
0.01837,0
0.02995,0
0.03541,0
0.02771,0
0.03376,0
0.03998,0
0.07176,1
0.03445,1
0.07006,1
0.09109,1
0.08542,1
0.08401,1
0.00808,0
0.01735,0
0.03606,0
0.04859,0
0.03446,0
0.03493,0
0.04637,0
0.01006,0
0.03112,0
0.05842,1
0.07207,1
0.06327,1
0.07328,1
0.07821,1
0.10721,0
0.07844,0
0.05384,0
0.03713,0
0.03548,0
0.05517,0
0.09144,0
0.10542,0
0.09711,0
0.09232,0
0.06795,0
0.06558,0
0.07540,0
0.10877,0
0.17239,1
0.11417,1
0.10752,1
0.11237,1
0.11358,1
0.10924,1
0.00808,0
0.02341,0
0.02239,0
0.01531,0
0.02159,0
0.02930,0
0.06775,0
0.06659,0
0.08367,0
0.10743,0
0.11084,0
0.01837,0
0.03676,0
0.02716,0
0.02021,0
0.02976,0
0.03408,0
0.05761,0
0.04781,0
0.05131,0
0.04720,0
0.05374,0
0.04594,0
0.04094,0
0.15009,0
0.08459,0
0.05886,0
0.05153,0
0.05555,0
0.06345,0
0.06467,0
0.00808,0
0.01735,0
0.03606,0
0.04859,0
0.03446,0
0.03493,0
0.04342,0
0.00808,0
0.05070,0
0.05449,0
0.06752,0
0.07692,0
0.08311,0
0.09193,0
0.01837,0
0.02900,0
0.05384,0
0.05113,0
0.04801,0
0.05135,0
0.05681,0
0.01837,0
0.03676,0
0.02716,0
0.02021,0
0.02491,0
0.03005,0
0.13034,0
0.08057,0
0.08422,0
0.07236,0
0.06072,0
0.06346,0
0.13673,0
0.07861,0
0.05270,0
0.04358,0
0.04415,0
0.05159,0
0.07017,0
0.00808,0
0.01735,0
0.02438,0
0.01136,0
0.02111,0
0.02945,0
0.03116,0
0.10045,0
0.08079,0
0.07346,0
0.05851,0
0.04972,0
0.05350,0
0.13051,0
0.07329,0
0.05114,0
0.04597,0
0.04774,0
0.05332,0
0.06945,0
0.01837,0
0.03827,0
0.03191,0
0.03332,0
0.04570,0
0.05011,0
0.00808,0
0.01952,0
0.02129,0
0.01610,0
0.02776,0
0.03804,0
0.08835,0
0.07499,0
0.05213,0
0.05440,0
0.05594,0
0.06509,0
0.07096,0
0.00808,0
0.02994,0
0.02081,0
0.01744,0
0.02058,0
0.02747,0
0.10754,0
0.09513,0
0.06074,0
0.06711,0
0.06325,0
0.06871,0
0.06959,0
0.00808,0
0.03208,0
0.02355,0
0.01990,0
0.03181,0
0.03985,0
0.00808,0
0.02341,0
0.02776,0
0.02459,0
0.03034,0
0.03378,0
0.01837,0
0.02900,0
0.05356,0
0.05644,0
0.05407,0
0.05504,0
0.06352,0
0.02894,0
0.02919,0
0.04072,0
0.03504,0
0.04201,0
0.03930,0
0.03713,0
0.00808,0
0.02889,0
0.02185,0
0.01716,0
0.02306,0
0.03431,0
0.12969,0
0.17251,0
0.13900,0
0.12831,0
0.12380,0
0.11399,0
0.11420,0
0.10754,0
0.08727,0
0.05800,0
0.06535,0
0.10218,0
0.12439,0
0.01837,0
0.03676,0
0.02716,0
0.02021,0
0.02491,0
0.02822,0
0.01006,0
0.01906,0
0.03866,0
0.04563,0
0.04709,0
0.04395,0
0.04434,0
0.09622,0
0.09229,0
0.12069,0
0.10802,0
0.10073,0
0.10329,0
0.09872,0
0.01837,0
0.02985,0
0.03023,0
0.04837,0
0.04203,0
0.04118,0
0.04799,0
0.09814,0
0.07462,0
0.05699,0
0.06667,0
0.06306,0
0.06430,0
0.00808,0
0.02950,0
0.05028,0
0.06714,0
0.06202,0
0.06241,0
0.06633,0
0.03044,0
0.02893,0
0.03960,0
0.02985,0
0.03508,0
0.03375,0
0.03168,0
0.01006,0
0.05049,0
0.06906,0
0.07397,0
0.08303,0
0.08056,0
0.01837,0
0.02985,0
0.04094,0
0.02575,0
0.03239,0
0.03806,0
0.03911,0
0.00808,0
0.01735,0
0.03384,0
0.04299,0
0.03695,0
0.04078,0
0.04192,0
0.01837,0
0.02442,0
0.02898,0
0.01510,0
0.02283,0
0.02776,0
0.03256,0
0.00808,0
0.01735,0
0.03384,0
0.03794,0
0.03544,0
0.03781,0
0.03935,0
0.07169,0
0.10196,0
0.13137,0
0.11104,0
0.09854,0
0.08815,0
0.08582,0
0.00808,0
0.01735,0
0.03090,0
0.06302,0
0.05469,0
0.05715,0
0.05980,0
0.03012,0
0.04996,0
0.04264,0
0.05691,0
0.06437,0
0.07140,0
0.08149,0
0.00808,0
0.01735,0
0.02438,0
0.01136,0
0.01970,0
0.02563,0
0.03129,0
0.05761,1
0.06104,1
0.08542,1
0.09007,1
0.10214,1
0.10482,1
0.11123,1
0.01006,0
0.01980,0
0.04317,0
0.03225,0
0.02878,0
0.03436,0
0.04162,0
0.00808,0
0.02205,0
0.05385,0
0.05956,0
0.05451,0
0.05529,0
0.05903,0
0.03012,0
0.03661,0
0.01851,0
0.01789,0
0.01924,0
0.19633,0
0.11335,0
0.08072,0
0.06875,0
0.07124,0
0.00808,0
0.02889,0
0.02185,0
0.01921,0
0.02417,0
0.03065,0
0.01837,0
0.02700,0
0.03202,0
0.02901,0
0.03545,0
0.04137,0
0.18311,0
0.18229,0
0.11515,0
0.09765,0
0.08383,0
0.07420,0
0.07948,0
0.12393,1
0.08781,1
0.09886,1
0.10204,1
0.10639,1
0.12952,1
0.12272,1
0.07176,0
0.05416,0
0.05301,0
0.05578,0
0.05019,0
0.05288,0
0.07169,0
0.06797,0
0.05283,0
0.04267,0
0.04699,1
0.04691,1
0.04919,1
0.20341,0
0.15018,0
0.12104,0
0.09412,0
0.09007,0
0.12939,0
0.07169,1
0.08426,1
0.06420,1
0.05427,1
0.05613,1
0.06229,1
0.06735,1
0.03588,0
0.04040,0
0.04136,0
0.03314,0
0.03695,0
0.03410,0
0.03146,0
0.00808,0
0.02205,0
0.03991,0
0.05322,0
0.04809,0
0.05035,0
0.05514,0
0.02894,0
0.04295,0
0.07864,0
0.05102,0
0.04409,0
0.01837,0
0.02700,0
0.02606,0
0.02454,0
0.02861,0
0.03343,0
0.01837,0
0.05810,0
0.06379,0
0.06816,0
0.07406,0
0.08374,0
0.00808,0
0.03208,0
0.02355,0
0.02102,0
0.02149,0
0.02937,0
0.02894,0
0.02774,0
0.03677,0
0.04872,0
0.04695,0
0.04420,0
0.04065,0
0.03012,0
0.03241,0
0.03682,0
0.03702,0
0.04966,0
0.04560,0
0.04163,0
0.00808,0
0.01735,0
0.02438,0
0.01136,0
0.02111,0
0.02945,0
0.03213,0
0.01006,0
0.03112,0
0.04571,0
0.06916,0
0.06325,0
0.07111,0
0.07244,0
0.03012,0
0.04842,0
0.07582,0
0.04173,0
0.03589,0
0.03012,0
0.02968,0
0.02341,0
0.02313,0
0.02413,0
0.00808,0
0.02547,0
0.04075,0
0.04533,0
0.03720,0
0.03715,0
0.03860,0
0.03044,0
0.03904,0
0.01914,0
0.01819,0
0.02065,0
0.04806,0
0.03819,1
0.07873,1
0.08484,1
0.07792,1
0.01837,0
0.02442,0
0.03593,0
0.06032,0
0.05020,0
0.04985,0
0.05377,0
0.07437,0
0.06737,0
0.07003,0
0.05553,0
0.05483,0
0.05525,0
0.01837,0
0.02562,0
0.04607,0
0.03448,0
0.03023,0
0.03422,0
0.04140,0
0.00808,0
0.02341,0
0.02776,0
0.02075,0
0.02872,0
0.03580,0
0.00808,0
0.02994,0
0.02081,0
0.01744,0
0.02493,0
0.03176,0
0.02894,0
0.03294,0
0.04041,0
0.04255,0
0.05340,0
0.05064,0
0.04636,0
0.01837,0
0.03827,0
0.02482,0
0.02101,0
0.02911,0
0.04132,0
0.00808,0
0.01735,0
0.03175,0
0.04809,0
0.04216,0
0.04243,0
0.04476,0
0.09925,0
0.09101,0
0.07411,0
0.05614,0
0.05750,0
0.08283,0
0.02894,0
0.03412,0
0.05917,0
0.05840,0
0.06446,0
0.06086,0
0.05640,0
0.12095,0
0.14259,0
0.11430,0
0.11349,0
0.10967,0
0.10096,0
0.10194,0
0.11833,0
0.16645,0
0.13776,0
0.10474,0
0.08626,0
0.08024,0
0.08295,0
0.03012,0
0.03661,0
0.01851,0
0.01789,0
0.01924,0
0.02921,1
0.04663,1
0.03387,1
0.05739,1
0.08918,1
0.11261,1
0.12297,1
0.12258,1
0.09814,0
0.07462,0
0.06240,0
0.06458,0
0.07258,0
0.07150,0
0.03044,0
0.03581,0
0.04027,0
0.03225,0
0.04150,0
0.03859,0
0.03650,0
0.01006,0
0.02131,0
0.02809,0
0.02570,0
0.03273,0
0.04013,0
0.11833,0
0.18019,0
0.14014,0
0.10589,0
0.08766,0
0.08041,0
0.08540,0
0.00808,0
0.01735,0
0.03606,0
0.04859,0
0.03992,0
0.04560,0
0.04550,0
0.10244,0
0.08072,0
0.05502,0
0.05936,0
0.05380,0
0.06124,0
0.06593,0
0.00808,0
0.02547,0
0.02901,0
0.01506,0
0.02152,0
0.02211,0
0.02615,0
0.03012,0
0.03701,0
0.05941,0
0.05929,0
0.06565,0
0.06192,0
0.05693,0
0.00808,0
0.02341,0
0.02776,0
0.02075,0
0.03360,0
0.04324,0
0.00808,0
0.02889,0
0.02185,0
0.01941,0
0.02467,0
0.02857,0
0.00808,0
0.02889,0
0.02185,0
0.01716,0
0.02544,0
0.03740,0
0.08503,1
0.06208,1
0.04156,1
0.05189,1
0.05472,1
0.06389,1
0.00808,0
0.02135,0
0.02967,0
0.02927,0
0.03242,0
0.03524,0
0.01006,0
0.03329,0
0.02538,0
0.02429,0
0.03815,0
0.04024,0
0.11928,0
0.07692,0
0.05643,0
0.05531,0
0.06624,0
0.09625,0
0.03012,0
0.03401,0
0.04565,0
0.03620,0
0.04318,0
0.03737,0
0.03392,0
0.10755,0
0.06840,0
0.04935,0
0.04280,0
0.05526,0
0.05914,0
0.07719,0
0.03012,0
0.03485,0
0.04200,0
0.04987,0
0.04346,0
0.04226,0
0.03887,0
0.00808,0
0.03208,0
0.02355,0
0.02243,0
0.03017,0
0.03685,0
0.00808,0
0.02994,0
0.02081,0
0.02295,0
0.02666,0
0.03044,0
0.04806,0
0.04749,0
0.09035,0
0.05677,0
0.04874,0
0.09925,0
0.09574,0
0.07718,0
0.05956,0
0.06033,0
0.08498,0
0.12393,0
0.09009,0
0.06324,0
0.04722,0
0.04481,0
0.05899,0
0.07273,0
0.01837,0
0.03676,0
0.02716,0
0.02021,0
0.02802,0
0.03245,0
0.06775,0
0.07113,0
0.08709,0
0.10978,0
0.11271,0
0.00808,0
0.02135,0
0.02967,0
0.02545,0
0.03414,0
0.03984,0
0.09622,0
0.09035,0
0.06133,0
0.04758,0
0.05167,0
0.04786,0
0.04907,0
0.09991,0
0.08506,0
0.06700,0
0.04627,0
0.04536,0
0.06349,0
0.00808,0
0.01952,0
0.02129,0
0.02777,0
0.03298,0
0.03988,0
0.00808,0
0.02994,0
0.02718,0
0.03249,0
0.03543,0
0.04077,0
0.03044,0
0.03811,0
0.04324,0
0.04862,0
0.04427,0
0.04269,0
0.03933,0
0.00808,0
0.02547,0
0.03611,0
0.02186,0
0.02669,0
0.02633,0
0.02944,0
0.13969,0
0.11248,0
0.10070,0
0.10067,0
0.09137,0
0.08192,0
0.08419,0
0.09622,0
0.07417,0
0.04973,0
0.03507,0
0.03571,0
0.04859,0
0.05109,0
0.02894,0
0.02751,0
0.03666,0
0.02942,0
0.03504,0
0.03342,0
0.03137,0
0.09925,0
0.07475,0
0.05350,0
0.04001,0
0.04474,0
0.06922,0
0.03012,0
0.04636,0
0.03901,0
0.03246,0
0.03766,0
0.03406,0
0.03138,0
0.12560,0
0.07908,0
0.05237,0
0.05688,0
0.06641,0
0.06302,0
0.06541,0
0.00808,0
0.02547,0
0.02901,0
0.01506,0
0.02229,0
0.03169,0
0.03552,0
0.03588,0
0.03964,0
0.04639,0
0.03812,0
0.04025,0
0.04087,0
0.03783,0
0.07176,0
0.03588,0
0.04573,0
0.04532,0
0.04082,0
0.04838,0
0.03044,0
0.03121,0
0.02434,0
0.02330,0
0.02545,0
0.00808,0
0.05195,0
0.05866,0
0.06250,0
0.07171,0
0.07722,0
0.14558,1
0.07281,1
0.05834,1
0.05951,1
0.06326,1
0.17756,1
0.11748,1
0.09805,1
0.10172,1
0.08731,1
0.08730,1
0.04806,0
0.03563,0
0.04176,0
0.06107,0
0.07189,0
0.07613,0
0.08519,0
0.12030,0
0.10018,0
0.07619,0
0.06188,0
0.05561,0
0.05258,0
0.06105,0
0.01006,0
0.01980,0
0.04284,0
0.08671,0
0.09119,0
0.09630,0
0.10104,0
0.07176,0
0.07293,1
0.07228,1
0.06968,1
0.06188,1
0.06722,1
0.00808,0
0.01735,0
0.03096,0
0.01787,0
0.02376,0
0.02791,0
0.03437,0
0.13034,0
0.09229,0
0.08297,0
0.06505,0
0.05313,0
0.05635,0
0.08901,0
0.05569,0
0.05810,0
0.05689,0
0.05159,0
0.05837,0
0.02894,0
0.02910,0
0.02215,0
0.02205,0
0.02455,0
0.00808,0
0.02950,0
0.05211,0
0.04696,0
0.04678,0
0.04777,0
0.05289,0
0.00808,0
0.02547,0
0.03898,0
0.05210,0
0.04416,0
0.04827,0
0.05344,0
0.01006,0
0.02348,0
0.02298,0
0.01193,0
0.02073,0
0.03428,0
0.01837,0
0.03986,0
0.02946,0
0.02367,0
0.03123,0
0.03776,0
0.11962,0
0.09217,0
0.07479,0
0.05772,0
0.05362,0
0.07355,0
0.10038,0
0.00808,0
0.04618,1
0.08431,1
0.10455,1
0.11489,1
0.11097,1
0.10458,1
0.13659,0
0.09813,0
0.07163,0
0.05553,0
0.04954,0
0.04826,0
0.06616,0
0.12803,0
0.08865,0
0.07728,0
0.07445,0
0.06256,0
0.06443,0
0.09255,0
0.02894,0
0.03668,0
0.01728,0
0.01733,0
0.01882,0
0.02894,0
0.02751,0
0.04150,0
0.05243,0
0.04956,0
0.04383,0
0.03977,0
0.07176,0
0.04374,0
0.05327,0
0.04835,0
0.04249,0
0.04920,0
0.11166,0
0.08590,0
0.05564,0
0.05512,0
0.07941,0
0.09098,0
0.10721,0
0.08801,0
0.07621,0
0.05920,0
0.05698,0
0.07333,0
0.10677,0
0.09991,0
0.09571,0
0.08348,0
0.05612,0
0.05248,0
0.06864,0
0.11067,0
0.09103,0
0.07757,0
0.05510,0
0.04549,0
0.04455,0
0.05125,0
0.10142,0
0.09082,0
0.07258,0
0.06277,0
0.06603,0
0.10142,0
0.09082,0
0.07401,0
0.06301,0
0.06502,0
0.01006,0
0.01980,0
0.03355,0
0.05027,0
0.04424,0
0.04944,0
0.05528,0
0.07582,1
0.08192,1
0.07089,1
0.06439,1
0.06748,1
0.06949,1
0.08503,0
0.05143,0
0.03111,0
0.04407,0
0.05293,0
0.05497,0
0.00808,0
0.02994,0
0.02081,0
0.02280,0
0.02970,0
0.03618,0
0.08901,0
0.06814,1
0.06266,1
0.05552,1
0.05103,1
0.05299,1
0.03012,0
0.02722,0
0.03968,0
0.06024,1
0.07001,1
0.06877,1
0.01006,0
0.03072,0
0.02346,0
0.01750,0
0.02608,0
0.03799,0
0.18881,0
0.11243,0
0.08153,0
0.05800,0
0.05955,0
0.10233,0
0.08662,1
0.09584,1
0.12389,1
0.08632,1
0.09361,1
0.08343,0
0.07773,0
0.08161,0
0.07796,0
0.07378,0
0.07145,0
0.11481,0
0.08066,0
0.05308,0
0.05274,0
0.05986,0
0.07410,0
0.08920,0
0.14045,0
0.10327,0
0.08568,0
0.06502,0
0.06485,0
0.07060,0
0.10666,0
0.00808,0
0.02994,0
0.02718,0
0.02768,0
0.03588,0
0.05729,1
0.08664,1
0.11005,1
0.11266,1
0.12393,0
0.09075,0
0.06125,0
0.04471,0
0.04158,0
0.05113,0
0.08549,0
0.00808,0
0.02950,0
0.04517,0
0.06554,0
0.06067,0
0.06005,0
0.05834,0
0.10178,0
0.09222,0
0.06543,0
0.04701,0
0.04550,0
0.06524,0
0.07715,0
0.01837,0
0.02985,0
0.03461,0
0.01902,0
0.02570,0
0.03351,0
0.03758,0
0.08940,0
0.10216,0
0.10026,0
0.07683,0
0.07586,0
0.07730,0
0.07681,0
0.07176,0
0.03588,0
0.04242,0
0.05091,0
0.04618,0
0.04825,0
0.00808,0
0.01735,0
0.02438,0
0.01136,0
0.01970,0
0.02850,0
0.03186,0
0.00808,0
0.02547,0
0.03048,0
0.04423,0
0.04230,0
0.04927,0
0.05401,0
0.00808,0
0.01735,0
0.03432,0
0.03856,0
0.03286,0
0.03508,0
0.03763,0
0.06775,0
0.06694,0
0.08218,0
0.10550,0
0.10411,0
0.00808,0
0.02205,0
0.04688,0
0.06834,0
0.06273,0
0.07134,0
0.07133,0
0.03012,0
0.03401,0
0.04565,0
0.03331,0
0.03796,0
0.03659,0
0.03449,0
0.17269,0
0.09564,0
0.07086,0
0.05067,0
0.05448,0
0.08466,0
0.03012,0
0.03661,0
0.01851,0
0.01789,0
0.01924,0
0.00808,0
0.03208,0
0.02355,0
0.01990,0
0.02840,0
0.03354,0
0.00808,0
0.01735,0
0.01874,0
0.03792,0
0.03647,0
0.04233,0
0.04493,0
0.03012,0
0.02749,0
0.04080,0
0.03184,0
0.04416,0
0.04072,0
0.03751,0
0.01006,0
0.01906,0
0.02581,0
0.01204,0
0.01961,0
0.02341,0
0.02701,0
0.02894,0
0.05071,0
0.04270,0
0.05541,0
0.05980,0
0.06588,0
0.07351,0
0.10454,1
0.07685,1
0.08466,1
0.09422,1
0.08689,1
0.08888,1
0.11688,1
0.08928,0
0.07959,0
0.05859,0
0.05316,0
0.06286,0
0.09235,0
0.10180,0
0.01837,0
0.02442,0
0.02898,0
0.01510,0
0.02411,0
0.03205,0
0.03429,0
0.00808,0
0.02547,0
0.03611,0
0.02186,0
0.02288,0
0.02787,0
0.03532,0
0.15023,0
0.11815,0
0.09005,0
0.09471,0
0.08863,0
0.07992,0
0.08249,0
0.03588,0
0.05825,0
0.04876,0
0.06249,0
0.06724,0
0.07298,0
0.07865,0
0.00808,0
0.01952,0
0.02642,0
0.02480,0
0.03133,0
0.03888,0
0.00808,0
0.01735,0
0.03683,0
0.05245,0
0.04648,0
0.05035,0
0.05309,0
0.00808,0
0.01735,0
0.03090,0
0.05645,0
0.05432,0
0.05288,0
0.05674,0
0.03588,0
0.04527,0
0.08833,0
0.05659,0
0.04874,0
0.08393,0
0.04746,0
0.04321,0
0.04581,0
0.04575,0
0.08334,0
0.08913,0
0.00808,0
0.02994,0
0.02081,0
0.01687,0
0.02667,0
0.03395,0
0.01006,0
0.01906,0
0.03684,0
0.04908,0
0.04022,0
0.04592,0
0.04706,0
0.02894,0
0.03222,0
0.07759,1
0.08381,1
0.08854,1
0.09786,1
0.09256,1
0.07176,0
0.04374,0
0.05327,0
0.05522,0
0.04731,0
0.04808,0
0.00808,0
0.02547,0
0.02446,0
0.03433,0
0.03782,0
0.04745,0
0.05235,0
0.08045,0
0.06618,0
0.06399,0
0.06207,0
0.05850,0
0.06640,0
0.01006,0
0.01906,0
0.02581,0
0.01204,0
0.02032,0
0.03300,0
0.03991,0
0.00808,0
0.01735,0
0.02438,0
0.01136,0
0.01529,0
0.02052,0
0.02486,0
0.03012,0
0.03661,0
0.01851,0
0.01798,0
0.02046,0
0.08224,0
0.06301,0
0.05746,0
0.05718,0
0.04954,0
0.04813,0
0.06075,0
0.01006,0
0.02495,0
0.03777,0
0.06250,0
0.05569,0
0.06014,0
0.05960,0
0.03012,0
0.02082,0
0.03177,0
0.03818,0
0.04380,0
0.04226,0
0.03989,0
0.00808,0
0.01952,0
0.02129,0
0.02060,0
0.02779,0
0.03275,0
0.01837,0
0.03986,0
0.02946,0
0.02525,0
0.03887,1
0.05498,1
0.06739,1
0.09363,1
0.10932,1
0.03588,0
0.03843,0
0.02805,0
0.02696,0
0.02855,0
0.11451,0
0.13126,0
0.09587,1
0.10686,1
0.10335,1
0.11188,1
0.14202,0
0.18464,0
0.14755,0
0.11181,0
0.10050,0
0.11442,0
0.09472,0
0.07390,0
0.06472,0
0.05692,0
0.05014,0
0.05285,0
0.00808,0
0.03208,0
0.02355,0
0.02243,0
0.02947,0
0.03068,0
0.00808,0
0.02341,0
0.02776,0
0.01980,0
0.03174,0
0.03640,0
0.10542,0
0.09447,0
0.06903,0
0.05202,0
0.05415,0
0.06010,0
0.07645,0
0.01837,0
0.02562,0
0.04831,0
0.06694,0
0.06306,0
0.06530,0
0.06853,0
0.00808,0
0.02547,0
0.02901,0
0.01506,0
0.02414,0
0.03122,0
0.03264,0
0.01006,0
0.02348,0
0.02298,0
0.04871,1
0.06012,1
0.06401,1
0.03012,0
0.03020,0
0.03506,0
0.03745,0
0.04163,0
0.04021,0
0.03839,0
0.00808,0
0.01735,0
0.03175,0
0.04809,0
0.03783,0
0.03395,0
0.03622,0
0.00808,0
0.02889,0
0.02185,0
0.02039,0
0.01976,0
0.02482,0
0.03588,0
0.03843,0
0.02805,0
0.02755,0
0.02769,0
0.00808,0
0.01952,0
0.02129,0
0.02060,0
0.02832,0
0.03752,0
0.00808,0
0.02889,0
0.02185,0
0.01748,0
0.01931,0
0.02478,0
0.00808,0
0.02341,0
0.02239,0
0.01531,0
0.03109,0
0.04296,0
0.11771,0
0.06028,0
0.04684,0
0.05035,0
0.04498,0
0.04150,0
0.04577,0
0.08697,0
0.08898,0
0.06760,0
0.06921,0
0.06401,0
0.06390,0
0.03012,0
0.03241,0
0.03842,0
0.02821,0
0.03148,0
0.03306,0
0.03287,0
0.03012,0
0.03020,0
0.03506,0
0.03180,0
0.04286,0
0.04037,0
0.03725,0
0.03044,0
0.03811,0
0.04324,0
0.04862,0
0.04236,0
0.04229,0
0.03902,0
0.06775,0
0.06694,0
0.08263,0
0.10838,0
0.10770,0
0.00808,0
0.01952,0
0.02129,0
0.01610,0
0.02776,0
0.03556,0
0.08224,0
0.06301,0
0.06665,0
0.06396,0
0.05338,0
0.05518,0
0.06563,0
0.00808,0
0.03208,0
0.02355,0
0.02443,0
0.03458,0
0.04452,0
0.03012,0
0.03307,0
0.06568,1
0.06437,1
0.06016,1
0.00808,0
0.01735,0
0.03683,0
0.04489,0
0.04346,0
0.04396,0
0.04878,0
0.09622,0
0.08668,0
0.08739,0
0.07426,0
0.07049,0
0.07377,0
0.07305,0
0.02894,0
0.03222,0
0.03653,0
0.04879,0
0.04560,0
0.04229,0
0.03847,0
0.00808,0
0.01952,0
0.02642,0
0.02480,0
0.03771,0
0.04421,0
0.00808,0
0.01797,0
0.04077,0
0.02931,0
0.02811,0
0.03592,0
0.04303,0
0.03012,0
0.01993,1
0.08050,1
0.06530,1
0.11920,1
0.11587,1
0.10575,1
0.01837,0
0.02700,0
0.03202,0
0.02901,0
0.04199,0
0.04799,0
0.08156,0
0.06332,0
0.04481,0
0.04883,0
0.08806,0
0.11042,0
0.01837,0
0.03827,0
0.02482,0
0.02128,0
0.02772,0
0.03142,0
0.00808,0
0.01735,0
0.02604,0
0.05043,0
0.04599,0
0.04695,0
0.05437,0
0.09756,0
0.06426,0
0.05436,0
0.05819,0
0.11171,0
0.00808,0
0.02135,0
0.02967,0
0.03941,0
0.04554,0
0.05555,0
0.14558,0
0.07281,0
0.05052,0
0.05338,0
0.05865,0
0.05317,0
0.06037,0
0.11771,1
0.06028,1
0.04822,1
0.05700,1
0.06032,1
0.07520,1
0.11928,1
0.07692,1
0.09889,1
0.11153,1
0.10919,1
0.11521,1
0.12936,1
0.00808,0
0.01735,0
0.03096,0
0.01787,0
0.02440,0
0.03441,0
0.03738,0
0.00808,0
0.02950,0
0.04478,0
0.03001,0
0.02920,0
0.03245,0
0.03600,0
0.00808,0
0.01797,0
0.04077,0
0.03657,0
0.03824,0
0.05356,0
0.05689,0
0.09911,0
0.06183,0
0.05187,0
0.05578,0
0.10982,0
0.01006,0
0.06571,1
0.08533,1
0.08224,1
0.09140,1
0.09796,1
0.02894,0
0.02910,0
0.02215,0
0.02253,0
0.02366,0
0.01837,0
0.02901,0
0.03766,0
0.04160,0
0.04916,0
0.05586,0
0.03588,0
0.03954,0
0.04230,0
0.03377,0
0.03630,0
0.03773,0
0.03692,0
0.00808,0
0.02889,0
0.02185,0
0.02291,0
0.02547,0
0.02664,0
0.00808,0
0.03208,0
0.02355,0
0.02160,0
0.02875,0
0.03505,0
0.00808,0
0.02547,0
0.04088,0
0.05069,0
0.03884,0
0.04017,0
0.04520,0
0.08343,0
0.09261,0
0.09055,0
0.07532,0
0.06985,0
0.10140,1
0.10480,1
0.10542,1
0.10670,1
0.23970,0
0.14685,0
0.10063,0
0.08230,0
0.09828,0
0.01837,0
0.05631,0
0.05286,0
0.06877,0
0.08379,0
0.09111,0
0.10028,0
0.08901,0
0.06690,0
0.07087,0
0.06337,0
0.05669,0
0.05752,0
0.11928,0
0.08879,0
0.06137,0
0.06035,0
0.07211,0
0.08401,0
0.11493,0
0.09323,0
0.05913,0
0.06140,0
0.07232,0
0.09893,0
0.10034,0
0.08224,0
0.05495,0
0.05160,0
0.04237,0
0.03817,0
0.03842,0
0.05211,0
0.00808,0
0.01952,0
0.02129,0
0.02060,0
0.02671,0
0.03874,0
0.02877,1
0.05389,1
0.07580,1
0.10570,1
0.08721,1
0.09453,1
0.09609,1
0.14832,0
0.10279,0
0.07093,0
0.05584,0
0.04887,0
0.04781,0
0.05804,0
0.05777,0
0.09847,0
0.10050,0
0.07899,0
0.07422,0
0.07353,0
0.07402,0
0.01006,0
0.02348,0
0.06903,1
0.09394,1
0.09480,1
0.00808,0
0.01735,0
0.03683,0
0.04489,0
0.04852,0
0.05238,0
0.05137,0
0.00808,0
0.04618,0
0.04349,0
0.06165,0
0.06298,0
0.06386,0
0.06825,0
0.00808,0
0.02889,0
0.02185,0
0.01924,0
0.02463,0
0.02859,0
0.07305,1
0.04903,1
0.04290,1
0.04230,1
0.04890,1
0.06203,1
0.01837,0
0.03737,0
0.05560,0
0.07152,0
0.06756,0
0.06620,0
0.06937,0
0.05761,0
0.04010,0
0.04721,0
0.06859,0
0.07918,0
0.08386,0
0.09648,0
0.02894,0
0.06419,0
0.07786,0
0.07862,0
0.07173,0
0.12463,1
0.09957,1
0.10597,1
0.10475,1
0.10511,1
0.11130,1
0.10879,1
0.01006,0
0.03193,0
0.06378,1
0.07328,1
0.12557,1
0.14711,1
0.14564,1
0.13889,1
0.08393,0
0.04746,0
0.03988,0
0.05064,0
0.05226,0
0.05669,0
0.06009,0
0.10154,0
0.07058,0
0.05061,0
0.04629,0
0.07279,0
0.08885,0
0.10049,0
0.03012,0
0.02832,0
0.04283,0
0.05685,0
0.05397,0
0.04927,0
0.04485,0
0.00808,0
0.01735,0
0.03479,0
0.06250,0
0.06999,0
0.09207,0
0.09683,0
0.15004,0
0.08797,0
0.05962,0
0.05673,0
0.05465,0
0.06569,0
0.07878,0
0.00808,0
0.01735,0
0.03606,0
0.04859,0
0.03992,0
0.04560,0
0.04684,0
0.03044,0
0.03646,0
0.04498,0
0.04167,0
0.05023,0
0.04627,0
0.04316,0
0.19633,0
0.11335,0
0.08072,0
0.06782,0
0.07063,0
0.02894,0
0.03282,0
0.03575,0
0.04331,0
0.04535,0
0.04037,0
0.03758,0
0.12393,0
0.08829,0
0.05878,0
0.04257,0
0.04027,0
0.05774,0
0.09296,0
0.00808,0
0.02205,0
0.03991,0
0.05322,0
0.04809,0
0.05329,0
0.05892,0
0.02894,0
0.03298,0
0.03615,0
0.03902,0
0.04119,0
0.04220,0
0.04071,0
0.08492,0
0.07265,0
0.05172,0
0.05297,0
0.09032,0
0.12401,0
0.11451,0
0.13126,0
0.10400,0
0.08680,0
0.08585,0
0.01837,0
0.02985,0
0.04094,0
0.02575,0
0.03239,0
0.03806,0
0.03911,0
0.01006,0
0.00981,1
0.03897,1
0.03177,1
0.06146,1
0.10424,1
0.11475,1
0.11702,1
0.01006,0
0.02348,0
0.02298,0
0.01587,0
0.02167,0
0.03146,0
0.20212,0
0.14361,0
0.11795,0
0.10406,0
0.08395,0
0.08389,0
0.09334,0
0.07644,0
0.04434,0
0.04659,0
0.04871,0
0.04540,0
0.04848,0
0.21126,0
0.11007,0
0.09565,0
0.08723,0
0.07259,0
0.07464,0
0.01006,0
0.02131,0
0.02250,0
0.02867,0
0.03578,0
0.04015,0
0.10045,0
0.07797,0
0.07071,0
0.05940,0
0.05034,0
0.05286,0
0.01006,0
0.02348,0
0.02854,0
0.02508,0
0.03244,0
0.03850,0
0.01837,0
0.02562,0
0.04607,0
0.03448,0
0.03023,0
0.03422,0
0.04140,0
0.02894,0
0.03298,0
0.03605,0
0.04076,0
0.04650,0
0.04311,0
0.04040,0
0.07180,1
0.08508,1
0.00808,0
0.01735,0
0.03384,0
0.03794,0
0.03668,0
0.04463,0
0.04556,0
0.10362,0
0.08171,0
0.12922,0
0.11254,0
0.09508,0
0.08300,0
0.08096,0
0.03588,0
0.03856,0
0.05639,0
0.04191,0
0.04409,0
0.04154,0
0.03815,0
0.13244,0
0.11488,0
0.09033,0
0.06684,0
0.06585,0
0.08754,0
0.10113,0
0.01837,0
0.08902,1
0.09445,1
0.08597,1
0.07627,1
0.09622,0
0.08806,0
0.09736,0
0.08801,0
0.08881,0
0.09409,0
0.08992,0
0.01837,0
0.03986,0
0.02946,0
0.02525,0
0.03234,0
0.03631,0
0.08940,0
0.09707,0
0.12351,0
0.09990,0
0.09576,0
0.08971,0
0.08725,0
0.01006,0
0.02495,0
0.04213,0
0.04647,0
0.04102,0
0.04081,0
0.04173,0
0.00808,0
0.01735,0
0.03683,0
0.05245,0
0.04889,0
0.05164,0
0.05097,0
0.03012,0
0.03485,0
0.04032,0
0.03195,0
0.03432,0
0.03482,0
0.03256,0
0.00808,0
0.04618,0
0.04349,0
0.05959,0
0.06737,0
0.08471,0
0.09463,0
0.09852,0
0.07432,0
0.05437,0
0.05087,0
0.05741,0
0.01006,0
0.03329,0
0.02538,0
0.02786,0
0.02813,0
0.03224,0
0.01837,0
0.02442,0
0.02898,0
0.01510,0
0.02210,0
0.02604,0
0.02943,0
0.01837,0
0.02995,0
0.03541,0
0.03948,0
0.05208,0
0.05480,0
0.00808,0
0.01735,0
0.03096,0
0.01787,0
0.02451,0
0.03315,0
0.04494,0
0.02894,0
0.05050,0
0.04363,0
0.05577,0
0.06171,0
0.07269,0
0.07992,0
0.23450,0
0.15024,0
0.12667,0
0.09854,0
0.07915,0
0.07266,0
0.09101,0
0.10215,0
0.07225,0
0.06503,0
0.05388,0
0.04806,0
0.05145,0
0.06768,0
0.03012,0
0.04773,0
0.06242,0
0.06586,0
0.06100,0
0.03012,0
0.03401,0
0.04174,0
0.05536,0
0.05630,0
0.04811,0
0.04291,0
0.17085,0
0.10692,0
0.09155,0
0.17725,1
0.15824,1
0.14958,1
0.13939,1
0.13052,1
0.12830,1
0.13378,1
0.00808,0
0.02547,0
0.02901,0
0.01506,0
0.02152,0
0.02685,0
0.02906,0
0.01837,0
0.03737,0
0.05045,0
0.05999,0
0.05079,0
0.05172,0
0.05699,0
0.01006,0
0.03072,0
0.04560,0
0.03909,0
0.04336,0
0.04559,0
0.03012,0
0.03020,0
0.03115,0
0.02750,0
0.03160,0
0.03054,0
0.02829,0
0.12463,0
0.09957,0
0.07097,0
0.04907,0
0.04464,0
0.05217,0
0.08563,0
0.03012,0
0.04842,0
0.07582,0
0.04173,0
0.03589,0
0.02894,0
0.02751,0
0.03191,0
0.03631,0
0.04098,0
0.03980,0
0.03806,0
0.06775,0
0.06694,0
0.08764,0
0.10985,0
0.11783,0
0.12606,0
0.13841,0
0.00808,0
0.01797,0
0.03366,0
0.03339,0
0.03559,0
0.03969,0
0.04584,0
0.00808,0
0.02341,0
0.03102,0
0.02418,0
0.03109,0
0.03709,0
0.01837,0
0.02995,0
0.03307,0
0.02344,0
0.03707,0
0.04336,0
0.03044,0
0.03646,0
0.04459,0
0.04234,0
0.05370,0
0.05009,0
0.04565,0
0.05761,0
0.04565,0
0.06025,0
0.04561,0
0.05478,0
0.05078,0
0.04649,0
0.03044,0
0.02051,0
0.04795,1
0.04771,1
0.06914,1
0.10930,1
0.09461,1
0.10887,1
0.09840,1
0.01006,0
0.02324,0
0.04713,0
0.07152,0
0.06477,0
0.07270,0
0.07396,0
0.00808,0
0.01952,0
0.02129,0
0.02060,0
0.02684,0
0.03418,0
0.17085,1
0.10485,1
0.08513,1
0.07536,1
0.06160,1
0.06007,1
0.00808,0
0.01797,0
0.03991,0
0.03558,0
0.03365,0
0.03788,0
0.04843,0
0.01006,0
0.01906,0
0.03684,0
0.04941,0
0.04080,0
0.04105,0
0.04247,0
0.08156,0
0.06332,0
0.04083,0
0.04515,0
0.07279,0
0.10663,0
0.08503,0
0.05143,0
0.03619,0
0.05037,0
0.05785,0
0.05944,0
0.12669,0
0.09565,0
0.06710,0
0.05028,0
0.04235,0
0.04386,0
0.06185,0
0.01837,0
0.02995,0
0.03307,0
0.02841,0
0.03316,0
0.04491,0
0.05958,0
0.06905,0
0.04997,0
0.05109,0
0.06449,0
0.07543,0
0.11324,0
0.08359,0
0.04957,0
0.04982,0
0.07085,0
0.08413,0
0.22449,1
0.19509,1
0.15693,1
0.12995,1
0.11078,1
0.09728,1
0.09390,1
0.07176,0
0.03588,0
0.04554,0
0.04762,0
0.04559,0
0.05378,0
0.11451,0
0.13126,0
0.10400,0
0.08680,0
0.08569,0
0.02894,0
0.02119,0
0.03158,0
0.03929,0
0.03433,0
0.03290,0
0.03203,0
0.01837,0
0.03676,0
0.02716,0
0.02021,0
0.03580,0
0.03938,0
0.09911,0
0.06183,0
0.05255,0
0.05686,0
0.11048,0
0.01837,0
0.03676,0
0.04970,0
0.05659,1
0.06786,1
0.06699,1
0.00808,0
0.01952,0
0.02129,0
0.02060,0
0.02615,0
0.03649,1
0.01837,0
0.03986,0
0.02946,0
0.02367,0
0.03248,0
0.03632,0
0.11442,0
0.08378,0
0.07147,0
0.06151,0
0.05414,0
0.04777,0
0.05054,0
0.02894,0
0.03222,0
0.03653,0
0.04879,0
0.04560,0
0.04229,0
0.03847,0
0.01837,0
0.02700,0
0.03584,0
0.03894,0
0.04091,0
0.05075,0
0.10178,0
0.09222,0
0.06543,0
0.04701,0
0.04372,0
0.05609,0
0.08880,0
0.03012,0
0.03661,0
0.01851,0
0.01798,0
0.02046,0
0.07169,0
0.06427,0
0.05804,0
0.05344,0
0.05645,0
0.06578,0
0.06532,0
0.01837,0
0.02995,0
0.03541,0
0.02771,0
0.04092,0
0.04939,0
0.03044,0
0.04640,0
0.04058,0
0.05336,0
0.06166,0
0.07225,0
0.08566,0
0.15719,0
0.11862,0
0.10200,0
0.09011,0
0.07313,0
0.07389,0
0.08064,0
0.00808,0
0.02889,0
0.02185,0
0.02039,0
0.02972,0
0.03973,0
0.00808,0
0.02547,0
0.03607,0
0.06066,0
0.05955,0
0.06399,0
0.06389,0
0.03012,0
0.04842,0
0.07582,0
0.04173,0
0.03589,0
0.12552,0
0.09227,0
0.07430,0
0.05722,0
0.04804,0
0.04723,0
0.05439,0
0.03012,0
0.03661,0
0.01851,0
0.01798,0
0.02046,0
0.08224,0
0.06301,0
0.05834,0
0.05877,0
0.05008,0
0.05318,0
0.06449,0
0.00808,0
0.02205,0
0.04490,0
0.04001,0
0.04264,0
0.05177,0
0.05514,0
0.00808,0
0.02994,0
0.02081,0
0.01613,0
0.02603,0
0.03245,0
0.23970,0
0.14685,0
0.10063,0
0.08418,0
0.09443,0
0.00808,0
0.06333,0
0.06749,0
0.06895,0
0.07374,0
0.08445,0
0.10805,0
0.10291,0
0.07696,0
0.05981,0
0.05394,0
0.05764,0
0.06950,0
0.08697,0
0.08898,0
0.08154,0
0.07398,0
0.07631,0
0.07379,0
0.11324,0
0.08694,0
0.05572,0
0.05467,0
0.07630,0
0.08905,0
0.03012,0
0.02120,0
0.02706,0
0.02283,0
0.03945,1
0.05504,1
0.08197,1
0.10039,1
0.11593,1
0.11406,1
0.07644,0
0.04291,0
0.05512,0
0.05765,0
0.05260,0
0.05488,0
0.10858,0
0.11649,0
0.08349,0
0.07735,0
0.07159,0
0.06354,0
0.06851,0
0.00808,0
0.02135,0
0.02967,0
0.04129,0
0.04532,0
0.04913,0
0.10178,1
0.06800,1
0.05185,1
0.04011,1
0.04785,1
0.06103,1
0.07628,1
0.15640,0
0.10412,0
0.09010,0
0.06153,0
0.05977,0
0.08232,0
0.17085,0
0.10668,0
0.08769,0
0.07244,0
0.05911,0
0.05731,0
0.07483,0
0.03588,0
0.06148,0
0.06331,0
0.04896,0
0.04310,0
0.12669,0
0.09328,0
0.06776,0
0.05207,0
0.04407,0
0.05207,0
0.06139,0
0.04806,0
0.05298,0
0.02656,0
0.02438,0
0.02567,0
0.01837,0
0.03827,0
0.02482,0
0.01969,0
0.02407,0
0.03013,0
0.15318,0
0.11023,0
0.10170,0
0.09698,0
0.08220,0
0.08073,0
0.08855,0
0.03012,0
0.03661,0
0.01851,0
0.01798,0
0.02046,0
0.02430,1
0.05086,1
0.03716,1
0.05892,1
0.11898,1
0.12791,1
0.12791,1
0.18576,0
0.12313,0
0.08634,0
0.07202,0
0.08781,0
0.12669,0
0.09686,0
0.06751,0
0.04953,0
0.04302,0
0.04488,0
0.05298,0
0.08343,0
0.07773,0
0.08277,0
0.07340,0
0.06852,0
0.06369,0
0.00808,0
0.04225,0
0.05560,0
0.05377,0
0.05558,0
0.06521,0
0.08343,0
0.10350,1
0.09146,1
0.07664,1
0.00808,0
0.02994,0
0.02081,0
0.02150,0
0.03108,0
0.04307,0
0.09614,0
0.09216,0
0.10960,0
0.08853,0
0.08267,0
0.08677,0
0.08556,0
0.21225,0
0.16066,0
0.13564,0
0.10244,0
0.09741,0
0.11951,0
0.00808,0
0.02950,0
0.04797,0
0.08826,0
0.12960,0
0.13549,0
0.12868,0
0.02894,0
0.03032,0
0.03591,0
0.03205,0
0.03889,0
0.03444,0
0.03108,0
0.07169,0
0.06797,0
0.05283,0
0.04333,0
0.03917,0
0.03963,0
0.04315,0
0.00808,0
0.01735,0
0.02438,0
0.01136,0
0.02111,0
0.02945,0
0.03116,0
0.11962,0
0.09060,0
0.08516,0
0.06570,0
0.06491,0
0.08542,0
0.10004,0
0.00808,0
0.01952,0
0.02129,0
0.01663,0
0.03129,0
0.03669,0
0.13969,0
0.12520,0
0.10865,0
0.09061,0
0.08347,0
0.07431,0
0.07246,0
0.06775,1
0.11497,1
0.11264,1
0.10745,1
0.12550,1
0.14576,0
0.09861,0
0.07957,0
0.06067,0
0.05012,0
0.04830,0
0.06449,0
0.08393,1
0.09980,1
0.08579,1
0.07833,1
0.08496,1
0.09815,1
0.10190,1
0.11067,0
0.08146,0
0.07597,0
0.05658,0
0.04667,0
0.04565,0
0.05056,0
0.07029,0
0.04698,0
0.04097,0
0.05903,0
0.06836,0
0.01837,0
0.02442,0
0.03969,0
0.04749,0
0.04217,0
0.04361,0
0.04711,1
0.08102,1
0.08505,1
0.09883,1
0.10764,1
0.11582,1
0.11957,1
0.11221,1
0.03044,0
0.02893,0
0.04633,0
0.03773,0
0.04822,0
0.04422,0
0.04044,0
0.08393,0
0.04746,0
0.04321,0
0.04153,0
0.05264,0
0.06080,0
0.06442,0
0.00808,0
0.02341,0
0.02239,0
0.01150,0
0.02003,0
0.03428,0
0.00808,0
0.01735,0
0.03090,0
0.06096,0
0.05395,0
0.05316,0
0.05848,0
0.08446,0
0.06821,0
0.06857,0
0.05184,0
0.05112,0
0.05866,0
0.01006,0
0.02495,0
0.03777,0
0.06210,0
0.05707,0
0.05760,0
0.05577,0
0.10116,0
0.08411,0
0.06860,0
0.05722,0
0.05144,0
0.04559,0
0.04971,0
0.01006,0
0.03193,0
0.02764,0
0.03037,0
0.04298,0
0.04787,0
0.02894,0
0.04935,0
0.07357,0
0.05422,0
0.04672,0
0.13244,0
0.08371,0
0.06990,0
0.04931,0
0.05190,0
0.06417,0
0.09998,0
0.00808,0
0.01797,0
0.04177,0
0.03083,0
0.02948,0
0.03433,0
0.04185,0
0.00808,0
0.02950,0
0.04683,0
0.02976,0
0.02771,0
0.03090,0
0.04150,1
0.05063,1
0.07098,1
0.07313,1
0.03012,0
0.04261,0
0.07927,0
0.05005,0
0.04304,0
0.01006,0
0.03072,0
0.02346,0
0.01833,0
0.02525,0
0.03208,0
0.00808,0
0.02341,0
0.02239,0
0.01150,0
0.01872,0
0.02699,0
0.02894,0
0.03668,0
0.01728,0
0.01733,0
0.01882,0
0.01006,0
0.04942,0
0.04645,0
0.05662,0
0.07188,0
0.09484,0
0.10834,0
0.11928,0
0.07692,0
0.05643,0
0.05531,0
0.06624,0
0.07923,0
0.01837,0
0.02700,0
0.03584,0
0.03894,0
0.04429,0
0.05120,0
0.08102,0
0.05035,0
0.04594,0
0.04815,0
0.04925,0
0.06092,0
0.07322,0
0.08224,0
0.05495,0
0.04553,0
0.03794,0
0.03281,0
0.03817,0
0.05133,0
0.10178,0
0.09222,0
0.06543,0
0.04701,0
0.04550,0
0.06292,0
0.09805,0
0.08095,1
0.07725,1
0.07627,1
0.07021,1
0.07196,1
0.07594,1
0.10116,0
0.09401,0
0.07739,0
0.06696,0
0.05912,0
0.05217,0
0.05473,0
0.03012,0
0.04261,0
0.07927,0
0.05005,0
0.04304,0
0.03044,0
0.02893,0
0.03744,0
0.04461,0
0.03884,0
0.03616,0
0.03471,0
0.00808,0
0.04202,0
0.06635,0
0.06806,0
0.07386,0
0.07329,0
0.00808,0
0.02994,0
0.02081,0
0.01744,0
0.02654,0
0.03909,0
0.03012,0
0.03485,0
0.04594,0
0.03869,0
0.04891,0
0.04524,0
0.04112,0
0.00808,0
0.01735,0
0.03683,0
0.05245,0
0.04797,0
0.05568,0
0.06130,0
0.27652,0
0.15093,0
0.11604,0
0.09072,0
0.07349,0
0.06760,0
0.08548,0
0.00808,0
0.02547,0
0.03611,0
0.02186,0
0.02288,0
0.02331,0
0.02702,0
0.09536,0
0.16315,0
0.13537,0
0.10128,0
0.08515,0
0.07828,0
0.08561,0
0.03012,0
0.04261,0
0.07927,0
0.05005,0
0.04304,0
0.00808,0
0.06439,1
0.09341,1
0.09090,1
0.09854,1
0.09321,1
0.01006,0
0.02495,0
0.04385,0
0.07718,0
0.09653,0
0.09232,0
0.09709,0
0.12932,0
0.09724,0
0.06924,0
0.04968,0
0.05183,0
0.07038,0
0.10531,0
0.08503,0
0.05143,0
0.03111,0
0.03652,0
0.04032,0
0.04594,0
0.08697,0
0.07524,0
0.05288,0
0.05732,0
0.05727,0
0.05755,0
0.12973,0
0.10126,0
0.06227,0
0.06332,0
0.07412,0
0.08835,0
0.09470,0
0.08697,0
0.07524,0
0.05288,0
0.05383,0
0.04696,0
0.04901,0
0.03012,0
0.03661,0
0.01851,0
0.01798,0
0.02046,0
0.13532,0
0.07672,0
0.05354,0
0.04603,0
0.05107,0
0.05052,0
0.06483,0
0.07169,0
0.06797,0
0.05283,0
0.04333,0
0.04783,0
0.05884,0
0.05922,0
0.08697,0
0.07524,0
0.05288,0
0.05360,0
0.05667,0
0.05728,0
0.17239,0
0.10754,0
0.09675,0
0.09569,0
0.08067,0
0.08281,0
0.03405,1
0.04757,1
0.06207,1
0.08108,1
0.06787,1
0.00808,0
0.01735,0
0.01874,0
0.03792,0
0.03647,0
0.04310,0
0.04628,0
0.01837,0
0.02985,0
0.04044,0
0.06638,0
0.05873,0
0.05648,0
0.05519,0
0.03044,0
0.03581,0
0.03841,0
0.05252,0
0.04798,0
0.04435,0
0.04178,0
0.00808,0
0.02950,0
0.05028,0
0.06714,0
0.06015,0
0.05859,0
0.06518,0
0.13659,0
0.09813,0
0.07163,0
0.05553,0
0.04954,0
0.05316,0
0.06006,0
0.03012,0
0.02722,0
0.03589,0
0.05748,1
0.06796,1
0.06738,1
0.09947,1
0.11448,1
0.12299,1
0.14393,1
0.08232,0
0.06990,0
0.05206,0
0.05668,0
0.05527,0
0.05592,0
0.03012,0
0.03661,0
0.01851,0
0.01798,0
0.02046,0
0.00808,0
0.01735,0
0.03606,0
0.04859,0
0.03992,0
0.04560,0
0.04684,0
0.00808,0
0.02135,0
0.02967,0
0.02903,0
0.03266,0
0.03550,0
0.08232,0
0.06990,0
0.05206,0
0.05668,0
0.05583,0
0.05500,0
0.17057,0
0.11837,0
0.08790,0
0.06865,0
0.06979,0
0.09844,0
0.03012,0
0.03173,0
0.03887,0
0.03576,0
0.04743,0
0.04308,0
0.03951,0
0.18311,0
0.18253,0
0.12013,0
0.10647,0
0.09079,0
0.08075,0
0.08002,0
0.09991,0
0.09571,0
0.08348,0
0.06093,0
0.05658,0
0.07030,0
0.08232,0
0.06990,0
0.05722,0
0.05704,0
0.05903,0
0.05978,0
0.11920,0
0.07910,0
0.06747,0
0.06181,0
0.05265,0
0.04656,0
0.04927,0
0.07644,0
0.05591,0
0.05847,0
0.06220,0
0.05204,0
0.05261,0
0.12572,0
0.11613,0
0.08103,0
0.07127,0
0.06830,0
0.06303,0
0.06367,0
0.10491,0
0.07404,0
0.06881,0
0.05934,0
0.05474,0
0.06616,0
0.03012,0
0.02120,0
0.03134,0
0.04023,0
0.04700,0
0.04290,0
0.03923,0
0.06775,0
0.06659,0
0.08367,0
0.10743,0
0.11084,0
0.09725,0
0.07002,0
0.04783,0
0.04805,0
0.04787,0
0.05758,0
0.06206,0
0.12694,0
0.15088,0
0.11829,0
0.09975,0
0.09642,0
0.08818,0
0.09232,0
0.00808,0
0.02341,0
0.02239,0
0.01271,0
0.02860,0
0.03919,0
0.02619,1
0.09382,1
0.11000,1
0.08820,1
0.07493,1
0.07350,1
0.08067,1
0.10401,1
