0.05595,0
0.02262,0
0.02454,0
0.02786,0
0.03222,0
0.02891,0
0.02518,0
0.02578,0
0.02726,0
0.03609,0
0.00534,0
0.00819,0
0.00905,0
0.00723,0
0.01386,0
0.02219,0
0.03517,0
0.05104,0
0.06786,0
0.08609,0
0.00534,0
0.01218,0
0.06001,0
0.03799,0
0.03785,0
0.05016,0
0.04635,0
0.04821,0
0.04501,0
0.05318,0
0.01461,0
0.01250,0
0.00999,0
0.00804,0
0.01371,0
0.02445,0
0.03864,0
0.05303,0
0.05904,0
0.06758,0
0.10696,0
0.07386,0
0.05131,0
0.03976,0
0.03931,0
0.03077,0
0.02978,0
0.02915,0
0.03030,0
0.03507,0
0.05364,1
0.02356,1
0.04424,1
0.05154,1
0.07364,1
0.05557,1
0.05442,1
0.09674,0
0.07715,0
0.05832,0
0.05254,0
0.05026,0
0.03980,0
0.04162,0
0.00534,0
0.01218,0
0.01424,0
0.01234,0
0.01893,0
0.02577,0
0.02478,0
0.02297,0
0.02623,0
0.00534,0
0.05884,0
0.03666,0
0.04282,0
0.03276,0
0.03101,0
0.03525,0
0.04060,0
0.04597,0
0.06179,0
0.01461,0
0.01806,0
0.01630,0
0.01270,0
0.01845,0
0.02042,0
0.02234,0
0.02421,0
0.02252,0
0.02705,0
0.04983,0
0.03974,0
0.02402,0
0.02945,0
0.03535,0
0.05118,0
0.04684,0
0.04535,0
0.05379,0
0.00534,0
0.00655,0
0.00655,0
0.00686,0
0.01262,0
0.01416,0
0.01638,0
0.01928,0
0.01907,0
0.02520,0
0.04983,0
0.03348,0
0.01912,0
0.02511,0
0.03732,0
0.03513,0
0.03512,0
0.18312,0
0.14984,0
0.14276,0
0.14659,0
0.13309,0
0.12329,0
0.11707,0
0.11927,0
0.12426,0
0.14023,0
0.00534,0
0.00819,0
0.00980,0
0.00902,0
0.01457,0
0.01094,0
0.01872,0
0.01461,0
0.01250,0
0.01095,0
0.02254,0
0.02289,0
0.02686,0
0.02878,0
0.03996,0
0.07198,0
0.10067,0
0.00534,0
0.03649,1
0.04795,1
0.05761,1
0.06963,1
0.08100,1
0.09716,1
0.00534,0
0.00655,0
0.00841,0
0.00690,0
0.01254,0
0.00937,0
0.01762,0
0.03453,0
0.05648,0
0.04563,0
0.03523,0
0.03263,0
0.02754,0
0.02511,0
0.02407,0
0.02518,0
0.02725,0
0.00534,0
0.01218,0
0.04256,0
0.03477,0
0.03616,0
0.03342,0
0.03229,0
0.03586,0
0.03280,0
0.03677,0
0.00534,0
0.00655,0
0.00638,0
0.00549,0
0.01363,0
0.02088,0
0.03422,0
0.06481,0
0.09544,0
0.10090,0
0.00534,0
0.00655,0
0.00655,0
0.00594,0
0.01196,0
0.00993,0
0.01338,0
0.03091,1
0.04705,1
0.05797,1
0.06217,1
0.08056,1
0.08426,1
0.09080,1
0.13645,1
0.16101,1
0.16028,1
0.05595,0
0.02262,0
0.02540,0
0.02800,0
0.03142,0
0.02853,0
0.02346,0
0.02444,0
0.02550,0
0.03497,0
0.01461,0
0.01250,0
0.00999,0
0.00897,0
0.02818,0
0.02303,0
0.03070,0
0.03223,0
0.06750,0
0.10011,0
0.11882,0
0.18875,0
0.10540,0
0.06943,0
0.05800,0
0.05272,0
0.04952,0
0.05115,0
0.05489,0
0.00534,0
0.01218,0
0.01172,0
0.00985,0
0.01541,0
0.01702,0
0.01851,0
0.01936,0
0.01939,0
0.02253,0
0.05883,0
0.02466,0
0.03474,0
0.02323,0
0.02385,0
0.02287,0
0.02601,0
0.01461,0
0.01806,0
0.01505,0
0.03968,0
0.03082,0
0.03233,0
0.03426,0
0.04036,0
0.03922,0
0.04787,0
0.01461,0
0.01250,0
0.01213,0
0.01074,0
0.01561,0
0.01670,0
0.01667,0
0.03091,0
0.03719,0
0.05149,0
0.06306,0
0.05031,0
0.04398,0
0.04032,0
0.03812,0
0.03933,0
0.00534,0
0.00655,0
0.05830,0
0.07682,0
0.07658,0
0.06969,0
0.06640,0
0.07776,0
0.09435,0
0.03453,0
0.04004,0
0.04395,0
0.04029,0
0.05862,1
0.06675,1
0.06876,1
0.06834,1
0.06672,0
0.02497,0
0.03719,0
0.03983,0
0.03570,0
0.03092,0
0.02309,0
0.02186,0
0.02252,0
0.03147,0
0.01461,0
0.01250,0
0.01095,0
0.04050,0
0.03346,0
0.02583,0
0.03001,0
0.03447,0
0.03647,0
0.05848,0
0.02108,0
0.01501,0
0.01346,0
0.01067,0
0.01543,0
0.01347,0
0.01965,0
0.00534,0
0.00655,0
0.00741,0
0.00643,0
0.01718,0
0.01936,0
0.01876,0
0.03728,0
0.02542,0
0.01444,0
0.02635,0
0.02764,0
0.02860,0
0.03145,0
0.00534,0
0.00819,0
0.00888,0
0.00757,0
0.01033,0
0.01459,0
0.02023,0
0.02073,0
0.01916,0
0.02548,0
0.00534,0
0.00655,0
0.00626,0
0.04116,0
0.03795,0
0.02992,0
0.03292,0
0.03563,0
0.03749,0
0.05803,0
0.00534,0
0.00655,0
0.00841,0
0.00690,0
0.01229,0
0.02344,0
0.02488,0
0.02479,0
0.02538,0
0.02610,0
0.13940,0
0.09109,0
0.05358,0
0.04835,0
0.03560,0
0.03183,0
0.03208,0
0.03137,0
0.03444,0
0.04383,0
0.00534,0
0.00655,0
0.00626,0
0.00590,0
0.01308,0
0.01912,0
0.02290,0
0.03206,0
0.04379,0
0.02108,0
0.01769,0
0.01686,0
0.01280,0
0.01914,0
0.02504,0
0.02704,0
0.03024,0
0.03086,0
0.00534,0
0.00655,0
0.01413,1
0.06291,1
0.09434,1
0.08244,1
0.07417,1
0.07340,1
0.08076,1
0.08996,1
0.10375,1
0.03728,0
0.03222,0
0.01891,0
0.03521,0
0.03768,0
0.02658,0
0.02154,0
0.02346,0
0.02408,0
0.02839,0
0.03453,0
0.04358,0
0.04444,0
0.04347,0
0.03876,0
0.03960,0
0.03742,0
0.03507,0
0.03535,0
0.03840,0
0.03453,0
0.04392,0
0.03384,0
0.02298,0
0.01905,0
0.02032,0
0.02418,0
0.01461,0
0.01806,0
0.01619,0
0.01221,0
0.01932,0
0.02558,0
0.03343,0
0.02895,0
0.02997,0
0.03131,0
0.03664,0
0.02798,0
0.01726,0
0.02541,0
0.03496,0
0.02995,0
0.02900,0
0.03149,0
0.03659,0
0.03994,0
0.00534,0
0.00819,0
0.00905,0
0.02791,0
0.03749,0
0.03602,0
0.04808,0
0.04475,0
0.03408,0
0.03780,0
0.10169,0
0.05868,0
0.03170,0
0.02471,0
0.02439,0
0.02742,0
0.03444,0
0.00534,0
0.01218,0
0.01424,0
0.03009,0
0.03848,0
0.03767,0
0.04660,0
0.04659,0
0.03547,0
0.04092,0
0.10696,0
0.07386,0
0.05131,0
0.03976,0
0.03784,0
0.03162,0
0.03206,0
0.03158,0
0.03281,0
0.03764,0
0.02108,0
0.08537,0
0.05436,0
0.05982,0
0.06344,0
0.05351,0
0.05968,0
0.02108,0
0.07947,0
0.05979,0
0.05640,0
0.04903,0
0.03949,0
0.04253,0
0.04516,0
0.05120,0
0.06030,0
0.02108,0
0.02254,0
0.01866,0
0.01437,0
0.01900,0
0.02359,0
0.02300,0
0.02689,0
0.03847,1
0.03959,1
0.03091,0
0.04047,0
0.02889,0
0.02516,0
0.02039,0
0.02185,0
0.02473,0
0.03091,0
0.04047,0
0.02889,0
0.01975,0
0.01654,0
0.01900,0
0.02327,0
0.13940,1
0.11468,1
0.08826,1
0.06951,1
0.13037,1
0.11462,1
0.11463,1
0.10841,1
0.11130,1
0.11626,1
0.05883,0
0.02466,0
0.02783,0
0.03761,0
0.03871,0
0.03727,0
0.03028,0
0.02773,0
0.02775,0
0.03592,0
0.01461,0
0.01250,0
0.01012,0
0.00941,0
0.01475,0
0.01573,0
0.01838,0
0.05793,0
0.02221,0
0.03166,0
0.03853,0
0.04300,0
0.03365,0
0.03409,0
0.03202,0
0.03163,0
0.03966,0
0.00534,0
0.01218,0
0.01172,0
0.04038,0
0.05609,0
0.06498,0
0.06661,0
0.08177,0
0.08691,0
0.00534,0
0.06315,0
0.04786,0
0.03968,0
0.03598,0
0.02875,0
0.03345,0
0.03797,0
0.04401,0
0.05345,0
0.00534,0
0.00655,0
0.00638,0
0.00549,0
0.01639,0
0.01193,0
0.01512,0
0.03664,0
0.03013,0
0.01800,0
0.03342,0
0.03720,0
0.02572,0
0.02412,0
0.02227,0
0.02471,0
0.02921,0
0.01461,0
0.01806,0
0.01618,0
0.01332,0
0.01808,0
0.03332,0
0.04402,0
0.04906,0
0.05324,0
0.06596,0
0.02108,0
0.01501,0
0.01501,0
0.01165,0
0.01768,0
0.02964,0
0.03283,0
0.03063,0
0.03024,0
0.03066,0
0.03728,0
0.02900,0
0.01669,0
0.03257,0
0.03667,0
0.02519,0
0.01854,0
0.01733,0
0.02032,0
0.02824,0
0.03091,0
0.04705,0
0.04659,0
0.08048,0
0.06994,0
0.05535,0
0.05236,0
0.04860,0
0.04760,0
0.03510,0
0.02760,0
0.01600,0
0.03182,0
0.03568,0
0.02474,0
0.02014,0
0.02013,0
0.02301,0
0.02763,0
0.00534,0
0.00819,0
0.00916,0
0.03688,0
0.03237,0
0.02778,0
0.03164,0
0.03703,0
0.04189,0
0.06182,0
0.00534,0
0.00655,0
0.00618,0
0.00583,0
0.01376,0
0.02506,0
0.03174,0
0.02708,0
0.02671,0
0.02909,0
0.00534,0
0.00655,0
0.00638,0
0.00549,0
0.01134,0
0.02819,0
0.04576,0
0.03310,0
0.03163,0
0.03689,0
0.00534,0
0.00655,0
0.03919,0
0.03988,0
0.03262,0
0.03410,0
0.03291,0
0.03371,0
0.03495,0
0.05737,0
0.03091,0
0.04705,0
0.05867,0
0.05329,0
0.04768,0
0.04921,0
0.05925,0
0.05556,0
0.05326,0
0.05583,0
0.05595,1
0.05063,1
0.05771,1
0.06154,1
0.07396,1
0.08453,1
0.09192,1
0.08250,1
0.07594,1
0.07496,1
0.09562,1
0.10301,1
0.10079,0
0.07101,0
0.04668,0
0.03560,0
0.03811,0
0.02975,0
0.02898,0
0.02848,0
0.02919,0
0.03422,0
0.00534,0
0.00655,0
0.00695,0
0.00705,0
0.01295,0
0.02342,0
0.02497,0
0.02561,0
0.02944,0
0.03173,0
0.00534,0
0.02029,1
0.03937,1
0.03573,1
0.04497,1
0.04457,1
0.06334,1
0.07719,1
0.08780,1
0.10755,1
0.13683,1
0.14520,1
0.14563,0
0.14182,0
0.13691,0
0.12285,0
0.12062,0
0.13079,0
0.12009,0
0.09139,0
0.09439,0
0.09280,0
0.00534,0
0.00655,0
0.00655,0
0.00594,0
0.01196,0
0.00855,0
0.01461,0
0.02108,0
0.02254,0
0.01901,0
0.01430,0
0.02086,0
0.03616,0
0.03683,0
0.03688,0
0.03780,0
0.03710,0
0.00534,0
0.00655,0
0.05844,0
0.03521,0
0.03413,0
0.02821,0
0.03367,0
0.03964,0
0.04677,0
0.05465,0
0.08057,0
0.06012,0
0.03058,0
0.03318,0
0.02802,0
0.02796,0
0.03082,0
0.03047,0
0.03236,0
0.03721,0
0.01461,0
0.01806,0
0.01619,0
0.01221,0
0.01750,0
0.02004,0
0.02174,0
0.02572,0
0.02387,0
0.02858,0
0.00534,0
0.01218,0
0.01172,0
0.00985,0
0.01746,0
0.03503,0
0.03356,0
0.03182,0
0.03193,0
0.03293,0
0.03091,1
0.05254,1
0.03980,1
0.03230,1
0.02814,1
0.02165,1
0.02531,1
0.02735,1
0.02790,1
0.03466,1
0.04104,1
0.00534,0
0.01218,0
0.01144,0
0.00886,0
0.01660,0
0.02229,0
0.02994,0
0.02601,0
0.03165,0
0.03959,0
0.00534,0
0.01218,0
0.01160,0
0.00902,0
0.01448,0
0.02273,0
0.02275,0
0.02223,0
0.02304,0
0.02480,0
0.06672,0
0.02786,0
0.03739,0
0.02559,0
0.02851,0
0.02620,0
0.02877,0
0.00534,0
0.01218,0
0.06001,0
0.03799,0
0.03785,0
0.03898,0
0.03499,0
0.03717,0
0.03501,0
0.04369,0
0.01461,0
0.01250,0
0.01213,0
0.00958,0
0.01617,0
0.02273,0
0.03069,0
0.02628,0
0.02804,0
0.02971,0
0.03091,0
0.04705,0
0.05262,0
0.06574,0
0.08448,0
0.08488,0
0.07672,0
0.07119,0
0.06797,0
0.06703,0
0.04983,0
0.03974,0
0.02430,0
0.03896,0
0.04008,0
0.02833,0
0.02194,0
0.02044,0
0.02076,0
0.02919,0
0.00534,0
0.00655,0
0.00695,0
0.06568,0
0.05627,0
0.04389,0
0.04476,0
0.04989,0
0.05064,0
0.08854,0
0.05664,0
0.02210,0
0.03262,0
0.03546,0
0.03172,0
0.02666,0
0.02198,0
0.02081,0
0.02144,0
0.02644,0
0.01461,0
0.01393,0
0.01326,0
0.01046,0
0.01627,0
0.02536,0
0.02827,0
0.02933,0
0.02990,0
0.03074,0
0.00534,0
0.11404,1
0.12567,1
0.11516,1
0.10902,1
0.12677,1
0.12699,1
0.01461,0
0.01806,0
0.01531,0
0.04590,0
0.04187,0
0.03187,0
0.03425,0
0.03605,0
0.03805,0
0.05998,0
0.00534,0
0.00655,0
0.00638,0
0.07100,0
0.05235,0
0.04367,0
0.04498,0
0.05060,0
0.05869,0
0.09549,0
0.00534,0
0.00655,0
0.00695,0
0.00705,0
0.01275,0
0.00963,0
0.01773,0
0.10169,0
0.04753,0
0.03078,0
0.02744,0
0.02821,0
0.02974,0
0.03854,0
0.08057,0
0.05830,0
0.03596,0
0.03435,0
0.02965,0
0.02617,0
0.02675,0
0.02681,0
0.02935,0
0.03529,0
0.00534,0
0.00655,0
0.00695,0
0.00586,0
0.01304,0
0.03054,0
0.04919,0
0.03582,0
0.03396,0
0.03860,0
0.00534,0
0.00813,0
0.00827,0
0.00831,0
0.01578,0
0.02381,0
0.02364,0
0.02238,0
0.02261,0
0.02469,0
0.12715,0
0.06149,0
0.04809,0
0.03663,0
0.03094,0
0.02894,0
0.02997,0
0.03316,0
0.03791,0
0.05373,0
0.00534,0
0.00655,0
0.00841,0
0.00806,0
0.01353,0
0.02399,0
0.02557,0
0.02635,0
0.02767,0
0.03129,0
0.00534,0
0.00655,0
0.04381,0
0.08599,0
0.07253,0
0.05958,0
0.06067,0
0.06435,0
0.06769,0
0.08794,0
0.09852,0
0.07671,0
0.05753,0
0.04427,0
0.04663,0
0.03516,0
0.03420,0
0.03307,0
0.03383,0
0.03893,0
0.00534,0
0.00655,0
0.04378,0
0.02760,0
0.02473,0
0.02797,0
0.02586,0
0.02992,0
0.02903,0
0.03876,0
0.00534,0
0.00655,0
0.00626,0
0.00681,0
0.01262,0
0.02089,0
0.02111,0
0.02291,0
0.02492,0
0.03453,0
0.05648,0
0.04933,0
0.03867,0
0.03265,0
0.02624,0
0.02797,0
0.02603,0
0.02661,0
0.02848,0
0.00534,0
0.00655,0
0.00618,0
0.00674,0
0.01380,0
0.02519,0
0.03530,0
0.03226,0
0.03228,0
0.03324,0
0.03728,0
0.02927,0
0.01782,0
0.02329,0
0.03481,0
0.03190,0
0.03124,0
0.00534,0
0.00655,0
0.00626,0
0.00590,0
0.01201,0
0.00834,0
0.01155,0
0.03091,0
0.04705,0
0.04411,0
0.04078,0
0.03569,0
0.03790,0
0.03425,0
0.03194,0
0.03250,0
0.03475,0
0.00534,0
0.00655,0
0.00618,0
0.00583,0
0.01164,0
0.01309,0
0.01664,0
0.01960,0
0.01882,0
0.02462,0
0.00534,0
0.00655,0
0.03681,0
0.04200,0
0.02505,0
0.02507,0
0.02909,0
0.03259,0
0.03796,0
0.05681,0
0.05883,0
0.02466,0
0.03474,0
0.02323,0
0.02385,0
0.02287,0
0.02601,0
0.01461,0
0.01250,0
0.01012,0
0.00849,0
0.01515,0
0.02210,0
0.02525,0
0.02442,0
0.02453,0
0.02617,0
0.03453,0
0.05017,0
0.05621,0
0.08652,0
0.08424,0
0.08816,0
0.08217,0
0.07599,0
0.07383,0
0.00534,0
0.00655,0
0.00695,0
0.00705,0
0.01430,0
0.01490,0
0.01766,0
0.02097,0
0.02044,0
0.02318,0
0.00534,0
0.00819,0
0.07935,0
0.06504,0
0.04757,0
0.04989,0
0.04606,0
0.04658,0
0.04719,0
0.08229,0
0.08057,0
0.06012,0
0.03058,0
0.03105,0
0.02690,0
0.02376,0
0.02733,0
0.02699,0
0.02949,0
0.03482,0
0.02108,0
0.02254,0
0.02168,0
0.01664,0
0.02142,0
0.02987,0
0.03159,0
0.03019,0
0.02994,0
0.03047,0
0.00534,0
0.01218,0
0.03778,0
0.04767,0
0.06169,0
0.07234,0
0.09128,0
0.10169,0
0.04153,0
0.03146,0
0.02652,0
0.02683,0
0.02898,0
0.03654,0
0.01461,0
0.01250,0
0.01012,0
0.00941,0
0.02337,0
0.02742,0
0.03664,0
0.04435,0
0.03756,0
0.03996,0
0.08057,0
0.05830,0
0.03596,0
0.03435,0
0.02965,0
0.02934,0
0.02942,0
0.02948,0
0.03158,0
0.03656,0
0.00534,0
0.01218,0
0.01172,0
0.00985,0
0.01746,0
0.03503,0
0.03308,0
0.03232,0
0.03527,0
0.03802,0
0.01461,0
0.01250,0
0.01065,0
0.00973,0
0.02723,0
0.02499,0
0.03760,0
0.04555,0
0.03867,0
0.03979,0
0.05364,0
0.02196,0
0.03051,0
0.04279,0
0.06950,0
0.07972,0
0.08018,0
0.07447,0
0.07215,0
0.07975,0
0.10696,0
0.06851,0
0.04969,0
0.04463,0
0.05239,0
0.04047,0
0.03806,0
0.03637,0
0.04446,0
0.04876,0
0.03091,0
0.04705,0
0.05867,0
0.05329,0
0.04768,0
0.04914,0
0.05945,0
0.05593,0
0.05467,0
0.05491,0
0.00534,0
0.00655,0
0.00638,0
0.00640,0
0.02556,1
0.11984,0
0.08557,0
0.04850,0
0.04210,0
0.03191,0
0.02914,0
0.02809,0
0.02790,0
0.03219,0
0.03993,0
0.03664,0
0.03013,0
0.01764,0
0.02770,0
0.03884,0
0.03038,0
0.02835,0
0.02590,0
0.03146,0
0.03362,0
0.15001,0
0.13561,0
0.11349,0
0.10400,0
0.10349,0
0.12258,0
0.11233,0
0.07839,0
0.07505,0
0.08018,0
0.05793,0
0.02221,0
0.03273,0
0.04353,0
0.04730,0
0.04351,0
0.03874,0
0.03729,0
0.03739,0
0.02108,0
0.02254,0
0.02168,0
0.01784,0
0.02244,0
0.03116,0
0.03304,0
0.03340,0
0.03987,0
0.04654,0
0.00534,0
0.00655,0
0.00695,0
0.00586,0
0.00964,0
0.01439,0
0.01943,0
0.02107,0
0.01922,0
0.02260,0
0.00534,0
0.03779,0
0.03705,0
0.04679,0
0.04874,0
0.04461,0
0.04856,0
0.00534,0
0.00813,0
0.00880,0
0.00743,0
0.01482,0
0.02499,0
0.02657,0
0.02594,0
0.03123,0
0.03274,0
0.05364,0
0.02196,0
0.03151,0
0.04261,0
0.06010,0
0.04278,0
0.04435,0
0.04030,0
0.04029,0
0.04845,0
0.00534,0
0.01218,0
0.04256,0
0.03477,0
0.03375,0
0.03742,0
0.03690,0
0.03903,0
0.03551,0
0.03930,0
0.03453,0
0.05648,0
0.04933,0
0.03566,0
0.03069,0
0.02490,0
0.02282,0
0.02502,0
0.02587,0
0.02802,0
0.00534,0
0.00655,0
0.00841,0
0.02989,0
0.02607,0
0.03130,0
0.02914,0
0.03834,0
0.04895,0
0.05953,0
0.10169,0
0.04753,0
0.03746,0
0.03140,0
0.03085,0
0.03101,0
0.03864,0
0.00534,0
0.00655,0
0.04261,0
0.04524,0
0.02704,0
0.02402,0
0.02746,0
0.03173,0
0.03672,0
0.05568,0
0.03453,0
0.05648,0
0.04933,0
0.03730,0
0.03265,0
0.02714,0
0.02773,0
0.02718,0
0.02720,0
0.02995,0
0.08057,0
0.06012,0
0.03527,0
0.03536,0
0.02966,0
0.02906,0
0.03187,0
0.03149,0
0.03342,0
0.03873,0
0.10169,0
0.05868,0
0.03533,0
0.02681,0
0.02577,0
0.02751,0
0.03568,0
0.01461,0
0.01250,0
0.01012,0
0.03641,1
0.05320,1
0.06691,1
0.08286,1
0.05364,0
0.02356,0
0.03406,0
0.02479,0
0.02886,0
0.02749,0
0.03002,0
0.00534,0
0.01218,0
0.01160,0
0.01017,0
0.01520,0
0.01231,0
0.01471,0
0.00534,0
0.01218,0
0.01160,0
0.00902,0
0.01459,0
0.01074,0
0.02523,1
0.03752,1
0.06286,1
0.07021,1
0.00534,0
0.00819,0
0.00905,0
0.00815,0
0.01959,0
0.03427,0
0.03465,0
0.03405,0
0.03632,0
0.04765,0
0.05664,0
0.02210,0
0.02339,0
0.02718,0
0.02865,0
0.02631,0
0.02354,0
0.02286,0
0.02469,0
0.03376,0
0.10079,0
0.07373,0
0.04269,0
0.03546,0
0.02664,0
0.02691,0
0.02850,0
0.03017,0
0.03698,0
0.10169,0
0.07149,0
0.03889,0
0.03118,0
0.02981,0
0.03302,0
0.03967,0
0.05793,0
0.02221,0
0.03468,0
0.02366,0
0.02106,0
0.02527,0
0.02870,0
0.00534,0
0.00655,0
0.00638,0
0.00549,0
0.01363,0
0.01760,0
0.01997,0
0.02462,0
0.02588,0
0.03091,0
0.04047,0
0.03239,0
0.02209,0
0.02039,0
0.02156,0
0.02688,0
0.05793,1
0.02531,1
0.02889,1
0.04489,1
0.07308,1
0.06637,1
0.05918,1
0.05598,1
0.06102,1
0.06350,1
0.00534,0
0.01218,0
0.01144,0
0.00886,0
0.01449,0
0.01762,0
0.02133,0
0.11984,0
0.08642,0
0.04913,0
0.04993,0
0.03867,0
0.03492,0
0.03355,0
0.03346,0
0.03685,0
0.04575,0
0.00534,0
0.00655,0
0.00841,0
0.00690,0
0.01360,0
0.02010,0
0.03711,0
0.03775,0
0.03953,0
0.00534,0
0.03649,0
0.02974,0
0.04363,0
0.04856,0
0.04119,0
0.04528,0
0.01461,0
0.01250,0
0.05928,0
0.05201,0
0.04075,0
0.04728,0
0.04675,0
0.04681,0
0.05664,0
0.00534,0
0.00655,0
0.00618,0
0.00674,0
0.01254,0
0.00923,0
0.01668,0
0.03091,0
0.03588,0
0.04346,0
0.03703,0
0.03278,0
0.02535,0
0.02846,0
0.02700,0
0.02839,0
0.03142,0
0.05883,0
0.02309,0
0.03172,0
0.04225,0
0.04084,0
0.03309,0
0.02800,0
0.02539,0
0.02537,0
0.03334,0
0.02108,0
0.01501,0
0.01256,0
0.01074,0
0.01784,0
0.02589,0
0.03314,0
0.03191,0
0.03211,0
0.03369,0
0.00534,0
0.05078,0
0.06793,0
0.04214,0
0.03465,0
0.02770,0
0.03025,0
0.03368,0
0.04058,0
0.05032,0
0.01461,0
0.01393,0
0.01209,0
0.01095,0
0.01433,0
0.01794,0
0.02305,0
0.02519,0
0.02432,0
0.02740,0
0.00534,0
0.07556,0
0.04916,0
0.05677,0
0.06103,0
0.05223,0
0.05400,0
0.03091,0
0.04047,0
0.04251,0
0.03492,0
0.03253,0
0.03155,0
0.03460,0
0.10169,0
0.04153,0
0.03146,0
0.02652,0
0.02683,0
0.03089,0
0.03924,0
0.03091,0
0.04124,0
0.05378,0
0.06549,0
0.05068,0
0.03547,0
0.03296,0
0.03102,0
0.03119,0
0.01461,0
0.01806,0
0.01520,0
0.07038,1
0.06448,1
0.05796,1
0.05759,1
0.06011,1
0.05450,1
0.06930,1
0.11014,1
0.09808,1
0.06729,1
0.13113,1
0.12733,1
0.10830,1
0.10632,1
0.10081,1
0.09924,1
0.11144,1
0.10169,0
0.05868,0
0.02942,0
0.02331,0
0.02265,0
0.02413,0
0.03207,0
0.03453,0
0.03760,0
0.04608,0
0.03882,0
0.03580,0
0.02972,0
0.03086,0
0.02885,0
0.02922,0
0.03088,0
0.01461,0
0.01393,0
0.01484,0
0.01145,0
0.01580,0
0.02618,0
0.02715,0
0.02799,0
0.03789,0
0.05022,0
0.03728,0
0.02927,0
0.01731,0
0.02487,0
0.03208,0
0.02838,0
0.02719,0
0.02665,0
0.03198,0
0.03576,0
0.00534,0
0.01218,0
0.01185,0
0.01013,0
0.01572,0
0.01721,0
0.01722,0
0.02053,0
0.02001,0
0.02304,0
0.05664,0
0.02351,0
0.03078,0
0.03795,0
0.04191,0
0.03342,0
0.02907,0
0.02746,0
0.02715,0
0.03504,0
0.00534,0
0.03686,1
0.05383,1
0.05758,1
0.05324,1
0.04832,1
0.04312,1
0.05465,1
0.00534,0
0.00655,0
0.00841,0
0.00690,0
0.01360,0
0.02231,0
0.02460,0
0.02497,0
0.02411,0
0.02691,0
0.02108,0
0.01769,0
0.06554,0
0.05040,0
0.04592,0
0.04789,0
0.04572,0
0.04667,0
0.04589,0
0.06956,0
0.05793,0
0.02221,0
0.03566,0
0.03901,0
0.03610,0
0.03004,0
0.02181,0
0.02075,0
0.02251,0
0.03164,0
0.00534,0
0.01218,0
0.01160,0
0.01017,0
0.03009,0
0.04340,0
0.04882,0
0.03173,0
0.02992,0
0.03626,0
0.10696,0
0.07386,0
0.05131,0
0.04501,0
0.04925,0
0.03993,0
0.03942,0
0.03782,0
0.03852,0
0.04273,0
0.00534,0
0.00655,0
0.00741,0
0.06369,0
0.05252,0
0.04136,0
0.04398,0
0.04883,0
0.04963,0
0.08747,0
0.03091,0
0.03719,0
0.04292,0
0.03688,0
0.03712,0
0.03465,0
0.02884,0
0.02669,0
0.02748,0
0.03066,0
0.00534,0
0.00655,0
0.00655,0
0.00686,0
0.01262,0
0.00943,0
0.01253,0
0.00534,0
0.01218,0
0.01172,0
0.00985,0
0.01541,0
0.01868,0
0.01794,0
0.02007,0
0.01791,0
0.02374,0
0.05883,0
0.02309,0
0.03172,0
0.03742,0
0.04244,0
0.03713,0
0.03492,0
0.03308,0
0.03405,0
0.00534,0
0.00813,0
0.00840,0
0.00703,0
0.01281,0
0.00964,0
0.01264,0
0.10079,0
0.05994,0
0.07078,0
0.04402,0
0.04596,0
0.06074,0
0.05954,0
0.05853,0
0.05900,0
0.06402,0
0.11361,0
0.05206,0
0.03430,0
0.03060,0
0.03049,0
0.04517,0
0.05138,0
0.00534,0
0.01218,0
0.01172,0
0.00884,0
0.01653,0
0.02354,0
0.03457,0
0.03502,0
0.03739,0
0.04470,0
0.05883,0
0.02309,0
0.03085,0
0.03850,0
0.04111,0
0.03293,0
0.03043,0
0.03140,0
0.03067,0
0.03839,0
0.13770,0
0.05738,0
0.05567,0
0.04052,0
0.03417,0
0.03160,0
0.03128,0
0.03321,0
0.03796,0
0.04670,0
0.00534,0
0.00819,0
0.00905,0
0.00723,0
0.01386,0
0.02426,0
0.02412,0
0.02559,0
0.02768,0
0.03453,0
0.04358,0
0.04444,0
0.04247,0
0.03749,0
0.03934,0
0.03541,0
0.03312,0
0.03335,0
0.03628,0
0.00534,0
0.00655,0
0.00695,0
0.00705,0
0.01275,0
0.01414,0
0.01738,0
0.00534,0
0.00655,0
0.00655,0
0.00594,0
0.01380,0
0.02101,0
0.03530,0
0.03399,0
0.03692,0
0.04500,0
0.01461,0
0.01806,0
0.01784,0
0.01499,0
0.01854,0
0.01568,0
0.02119,0
0.00534,0
0.00655,0
0.00626,0
0.02029,0
0.02111,0
0.02508,0
0.02467,0
0.02720,0
0.04001,0
0.05822,0
0.00534,0
0.00655,0
0.00655,0
0.00686,0
0.01735,0
0.01291,0
0.01597,0
0.00534,0
0.00813,0
0.00815,0
0.00823,0
0.01371,0
0.01597,0
0.01583,0
0.00534,0
0.00655,0
0.00695,0
0.00586,0
0.01292,0
0.02174,0
0.02405,0
0.02469,0
0.03471,0
0.04568,0
0.03728,1
0.02818,1
0.01479,1
0.02542,1
0.04150,1
0.03680,1
0.04263,1
0.04251,1
0.04089,1
0.08311,1
0.09502,1
0.10240,1
0.00534,0
0.00655,0
0.00638,0
0.00549,0
0.01134,0
0.01481,0
0.01642,0
0.01846,0
0.01787,0
0.02087,0
0.02108,0
0.01501,0
0.01343,0
0.01159,0
0.01750,0
0.02477,0
0.02923,0
0.03641,0
0.04973,0
0.00534,0
0.00655,0
0.00618,0
0.00583,0
0.01190,0
0.00865,0
0.01487,0
0.00534,0
0.00655,0
0.00618,0
0.00583,0
0.01190,0
0.00865,0
0.01487,0
0.20592,1
0.17404,1
0.15749,1
0.15712,1
0.14128,1
0.13036,1
0.12023,1
0.12075,1
0.12751,1
0.14425,1
0.00534,0
0.00813,0
0.03755,0
0.04454,0
0.02732,0
0.02421,0
0.02778,0
0.03179,0
0.03397,0
0.05457,0
0.01461,0
0.01250,0
0.00999,0
0.00897,0
0.01458,0
0.01454,0
0.01695,0
0.00534,0
0.00655,0
0.00638,0
0.00549,0
0.02155,0
0.01966,0
0.02793,0
0.03088,0
0.06724,0
0.09997,0
0.00534,0
0.00655,0
0.00638,0
0.00549,0
0.01886,0
0.01823,0
0.02784,0
0.03659,0
0.03285,0
0.03533,0
0.00534,0
0.01218,0
0.01185,0
0.01013,0
0.01702,0
0.02200,0
0.02513,0
0.02439,0
0.02725,0
0.00534,0
0.00819,0
0.01135,0
0.00884,0
0.04809,1
0.06198,1
0.08593,1
0.08719,1
0.09030,1
0.09391,1
0.01461,0
0.01250,0
0.01012,0
0.00849,0
0.01388,0
0.02481,0
0.03918,0
0.05127,0
0.06103,0
0.06216,0
0.00534,0
0.00819,0
0.01135,0
0.00884,0
0.01569,0
0.02504,0
0.02538,0
0.02398,0
0.02351,0
0.02534,0
0.00534,0
0.05349,0
0.03414,0
0.04109,0
0.03147,0
0.03012,0
0.03474,0
0.03817,0
0.04439,0
0.06023,0
0.00534,0
0.00655,0
0.03681,0
0.04366,0
0.02646,0
0.02600,0
0.02904,0
0.03219,0
0.03786,0
0.05714,0
0.08057,1
0.05724,1
0.03751,1
0.04409,1
0.03750,1
0.03423,1
0.03707,1
0.03624,1
0.03666,1
0.04202,1
0.01461,0
0.01250,0
0.01065,0
0.00855,0
0.01357,0
0.02654,0
0.03510,0
0.02982,0
0.03038,0
0.03140,0
0.00534,0
0.07514,0
0.06588,0
0.05345,0
0.04929,0
0.04051,0
0.04322,0
0.04673,0
0.05249,0
0.06175,0
0.11984,0
0.08557,0
0.04993,0
0.04911,0
0.03899,0
0.03578,0
0.03451,0
0.03394,0
0.03826,0
0.04597,0
0.03091,0
0.04705,0
0.04757,0
0.03931,0
0.03778,0
0.03385,0
0.03036,0
0.02840,0
0.02892,0
0.03202,0
0.00534,0
0.00655,0
0.00841,0
0.00690,0
0.01427,0
0.01906,0
0.02230,0
0.02471,0
0.02658,0
0.00534,0
0.01218,0
0.01424,0
0.01121,0
0.01566,0
0.01211,0
0.01863,0
0.01461,0
0.01806,0
0.01630,0
0.01401,0
0.03065,0
0.02821,0
0.03570,0
0.03772,0
0.07026,0
0.10051,0
0.05883,0
0.02309,0
0.02660,0
0.04388,0
0.06335,0
0.04545,0
0.03750,0
0.03409,0
0.03418,0
0.04288,0
0.00534,0
0.00655,0
0.00626,0
0.00590,0
0.01308,0
0.02040,0
0.02333,0
0.02288,0
0.02414,0
0.02511,0
0.05574,0
0.02304,0
0.03348,0
0.02489,0
0.02064,0
0.02494,0
0.02832,0
0.00534,0
0.00655,0
0.03496,0
0.02761,0
0.03194,0
0.03368,0
0.03442,0
0.03523,0
0.03626,0
0.03091,0
0.04047,0
0.02889,0
0.01975,0
0.01654,0
0.01900,0
0.02248,0
0.01461,0
0.01723,1
0.01406,1
0.01296,1
0.01470,1
0.01896,1
0.02134,1
0.02374,1
0.02350,1
0.02653,1
0.00534,0
0.00655,0
0.00695,0
0.00705,0
0.01430,0
0.02633,0
0.04653,0
0.03451,0
0.03715,0
0.04259,0
0.00534,0
0.00655,0
0.00626,0
0.00681,0
0.01262,0
0.02089,0
0.03389,0
0.03632,0
0.03667,0
0.00534,0
0.05884,0
0.03981,0
0.04464,0
0.03433,0
0.02946,0
0.03423,0
0.03743,0
0.04343,0
0.05950,0
0.05664,0
0.02351,0
0.03368,0
0.03514,0
0.02466,0
0.02595,0
0.02791,0
0.08057,0
0.05830,0
0.03457,0
0.03606,0
0.02901,0
0.02676,0
0.02735,0
0.02771,0
0.02899,0
0.03445,0
0.04983,0
0.03538,0
0.01920,0
0.03352,0
0.03719,0
0.02621,0
0.02006,0
0.02025,0
0.02327,0
0.03107,0
0.03728,0
0.03222,0
0.01834,0
0.02390,0
0.02494,0
0.02258,0
0.02636,0
0.02108,0
0.01769,0
0.01582,0
0.01327,0
0.01750,0
0.01470,0
0.01717,0
0.08057,0
0.06012,0
0.03395,0
0.03528,0
0.02971,0
0.02931,0
0.02903,0
0.02848,0
0.03088,0
0.03657,0
0.05574,0
0.02304,0
0.03062,0
0.04001,0
0.04678,0
0.04399,0
0.03858,0
0.03591,0
0.03519,0
0.00534,0
0.07556,0
0.04916,0
0.05896,0
0.06434,0
0.05417,0
0.05555,0
0.00534,0
0.00655,0
0.00626,0
0.00681,0
0.01265,0
0.00994,0
0.01270,0
0.00534,0
0.01218,0
0.01172,0
0.00884,0
0.01428,0
0.01065,0
0.01334,0
0.05664,0
0.02351,0
0.03137,0
0.04169,0
0.03982,0
0.03328,0
0.04264,0
0.04021,0
0.03879,0
0.05179,0
0.11240,0
0.08786,0
0.06565,0
0.06574,0
0.07731,0
0.06711,0
0.06163,0
0.08950,0
0.09003,0
0.08929,0
0.10169,0
0.04753,0
0.02922,0
0.02641,0
0.02760,0
0.03019,0
0.03909,0
0.00534,0
0.01218,0
0.01271,0
0.01139,0
0.01754,0
0.02284,0
0.02670,0
0.02495,0
0.02819,0
0.00534,0
0.00655,0
0.00841,0
0.00690,0
0.01427,0
0.02383,0
0.02448,0
0.02304,0
0.02418,0
0.02504,0
0.00534,0
0.00655,0
0.00618,0
0.00583,0
0.01190,0
0.00865,0
0.01487,0
0.05883,0
0.02466,0
0.03205,0
0.03862,0
0.04101,0
0.03319,0
0.03374,0
0.03195,0
0.03189,0
0.04014,0
0.01461,0
0.01806,0
0.01531,0
0.01168,0
0.01689,0
0.01968,0
0.01898,0
0.02133,0
0.02023,0
0.02616,0
0.00534,0
0.00655,0
0.00841,0
0.00690,0
0.01254,0
0.01012,0
0.01369,0
0.03728,0
0.02927,0
0.01782,0
0.02883,0
0.03368,0
0.03042,0
0.02863,0
0.02621,0
0.02889,0
0.03135,0
0.00534,0
0.00655,0
0.00655,0
0.00686,0
0.01262,0
0.01379,0
0.01772,0
0.01826,0
0.01889,0
0.02537,0
0.02108,0
0.02254,0
0.01901,0
0.10050,1
0.10539,1
0.10740,1
0.09778,1
0.11473,1
0.11715,1
0.03453,0
0.05182,0
0.05946,0
0.04438,0
0.03449,0
0.03301,0
0.03440,0
0.01461,0
0.01250,0
0.00985,0
0.00936,0
0.01677,0
0.02219,0
0.02940,0
0.02630,0
0.02733,0
0.02965,0
0.00534,0
0.01218,0
0.01160,0
0.00902,0
0.01478,0
0.01778,0
0.01719,0
0.01977,0
0.01913,0
0.02443,0
0.03728,0
0.02927,0
0.01731,0
0.02773,0
0.03530,0
0.03350,0
0.03082,0
0.03146,0
0.03851,0
0.04032,0
0.03664,0
0.02916,0
0.01828,0
0.02313,0
0.02622,0
0.02299,0
0.02858,0
0.01461,0
0.01393,0
0.01484,0
0.01145,0
0.01668,0
0.02032,0
0.02018,0
0.05595,1
0.08760,1
0.09679,1
0.06215,1
0.05493,1
0.04700,1
0.04704,1
0.04624,1
0.05472,1
0.06403,1
0.13940,0
0.09109,0
0.05358,0
0.04835,0
0.03560,0
0.03183,0
0.03025,0
0.03071,0
0.03368,0
0.04117,0
0.01461,0
0.01250,0
0.01213,0
0.01074,0
0.01561,0
0.01670,0
0.01952,0
0.03091,1
0.03719,1
0.03929,1
0.07481,1
0.06690,1
0.04592,1
0.03809,1
0.03473,1
0.03399,1
0.04739,1
0.03091,0
0.04705,0
0.05867,0
0.05329,0
0.04768,0
0.05244,0
0.06206,0
0.06106,0
0.05911,0
0.05994,0
0.00534,0
0.00819,0
0.00905,0
0.00723,0
0.01290,0
0.01037,0
0.01575,0
0.01461,0
0.06355,0
0.04276,0
0.04446,0
0.03564,0
0.03566,0
0.03963,0
0.04363,0
0.04959,0
0.06526,0
0.00534,0
0.00655,0
0.00638,0
0.00640,0
0.01676,0
0.01822,0
0.02037,0
0.03453,0
0.04392,0
0.04229,0
0.03257,0
0.02480,0
0.02489,0
0.02726,0
0.08057,0
0.06012,0
0.03395,0
0.03318,0
0.02861,0
0.02518,0
0.02703,0
0.02800,0
0.03128,0
0.03706,0
0.00534,0
0.06315,0
0.04786,0
0.03968,0
0.03583,0
0.02913,0
0.03382,0
0.03879,0
0.04551,0
0.05495,0
0.00534,0
0.00819,0
0.00905,0
0.00723,0
0.01765,0
0.02207,0
0.02126,0
0.00534,0
0.01218,0
0.01271,0
0.01011,0
0.01494,0
0.01239,0
0.01537,0
0.00534,0
0.00655,0
0.00655,0
0.02549,0
0.02874,0
0.02881,0
0.04700,0
0.04394,0
0.03455,0
0.03751,0
0.05574,0
0.02304,0
0.03152,0
0.04423,0
0.04646,0
0.03874,0
0.03601,0
0.03512,0
0.03576,0
0.01461,0
0.01250,0
0.01065,0
0.00855,0
0.01409,0
0.01042,0
0.01404,0
0.00534,0
0.00655,0
0.03705,0
0.04112,0
0.03643,0
0.02967,0
0.03360,0
0.03824,0
0.04303,0
0.05577,0
0.00534,0
0.01218,0
0.01172,0
0.00985,0
0.01541,0
0.01868,0
0.01927,0
0.02347,0
0.02257,0
0.02846,0
0.03453,0
0.04004,0
0.04218,0
0.07863,0
0.06692,0
0.05490,0
0.05107,0
0.04767,0
0.04642,0
0.05793,0
0.02531,0
0.03851,0
0.04119,0
0.03485,0
0.02939,0
0.02349,0
0.02202,0
0.02354,0
0.03218,0
0.00534,0
0.00655,0
0.00626,0
0.00681,0
0.01277,0
0.02684,0
0.03746,0
0.03355,0
0.03566,0
0.04120,0
0.00534,0
0.00655,0
0.00841,0
0.00690,0
0.03297,0
0.04466,0
0.05015,0
0.03201,0
0.03124,0
0.03512,0
0.03728,0
0.02542,0
0.01504,0
0.02673,0
0.03753,0
0.04451,0
0.06433,0
0.06251,0
0.06495,0
0.06399,0
0.10169,0
0.04153,0
0.02410,0
0.02453,0
0.02615,0
0.02775,0
0.03600,0
0.00534,0
0.01218,0
0.01424,0
0.01234,0
0.01893,0
0.02221,0
0.02442,0
0.02751,0
0.02911,0
0.01461,0
0.01250,0
0.00985,0
0.00936,0
0.01677,0
0.02378,0
0.03486,0
0.03659,0
0.03855,0
0.04635,0
0.00534,0
0.00655,0
0.00655,0
0.00686,0
0.01471,0
0.02280,0
0.02482,0
0.02342,0
0.02241,0
0.02518,0
0.01461,0
0.01250,0
0.00973,0
0.00929,0
0.01451,0
0.01760,0
0.01731,0
0.01805,0
0.01812,0
0.02364,0
0.04983,0
0.03370,0
0.01950,0
0.02967,0
0.03637,0
0.03192,0
0.02978,0
0.02884,0
0.03263,0
0.03616,0
0.00534,0
0.00819,0
0.00874,0
0.00750,0
0.01310,0
0.01044,0
0.01295,0
0.02108,0
0.01501,0
0.05221,0
0.05322,0
0.03396,0
0.03231,0
0.03656,0
0.03948,0
0.04301,0
0.06018,0
0.00534,0
0.01218,0
0.01144,0
0.00996,0
0.01507,0
0.01139,0
0.01402,0
0.11134,0
0.06419,0
0.04532,0
0.04153,0
0.03824,0
0.02957,0
0.03372,0
0.00534,0
0.03831,0
0.03281,0
0.04221,0
0.04852,0
0.04369,0
0.04746,0
0.03091,1
0.04047,1
0.05394,1
0.05995,1
0.06419,1
0.07689,1
0.08580,1
0.00534,0
0.00655,0
0.00841,0
0.00690,0
0.01427,0
0.02209,0
0.03231,0
0.02727,0
0.02862,0
0.03003,0
0.00534,0
0.01218,0
0.01160,0
0.00902,0
0.01624,0
0.03404,1
0.04928,1
0.06915,1
0.07694,1
0.01461,0
0.01806,0
0.05308,0
0.06093,0
0.06893,0
0.07615,0
0.12944,0
0.00534,0
0.00813,0
0.00827,0
0.00739,0
0.01034,0
0.01721,0
0.02070,0
0.02046,0
0.02008,0
0.02597,0
0.13940,1
0.11647,1
0.12799,1
0.12595,1
0.10730,1
0.09225,1
0.08073,1
0.07412,1
0.07822,1
0.08500,1
0.03453,0
0.04358,0
0.04444,0
0.04247,0
0.03749,0
0.04001,0
0.03532,0
0.03276,0
0.03323,0
0.03502,0
0.00534,0
0.01218,0
0.01144,0
0.00996,0
0.01754,0
0.02528,0
0.02460,0
0.02443,0
0.02686,0
0.02943,0
0.10696,0
0.07598,0
0.04418,0
0.03516,0
0.02508,0
0.02516,0
0.02658,0
0.02922,0
0.03628,0
0.00534,0
0.00655,0
0.00655,0
0.00594,0
0.02578,0
0.03603,0
0.03391,0
0.03076,0
0.03680,0
0.04310,0
0.00534,0
0.01218,0
0.01271,0
0.01011,0
0.01494,0
0.01217,0
0.01858,0
0.00534,0
0.00819,0
0.01135,0
0.00884,0
0.01515,0
0.01799,0
0.01929,0
0.02168,0
0.02064,0
0.02556,0
0.10169,0
0.05868,0
0.02942,0
0.02331,0
0.02325,0
0.02642,0
0.03489,0
0.02108,0
0.01501,0
0.01218,0
0.01007,0
0.01509,0
0.01267,0
0.02008,0
0.00534,0
0.00655,0
0.00655,0
0.00686,0
0.01386,0
0.02185,0
0.02450,0
0.02617,0
0.02746,0
0.03099,0
0.00534,0
0.00655,0
0.00638,0
0.00640,0
0.03087,0
0.03523,0
0.04420,0
0.02946,0
0.03116,0
0.03614,0
0.00534,0
0.01218,0
0.01424,0
0.01121,0
0.01761,0
0.02392,0
0.03129,0
0.02632,0
0.02810,0
0.02987,0
0.00534,0
0.01218,0
0.04256,0
0.03607,0
0.03846,0
0.04154,0
0.06011,0
0.08566,0
0.11572,0
0.12194,0
0.01461,0
0.01250,0
0.01012,0
0.00849,0
0.01372,0
0.01688,0
0.01816,0
0.01838,0
0.01830,0
0.02370,0
0.00534,0
0.00655,0
0.00841,0
0.00690,0
0.01371,0
0.01645,0
0.01839,0
0.01907,0
0.01905,0
0.02188,0
0.10079,0
0.06614,0
0.04693,0
0.03733,0
0.04136,0
0.03109,0
0.03096,0
0.03122,0
0.03155,0
0.03654,0
0.13770,0
0.06371,0
0.04828,0
0.03562,0
0.03010,0
0.02802,0
0.02808,0
0.02922,0
0.03433,0
0.05017,0
0.00534,0
0.00655,0
0.00655,0
0.00686,0
0.01262,0
0.00919,0
0.01517,0
0.00534,0
0.00655,0
0.03496,0
0.02905,0
0.03312,0
0.04328,0
0.05002,0
0.04458,0
0.04354,0
0.04298,0
0.03728,0
0.02666,0
0.01440,0
0.02142,0
0.02235,0
0.02317,0
0.02528,0
0.03453,0
0.05648,0
0.04119,0
0.03541,0
0.03131,0
0.02639,0
0.02780,0
0.02924,0
0.02961,0
0.03244,0
0.05364,0
0.02196,0
0.03346,0
0.03142,0
0.03066,0
0.02734,0
0.02131,0
0.02212,0
0.02378,0
0.02925,0
0.03510,0
0.02915,0
0.01678,0
0.02612,0
0.04314,0
0.03861,0
0.03496,0
0.03151,0
0.03454,0
0.03661,0
0.04983,0
0.03631,0
0.02121,0
0.02541,0
0.03585,0
0.02970,0
0.03033,0
0.03728,0
0.02542,0
0.01504,0
0.02286,0
0.03706,0
0.05188,0
0.04711,0
0.04141,0
0.05025,0
0.03091,0
0.04705,0
0.04757,0
0.04309,0
0.04082,0
0.03769,0
0.03170,0
0.03025,0
0.02953,0
0.03145,0
0.01461,0
0.01806,0
0.01531,0
0.01168,0
0.01653,0
0.01656,0
0.01965,0
0.01461,0
0.04097,1
0.06377,1
0.06683,1
0.07469,1
0.06377,1
0.06958,1
0.04983,0
0.03974,0
0.02430,0
0.02933,0
0.03351,0
0.05941,0
0.06780,0
0.06197,0
0.05856,0
0.05814,0
0.00534,0
0.00655,0
0.00618,0
0.00583,0
0.01376,0
0.02097,0
0.03686,0
0.06594,0
0.09129,0
0.10222,0
0.00534,0
0.01218,0
0.01271,0
0.01011,0
0.01305,0
0.01764,0
0.02158,0
0.02755,0
0.02594,0
0.02840,0
0.00534,0
0.00655,0
0.00695,0
0.00586,0
0.01187,0
0.00938,0
0.01636,0
0.00534,0
0.00655,0
0.00626,0
0.00590,0
0.00965,0
0.01499,0
0.02005,0
0.02288,0
0.02196,0
0.02691,0
0.11984,0
0.08642,0
0.04824,0
0.04450,0
0.03173,0
0.02848,0
0.02708,0
0.02792,0
0.03137,0
0.04037,0
0.00534,0
0.00813,0
0.00827,0
0.00739,0
0.01289,0
0.02450,0
0.03219,0
0.02779,0
0.02832,0
0.03030,0
0.10169,0
0.07149,0
0.04532,0
0.03486,0
0.03186,0
0.03444,0
0.04179,0
0.00534,0
0.00655,0
0.00655,0
0.00686,0
0.01262,0
0.01416,0
0.01735,0
0.01987,0
0.01939,0
0.02443,0
0.01461,0
0.01250,0
0.01012,0
0.00849,0
0.01388,0
0.02653,0
0.03380,0
0.03149,0
0.03195,0
0.03222,0
0.10169,0
0.04153,0
0.02554,0
0.02545,0
0.02671,0
0.02846,0
0.03744,0
0.02108,0
0.01501,0
0.01343,0
0.01048,0
0.01490,0
0.02774,0
0.02873,0
0.02813,0
0.02953,0
0.03085,0
0.00534,0
0.01218,0
0.01424,0
0.01234,0
0.01893,0
0.03723,0
0.03579,0
0.03372,0
0.03362,0
0.03440,0
0.05475,0
0.05410,0
0.02977,0
0.03347,0
0.02788,0
0.02883,0
0.02928,0
0.03036,0
0.03268,0
0.03788,0
0.05364,0
0.02356,0
0.02659,0
0.03464,0
0.03332,0
0.02924,0
0.02504,0
0.02666,0
0.02804,0
0.03278,0
0.01461,0
0.01806,0
0.01630,0
0.01270,0
0.01687,0
0.02056,0
0.02285,0
0.03453,0
0.05648,0
0.04933,0
0.03730,0
0.03265,0
0.02714,0
0.02453,0
0.02344,0
0.02385,0
0.02646,0
0.01461,0
0.01250,0
0.06193,0
0.04597,0
0.04120,0
0.03008,0
0.03551,0
0.04131,0
0.04767,0
0.07130,0
0.03091,1
0.05254,1
0.04744,1
0.04797,1
0.05281,1
0.05948,1
0.09882,1
0.10867,1
0.10644,1
0.10429,1
0.03728,0
0.02927,0
0.01782,0
0.03479,0
0.03336,0
0.02350,0
0.01941,0
0.01859,0
0.02258,0
0.02770,0
0.00534,0
0.00655,0
0.00655,0
0.00686,0
0.01262,0
0.01589,0
0.01801,0
0.01947,0
0.01761,0
0.02088,0
0.00534,0
0.00655,0
0.00638,0
0.00549,0
0.02484,0
0.03525,0
0.04089,0
0.03942,0
0.04220,0
0.04879,0
0.03728,0
0.02542,0
0.01444,0
0.02662,0
0.04076,0
0.05940,0
0.06230,0
0.05626,0
0.06275,0
0.06653,0
0.02108,0
0.01501,0
0.01218,0
0.01101,0
0.01573,0
0.01820,0
0.01711,0
0.00534,0
0.00655,0
0.00638,0
0.00549,0
0.03094,0
0.04196,0
0.04812,0
0.03144,0
0.02795,0
0.03324,0
0.00534,0
0.01218,0
0.01185,0
0.00910,0
0.01670,0
0.02269,0
0.03074,0
0.02621,0
0.02563,0
0.02870,0
0.11361,0
0.07598,0
0.03999,0
0.03723,0
0.03461,0
0.03706,0
0.04424,0
0.00534,0
0.00655,0
0.00638,0
0.00640,0
0.00997,0
0.03133,0
0.04721,0
0.03494,0
0.03386,0
0.03892,0
0.00534,0
0.01218,0
0.01172,0
0.02719,0
0.02371,0
0.02828,0
0.02838,0
0.03033,0
0.04256,0
0.05978,0
0.04983,0
0.03591,0
0.02008,0
0.03095,0
0.04554,0
0.04001,0
0.03766,0
0.03581,0
0.04128,0
0.04334,0
0.03453,0
0.05648,0
0.04119,0
0.03541,0
0.03131,0
0.02639,0
0.02780,0
0.02620,0
0.02686,0
0.03033,0
0.00534,0
0.00813,0
0.00854,0
0.00837,0
0.01379,0
0.01685,0
0.01982,0
0.00534,0
0.01218,0
0.01160,0
0.00902,0
0.01651,0
0.02482,0
0.02350,0
0.02257,0
0.02455,0
0.02714,0
0.01461,0
0.01806,0
0.01531,0
0.01168,0
0.01653,0
0.01956,0
0.01896,0
0.00534,0
0.00655,0
0.00638,0
0.00549,0
0.01363,0
0.01760,0
0.01997,0
0.01976,0
0.02382,0
0.03728,0
0.02927,0
0.01782,0
0.04495,1
0.06667,1
0.09461,1
0.10109,1
0.00534,1
0.01218,1
0.01185,1
0.00910,1
0.01463,1
0.04052,1
0.07376,1
0.10169,0
0.04153,0
0.03146,0
0.02652,0
0.02812,0
0.03117,0
0.03960,0
0.00534,0
0.00813,0
0.00827,0
0.00831,0
0.01381,0
0.01674,0
0.01975,0
0.20633,0
0.10211,0
0.06742,0
0.05709,0
0.05355,0
0.04168,0
0.04325,0
0.03728,0
0.02818,0
0.01479,0
0.02186,0
0.02249,0
0.01995,0
0.02280,0
0.09357,1
0.16955,1
0.13421,1
0.12586,1
0.14789,1
0.13164,1
0.10885,1
0.09697,1
0.09827,1
0.10416,1
0.03091,0
0.05254,0
0.04744,0
0.03772,0
0.03057,0
0.02425,0
0.02553,0
0.02387,0
0.02419,0
0.02738,0
0.00534,0
0.00655,0
0.00741,0
0.00643,0
0.01242,0
0.00909,0
0.01523,0
0.00534,0
0.00819,0
0.00980,0
0.00902,0
0.01457,0
0.01161,0
0.01920,0
0.03453,0
0.05648,0
0.04933,0
0.03730,0
0.03194,0
0.02790,0
0.02549,0
0.02447,0
0.02556,0
0.02929,0
0.02108,0
0.01501,0
0.01501,0
0.01165,0
0.03195,0
0.04033,0
0.03983,0
0.05380,0
0.05901,0
0.00534,0
0.00655,0
0.00618,0
0.00583,0
0.01376,0
0.02222,0
0.02236,0
0.02093,0
0.02139,0
0.02355,0
0.03091,0
0.03719,0
0.05149,0
0.06306,0
0.05031,0
0.04398,0
0.04032,0
0.03902,0
0.04002,0
0.00534,0
0.00655,0
0.00841,0
0.00690,0
0.01360,0
0.02872,0
0.03750,0
0.03192,0
0.03054,0
0.03260,0
0.00534,0
0.00655,0
0.00695,0
0.00586,0
0.01187,0
0.01344,0
0.01679,0
0.15617,0
0.16441,0
0.08129,0
0.05219,0
0.04323,0
0.03920,0
0.03862,0
0.04056,0
0.04553,0
0.03728,0
0.02542,0
0.01504,0
0.02127,0
0.02182,0
0.02351,0
0.02576,0
0.03453,0
0.04004,0
0.05187,0
0.06304,0
0.05063,0
0.03669,0
0.03410,0
0.03208,0
0.03328,0
0.03664,0
0.03090,0
0.01946,0
0.02522,0
0.03751,0
0.05591,0
0.07420,0
0.06992,0
0.07272,0
0.07167,0
0.06672,0
0.02497,0
0.03603,0
0.03422,0
0.02376,0
0.02305,0
0.02536,0
0.00534,0
0.01218,0
0.01172,0
0.01426,1
0.02021,1
0.02881,1
0.04897,1
0.05816,1
0.05691,1
0.03091,0
0.05254,0
0.04744,0
0.03772,0
0.03057,0
0.02425,0
0.02553,0
0.02387,0
0.02458,0
0.02702,0
0.00534,0
0.00655,0
0.08766,0
0.07170,0
0.05578,0
0.05385,0
0.05036,0
0.05170,0
0.05732,0
0.09372,0
0.03453,0
0.04392,0
0.03384,0
0.02808,0
0.02274,0
0.02357,0
0.02737,0
0.02108,0
0.01501,0
0.01343,0
0.01048,0
0.01440,0
0.01951,0
0.02326,0
0.00534,0
0.00655,0
0.00841,0
0.00690,0
0.01360,0
0.02303,0
0.02643,0
0.02694,0
0.02711,0
0.02801,0
0.00534,0
0.00655,0
0.00626,0
0.00681,0
0.01456,0
0.02513,0
0.03246,0
0.02767,0
0.02740,0
0.02966,0
0.00534,0
0.00655,0
0.00638,0
0.02555,0
0.02889,0
0.02954,0
0.04565,0
0.04065,0
0.03268,0
0.03961,0
0.05364,0
0.02356,0
0.02750,0
0.03783,0
0.04432,0
0.03929,0
0.03425,0
0.03170,0
0.03199,0
0.00534,0
0.01218,0
0.04051,0
0.05020,0
0.06396,0
0.07247,0
0.09237,0
0.17960,0
0.13111,0
0.12021,0
0.11092,0
0.11290,0
0.12044,0
0.10658,0
0.10789,0
0.10279,0
0.10169,0
0.01461,0
0.01806,0
0.01619,0
0.01318,0
0.03142,0
0.03794,0
0.03667,0
0.03521,0
0.03788,0
0.04063,0
0.12715,0
0.06149,0
0.04809,0
0.03663,0
0.03623,0
0.03295,0
0.03220,0
0.03374,0
0.03819,0
0.05340,0
0.00534,0
0.00819,0
0.00916,0
0.00763,0
0.01322,0
0.01000,0
0.01721,0
0.10169,0
0.04753,0
0.02922,0
0.02641,0
0.02884,0
0.03077,0
0.03971,0
0.00534,0
0.00655,0
0.00841,0
0.00690,0
0.01254,0
0.00937,0
0.01762,0
0.00534,0
0.00655,0
0.00626,0
0.00590,0
0.01308,0
0.01912,0
0.02290,0
0.02639,0
0.02814,0
0.10696,0
0.06017,0
0.06887,0
0.07365,0
0.09018,0
0.08379,0
0.07763,0
0.07686,0
0.08116,0
0.02108,0
0.01641,0
0.01432,0
0.01120,0
0.03968,0
0.05123,0
0.05796,0
0.06384,0
0.07606,0
0.07974,0
0.10169,0
0.04252,0
0.02627,0
0.02407,0
0.02640,0
0.02818,0
0.03732,0
0.00534,0
0.00819,0
0.03568,0
0.04057,0
0.03699,0
0.03076,0
0.03389,0
0.03885,0
0.04563,0
0.06769,0
0.00534,0
0.00655,0
0.00841,0
0.00806,0
0.01558,0
0.02444,0
0.02513,0
0.02337,0
0.02244,0
0.02518,0
0.01461,0
0.01250,0
0.03859,0
0.03136,0
0.03358,0
0.04036,0
0.03805,0
0.03667,0
0.03626,0
0.03625,0
0.03091,0
0.04705,0
0.04659,0
0.05889,0
0.04556,0
0.03269,0
0.02973,0
0.02840,0
0.03026,0
0.00534,0
0.07533,0
0.07750,0
0.04682,0
0.04990,0
0.06034,0
0.05928,0
0.05784,0
0.06238,0
0.07298,0
0.00534,0
0.01218,0
0.03720,0
0.04218,0
0.05039,0
0.04889,0
0.04684,0
0.05439,0
0.08208,0
0.10169,0
0.04153,0
0.02554,0
0.02282,0
0.02562,0
0.02777,0
0.03677,0
0.00534,0
0.00655,0
0.00695,0
0.02596,1
0.02523,1
0.03177,1
0.03751,1
0.04697,1
0.06581,1
0.10169,0
0.04753,0
0.03078,0
0.02996,0
0.03158,0
0.03399,0
0.04212,0
0.00534,0
0.00819,0
0.00888,0
0.00850,0
0.01396,0
0.01048,0
0.01336,0
0.08057,0
0.06012,0
0.03527,0
0.03344,0
0.02864,0
0.02507,0
0.02556,0
0.02599,0
0.02871,0
0.03462,0
0.01461,0
0.06537,0
0.04908,0
0.04020,0
0.03773,0
0.03620,0
0.04013,0
0.04553,0
0.05143,0
0.05967,0
0.05574,0
0.02456,0
0.04240,0
0.03142,0
0.02685,0
0.03022,0
0.03300,0
0.01461,0
0.01250,0
0.01065,0
0.00855,0
0.01409,0
0.01784,0
0.01788,0
0.00534,0
0.01218,0
0.01185,0
0.03807,0
0.03960,0
0.03009,0
0.03296,0
0.03488,0
0.03851,0
0.05475,0
0.00534,0
0.00655,0
0.03705,0
0.04068,0
0.04538,0
0.03671,0
0.04013,0
0.04403,0
0.04848,0
0.06153,0
0.00534,0
0.00655,0
0.00695,0
0.00586,0
0.01358,0
0.03316,0
0.03283,0
0.03099,0
0.02963,0
0.03197,0
0.00534,0
0.00655,0
0.03729,0
0.03010,0
0.03383,0
0.03688,0
0.03904,0
0.03857,0
0.03818,0
0.01461,0
0.01250,0
0.00999,0
0.00804,0
0.01576,0
0.02367,0
0.02325,0
0.02254,0
0.02423,0
0.02555,0
0.00534,0
0.07464,0
0.04743,0
0.05782,0
0.06130,0
0.05107,0
0.05314,0
0.00534,0
0.00655,0
0.00626,0
0.00590,0
0.01181,0
0.02330,0
0.04013,0
0.03176,0
0.03153,0
0.03830,0
0.09852,0
0.11161,0
0.07462,0
0.05782,0
0.05581,0
0.04475,0
0.04303,0
0.04081,0
0.04191,0
0.04567,0
0.03728,0
0.02565,0
0.01491,0
0.02321,0
0.03026,0
0.02518,0
0.02376,0
0.02312,0
0.02676,0
0.02850,0
0.00534,0
0.00655,0
0.00655,0
0.00594,0
0.01196,0
0.00885,0
0.01498,0
0.03664,0
0.03090,0
0.01946,0
0.03467,0
0.03439,0
0.02659,0
0.02141,0
0.02031,0
0.02415,0
0.03224,0
0.03728,0
0.02565,0
0.01491,0
0.02359,0
0.03298,0
0.02523,0
0.02108,0
0.02046,0
0.02151,0
0.03030,0
0.00534,0
0.01218,0
0.01185,0
0.00910,0
0.01451,0
0.02275,0
0.02208,0
0.02240,0
0.02313,0
0.02563,0
0.00534,0
0.00819,0
0.01135,0
0.03736,0
0.02673,0
0.02346,0
0.02852,0
0.03612,0
0.03542,0
0.04456,0
0.00534,0
0.00655,0
0.00695,0
0.00705,0
0.01295,0
0.02617,0
0.03419,0
0.02847,0
0.03671,0
0.04362,0
0.03728,0
0.02542,0
0.01444,0
0.03059,0
0.03459,0
0.02522,0
0.01857,0
0.01719,0
0.02027,0
0.02810,0
0.05793,0
0.02221,0
0.02565,0
0.03563,0
0.03408,0
0.03112,0
0.02635,0
0.02474,0
0.02512,0
0.03369,0
0.08057,0
0.06012,0
0.03395,0
0.03318,0
0.02861,0
0.02848,0
0.03134,0
0.03095,0
0.03172,0
0.03730,0
0.00534,0
0.00819,0
0.00916,0
0.00763,0
0.01312,0
0.02490,0
0.03288,0
0.02823,0
0.03023,0
0.03177,0
0.03728,0
0.02900,0
0.01621,0
0.02639,0
0.03410,0
0.03168,0
0.02892,0
0.02656,0
0.02720,0
0.03113,0
0.00534,0
0.00655,0
0.00960,0
0.00794,0
0.01490,0
0.02279,0
0.04318,0
0.04321,0
0.04230,0
0.05204,0
0.15364,0
0.12159,0
0.07378,0
0.06760,0
0.05281,0
0.04703,0
0.04402,0
0.04404,0
0.04628,0
0.05321,0
0.11913,0
0.06888,0
0.06729,0
0.06910,0
0.06988,0
0.06092,0
0.05277,0
0.04753,0
0.04597,0
0.04007,1
0.02850,1
0.02540,1
0.02101,1
0.02439,1
0.02096,1
0.02560,1
0.00534,0
0.00655,0
0.00618,0
0.00674,0
0.00979,0
0.04086,1
0.04449,1
0.06357,1
0.07186,1
0.08123,1
0.10696,0
0.07386,0
0.04925,0
0.04261,0
0.04464,0
0.03627,0
0.03510,0
0.03398,0
0.03405,0
0.03943,0
0.04983,0
0.03348,0
0.01912,0
0.03082,0
0.04509,0
0.03948,0
0.03769,0
0.03459,0
0.04540,0
0.04661,0
0.03510,0
0.02657,0
0.01575,0
0.02305,0
0.02215,0
0.02701,0
0.03034,0
0.00534,0
0.01218,0
0.01144,0
0.00996,0
0.01507,0
0.01630,0
0.01590,0
0.03091,0
0.04124,0
0.05378,0
0.06549,0
0.05312,0
0.03664,0
0.03256,0
0.03141,0
0.03159,0
0.03728,0
0.02565,0
0.01418,0
0.02332,0
0.03026,0
0.02624,0
0.02532,0
0.02383,0
0.02889,0
0.03132,0
0.01461,0
0.01250,0
0.01012,0
0.00849,0
0.02784,0
0.03494,0
0.03870,0
0.05324,0
0.06002,0
0.06672,0
0.02497,0
0.03719,0
0.03593,0
0.03695,0
0.03005,0
0.02250,0
0.02462,0
0.02493,0
0.03474,0
0.01461,0
0.01403,0
0.01189,0
0.00955,0
0.01501,0
0.01120,0
0.01675,0
0.01461,0
0.01806,0
0.01520,0
0.03227,0
0.02548,0
0.02868,0
0.02910,0
0.03845,0
0.05347,0
0.07116,0
0.00534,0
0.00655,0
0.03729,0
0.03010,0
0.03373,0
0.03828,0
0.04494,0
0.03764,0
0.03604,0
0.03849,0
0.03728,0
0.06640,0
0.04879,0
0.05166,0
0.06248,0
0.05476,0
0.05148,0
0.04653,0
0.04890,0
0.04909,0
0.00534,0
0.00655,0
0.00695,0
0.00705,0
0.02636,0
0.03174,0
0.03405,0
0.04810,0
0.06669,0
0.07601,0
0.00534,0
0.00819,0
0.00888,0
0.00757,0
0.01321,0
0.01553,0
0.01939,0
0.00534,0
0.01218,0
0.01144,0
0.00886,0
0.01449,0
0.01102,0
0.01684,0
0.01461,0
0.01393,0
0.01245,0
0.00977,0
0.01497,0
0.01152,0
0.01409,0
0.03113,1
0.05289,1
0.06188,1
0.00534,0
0.01218,0
0.01172,0
0.00884,0
0.02482,0
0.02222,0
0.03031,0
0.03153,0
0.04383,0
0.04974,0
0.00534,0
0.00655,0
0.00695,0
0.03895,1
0.06642,1
0.06633,1
0.06646,1
0.07273,1
0.11459,1
0.12030,1
0.03091,0
0.08820,0
0.09562,0
0.11220,0
0.11577,0
0.09984,0
0.09698,0
0.09653,0
0.09855,0
0.00534,0
0.01218,0
0.01144,0
0.00996,0
0.01565,0
0.01660,0
0.01842,0
0.01945,0
0.01973,0
0.02542,0
0.09852,0
0.08450,0
0.05288,0
0.03973,0
0.03359,0
0.03304,0
0.03393,0
0.03521,0
0.04143,0
0.00534,0
0.00655,0
0.00638,0
0.00640,0
0.01244,0
0.02082,0
0.03238,0
0.03318,0
0.03275,0
0.04488,0
0.02108,0
0.01501,0
0.01256,0
0.01074,0
0.01553,0
0.02560,0
0.02506,0
0.02522,0
0.02635,0
0.02807,0
0.05595,1
0.08986,1
0.08918,1
0.07188,1
0.05896,1
0.05569,1
0.05459,1
0.06821,1
0.07021,1
0.03728,0
0.02900,0
0.01669,0
0.02504,0
0.03004,0
0.02592,0
0.02369,0
0.02261,0
0.02606,0
0.03408,0
0.00534,0
0.00819,0
0.01002,0
0.00814,0
0.01360,0
0.01602,0
0.01867,0
0.00534,0
0.00655,0
0.00841,0
0.03152,0
0.02178,0
0.02311,0
0.02706,0
0.03510,0
0.03471,0
0.04362,0
0.00534,0
0.01218,0
0.01172,0
0.00884,0
0.01448,0
0.01569,0
0.02899,1
0.03624,1
0.06470,1
0.08704,1
0.11993,1
0.12784,1
0.06672,0
0.02497,0
0.03719,0
0.03983,0
0.03643,0
0.03032,0
0.02412,0
0.02250,0
0.02295,0
0.03145,0
0.03091,0
0.04047,0
0.02889,0
0.01975,0
0.02221,0
0.02385,0
0.02732,0
0.02108,0
0.02645,1
0.04322,1
0.05249,1
0.06767,1
0.08340,1
0.10214,1
0.11361,1
0.05664,0
0.02210,0
0.02959,0
0.03743,0
0.04039,0
0.03244,0
0.02745,0
0.02585,0
0.02643,0
0.03480,0
0.00534,0
0.03686,1
0.05383,1
0.05758,1
0.05324,1
0.05388,1
0.06433,1
0.07002,1
0.09162,1
0.09445,1
0.42478,0
0.32855,0
0.25225,0
0.21279,0
0.19533,0
0.18049,0
0.16276,0
0.18776,0
0.17960,0
0.16999,0
0.01461,0
0.01806,0
0.04545,0
0.04798,0
0.04923,0
0.04149,0
0.05607,1
0.05639,1
0.07081,1
0.07228,1
0.07615,1
0.08339,1
0.09578,1
0.13770,0
0.06371,0
0.04828,0
0.03562,0
0.03423,0
0.03138,0
0.03085,0
0.03251,0
0.03671,0
0.05206,0
0.13770,0
0.06371,0
0.05872,0
0.04306,0
0.04012,0
0.03616,0
0.03419,0
0.03455,0
0.03903,0
0.05447,0
0.05364,0
0.02356,0
0.02659,0
0.03464,0
0.03274,0
0.02876,0
0.02505,0
0.02386,0
0.02536,0
0.03413,0
0.00534,0
0.01218,0
0.01172,0
0.00884,0
0.01428,0
0.01469,0
0.01800,0
0.00534,0
0.00655,0
0.00655,0
0.00686,0
0.01386,0
0.02077,0
0.02238,0
0.02358,0
0.03117,0
0.04190,0
0.02108,0
0.02254,0
0.01901,0
0.01430,0
0.01841,0
0.01591,0
0.02257,0
0.03728,0
0.02666,0
0.01506,0
0.02285,0
0.02528,0
0.05442,0
0.06370,0
0.05842,0
0.05613,0
0.05585,0
0.18201,0
0.09886,0
0.06888,0
0.05811,0
0.05251,0
0.04007,0
0.04159,0
0.00534,0
0.00813,0
0.00854,0
0.00745,0
0.01111,0
0.01628,0
0.01837,0
0.02209,0
0.02147,0
0.02756,0
0.01461,0
0.04190,0
0.03227,0
0.04573,0
0.05251,0
0.04541,0
0.04869,0
0.03091,0
0.05254,0
0.04428,0
0.03546,0
0.03179,0
0.02583,0
0.02776,0
0.02594,0
0.02733,0
0.03155,0
0.00534,0
0.01218,0
0.01160,0
0.04210,0
0.05743,0
0.06624,0
0.06782,0
0.08288,0
0.08301,0
0.00534,0
0.01218,0
0.01172,0
0.00884,0
0.01653,0
0.01992,0
0.02190,0
0.02600,0
0.02714,0
0.00534,0
0.00655,0
0.00741,0
0.01264,1
0.06048,1
0.08344,1
0.06898,1
0.07433,1
0.08074,1
0.07474,1
0.09277,1
0.10969,1
0.00534,0
0.00655,0
0.00655,0
0.00686,0
0.01262,0
0.00943,0
0.01676,0
0.00534,0
0.00655,0
0.05260,0
0.03186,0
0.03257,0
0.03503,0
0.03190,0
0.03072,0
0.03220,0
0.04357,0
0.00534,0
0.00655,0
0.00618,0
0.06153,0
0.04795,0
0.03982,0
0.04172,0
0.04756,0
0.04879,0
0.08403,0
0.11361,0
0.08488,0
0.04600,0
0.03642,0
0.03406,0
0.03566,0
0.04209,0
0.12715,0
0.05512,0
0.04944,0
0.03629,0
0.03466,0
0.03205,0
0.03260,0
0.03449,0
0.03902,0
0.05455,0
0.00534,0
0.00655,0
0.03957,0
0.04235,0
0.03801,0
0.02988,0
0.03305,0
0.03726,0
0.04175,0
0.05467,0
0.09852,0
0.11161,0
0.07462,0
0.05782,0
0.05180,0
0.04306,0
0.04055,0
0.03824,0
0.03987,0
0.04462,0
0.20633,0
0.10211,0
0.06742,0
0.05709,0
0.05231,0
0.04050,0
0.04221,0
0.00534,0
0.00655,0
0.04261,0
0.04524,0
0.02731,0
0.02683,0
0.02849,0
0.03226,0
0.03697,0
0.05559,0
0.01461,0
0.01250,0
0.05860,0
0.04099,0
0.03942,0
0.02934,0
0.03559,0
0.04118,0
0.04719,0
0.05670,0
0.01461,0
0.01403,0
0.01384,0
0.01114,0
0.01710,0
0.01776,0
0.01986,0
0.02143,0
0.02100,0
0.02685,0
0.00534,0
0.00813,0
0.00815,0
0.00732,0
0.02706,0
0.03671,0
0.03367,0
0.06456,0
0.09162,0
0.09763,0
0.03664,0
0.02916,0
0.01828,0
0.02313,0
0.03472,0
0.03151,0
0.03170,0
0.11126,1
0.09901,1
0.09353,1
0.09235,1
0.09843,1
0.10309,1
0.00534,0
0.00819,0
0.00980,0
0.00902,0
0.01457,0
0.01651,0
0.02065,0
0.12007,1
0.10289,1
0.09647,1
0.09894,1
0.08791,1
0.07829,1
0.07682,1
0.03453,0
0.05017,0
0.04945,0
0.09315,0
0.07741,0
0.05302,0
0.04363,0
0.03930,0
0.03789,0
0.04073,0
0.06524,1
0.07533,1
0.00534,0
0.00655,0
0.00695,0
0.00586,0
0.01187,0
0.00868,0
0.01583,0
0.00534,0
0.00655,0
0.00695,0
0.00586,0
0.01187,0
0.00992,0
0.01756,0
0.10079,0
0.07101,0
0.04868,0
0.03801,0
0.03852,0
0.03032,0
0.03081,0
0.03031,0
0.03069,0
0.03562,0
0.00534,0
0.00655,0
0.00618,0
0.00674,0
0.02615,0
0.04929,1
0.04751,1
0.05802,1
0.06826,1
0.08982,1
0.11719,1
0.13793,1
0.00534,0
0.00819,0
0.01135,0
0.00884,0
0.01569,0
0.02504,0
0.02554,0
0.02508,0
0.02766,0
0.02852,0
0.00534,0
0.00819,0
0.00980,0
0.00902,0
0.01558,0
0.01640,0
0.01859,0
0.02188,0
0.02104,0
0.02609,0
0.03728,0
0.02818,0
0.01479,0
0.03002,0
0.03453,0
0.02274,0
0.01679,0
0.01568,0
0.01910,0
0.02714,0
0.00534,0
0.00655,0
0.00695,0
0.00705,0
0.03329,0
0.04376,0
0.04790,0
0.06327,0
0.07507,0
0.03453,0
0.04392,0
0.04229,0
0.03257,0
0.02480,0
0.02513,0
0.02863,0
0.00534,0
0.00655,0
0.00655,0
0.00686,0
0.01262,0
0.01589,0
0.01573,0
0.01660,0
0.01710,0
0.02037,0
0.00534,0
0.01218,0
0.01185,0
0.00910,0
0.01463,0
0.01088,0
0.01354,0
0.01461,0
0.01250,0
0.00999,0
0.00804,0
0.01382,0
0.01045,0
0.01625,0
0.02108,0
0.01501,0
0.01343,0
0.01951,1
0.08839,1
0.08609,1
0.07862,1
0.08384,1
0.09247,1
0.12061,1
0.15030,1
0.02108,0
0.08533,0
0.05664,0
0.06469,0
0.06792,0
0.05738,0
0.05886,0
0.00534,0
0.00655,0
0.03919,0
0.04099,0
0.03245,0
0.04578,0
0.04322,0
0.04206,0
0.04327,0
0.06429,0
0.03728,0
0.02818,0
0.01479,0
0.02186,0
0.02110,0
0.02251,0
0.02510,0
0.10079,0
0.06425,0
0.07299,0
0.04232,0
0.03969,0
0.03022,0
0.02944,0
0.03050,0
0.03183,0
0.03814,0
0.00534,0
0.00819,0
0.04664,0
0.04954,0
0.03078,0
0.02921,0
0.03116,0
0.03457,0
0.03891,0
0.05741,0
0.01461,0
0.01806,0
0.01505,0
0.03664,0
0.03504,1
0.06671,1
0.07849,1
0.08504,1
0.09279,1
0.10558,1
0.15005,1
0.01461,0
0.01250,0
0.00999,0
0.01530,1
0.03646,1
0.06654,1
0.07890,1
0.09340,1
0.09906,1
0.09343,1
0.13647,1
0.16458,1
0.03728,0
0.02565,0
0.01418,0
0.02998,0
0.03068,0
0.02230,0
0.01938,0
0.01972,0
0.02321,0
0.02799,0
0.10696,0
0.06851,0
0.04969,0
0.04463,0
0.05239,0
0.04047,0
0.03937,0
0.03759,0
0.03834,0
0.04309,0
0.05364,0
0.02196,0
0.03332,0
0.03677,0
0.03115,0
0.02769,0
0.02997,0
0.02108,0
0.02254,0
0.06785,0
0.06121,0
0.06560,0
0.06293,0
0.05901,0
0.06379,0
0.08169,0
0.00534,0
0.00655,0
0.00638,0
0.02500,0
0.02070,0
0.02489,0
0.02736,0
0.03575,0
0.05030,0
0.06800,0
0.00534,0
0.00655,0
0.00841,0
0.00690,0
0.01360,0
0.02872,0
0.03750,0
0.03035,0
0.03026,0
0.03143,0
0.02108,0
0.01501,0
0.01204,0
0.01090,0
0.04950,1
0.05535,1
0.08681,1
0.08796,1
0.09256,1
0.09551,1
0.00534,0
0.01218,0
0.01172,0
0.00884,0
0.01433,0
0.01964,0
0.02207,0
0.02127,0
0.02503,0
0.17960,0
0.13111,0
0.13123,0
0.11061,0
0.10338,0
0.09239,0
0.08459,0
0.07572,0
0.07740,0
0.07690,0
0.01461,0
0.01250,0
0.00999,0
0.00804,0
0.01576,0
0.01942,0
0.03453,0
0.03794,0
0.03824,0
0.00534,0
0.00655,0
0.00841,0
0.00690,0
0.01371,0
0.01418,0
0.01781,0
0.01941,0
0.01801,0
0.02146,0
0.02108,0
0.01769,0
0.02511,1
0.03985,1
0.05251,1
0.06574,1
0.06360,1
0.07192,1
0.07384,1
0.10891,1
0.13297,1
0.00534,0
0.00655,0
0.00638,0
0.00640,0
0.01217,0
0.01572,0
0.01701,0
0.01876,0
0.01838,0
0.02443,0
0.02108,0
0.01501,0
0.01256,0
0.01074,0
0.01665,0
0.01981,0
0.02176,0
0.02175,0
0.02147,0
0.02406,0
0.03728,0
0.02818,0
0.01479,0
0.02186,0
0.02031,0
0.02505,0
0.02860,0
0.05595,0
0.02403,0
0.03618,0
0.03371,0
0.03266,0
0.03090,0
0.02612,0
0.02764,0
0.02788,0
0.03242,0
0.00534,0
0.01218,0
0.01185,0
0.00910,0
0.01463,0
0.01480,0
0.01420,0
0.10696,0
0.06851,0
0.04969,0
0.04661,0
0.04958,0
0.03654,0
0.03515,0
0.03480,0
0.03539,0
0.04044,0
0.03728,0
0.02666,0
0.01506,0
0.07969,1
0.08432,1
0.07123,1
0.07718,1
0.07828,1
0.00534,0
0.00813,0
0.00938,0
0.00887,0
0.01435,0
0.01545,0
0.01903,0
0.01932,0
0.01957,0
0.02289,0
0.00534,0
0.00655,0
0.00695,0
0.00586,0
0.01292,0
0.02069,0
0.03355,0
0.03066,0
0.03084,0
0.03164,0
0.02108,0
0.01501,0
0.01343,0
0.03537,0
0.03017,0
0.03532,0
0.03579,0
0.03656,0
0.06949,0
0.10635,0
0.11913,0
0.06576,0
0.06631,0
0.05177,0
0.04267,0
0.04367,0
0.04310,0
0.00534,0
0.00655,0
0.00618,0
0.00583,0
0.01190,0
0.01504,0
0.01823,0
0.00534,0
0.00655,0
0.00638,0
0.00549,0
0.01886,0
0.02324,0
0.03271,0
0.04082,0
0.03198,0
0.03522,0
0.03453,0
0.03933,0
0.04480,0
0.03806,0
0.03208,0
0.02601,0
0.02441,0
0.02359,0
0.02476,0
0.02872,0
0.03510,0
0.02627,0
0.01641,0
0.02357,0
0.03210,0
0.04866,0
0.04416,0
0.04025,0
0.04869,0
0.10169,0
0.04252,0
0.02627,0
0.02407,0
0.02521,0
0.02746,0
0.03680,0
0.03091,0
0.04047,0
0.04676,0
0.03575,0
0.02960,0
0.02898,0
0.03226,0
0.01461,0
0.01250,0
0.00999,0
0.00897,0
0.01940,0
0.01477,0
0.02062,0
0.00534,0
0.00819,0
0.00905,0
0.00723,0
0.01188,1
0.03414,1
0.04640,1
0.03441,1
0.03587,1
0.03968,1
0.04860,1
0.00534,0
0.01218,0
0.01144,0
0.00886,0
0.01449,0
0.01162,0
0.01833,0
0.05364,0
0.02196,0
0.03332,0
0.03475,0
0.02877,0
0.02529,0
0.02784,0
0.00534,0
0.01218,0
0.01424,0
0.01121,0
0.03037,0
0.02714,0
0.03303,0
0.03956,0
0.04620,0
0.06164,0
0.00534,0
0.00655,0
0.00618,0
0.00583,0
0.01164,0
0.01480,0
0.01641,0
0.01700,0
0.01718,0
0.02267,0
0.03728,0
0.02542,0
0.01444,0
0.03059,0
0.03459,0
0.02370,0
0.01779,0
0.01668,0
0.01997,0
0.02795,0
0.00534,0
0.00655,0
0.00638,0
0.00549,0
0.01167,0
0.01434,0
0.01729,0
0.03091,0
0.05254,0
0.04744,0
0.03478,0
0.03450,0
0.02743,0
0.02514,0
0.02529,0
0.02685,0
0.02993,0
0.02108,0
0.01501,0
0.01204,0
0.00998,0
0.01568,0
0.02087,0
0.01960,0
0.02009,0
0.01985,0
0.02273,0
0.31867,0
0.24180,0
0.19242,0
0.16069,0
0.14237,0
0.13262,0
0.13243,0
0.13352,0
0.13596,0
0.15903,0
0.00534,0
0.01218,0
0.01160,0
0.01017,0
0.01742,0
0.02532,0
0.02446,0
0.02300,0
0.02348,0
0.02512,0
0.00534,0
0.00655,0
0.00695,0
0.00705,0
0.02469,0
0.02832,0
0.03284,0
0.04306,0
0.03639,0
0.03840,0
0.05364,0
0.02196,0
0.03346,0
0.03596,0
0.03332,0
0.02768,0
0.02228,0
0.02105,0
0.02171,0
0.03130,0
0.12084,0
0.19183,0
0.15712,0
0.08974,0
0.06560,0
0.05839,0
0.05298,0
0.05108,0
0.05285,0
0.06225,0
0.11014,0
0.06489,0
0.05642,0
0.04139,0
0.03461,0
0.03372,0
0.03308,0
0.03504,0
0.03955,0
0.05500,0
0.00534,0
0.00655,0
0.00655,0
0.00686,0
0.01386,0
0.01961,0
0.03541,0
0.03469,0
0.03681,0
0.05793,0
0.02221,0
0.03566,0
0.03901,0
0.03339,0
0.02743,0
0.02184,0
0.02061,0
0.02229,0
0.03105,0
0.00534,0
0.00655,0
0.00841,0
0.03152,0
0.02178,0
0.02439,0
0.02853,0
0.03675,0
0.03578,0
0.04407,0
0.00534,0
0.00819,0
0.01002,0
0.00907,0
0.01548,0
0.02203,0
0.03747,1
0.05085,1
0.06631,1
0.08875,1
0.11948,1
0.13230,1
0.13449,1
0.00534,0
0.01218,0
0.01172,0
0.00884,0
0.01147,0
0.01700,0
0.02015,0
0.02280,0
0.02176,0
0.02768,0
0.01461,0
0.01250,0
0.05762,0
0.04686,0
0.03755,0
0.03952,0
0.03692,0
0.03599,0
0.03642,0
0.05915,0
0.00534,0
0.00655,0
0.00655,0
0.00594,0
0.01307,0
0.02332,0
0.02350,0
0.02474,0
0.02639,0
0.03728,0
0.03222,0
0.01834,0
0.02581,0
0.03643,0
0.02958,0
0.02788,0
0.02546,0
0.02696,0
0.03030,0
0.00534,0
0.01218,0
0.01272,0
0.01072,0
0.01562,0
0.01582,0
0.01797,0
0.03091,0
0.04124,0
0.04306,0
0.04317,0
0.06600,1
0.07865,1
0.06454,1
0.06884,1
0.06875,1
0.07041,1
0.10544,1
0.12231,1
0.12778,1
0.19749,0
0.13785,0
0.12199,0
0.11345,0
0.10992,0
0.09676,0
0.09625,0
0.10575,0
0.11914,0
0.01461,0
0.01250,0
0.00973,0
0.00837,0
0.01381,0
0.02263,0
0.03529,0
0.03553,0
0.03788,0
0.11882,0
0.14811,0
0.09002,0
0.08976,0
0.07585,0
0.06919,0
0.06613,0
0.06605,0
0.07129,0
0.13940,0
0.08675,0
0.05125,0
0.05222,0
0.03496,0
0.03435,0
0.03240,0
0.03222,0
0.03575,0
0.04305,0
0.00534,0
0.01218,0
0.01144,0
0.00886,0
0.01618,0
0.02281,0
0.02342,0
0.02461,0
0.02740,0
0.03058,0
0.00534,0
0.00819,0
0.00905,0
0.00815,0
0.01076,0
0.01823,0
0.02055,0
0.02017,0
0.02003,0
0.02319,0
0.01461,0
0.01403,0
0.01201,0
0.01089,0
0.01800,0
0.02554,0
0.02725,0
0.02694,0
0.03039,0
0.03191,0
0.00534,0
0.01218,0
0.01185,0
0.02926,0
0.03842,0
0.03618,0
0.04637,0
0.04381,0
0.03788,0
0.04110,0
0.03091,0
0.03719,0
0.04084,0
0.03981,0
0.03567,0
0.03656,0
0.03489,0
0.03297,0
0.03363,0
0.03693,0
0.02108,0
0.01501,0
0.05221,0
0.05144,0
0.03261,0
0.02888,0
0.03048,0
0.03431,0
0.03906,0
0.05801,0
0.10169,1
0.11172,1
0.10335,1
0.09537,1
0.14066,1
0.12693,1
0.12557,1
0.00534,0
0.01218,0
0.01160,0
0.01017,0
0.01571,0
0.01719,0
0.01946,0
0.02061,0
0.02185,0
0.02732,0
0.00534,0
0.01218,0
0.01160,0
0.03068,0
0.02421,0
0.02737,0
0.02884,0
0.03591,0
0.05524,0
0.08057,0
0.05830,0
0.03596,0
0.03435,0
0.02965,0
0.02934,0
0.03074,0
0.03146,0
0.03247,0
0.03748,0
0.00534,0
0.00655,0
0.00618,0
0.00674,0
0.01263,0
0.01572,0
0.01701,0
0.01730,0
0.01620,0
0.01989,0
0.01461,0
0.01393,0
0.01209,0
0.01095,0
0.01585,0
0.01843,0
0.02115,0
0.01461,0
0.01250,0
0.01213,0
0.00958,0
0.01926,0
0.02529,0
0.02739,0
0.04983,0
0.03348,0
0.03493,1
0.04355,1
0.05324,1
0.07712,1
0.08204,1
0.07416,1
0.07019,1
0.06891,1
0.00534,0
0.00655,0
0.00626,0
0.00681,0
0.01265,0
0.00899,0
0.01213,0
0.01461,0
0.06355,0
0.04461,0
0.04722,0
0.03602,0
0.03347,0
0.03723,0
0.04119,0
0.04702,0
0.06231,0
0.00534,0
0.00655,0
0.00695,0
0.00586,0
0.01358,0
0.01837,0
0.02163,0
0.02413,0
0.02608,0
0.08057,0
0.06012,0
0.03395,0
0.03318,0
0.02861,0
0.02848,0
0.02836,0
0.02828,0
0.03134,0
0.03692,0
0.00534,0
0.06315,0
0.04786,0
0.03968,0
0.03696,0
0.03045,0
0.03494,0
0.03937,0
0.04532,0
0.05513,0
0.02108,0
0.02254,0
0.01907,0
0.01421,0
0.02069,0
0.02537,0
0.02628,0
0.02504,0
0.02835,0
0.00534,0
0.00819,0
0.00916,0
0.02789,0
0.03037,0
0.03051,0
0.04423,0
0.04129,0
0.03337,0
0.03741,0
0.00534,0
0.00655,0
0.00638,0
0.00640,0
0.01232,0
0.01565,0
0.01876,0
0.00534,0
0.01218,0
0.01424,0
0.01121,0
0.01568,0
0.02770,0
0.03999,0
0.06070,0
0.06558,0
0.06636,0
0.00534,0
0.00655,0
0.01524,1
0.03067,1
0.04796,1
0.04243,1
0.04506,1
0.04618,1
0.05251,1
0.07382,1
0.06884,1
0.00534,0
0.00655,0
0.04378,0
0.02760,0
0.03106,0
0.03320,0
0.02979,0
0.03273,0
0.03148,0
0.04131,0
0.03091,0
0.04047,0
0.04624,0
0.03659,0
0.02876,0
0.02909,0
0.03246,0
0.00534,0
0.00655,0
0.06986,1
0.06645,1
0.07666,1
0.07500,1
0.07102,1
0.07904,1
0.11752,1
0.13927,1
0.03728,0
0.02818,0
0.01519,0
0.02193,0
0.03722,0
0.03026,0
0.03063,0
0.00534,0
0.00655,0
0.00695,0
0.00705,0
0.01275,0
0.01414,0
0.01451,0
0.05664,0
0.02351,0
0.03368,0
0.03748,0
0.02722,0
0.02410,0
0.02655,0
0.01461,0
0.01250,0
0.01213,0
0.00958,0
0.01617,0
0.02428,0
0.02435,0
0.02649,0
0.02802,0
0.00534,0
0.00655,0
0.00695,0
0.00586,0
0.01358,0
0.02072,0
0.03057,0
0.02463,0
0.02391,0
0.02726,0
0.00534,0
0.00655,0
0.00618,0
0.02540,0
0.02868,0
0.02866,0
0.04632,0
0.04172,0
0.03433,0
0.03786,0
0.04983,0
0.03348,0
0.01912,0
0.03017,0
0.03834,0
0.03029,0
0.02963,0
0.02711,0
0.03140,0
0.03351,0
0.09852,0
0.08450,0
0.05288,0
0.04117,0
0.03148,0
0.03105,0
0.03208,0
0.03440,0
0.04165,0
0.03091,0
0.04771,0
0.05685,0
0.04462,0
0.03411,0
0.03319,0
0.03424,0
0.01461,0
0.01250,0
0.01213,0
0.00958,0
0.01565,0
0.01828,0
0.02071,0
0.02267,0
0.01994,0
0.02275,0
0.00534,0
0.00819,0
0.00874,0
0.04132,0
0.03845,0
0.03031,0
0.03321,0
0.03543,0
0.03957,0
0.05638,0
0.03728,0
0.02565,0
0.01491,0
0.02236,0
0.02322,0
0.02408,0
0.02606,0
0.00534,0
0.05349,0
0.03925,0
0.04354,0
0.03311,0
0.02846,0
0.03330,0
0.03884,0
0.04502,0
0.05327,0
0.05793,0
0.02221,0
0.03273,0
0.04180,0
0.04244,0
0.04032,0
0.03235,0
0.02975,0
0.02997,0
0.03788,0
0.00534,0
0.00655,0
0.00695,0
0.00586,0
0.01187,0
0.01651,0
0.01719,0
0.11913,0
0.06576,0
0.06631,0
0.06363,0
0.04834,0
0.04177,0
0.04141,0
0.02108,1
0.07183,1
0.08053,1
0.05757,1
0.06620,1
0.07652,1
0.08392,1
0.12007,0
0.06910,0
0.05595,0
0.04998,0
0.04879,0
0.03860,0
0.04135,0
0.00534,0
0.00655,0
0.00734,0
0.00729,0
0.03193,0
0.04337,0
0.04849,0
0.03305,0
0.03175,0
0.03602,0
0.00534,0
0.00655,0
0.00638,0
0.00549,0
0.02155,0
0.01966,0
0.02668,0
0.02948,0
0.06289,0
0.09330,0
0.01461,0
0.01250,0
0.01012,0
0.00849,0
0.01590,0
0.02494,0
0.02555,0
0.02578,0
0.02864,0
0.03044,0
0.01461,0
0.01250,0
0.01095,0
0.04050,0
0.03556,0
0.02586,0
0.02928,0
0.03382,0
0.03484,0
0.05258,0
0.10696,0
0.07598,0
0.04418,0
0.03593,0
0.02687,0
0.02668,0
0.02810,0
0.02975,0
0.03697,0
0.00534,0
0.00655,0
0.00695,0
0.00705,0
0.02636,0
0.03555,0
0.03334,0
0.06525,0
0.09121,0
0.09658,0
0.03091,0
0.04047,0
0.04624,0
0.03062,0
0.02688,0
0.02756,0
0.03260,0
0.02108,0
0.02254,0
0.02009,0
0.01560,0
0.01896,0
0.02941,0
0.02942,0
0.02856,0
0.03189,0
0.03327,0
0.00534,0
0.07556,0
0.04916,0
0.05896,0
0.06152,0
0.05135,0
0.05336,0
0.00534,0
0.00655,0
0.00655,0
0.00594,0
0.00883,0
0.01586,0
0.01899,0
0.01911,0
0.01761,0
0.02368,0
0.04983,0
0.03538,0
0.01969,0
0.02912,0
0.03442,0
0.06438,0
0.06354,0
0.05724,0
0.06459,0
0.01461,0
0.01250,0
0.00999,0
0.01509,1
0.03812,1
0.03490,1
0.05126,1
0.07341,1
0.08359,1
0.10079,0
0.05785,0
0.06666,0
0.05783,0
0.04613,0
0.04355,0
0.04313,0
0.04458,0
0.04954,0
0.02108,0
0.01769,0
0.01849,0
0.01387,0
0.03215,0
0.03357,0
0.04151,0
0.04925,0
0.04190,0
0.04373,0
0.02108,0
0.01769,0
0.05595,0
0.05746,0
0.03681,0
0.03184,0
0.03362,0
0.03721,0
0.04165,0
0.06034,0
0.00534,0
0.00655,0
0.00695,0
0.00705,0
0.02636,0
0.03555,0
0.03500,0
0.04967,0
0.05893,0
0.00534,0
0.00655,0
0.00638,0
0.00549,0
0.00835,0
0.02506,0
0.04194,0
0.03181,0
0.03099,0
0.03690,0
0.02108,0
0.01769,0
0.01540,0
0.01319,0
0.03451,0
0.04743,0
0.05084,0
0.03445,0
0.03362,0
0.03664,0
0.05364,0
0.02196,0
0.04213,0
0.03840,0
0.03425,0
0.02975,0
0.03109,0
0.03728,0
0.02565,0
0.01491,0
0.02555,0
0.03299,0
0.02822,0
0.02626,0
0.02743,0
0.03048,0
0.03297,0
0.03091,0
0.04124,0
0.04306,0
0.04228,0
0.03799,0
0.03496,0
0.03234,0
0.03103,0
0.03180,0
0.03492,0
0.03664,0
0.03568,0
0.02241,0
0.02632,0
0.02712,0
0.02424,0
0.02918,0
0.00534,0
0.00655,0
0.00618,0
0.00583,0
0.01190,0
0.01504,0
0.01823,0
0.10169,1
0.04473,1
0.03423,1
0.02849,1
0.02920,1
0.02983,1
0.01461,0
0.01806,0
0.01531,0
0.01168,0
0.01823,0
0.02460,0
0.02694,0
0.02593,0
0.02632,0
0.02683,0
0.01461,0
0.01403,0
0.01230,0
0.04734,0
0.05879,0
0.06691,0
0.06743,0
0.08152,0
0.08188,0
0.00534,0
0.01218,0
0.01271,0
0.01011,0
0.01494,0
0.01741,0
0.01731,0
0.04983,0
0.03631,0
0.02121,0
0.02541,0
0.02523,0
0.02310,0
0.02752,0
0.00534,0
0.07984,0
0.08298,0
0.05379,0
0.04673,0
0.03618,0
0.03846,0
0.04816,0
0.05256,0
0.06251,0
0.03510,0
0.02915,0
0.01678,0
0.02313,0
0.02569,0
0.02534,0
0.02734,0
0.05595,0
0.02403,0
0.02811,0
0.03716,0
0.06385,0
0.04424,0
0.03591,0
0.03464,0
0.03375,0
0.04265,0
0.02108,0
0.01501,0
0.01204,0
0.01090,0
0.01787,0
0.02322,0
0.02470,0
0.02456,0
0.02750,0
0.06672,1
0.02497,1
0.03603,1
0.02414,1
0.02542,1
0.02424,1
0.03755,1
0.01461,0
0.01806,0
0.01491,0
0.01242,0
0.01701,0
0.01339,0
0.01586,0
0.03453,0
0.04392,0
0.04229,0
0.03257,0
0.02480,0
0.02522,0
0.03068,0
0.00534,0
0.00655,0
0.00655,0
0.00686,0
0.01262,0
0.01589,0
0.01709,0
0.01892,0
0.01869,0
0.02398,0
0.02108,0
0.01501,0
0.06877,0
0.06128,0
0.06997,0
0.06692,0
0.06397,0
0.06812,0
0.08574,0
0.00534,0
0.00655,0
0.00626,0
0.00681,0
0.01265,0
0.00931,0
0.01544,0
0.00534,0
0.00655,0
0.00626,0
0.00590,0
0.01201,0
0.00873,0
0.01494,0
0.00534,0
0.00655,0
0.03705,0
0.04112,0
0.03719,0
0.02956,0
0.03438,0
0.03914,0
0.04524,0
0.05844,0
0.03453,0
0.04358,0
0.05472,0
0.06554,0
0.05392,0
0.03939,0
0.03673,0
0.03454,0
0.03442,0
0.01461,0
0.01250,0
0.00985,0
0.04985,0
0.06432,0
0.07157,0
0.07609,0
0.08762,0
0.09451,0
0.00534,0
0.00655,0
0.03957,0
0.04235,0
0.03517,0
0.02961,0
0.03423,0
0.03902,0
0.04525,0
0.06736,0
0.00534,0
0.01218,0
0.06001,0
0.03799,0
0.03785,0
0.03898,0
0.03505,0
0.03747,0
0.03593,0
0.04288,0
0.00534,0
0.00655,0
0.00841,0
0.00690,0
0.01371,0
0.01459,0
0.01835,0
0.01998,0
0.01975,0
0.02234,0
0.00534,0
0.00813,0
0.00840,0
0.00703,0
0.01271,0
0.01839,0
0.02125,0
0.02325,0
0.02604,0
0.08057,0
0.06012,0
0.03527,0
0.03344,0
0.02864,0
0.02507,0
0.02556,0
0.02599,0
0.02742,0
0.03341,0
0.09852,1
0.08050,1
0.05506,1
0.04183,1
0.04433,1
0.04218,1
0.03972,1
0.03951,1
0.04080,1
0.04611,1
0.03728,0
0.02927,0
0.01731,0
0.02274,0
0.02427,0
0.02223,0
0.02449,0
0.06672,0
0.02786,0
0.03537,0
0.04490,0
0.06442,0
0.08310,0
0.08594,1
0.08527,1
0.08346,1
0.08753,1
0.11302,1
0.11859,1
0.06672,0
0.02497,0
0.03603,0
0.02543,0
0.02806,0
0.02730,0
0.03058,0
0.03728,0
0.02666,0
0.01506,0
0.02547,0
0.03366,0
0.03042,0
0.02781,0
0.02694,0
0.03195,0
0.03566,0
0.00534,0
0.00655,0
0.03957,0
0.04235,0
0.03885,0
0.02909,0
0.05023,0
0.05328,0
0.05812,0
0.07045,0
0.01461,0
0.01806,0
0.01520,0
0.01145,0
0.01858,0
0.02518,0
0.02396,0
0.02513,0
0.02681,0
0.00534,0
0.00655,0
0.00638,0
0.00549,0
0.01639,0
0.01234,0
0.01852,0
0.00534,0
0.00655,0
0.00618,0
0.00674,0
0.01465,0
0.02169,0
0.04014,0
0.04173,0
0.04407,0
0.05556,0
0.10079,0
0.06614,0
0.04693,0
0.03733,0
0.04164,0
0.03256,0
0.03225,0
0.03136,0
0.03263,0
0.03738,0
0.01461,0
0.01250,0
0.01213,0
0.00958,0
0.01565,0
0.01828,0
0.01992,0
0.02049,0
0.02012,0
0.02516,0
0.01461,0
0.01250,0
0.00999,0
0.02741,1
0.02359,1
0.04251,1
0.04683,1
0.04756,1
0.06146,1
0.00534,0
0.01218,0
0.01271,0
0.01139,0
0.01579,0
0.01694,0
0.01946,0
0.00534,0
0.07464,0
0.05558,0
0.06426,0
0.06764,0
0.05876,0
0.05952,0
0.03091,0
0.04124,0
0.05378,0
0.08669,0
0.07198,0
0.05822,0
0.05212,0
0.04791,0
0.04860,0
0.00534,0
0.00655,0
0.00695,0
0.00586,0
0.01358,0
0.02177,0
0.02205,0
0.02456,0
0.02632,0
0.05883,0
0.02466,0
0.03474,0
0.03207,0
0.02828,0
0.02476,0
0.02667,0
0.03091,1
0.04047,1
0.04624,1
0.06659,1
0.05533,1
0.05188,1
0.05759,1
0.05664,0
0.02210,0
0.02545,0
0.04664,0
0.05184,0
0.04198,0
0.04513,0
0.04093,0
0.03986,0
0.04720,0
0.15001,1
0.12112,1
0.19688,1
0.16781,1
0.15266,1
0.14227,1
0.16265,1
0.14952,1
0.15351,1
0.18067,1
0.01461,0
0.06355,0
0.04276,0
0.04665,0
0.03595,0
0.03374,0
0.03759,0
0.04100,0
0.04697,0
0.05784,0
0.06672,0
0.02786,0
0.04648,0
0.04359,0
0.03682,0
0.03217,0
0.03246,0
0.00534,0
0.01218,0
0.01144,0
0.00996,0
0.01697,0
0.02450,0
0.02668,0
0.02716,0
0.02733,0
0.02769,0
0.00534,0
0.00813,0
0.00840,0
0.00703,0
0.01270,0
0.01438,0
0.01747,0
0.01847,0
0.01821,0
0.02342,0
0.00534,0
0.01218,0
0.01160,0
0.03401,0
0.02540,0
0.02508,0
0.02871,0
0.03150,0
0.03347,0
0.04593,0
0.00534,0
0.00819,0
0.00905,0
0.00723,0
0.02037,0
0.02427,0
0.03427,0
0.04040,0
0.03438,0
0.03560,0
0.00534,0
0.00655,0
0.00741,0
0.04063,1
0.07463,1
0.06930,1
0.05976,1
0.06619,1
0.06547,1
0.06770,1
0.07408,1
0.08817,1
0.00534,0
0.00655,0
0.00638,0
0.00549,0
0.01167,0
0.00830,0
0.01439,0
0.10169,0
0.04473,0
0.02639,0
0.02360,0
0.02459,0
0.02721,0
0.03646,0
0.03453,0
0.05648,0
0.04933,0
0.03730,0
0.03265,0
0.02714,0
0.02852,0
0.02651,0
0.02701,0
0.02981,0
0.03728,0
0.03222,0
0.01891,0
0.02902,0
0.03651,0
0.03291,0
0.03487,0
0.03511,0
0.03818,0
0.03928,0
0.18343,0
0.08528,0
0.05992,0
0.05137,0
0.04694,0
0.03681,0
0.03858,0
0.00534,0
0.00655,0
0.00626,0
0.00681,0
0.01265,0
0.00931,0
0.01671,0
0.03453,0
0.05648,0
0.04933,0
0.03730,0
0.03129,0
0.02585,0
0.02336,0
0.02238,0
0.02354,0
0.02579,0
0.00534,0
0.00655,0
0.05079,0
0.04958,0
0.05434,0
0.05230,0
0.04954,0
0.06176,0
0.08924,0
0.00534,0
0.00819,0
0.00888,0
0.00850,0
0.01598,0
0.02160,0
0.02895,0
0.02405,0
0.02554,0
0.02812,0
0.00534,0
0.00813,0
0.04287,0
0.05613,0
0.06671,0
0.07312,0
0.09380,0
0.00534,0
0.00655,0
0.00695,0
0.00586,0
0.01304,0
0.01347,0
0.01862,0
0.02141,0
0.02082,0
0.02586,0
0.12715,0
0.06149,0
0.05257,0
0.03881,0
0.03247,0
0.03008,0
0.02908,0
0.03228,0
0.03706,0
0.04828,0
0.00534,0
0.03649,0
0.03462,0
0.04505,0
0.04830,0
0.04272,0
0.05195,0
0.05883,0
0.02466,0
0.03205,0
0.03685,0
0.06251,0
0.04518,0
0.03532,0
0.03196,0
0.03207,0
0.04054,0
0.01461,0
0.01250,0
0.01065,0
0.00973,0
0.02968,0
0.03906,0
0.04673,0
0.02950,0
0.03115,0
0.03668,0
0.00534,0
0.00655,0
0.00695,0
0.00586,0
0.01187,0
0.00938,0
0.01636,0
0.00534,0
0.00655,0
0.05597,1
0.05639,1
0.05880,1
0.05312,1
0.06166,1
0.06817,1
0.08149,1
0.08844,1
0.10696,0
0.10354,0
0.07163,0
0.05585,0
0.05290,0
0.04211,0
0.03976,0
0.03792,0
0.03728,0
0.04205,0
0.12715,0
0.06149,0
0.05257,0
0.03881,0
0.03765,0
0.03398,0
0.03403,0
0.03567,0
0.03994,0
0.05061,0
0.00534,0
0.01218,0
0.01271,0
0.01139,0
0.01725,0
0.01790,0
0.01842,0
0.02096,0
0.02210,0
0.02761,0
0.00534,0
0.01218,0
0.01160,0
0.01017,0
0.01520,0
0.01175,0
0.01743,0
0.03664,0
0.03568,0
0.02276,0
0.02675,0
0.02790,0
0.02762,0
0.02928,0
0.17230,1
0.14003,1
0.14920,1
0.12850,1
0.12331,1
0.13515,1
0.12418,1
0.09585,1
0.13770,0
0.06163,0
0.05194,0
0.03712,0
0.03638,0
0.03292,0
0.03211,0
0.03392,0
0.03840,0
0.05382,0
0.04983,0
0.03538,0
0.01920,0
0.02449,0
0.02277,0
0.02060,0
0.02397,0
0.18312,1
0.14984,1
0.14276,1
0.13504,1
0.12486,1
0.11679,1
0.11492,1
0.15853,1
0.05595,0
0.02403,0
0.02811,0
0.04838,0
0.05318,0
0.04228,0
0.03854,0
0.03797,0
0.03763,0
0.04564,0
0.01461,0
0.02878,1
0.05171,1
0.06032,1
0.06944,1
0.07652,1
0.09239,1
0.00534,0
0.01218,0
0.01271,0
0.01139,0
0.01579,0
0.02007,0
0.02284,0
0.00534,0
0.00655,0
0.00626,0
0.02029,0
0.02111,0
0.02508,0
0.02602,0
0.03751,0
0.06774,0
0.09965,0
0.05664,0
0.02210,0
0.03273,0
0.03103,0
0.02527,0
0.02260,0
0.02464,0
0.00534,0
0.01218,0
0.01424,0
0.01234,0
0.01659,0
0.01400,0
0.01972,0
0.00534,0
0.00819,0
0.01002,0
0.00907,0
0.02315,0
0.02587,0
0.03633,0
0.04018,0
0.03436,0
0.03839,0
0.04983,0
0.03370,0
0.01950,0
0.02689,0
0.03280,0
0.04916,0
0.04488,0
0.04402,0
0.05248,0
0.03728,0
0.02542,0
0.01444,0
0.03059,0
0.03459,0
0.02370,0
0.01932,0
0.01791,0
0.02092,0
0.02885,0
0.03728,0
0.02818,0
0.01519,0
0.03136,0
0.03198,0
0.02468,0
0.02032,0
0.02033,0
0.02333,0
0.02792,0
0.00534,0
0.00655,0
0.00695,0
0.00705,0
0.01995,0
0.02127,0
0.03420,0
0.04023,0
0.03528,0
0.04264,0
0.05793,0
0.02531,0
0.02823,0
0.03854,0
0.03708,0
0.03149,0
0.02672,0
0.02527,0
0.02538,0
0.03041,0
0.00534,0
0.01218,0
0.01272,0
0.01072,0
0.01823,0
0.02072,0
0.02248,0
0.02502,0
0.02844,0
0.15576,0
0.15158,0
0.11713,0
0.06055,0
0.04153,0
0.03596,0
0.03295,0
0.03199,0
0.03495,0
0.04576,0
0.03453,0
0.05017,0
0.05621,0
0.06425,0
0.05194,0
0.03871,0
0.03779,0
0.03651,0
0.03689,0
0.02108,0
0.02254,0
0.02009,0
0.01560,0
0.02102,0
0.02981,0
0.02832,0
0.02850,0
0.03022,0
0.13940,0
0.08675,0
0.05125,0
0.04958,0
0.03324,0
0.02947,0
0.02807,0
0.02743,0
0.03062,0
0.03949,0
0.02108,0
0.02254,0
0.02009,0
0.03893,0
0.03435,0
0.03884,0
0.03730,0
0.04399,0
0.06224,0
0.00534,0
0.06278,0
0.04908,0
0.04317,0
0.03976,0
0.04651,0
0.05106,0
0.05776,0
0.06425,0
0.05664,1
0.02351,1
0.02665,1
0.04430,1
0.03777,1
0.06721,1
0.08139,1
0.07916,1
0.07833,1
0.00534,0
0.00819,0
0.05551,0
0.03441,0
0.03596,0
0.03660,0
0.03334,0
0.03596,0
0.03216,0
0.04527,0
0.05883,0
0.02466,0
0.03275,0
0.03754,0
0.05901,0
0.04026,0
0.03195,0
0.03079,0
0.03137,0
0.04015,0
0.02108,0
0.01501,0
0.01204,0
0.00998,0
0.01702,0
0.02490,0
0.03143,0
0.03031,0
0.03053,0
0.03233,0
0.12715,0
0.05512,0
0.08927,1
0.12609,1
0.10573,1
0.11290,1
0.11820,1
0.12483,1
0.11943,1
0.11590,1
0.11714,1
0.12963,1
0.10953,0
0.06332,0
0.06359,0
0.04766,0
0.04681,0
0.04681,0
0.04673,0
0.00534,0
0.01218,0
0.01172,0
0.00884,0
0.01428,0
0.01098,0
0.01802,0
0.01461,0
0.01250,0
0.04718,0
0.04856,0
0.03057,0
0.02661,0
0.03164,0
0.03536,0
0.03683,0
0.05609,0
0.00534,0
0.00655,0
0.00618,0
0.00583,0
0.01190,0
0.00865,0
0.01487,0
0.05664,0
0.02351,0
0.03078,0
0.03795,0
0.04021,0
0.03323,0
0.03679,0
0.03768,0
0.03628,0
0.04902,0
0.05199,1
0.07056,1
0.07422,1
0.10039,1
0.09049,1
0.09768,1
0.09370,1
0.09430,1
0.09728,1
0.10366,1
0.11799,1
0.15615,1
0.00534,0
0.00655,0
0.00655,0
0.03448,0
0.03449,0
0.02765,0
0.03127,0
0.03492,0
0.04206,0
0.06362,0
0.12044,0
0.06368,0
0.07721,0
0.07102,0
0.06570,0
0.06217,0
0.05018,0
0.04506,0
0.04392,0
0.04681,0
0.00534,0
0.01218,0
0.04051,0
0.04890,0
0.06031,0
0.06855,0
0.09444,0
0.02108,0
0.01501,0
0.01346,0
0.01160,0
0.01604,0
0.01369,0
0.01658,0
0.03728,0
0.02927,0
0.01731,0
0.02274,0
0.02427,0
0.02494,0
0.02810,0
0.10169,0
0.06644,0
0.03550,0
0.02831,0
0.02883,0
0.03074,0
0.03788,0
0.05664,0
0.16491,0
0.14175,0
0.11328,0
0.11177,0
0.11908,0
0.10424,0
0.10027,0
0.10038,0
0.09937,0
0.05763,0
0.02341,0
0.03416,0
0.03788,0
0.02742,0
0.02423,0
0.02713,0
0.06672,0
0.02497,0
0.04538,0
0.03150,0
0.03155,0
0.02949,0
0.03204,0
0.00534,0
0.00655,0
0.05483,0
0.04342,0
0.03652,0
0.04887,0
0.04630,0
0.04690,0
0.04905,0
0.06288,0
0.00534,0
0.06707,0
0.05226,0
0.06150,0
0.06826,0
0.05877,0
0.05899,0
0.03728,0
0.02666,0
0.01440,0
0.02142,0
0.02031,0
0.01867,0
0.02200,0
0.00534,0
0.01218,0
0.01160,0
0.01017,0
0.01520,0
0.01143,0
0.01408,0
0.10169,0
0.07149,0
0.03889,0
0.03420,0
0.03157,0
0.03282,0
0.03975,0
0.05595,1
0.02262,1
0.09511,1
0.13117,1
0.10291,1
0.08310,1
0.07679,1
0.07043,1
0.08944,1
0.01461,0
0.01806,0
0.01520,0
0.01235,0
0.01770,0
0.02052,0
0.02099,0
0.02044,0
0.02011,0
0.02314,0
0.00534,0
0.01218,0
0.01271,0
0.01139,0
0.01754,0
0.02411,0
0.03477,0
0.02928,0
0.02986,0
0.03210,0
0.00534,0
0.00655,0
0.00695,0
0.00705,0
0.01489,0
0.02217,0
0.02220,0
0.02352,0
0.02538,0
0.05883,0
0.02466,0
0.03474,0
0.03207,0
0.02163,0
0.01952,0
0.02245,0
0.10169,0
0.05868,0
0.03533,0
0.02681,0
0.02716,0
0.02945,0
0.03735,0
0.00534,0
0.05884,0
0.03981,0
0.04248,0
0.03270,0
0.02840,0
0.03327,0
0.03795,0
0.04456,0
0.05343,0
0.00534,0
0.00655,0
0.00655,0
0.00594,0
0.01172,0
0.02028,0
0.03198,0
0.03289,0
0.03571,0
0.04438,0
0.06551,0
0.05903,0
0.03601,0
0.03572,0
0.02999,0
0.02944,0
0.03021,0
0.03031,0
0.03293,0
0.03827,0
0.01461,0
0.01250,0
0.01099,0
0.00990,0
0.01495,0
0.02903,0
0.04392,0
0.03480,0
0.03395,0
0.03993,0
0.00534,0
0.00813,0
0.05647,0
0.04732,0
0.03665,0
0.03802,0
0.03529,0
0.03430,0
0.04054,0
0.06036,0
0.00534,0
0.00655,0
0.04145,0
0.04991,0
0.06412,0
0.07277,0
0.12202,0
0.03453,0
0.04392,0
0.03046,0
0.02589,0
0.02102,0
0.02269,0
0.02658,0
0.10696,0
0.07598,0
0.04418,0
0.03363,0
0.03241,0
0.03249,0
0.03385,0
0.03544,0
0.04172,0
0.03728,0
0.03222,0
0.01834,0
0.02663,0
0.02905,0
0.02439,0
0.02298,0
0.02180,0
0.02553,0
0.03039,0
0.03453,0
0.04392,0
0.04816,0
0.03191,0
0.02577,0
0.02662,0
0.03106,0
0.00534,0
0.00655,0
0.00638,0
0.00549,0
0.00835,0
0.03880,1
0.04723,1
0.05763,1
0.06766,1
0.03453,0
0.08740,0
0.09904,0
0.10830,0
0.13897,0
0.11807,0
0.11216,0
0.10839,0
0.10845,0
0.00534,0
0.00655,0
0.00655,0
0.00594,0
0.01380,0
0.02229,0
0.02187,0
0.02117,0
0.02073,0
0.02407,0
0.00534,0
0.00819,0
0.00888,0
0.00757,0
0.01310,0
0.01629,0
0.01832,0
0.02000,0
0.01914,0
0.02197,0
0.00534,0
0.00655,0
0.00626,0
0.00681,0
0.01265,0
0.01270,0
0.01653,0
0.00534,0
0.00655,0
0.00626,0
0.06295,0
0.04817,0
0.04172,0
0.04441,0
0.04771,0
0.04927,0
0.08744,0
0.08057,0
0.05830,0
0.03457,0
0.03606,0
0.03085,0
0.03044,0
0.03324,0
0.03353,0
0.03455,0
0.03944,0
0.03728,0
0.02927,0
0.01731,0
0.02607,0
0.02841,0
0.02527,0
0.02159,0
0.02055,0
0.02190,0
0.03075,0
0.03091,0
0.04705,0
0.05594,0
0.06442,0
0.04829,0
0.03465,0
0.03123,0
0.02960,0
0.04478,0
0.43642,0
0.30388,0
0.24442,0
0.20132,0
0.17998,0
0.16390,0
0.15514,0
0.14436,0
0.13708,0
0.16497,0
0.00534,0
0.00813,0
0.00854,0
0.00837,0
0.01379,0
0.01616,0
0.01996,0
0.08057,0
0.06012,0
0.03058,0
0.03105,0
0.02690,0
0.02376,0
0.02733,0
0.02699,0
0.02847,0
0.03397,0
0.02108,0
0.01501,0
0.01218,0
0.01007,0
0.01509,0
0.01758,0
0.01653,0
0.00534,0
0.00655,0
0.08265,0
0.07578,0
0.05861,0
0.06013,0
0.05739,0
0.05737,0
0.06943,0
0.10169,0
0.04252,0
0.02748,0
0.02482,0
0.02820,0
0.02988,0
0.03872,0
0.05664,0
0.02210,0
0.03262,0
0.03546,0
0.03273,0
0.02610,0
0.02117,0
0.02012,0
0.02054,0
0.02943,0
0.10696,0
0.06851,0
0.05347,0
0.04234,0
0.04411,0
0.03494,0
0.03322,0
0.03297,0
0.03308,0
0.03853,0
0.02108,0
0.01641,0
0.01377,0
0.01231,0
0.01682,0
0.02705,0
0.04484,0
0.04498,0
0.04401,0
0.05567,0
0.00534,0
0.01218,0
0.01424,0
0.03048,0
0.02762,0
0.03323,0
0.03236,0
0.03416,0
0.04704,0
0.06481,0
0.00534,0
0.01218,0
0.01172,0
0.00884,0
0.03826,0
0.04696,0
0.04743,0
0.03532,0
0.03498,0
0.03918,0
0.05664,0
0.02351,0
0.03137,0
0.04169,0
0.03982,0
0.03380,0
0.03127,0
0.03210,0
0.03085,0
0.03842,0
0.00534,0
0.00819,0
0.04722,0
0.05030,0
0.03196,0
0.02996,0
0.03132,0
0.03471,0
0.03894,0
0.05517,0
0.02108,0
0.02254,0
0.01907,0
0.01421,0
0.02443,0
0.01932,0
0.02456,0
0.11134,0
0.07329,0
0.05370,0
0.04826,0
0.04421,0
0.03369,0
0.03675,0
0.02108,0
0.02254,0
0.02009,0
0.01560,0
0.01867,0
0.01619,0
0.02384,0
0.00534,0
0.00655,0
0.00841,0
0.02275,0
0.02358,0
0.02964,0
0.03048,0
0.04217,0
0.06041,0
0.03091,0
0.12058,1
0.11419,1
0.12266,1
0.14420,1
0.10365,1
0.10799,1
0.10290,1
0.09951,1
0.09847,1
0.00534,0
0.00655,0
0.00638,0
0.01997,0
0.02018,0
0.02367,0
0.02466,0
0.03139,0
0.04083,0
0.05848,0
0.02108,0
0.01501,0
0.01254,0
0.01108,0
0.01803,0
0.02340,0
0.02487,0
0.02903,0
0.02975,0
0.00534,0
0.01218,0
0.01185,0
0.01013,0
0.01515,0
0.01303,0
0.01589,0
0.00534,0
0.00655,0
0.00741,0
0.06369,0
0.04911,0
0.04126,0
0.04392,0
0.04713,0
0.05342,0
0.08851,0
0.05595,0
0.02262,0
0.03412,0
0.02304,0
0.01789,0
0.02023,0
0.02402,0
0.00534,0
0.00655,0
0.00638,0
0.00549,0
0.01479,0
0.01644,0
0.02974,0
0.03895,0
0.03299,0
0.03428,0
0.00534,0
0.00655,0
0.00841,0
0.00690,0
0.01254,0
0.01012,0
0.01369,0
0.00534,0
0.01218,0
0.01172,0
0.00884,0
0.01428,0
0.01469,0
0.01407,0
0.00534,0
0.01218,0
0.01160,0
0.00902,0
0.01459,0
0.01074,0
0.01653,0
0.05883,0
0.02309,0
0.03391,0
0.02364,0
0.02503,0
0.02448,0
0.02811,0
0.05574,0
0.02304,0
0.03062,0
0.03824,0
0.04257,0
0.03339,0
0.02909,0
0.02602,0
0.02572,0
0.03353,0
0.01461,0
0.01250,0
0.04096,0
0.03224,0
0.03569,0
0.04419,0
0.04434,0
0.04125,0
0.03806,0
0.03932,0
0.01461,0
0.01250,0
0.00999,0
0.02741,0
0.02359,0
0.02703,0
0.02694,0
0.02966,0
0.04173,0
0.04848,0
0.03091,0
0.04047,0
0.02889,0
0.02687,0
0.02361,0
0.02434,0
0.02861,0
0.00534,0
0.00655,0
0.00626,0
0.00681,0
0.01748,0
0.01821,0
0.02041,0
0.10169,0
0.04153,0
0.02410,0
0.02182,0
0.02384,0
0.02593,0
0.03427,0
0.01461,0
0.01393,0
0.01245,0
0.04703,0
0.04610,0
0.03665,0
0.03986,0
0.04305,0
0.04930,0
0.06455,0
0.11984,0
0.08642,0
0.04913,0
0.04857,0
0.03662,0
0.03294,0
0.03307,0
0.03431,0
0.03753,0
0.04620,0
0.10169,0
0.04473,0
0.02776,0
0.02724,0
0.02860,0
0.03054,0
0.03900,0
0.00534,0
0.00655,0
0.00695,0
0.00586,0
0.01187,0
0.00992,0
0.01422,0
0.00534,0
0.00819,0
0.00888,0
0.00850,0
0.01405,0
0.01721,0
0.01894,0
0.02030,0
0.01966,0
0.02476,0
0.00534,0
0.00655,0
0.00638,0
0.03593,1
0.07254,1
0.07334,1
0.06973,1
0.07302,1
0.07822,1
0.08975,1
0.12007,0
0.06910,0
0.05595,0
0.05075,0
0.04957,0
0.04057,0
0.04273,0
0.00534,0
0.00655,0
0.00626,0
0.00590,0
0.01308,0
0.02302,0
0.02332,0
0.02636,0
0.02719,0
0.10696,0
0.07386,0
0.04925,0
0.03714,0
0.03926,0
0.03080,0
0.03106,0
0.03040,0
0.03095,0
0.03640,0
0.00534,0
0.00655,0
0.00695,0
0.00586,0
0.01187,0
0.00938,0
0.01313,0
0.02108,0
0.02254,0
0.04912,0
0.03990,0
0.03873,0
0.03987,0
0.04095,0
0.01461,0
0.01250,0
0.00999,0
0.00804,0
0.01576,0
0.02367,0
0.02325,0
0.02254,0
0.02348,0
0.02526,0
0.01461,0
0.01250,0
0.01213,0
0.00958,0
0.01476,0
0.01231,0
0.01624,0
0.05364,0
0.02196,0
0.03332,0
0.03136,0
0.02577,0
0.02293,0
0.02497,0
0.00534,0
0.00655,0
0.00841,0
0.00690,0
0.01254,0
0.01673,0
0.01693,0
0.00534,0
0.01218,0
0.01185,0
0.00910,0
0.01670,0
0.02366,0
0.03733,0
0.03530,0
0.03451,0
0.04029,0
0.11882,0
0.14811,0
0.07506,0
0.04820,0
0.04036,0
0.03707,0
0.03736,0
0.04019,0
0.04585,0
0.05793,0
0.02221,0
0.03468,0
0.03944,0
0.02926,0
0.02563,0
0.02782,0
0.00534,0
0.00655,0
0.00638,0
0.00549,0
0.01167,0
0.01315,0
0.01615,0
0.10169,0
0.04153,0
0.03146,0
0.03205,0
0.03139,0
0.03179,0
0.03916,0
0.00534,0
0.01218,0
0.01144,0
0.00996,0
0.01272,0
0.01825,0
0.02181,0
0.02236,0
0.02035,0
0.02615,0
0.10169,0
0.04153,0
0.03146,0
0.02652,0
0.02683,0
0.02993,0
0.03736,0
0.03091,1
0.04124,1
0.04306,1
0.04228,1
0.03799,1
0.03417,1
0.02884,1
0.02653,1
0.02705,1
0.02930,1
0.02862,1
0.05664,1
0.02351,1
0.03368,1
0.04606,1
0.10794,1
0.10793,1
0.10084,1
0.00534,0
0.01218,0
0.01271,0
0.01139,0
0.07862,1
0.07422,1
0.07045,1
0.06510,1
0.07914,1
0.09816,1
0.13062,1
0.12163,1
0.03091,0
0.04047,0
0.03239,0
0.02209,0
0.01828,0
0.01955,0
0.02621,0
0.10079,0
0.10013,0
0.06827,0
0.05404,0
0.05183,0
0.04094,0
0.03992,0
0.03815,0
0.03881,0
0.04291,0
0.00534,0
0.00655,0
0.00638,0
0.00640,0
0.01217,0
0.01572,0
0.01790,0
0.01768,0
0.01773,0
0.02073,0
0.03453,0
0.05182,0
0.03939,0
0.03407,0
0.02994,0
0.02975,0
0.03267,0
0.01461,0
0.01806,0
0.01531,0
0.01168,0
0.01689,0
0.01968,0
0.02041,0
0.02195,0
0.02087,0
0.02675,0
0.00534,0
0.01218,0
0.06135,0
0.05024,0
0.03976,0
0.04123,0
0.03820,0
0.03737,0
0.03892,0
0.06117,0
0.00534,0
0.01218,0
0.01185,0
0.01013,0
0.01273,0
0.01831,0
0.02084,0
0.02156,0
0.02158,0
0.02470,0
0.00534,0
0.00655,0
0.00695,0
0.00586,0
0.01358,0
0.02326,0
0.02391,0
0.02358,0
0.02537,0
0.02927,0
0.00534,0
0.01218,0
0.01424,0
0.01121,0
0.01761,0
0.02533,0
0.02460,0
0.02515,0
0.02739,0
0.02108,0
0.01501,0
0.01343,0
0.01048,0
0.01649,0
0.02664,0
0.02826,0
0.02832,0
0.02979,0
0.03134,0
0.05574,0
0.02456,0
0.03181,0
0.04792,0
0.05166,0
0.04380,0
0.03721,0
0.03723,0
0.03720,0
0.10696,1
0.07386,1
0.04925,1
0.04502,1
0.04596,1
0.03385,1
0.03224,1
0.04158,1
0.04519,1
0.05106,1
0.03728,0
0.02818,0
0.01519,0
0.02193,0
0.02101,0
0.01901,0
0.02382,0
0.05793,0
0.02221,0
0.03468,0
0.03812,0
0.03062,0
0.03074,0
0.03177,0
0.03728,0
0.02666,0
0.01506,0
0.02181,0
0.02176,0
0.02054,0
0.02340,0
0.03091,0
0.04771,0
0.03806,0
0.02780,0
0.02890,0
0.02907,0
0.03335,0
0.02108,0
0.01501,0
0.01346,0
0.01067,0
0.01543,0
0.01347,0
0.01659,0
0.00534,0
0.01218,0
0.01172,0
0.00985,0
0.01521,0
0.01992,0
0.02223,0
0.02197,0
0.02518,0
0.02108,0
0.01641,0
0.01391,0
0.01147,0
0.01693,0
0.01859,0
0.02342,0
0.02290,0
0.02263,0
0.02842,0
0.00534,0
0.00655,0
0.00655,0
0.00594,0
0.03163,0
0.03803,0
0.04102,0
0.03012,0
0.02795,0
0.03464,0
0.10169,0
0.07149,0
0.04119,0
0.03556,0
0.03478,0
0.03566,0
0.04197,0
0.03091,0
0.04124,0
0.04291,0
0.05962,0
0.05115,0
0.03703,0
0.03499,0
0.03316,0
0.03333,0
0.03453,0
0.05648,0
0.04933,0
0.03730,0
0.03265,0
0.02714,0
0.02773,0
0.02894,0
0.02913,0
0.03078,0
0.00534,0
0.00655,0
0.00626,0
0.00681,0
0.01265,0
0.00931,0
0.01544,0
0.00534,0
0.01218,0
0.01185,0
0.00910,0
0.01451,0
0.01997,0
0.02243,0
0.02156,0
0.02355,0
0.03091,0
0.05254,0
0.04744,0
0.03772,0
0.03057,0
0.02425,0
0.02553,0
0.02387,0
0.02519,0
0.02833,0
0.00534,0
0.00655,0
0.00841,0
0.02641,0
0.02692,0
0.02932,0
0.04051,0
0.04133,0
0.03351,0
0.03837,0
0.00534,0
0.01218,0
0.04256,0
0.03477,0
0.04646,0
0.04565,0
0.04710,0
0.05312,0
0.04793,0
0.04951,0
0.00534,0
0.00655,0
0.00695,0
0.00586,0
0.01187,0
0.01651,0
0.02019,0
0.00534,0
0.06278,0
0.04908,0
0.04165,0
0.03358,0
0.04068,0
0.04615,0
0.05368,0
0.06174,0
0.08385,0
0.06047,0
0.04898,0
0.03738,0
0.03828,0
0.04222,0
0.03964,0
0.03985,0
0.04493,0
0.15001,0
0.12112,0
0.10057,0
0.09687,0
0.09964,0
0.10390,0
0.10337,0
0.07386,0
0.07177,0
0.07315,0
0.05793,0
0.02221,0
0.03273,0
0.04353,0
0.04730,0
0.04351,0
0.03874,0
0.03897,0
0.03917,0
0.06672,0
0.02497,0
0.03304,0
0.04060,0
0.04461,0
0.03826,0
0.03513,0
0.03117,0
0.03012,0
0.03747,0
0.03091,0
0.04047,0
0.04058,0
0.03154,0
0.02388,0
0.02420,0
0.02886,0
0.10169,0
0.04153,0
0.02554,0
0.02545,0
0.02671,0
0.03043,0
0.03902,0
0.01461,0
0.06355,0
0.04276,0
0.05202,0
0.04003,0
0.03445,0
0.03855,0
0.04143,0
0.04698,0
0.06295,0
0.02108,0
0.02254,0
0.01907,0
0.01545,0
0.01983,0
0.02445,0
0.02383,0
0.02442,0
0.02325,0
0.02811,0
0.00534,0
0.00813,0
0.00827,0
0.00739,0
0.01313,0
0.01618,0
0.01582,0
0.01852,0
0.01667,0
0.02265,0
0.08057,0
0.05830,0
0.03457,0
0.03403,0
0.02959,0
0.02954,0
0.03093,0
0.03151,0
0.03348,0
0.03889,0
0.00534,0
0.00655,0
0.00618,0
0.00583,0
0.01664,0
0.01249,0
0.01569,0
0.03453,0
0.04392,0
0.04417,0
0.02884,0
0.02302,0
0.02347,0
0.02876,0
0.00534,0
0.00655,0
0.00655,0
0.00594,0
0.01911,0
0.02226,0
0.03154,0
0.03807,0
0.03209,0
0.03574,0
0.00534,0
0.07514,0
0.05902,0
0.04816,0
0.04221,0
0.03556,0
0.03903,0
0.04121,0
0.04691,0
0.05628,0
0.10696,0
0.07598,0
0.04418,0
0.03613,0
0.02710,0
0.02836,0
0.02964,0
0.03109,0
0.03779,0
0.01461,0
0.01250,0
0.00973,0
0.00837,0
0.01381,0
0.02263,0
0.02255,0
0.02424,0
0.02654,0
0.03728,0
0.02927,0
0.01731,0
0.02773,0
0.03530,0
0.03190,0
0.02944,0
0.02992,0
0.03411,0
0.03718,0
0.05883,0
0.02309,0
0.03391,0
0.03135,0
0.02099,0
0.01908,0
0.02200,0
0.00534,0
0.01218,0
0.01271,0
0.01011,0
0.02110,0
0.02175,0
0.03455,0
0.04355,0
0.03720,0
0.04010,0
0.00534,0
0.01218,0
0.01172,0
0.00884,0
0.01653,0
0.03457,0
0.03248,0
0.03118,0
0.03137,0
0.03305,0
0.02108,0
0.01501,0
0.01501,0
0.01165,0
0.01514,0
0.01404,0
0.01842,0
0.00534,0
0.00655,0
0.05260,0
0.03089,0
0.03416,0
0.03673,0
0.03360,0
0.03714,0
0.03355,0
0.04591,0
0.00534,0
0.00655,0
0.00695,0
0.01368,1
0.03687,1
0.03403,1
0.05206,1
0.07930,1
0.08903,1
0.00534,0
0.00655,0
0.03496,0
0.02761,0
0.03194,0
0.03664,0
0.04821,0
0.04650,0
0.04650,0
0.00534,0
0.00819,0
0.04664,0
0.05134,0
0.03226,0
0.03017,0
0.03193,0
0.03517,0
0.03687,0
0.05680,0
0.00534,0
0.00819,0
0.01001,0
0.00811,0
0.01566,0
0.01917,0
0.03421,0
0.03559,0
0.03831,0
0.03453,0
0.04392,0
0.03064,0
0.02299,0
0.02570,0
0.02696,0
0.03107,0
0.04983,0
0.03538,0
0.01920,0
0.03352,0
0.03719,0
0.02621,0
0.02160,0
0.02150,0
0.02422,0
0.02875,0
0.12715,0
0.05980,0
0.05769,0
0.04342,0
0.04053,0
0.03689,0
0.11109,1
0.08694,1
0.08778,1
0.09092,1
0.09530,1
0.10917,1
0.00534,0
0.00655,0
0.00734,0
0.00638,0
0.01244,0
0.01256,0
0.01241,0
0.00534,0
0.01218,0
0.01424,0
0.01121,0
0.01692,0
0.03122,0
0.04284,0
0.03710,0
0.03632,0
0.04241,0
0.05595,0
0.02262,0
0.03214,0
0.04506,0
0.04703,0
0.04604,0
0.05921,0
0.05600,0
0.05508,0
0.00534,0
0.00655,0
0.00626,0
0.00681,0
0.01265,0
0.01270,0
0.01653,0
0.00534,0
0.01218,0
0.01270,0
0.01086,0
0.01801,0
0.02561,0
0.02437,0
0.02362,0
0.03118,0
0.03902,0
0.00534,0
0.01218,0
0.04494,0
0.04806,0
0.04280,0
0.03493,0
0.03828,0
0.04183,0
0.04657,0
0.06744,0
0.04983,0
0.03485,0
0.01943,0
0.02450,0
0.03322,0
0.03353,0
0.03379,0
0.13756,0
0.13411,0
0.14731,0
0.12116,0
0.09821,0
0.08830,0
0.08158,0
0.07757,0
0.07839,0
0.08459,0
0.00534,0
0.00655,0
0.00618,0
0.00583,0
0.01664,0
0.01208,0
0.01824,0
0.02108,0
0.02254,0
0.08674,0
0.06849,0
0.05355,0
0.05304,0
0.04970,0
0.05141,0
0.05091,0
0.08900,0
0.10079,1
0.07101,1
0.04868,1
0.03801,1
0.03950,1
0.02987,1
0.03974,1
0.04870,1
0.03728,0
0.02927,0
0.01782,0
0.02804,0
0.03575,0
0.03096,0
0.02830,0
0.02587,0
0.03537,0
0.04317,0
0.00534,0
0.00819,0
0.01135,0
0.00999,0
0.01699,0
0.02303,0
0.03079,0
0.02569,0
0.02509,0
0.02861,0
0.00534,0
0.01218,0
0.01172,0
0.02935,0
0.03864,0
0.03703,0
0.04902,0
0.04539,0
0.03676,0
0.04233,0
0.00534,0
0.00655,0
0.00960,0
0.00910,0
0.01587,0
0.01784,0
0.01941,0
0.02412,0
0.02347,0
0.02605,0
0.00534,0
0.00813,0
0.00840,0
0.00703,0
0.01281,0
0.01029,0
0.01289,0
0.03728,0
0.02565,0
0.01418,0
0.02701,0
0.03141,0
0.02689,0
0.02503,0
0.02391,0
0.02920,0
0.03250,0
0.03728,0
0.08789,0
0.08385,0
0.06334,0
0.06878,0
0.05012,0
0.05491,0
0.00534,0
0.00655,0
0.00618,0
0.00674,0
0.01380,0
0.01953,0
0.02305,0
0.02528,0
0.02722,0
0.00534,0
0.00813,0
0.00840,0
0.00795,0
0.01568,0
0.02611,0
0.03241,0
0.02844,0
0.02994,0
0.03151,0
0.00534,0
0.00655,0
0.00734,0
0.00638,0
0.01213,0
0.01334,0
0.01859,0
0.01884,0
0.01887,0
0.02195,0
0.08057,0
0.05724,0
0.03907,0
0.03933,0
0.03294,0
0.02902,0
0.02922,0
0.02928,0
0.03173,0
0.03748,0
0.11984,0
0.18855,1
0.15458,1
0.19099,1
0.15167,1
0.13683,1
0.12990,1
0.12168,1
0.11963,1
0.12570,1
0.01461,0
0.01250,0
0.00985,0
0.00844,0
0.01403,0
0.01163,0
0.01480,0
0.00534,0
0.00813,0
0.01025,0
0.00848,0
0.01406,0
0.01110,0
0.01792,0
0.00534,0
0.00819,0
0.00916,0
0.00763,0
0.01322,0
0.00965,0
0.01547,0
0.00534,0
0.01218,0
0.01185,0
0.00910,0
0.01451,0
0.02275,0
0.02300,0
0.02233,0
0.02162,0
0.02477,0
0.00534,0
0.00819,0
0.00888,0
0.00757,0
0.01800,0
0.01321,0
0.01619,0
0.00534,0
0.00819,0
0.01002,0
0.00907,0
0.03325,0
0.04444,0
0.04974,0
0.03404,0
0.03240,0
0.03656,0
0.00534,0
0.00655,0
0.00655,0
0.00686,0
0.01262,0
0.01589,0
0.01801,0
0.01784,0
0.01662,0
0.02009,0
0.01461,0
0.01806,0
0.04784,0
0.04989,0
0.05571,0
0.06834,0
0.06822,0
0.06982,0
0.07251,0
0.08378,0
0.00534,0
0.01218,0
0.01160,0
0.02995,1
0.03861,1
0.04042,1
0.04700,1
0.05028,1
0.06123,1
0.09165,1
0.12347,1
0.12991,1
0.00534,0
0.01218,0
0.01172,0
0.00884,0
0.01653,0
0.02655,0
0.03335,0
0.02825,0
0.03591,0
0.04623,0
0.00534,0
0.01218,0
0.01172,0
0.03752,0
0.03033,0
0.02780,0
0.03123,0
0.03809,0
0.03657,0
0.04296,0
0.06672,0
0.02786,0
0.03537,0
0.04490,0
0.06225,0
0.04868,0
0.03977,0
0.03602,0
0.03651,0
0.04473,0
0.03091,0
0.04047,0
0.02889,0
0.02687,0
0.02152,0
0.02315,0
0.04624,0
0.03510,0
0.02915,0
0.01678,0
0.02313,0
0.02500,0
0.02230,0
0.02661,0
0.05793,0
0.02221,0
0.03566,0
0.03419,0
0.03405,0
0.02886,0
0.02380,0
0.02234,0
0.02293,0
0.03165,0
0.15617,0
0.16441,0
0.08144,0
0.05339,0
0.04901,0
0.04443,0
0.04217,0
0.04451,0
0.04983,0
0.03728,0
0.02818,0
0.01519,0
0.02401,0
0.02818,0
0.02306,0
0.01977,0
0.01921,0
0.02330,0
0.03167,0
0.12943,1
0.12857,1
0.11761,1
0.14681,1
0.14864,1
0.14098,1
0.13308,1
0.12833,1
0.13056,1
0.02108,0
0.01501,0
0.01343,0
0.01159,0
0.01530,0
0.01342,0
0.02162,0
0.00534,0
0.08168,0
0.05595,0
0.05996,0
0.07239,0
0.07120,0
0.08031,0
0.08407,0
0.08947,0
0.08057,0
0.05830,0
0.03115,0
0.03397,0
0.02906,0
0.02583,0
0.02635,0
0.02616,0
0.02979,0
0.03583,0
0.00534,0
0.01218,0
0.05301,0
0.05422,0
0.03478,0
0.03023,0
0.03101,0
0.03426,0
0.03847,0
0.05547,0
0.10169,0
0.04153,0
0.02410,0
0.02182,0
0.02384,0
0.02639,0
0.03467,0
0.11126,0
0.07922,0
0.08472,0
0.07696,0
0.07880,0
0.07763,0
0.07723,0
0.07715,0
0.07856,0
0.10169,0
0.04153,0
0.03146,0
0.02652,0
0.02812,0
0.03213,0
0.03944,0
0.11882,0
0.14811,0
0.07366,0
0.04868,0
0.04139,0
0.03828,0
0.03705,0
0.04019,0
0.04699,0
0.01461,0
0.01250,0
0.01213,0
0.00958,0
0.01476,0
0.01207,0
0.01833,0
0.11134,0
0.07790,0
0.05706,0
0.05132,0
0.04918,0
0.03783,0
0.04006,0
0.00534,0
0.00655,0
0.00841,0
0.03456,0
0.02420,0
0.02476,0
0.02854,0
0.03253,0
0.03196,0
0.04635,0
0.00534,0
0.00819,0
0.03608,0
0.04209,0
0.04838,0
0.04678,0
0.04577,0
0.05338,0
0.07245,0
0.00534,0
0.01218,0
0.01144,0
0.00886,0
0.01449,0
0.01102,0
0.01684,0
0.00534,0
0.01218,0
0.01172,0
0.00884,0
0.01433,0
0.02087,0
0.02960,0
0.02805,0
0.02842,0
0.02991,0
0.01461,0
0.01250,0
0.00985,0
0.00936,0
0.01470,0
0.01687,0
0.01655,0
0.05793,0
0.02221,0
0.03566,0
0.03514,0
0.03649,0
0.03074,0
0.02480,0
0.02342,0
0.02348,0
0.02842,0
0.05595,0
0.02262,0
0.03412,0
0.02304,0
0.03318,1
0.04396,1
0.05531,1
0.05871,1
0.06127,1
0.07299,1
0.04983,0
0.03485,0
0.01943,0
0.02450,0
0.02486,0
0.02850,0
0.03264,0
0.01461,0
0.01250,0
0.00999,0
0.02340,0
0.02891,0
0.02918,0
0.04158,0
0.04365,0
0.03302,0
0.03801,0
0.00534,0
0.00655,0
0.00626,0
0.03050,0
0.02384,0
0.07233,1
0.06255,1
0.06922,1
0.07547,1
0.09589,1
0.11222,1
0.14935,1
0.00534,0
0.00655,0
0.00741,0
0.00734,0
0.01755,0
0.01319,0
0.01624,0
0.02600,1
0.03780,1
0.05232,1
0.00534,0
0.01218,0
0.01185,0
0.04204,0
0.05487,0
0.06408,0
0.06445,0
0.07928,0
0.08412,0
0.02108,0
0.01501,0
0.01254,0
0.01108,0
0.01760,0
0.02848,0
0.02809,0
0.02593,0
0.02889,0
0.00534,0
0.01218,0
0.01185,0
0.00910,0
0.01479,0
0.03880,1
0.04038,1
0.04281,1
0.03859,1
0.03932,1
0.01461,0
0.01403,0
0.01201,0
0.00996,0
0.01521,0
0.01138,0
0.01696,0
0.13893,1
0.09040,1
0.07616,1
0.05989,1
0.05722,1
0.05059,1
0.04691,1
0.05215,1
0.05454,1
0.05679,1
0.00534,0
0.05349,0
0.03741,0
0.04109,0
0.03146,0
0.03221,0
0.03673,0
0.03973,0
0.04621,0
0.06245,0
0.12007,0
0.07899,0
0.05725,0
0.05214,0
0.04846,0
0.03741,0
0.04049,0
0.01461,0
0.01250,0
0.01012,0
0.00849,0
0.01388,0
0.02201,0
0.02197,0
0.02229,0
0.02301,0
0.02551,0
0.00534,0
0.00655,0
0.00841,0
0.00690,0
0.01371,0
0.01645,0
0.01914,0
0.02405,0
0.02285,0
0.02741,0
0.03728,1
0.03222,1
0.01891,1
0.02440,1
0.03492,1
0.04147,1
0.05330,1
0.05364,0
0.02196,0
0.03346,0
0.03596,0
0.03332,0
0.02675,0
0.02153,0
0.02044,0
0.02216,0
0.02724,0
0.00534,0
0.05349,0
0.03741,0
0.04842,0
0.03713,0
0.03509,0
0.03907,0
0.04149,0
0.04742,0
0.05589,0
0.00534,0
0.00655,0
0.00626,0
0.06295,0
0.04817,0
0.04172,0
0.04441,0
0.04979,0
0.05307,0
0.09050,0
0.00534,0
0.00655,0
0.00626,0
0.00590,0
0.01201,0
0.01208,0
0.01202,0
0.00534,0
0.00655,0
0.00741,0
0.00643,0
0.01242,0
0.00881,0
0.01487,0
0.20633,0
0.10211,0
0.06742,0
0.05709,0
0.05028,0
0.03918,0
0.04095,0
0.10696,0
0.06279,0
0.07132,0
0.04536,0
0.04911,0
0.06386,0
0.06221,0
0.06099,0
0.06165,0
0.06654,0
0.05664,0
0.02210,0
0.03039,0
0.04164,0
0.03756,0
0.03373,0
0.02901,0
0.02627,0
0.02619,0
0.03417,0
0.11913,0
0.06888,0
0.06818,0
0.06645,0
0.05575,0
0.04801,0
0.04601,0
0.08057,0
0.06012,0
0.03058,0
0.03105,0
0.02690,0
0.02376,0
0.02435,0
0.02484,0
0.02766,0
0.03315,0
0.00534,0
0.00655,0
0.00638,0
0.03394,0
0.02461,0
0.02374,0
0.02759,0
0.03595,0
0.03545,0
0.04491,0
0.04983,0
0.03591,0
0.02008,0
0.02596,0
0.03777,0
0.03197,0
0.03263,0
0.00534,0
0.00655,0
0.00695,0
0.00586,0
0.01187,0
0.00938,0
0.01313,0
0.06672,0
0.02497,0
0.03396,0
0.04280,0
0.04292,0
0.04076,0
0.03516,0
0.03138,0
0.03101,0
0.03831,0
0.00534,0
0.00655,0
0.00655,0
0.00594,0
0.01668,0
0.02109,0
0.02352,0
0.11913,0
0.06576,0
0.06960,0
0.06075,0
0.05749,0
0.04755,0
0.03952,0
0.03611,0
0.03508,0
0.04254,0
0.00534,0
0.04108,1
0.03441,1
0.04267,1
0.05085,1
0.05609,1
0.05765,1
0.03728,0
0.02666,0
0.01506,0
0.02181,0
0.03264,0
0.03209,0
0.03195,0
0.03664,0
0.03090,0
0.01918,0
0.03321,0
0.03707,0
0.02702,0
0.02153,0
0.01969,0
0.02239,0
0.02997,0
0.01461,0
0.01806,0
0.01491,0
0.01242,0
0.01701,0
0.01994,0
0.02236,0
0.01461,0
0.01393,0
0.01253,0
0.01109,0
0.01824,0
0.02711,0
0.04452,0
0.06101,0
0.06532,0
0.06635,0
0.00534,0
0.00655,0
0.00638,0
0.00549,0
0.01363,0
0.01760,0
0.01997,0
0.02462,0
0.02588,0
0.00534,0
0.00655,0
0.00734,0
0.00729,0
0.01432,0
0.01985,0
0.02322,0
0.02557,0
0.02750,0
0.00534,0
0.01218,0
0.01424,0
0.01234,0
0.01659,0
0.02031,0
0.02362,0
0.00534,0
0.00655,0
0.00618,0
0.00674,0
0.01263,0
0.01572,0
0.01565,0
0.01664,0
0.01705,0
0.02264,0
0.01461,0
0.01250,0
0.01099,0
0.01519,1
0.08043,1
0.07759,1
0.06782,1
0.07501,1
0.08403,1
0.07844,1
0.10472,1
0.00534,0
0.01218,0
0.01172,0
0.00985,0
0.02857,0
0.03818,0
0.03547,0
0.06432,0
0.07335,0
0.05664,0
0.02210,0
0.02545,0
0.04370,0
0.04709,0
0.04025,0
0.03802,0
0.03646,0
0.03705,0
0.15001,0
0.13561,0
0.13514,0
0.15525,0
0.10048,0
0.07727,0
0.06459,0
0.06130,0
0.06468,0
0.06648,0
0.00534,0
0.00655,0
0.00638,0
0.00640,0
0.00997,0
0.01550,0
0.01783,0
0.01962,0
0.02012,0
0.02568,0
0.06672,0
0.02497,0
0.03719,0
0.03503,0
0.03455,0
0.02817,0
0.02349,0
0.02214,0
0.02373,0
0.02878,0
0.10169,0
0.04153,0
0.02410,0
0.02182,0
0.02384,0
0.02593,0
0.03530,0
0.05266,1
0.04942,1
0.04600,1
0.04977,1
0.05180,1
0.03988,1
0.04560,1
0.05113,1
0.05784,1
0.10696,0
0.07386,0
0.04925,0
0.04261,0
0.04809,0
0.03774,0
0.03625,0
0.03593,0
0.03650,0
0.04098,0
0.01461,0
0.01806,0
0.06409,0
0.06791,0
0.05511,0
0.05461,0
0.05092,0
0.04906,0
0.05162,0
0.06615,0
0.03453,0
0.04004,0
0.04395,0
0.04029,0
0.03995,0
0.03878,0
0.03441,0
0.03202,0
0.03246,0
0.03420,0
0.00534,0
0.01218,0
0.01160,0
0.01017,0
0.01520,0
0.01766,0
0.02005,0
0.10079,0
0.06614,0
0.04693,0
0.03733,0
0.04126,0
0.02995,0
0.02861,0
0.02805,0
0.02914,0
0.03468,0
0.02108,0
0.01501,0
0.01346,0
0.01160,0
0.01629,0
0.02340,0
0.02512,0
0.02416,0
0.02768,0
0.05364,1
0.02356,1
0.04424,1
0.05209,1
0.07440,1
0.05237,1
0.05304,1
0.01461,0
0.01250,0
0.00985,0
0.00936,0
0.01463,0
0.01560,0
0.02038,0
0.02023,0
0.02033,0
0.02649,0
0.02108,0
0.01501,0
0.01254,0
0.01013,0
0.02200,0
0.02357,0
0.03221,0
0.03442,0
0.04704,0
0.06910,0
0.03728,0
0.02565,0
0.01491,0
0.02236,0
0.02322,0
0.02408,0
0.02908,0
0.00534,0
0.00655,0
0.00655,0
0.00594,0
0.01177,0
0.01322,0
0.01434,0
0.01664,0
0.01694,0
0.02252,0
0.12715,0
0.05512,0
0.04944,0
0.03629,0
0.03582,0
0.03272,0
0.03157,0
0.03335,0
0.03758,0
0.05322,0
0.00534,0
0.04969,0
0.06741,0
0.04092,0
0.03125,0
0.02689,0
0.03146,0
0.03470,0
0.04053,0
0.05093,0
0.00534,0
0.00819,0
0.00980,0
0.00784,0
0.01371,0
0.00996,0
0.01679,0
0.00534,0
0.01218,0
0.01144,0
0.00886,0
0.01660,0
0.03475,0
0.03301,0
0.03116,0
0.03162,0
0.03207,0
0.00534,0
0.00655,0
0.04145,0
0.05116,0
0.06229,0
0.07001,0
0.09041,0
0.00534,0
0.01218,0
0.01160,0
0.00902,0
0.01459,0
0.01467,0
0.01697,0
0.00534,0
0.00819,0
0.00905,0
0.00723,0
0.03246,0
0.04311,0
0.04942,0
0.03324,0
0.03096,0
0.03466,0
0.00534,0
0.00819,0
0.00916,0
0.00763,0
0.01312,0
0.01866,0
0.02152,0
0.02364,0
0.02450,0
0.01461,0
0.01806,0
0.04784,0
0.04939,0
0.05098,0
0.04134,0
0.04409,0
0.04680,0
0.05068,0
0.06358,0
0.02108,0
0.02254,0
0.02168,0
0.01784,0
0.03619,0
0.04396,0
0.05042,0
0.04687,0
0.05214,0
0.06130,0
0.03091,0
0.04124,0
0.05465,0
0.08066,0
0.07214,0
0.05119,0
0.04206,0
0.03812,0
0.03672,0
0.03888,0
0.03453,1
0.04392,1
0.05493,1
0.09347,1
0.08886,1
0.08312,1
0.08245,1
0.11126,0
0.09901,0
0.09353,0
0.09205,0
0.09775,0
0.10458,0
0.12171,0
0.00534,0
0.00655,0
0.00695,0
0.00586,0
0.01187,0
0.01651,0
0.02019,0
0.09852,0
0.08050,0
0.05316,0
0.03939,0
0.03717,0
0.03046,0
0.03231,0
0.03169,0
0.03191,0
0.03744,0
0.03728,0
0.02666,0
0.01506,0
0.02181,0
0.02093,0
0.02197,0
0.02598,0
0.01461,0
0.01806,0
0.01630,0
0.01401,0
0.02012,0
0.02315,0
0.02534,0
0.02878,0
0.02957,0
0.00534,0
0.00813,0
0.00815,0
0.00732,0
0.01295,0
0.02436,0
0.04326,0
0.03268,0
0.03373,0
0.03565,0
0.05364,0
0.02356,0
0.03406,0
0.03749,0
0.02740,0
0.02840,0
0.03007,0
0.00534,0
0.00655,0
0.04614,1
0.04975,1
0.04683,1
0.03453,0
0.03760,0
0.03721,0
0.03712,0
0.03310,0
0.02551,0
0.02520,0
0.02492,0
0.02582,0
0.02945,0
0.01461,0
0.01250,0
0.01065,0
0.00855,0
0.01409,0
0.01042,0
0.01856,0
0.03091,0
0.04705,0
0.04411,0
0.04266,0
0.03738,0
0.03873,0
0.03561,0
0.03466,0
0.03477,0
0.03747,0
0.08057,0
0.05830,0
0.03596,0
0.03435,0
0.02965,0
0.02617,0
0.02675,0
0.02722,0
0.02891,0
0.03486,0
0.02108,0
0.01501,0
0.01254,0
0.04839,0
0.04145,0
0.03853,0
0.04069,0
0.04366,0
0.04479,0
0.06418,0
0.01461,0
0.01250,0
0.01065,0
0.00855,0
0.01496,0
0.02402,0
0.02748,0
0.04076,1
0.05199,1
0.08993,1
0.10545,1
0.10475,1
0.10617,1
0.03091,0
0.04705,0
0.04659,0
0.05889,0
0.04835,0
0.03618,0
0.03317,0
0.03166,0
0.03245,0
0.00534,0
0.00655,0
0.00638,0
0.00640,0
0.01232,0
0.00985,0
0.01672,0
0.00534,0
0.00819,0
0.00980,0
0.00784,0
0.01371,0
0.01095,0
0.01723,0
0.03091,0
0.04047,0
0.04251,0
0.03371,0
0.02606,0
0.02605,0
0.02983,0
0.10169,0
0.04473,0
0.02776,0
0.02724,0
0.03000,0
0.03235,0
0.03968,0
0.06389,1
0.07589,1
0.07813,1
0.08083,1
0.08876,1
0.10285,1
0.11372,1
0.08211,1
0.08080,1
0.08564,1
0.09485,1
0.03664,0
0.03013,0
0.01764,0
0.03202,0
0.03247,0
0.02359,0
0.01862,0
0.01762,0
0.02154,0
0.02974,0
0.00534,0
0.00655,0
0.00734,0
0.03174,0
0.02477,0
0.02823,0
0.03105,0
0.03845,0
0.03587,0
0.04408,0
0.00534,0
0.00655,0
0.00841,0
0.00690,0
0.01254,0
0.00937,0
0.01311,0
0.00534,0
0.01150,1
0.01401,1
0.01194,1
0.01679,1
0.02525,1
0.02502,1
0.02713,1
0.02964,1
0.05883,0
0.02309,0
0.07186,1
0.06507,1
0.07431,1
0.07124,1
0.06836,1
0.06577,1
0.06585,1
0.00534,0
0.01218,0
0.01271,0
0.01011,0
0.01960,0
0.01484,0
0.01823,0
0.02108,0
0.04727,1
0.06157,1
0.08726,1
0.07498,1
0.06416,1
0.08012,1
0.08509,1
0.08507,1
0.08586,1
0.00534,0
0.00655,0
0.00638,0
0.00640,0
0.00921,0
0.01660,0
0.02034,0
0.02160,0
0.01925,0
0.02571,0
0.01461,0
0.01806,0
0.07474,0
0.10345,0
0.09186,0
0.07614,0
0.07396,0
0.07355,0
0.07709,0
0.09824,0
0.05883,0
0.02309,0
0.03391,0
0.02259,0
0.01774,0
0.01817,0
0.02237,0
0.01461,0
0.06821,0
0.04472,0
0.05361,0
0.05803,0
0.04818,0
0.05084,0
0.00534,0
0.00819,0
0.00874,0
0.00750,0
0.01310,0
0.01544,0
0.01823,0
0.01461,0
0.01393,0
0.01245,0
0.02840,0
0.02479,0
0.02953,0
0.03029,0
0.03089,0
0.06213,0
0.09229,0
0.10079,0
0.07373,0
0.07015,0
0.05971,0
0.04722,0
0.04793,0
0.04689,0
0.05707,0
0.06241,0
0.00534,0
0.06315,0
0.04786,0
0.03968,0
0.03598,0
0.02875,0
0.03345,0
0.03797,0
0.04469,0
0.05293,0
0.00534,0
0.01218,0
0.01172,0
0.00985,0
0.01541,0
0.01868,0
0.01927,0
0.01902,0
0.01903,0
0.02214,0
0.13940,0
0.08675,0
0.05125,0
0.04958,0
0.03324,0
0.02947,0
0.02807,0
0.03023,0
0.03307,0
0.04224,0
0.00534,0
0.01218,0
0.01144,0
0.00886,0
0.01446,0
0.02303,0
0.02279,0
0.02114,0
0.02463,0
0.03091,0
0.04047,0
0.04676,0
0.03007,0
0.02353,0
0.02374,0
0.02643,0
0.03453,0
0.04392,0
0.03046,0
0.02067,0
0.01733,0
0.01953,0
0.02528,0
0.00534,0
0.00655,0
0.00638,0
0.00640,0
0.01232,0
0.01565,0
0.01876,0
0.15617,0
0.16441,0
0.09419,0
0.10417,0
0.08760,0
0.07867,0
0.07495,0
0.07325,0
0.07736,0
0.03453,0
0.04358,0
0.05315,0
0.08746,0
0.07146,0
0.04796,0
0.03879,0
0.03515,0
0.03423,0
0.03765,0
0.10696,0
0.07598,0
0.04418,0
0.03790,0
0.02944,0
0.02914,0
0.02909,0
0.03178,0
0.03895,0
0.03453,0
0.05648,0
0.04933,0
0.03566,0
0.03069,0
0.02490,0
0.02282,0
0.02198,0
0.02321,0
0.02717,0
0.12715,1
0.11603,1
0.12179,1
0.13387,1
0.12251,1
0.14854,1
0.13682,1
0.13251,1
0.13872,1
0.17077,1
0.00534,0
0.00655,0
0.00734,0
0.00729,0
0.01307,0
0.00937,0
0.01542,0
0.00534,0
0.00655,0
0.00626,0
0.00590,0
0.01201,0
0.01512,0
0.01828,0
0.03091,0
0.04047,0
0.02930,0
0.02124,0
0.01819,0
0.01975,0
0.02519,0
0.00534,0
0.00655,0
0.00695,0
0.00586,0
0.01187,0
0.00868,0
0.01583,0
0.05475,0
0.05410,0
0.03317,0
0.03339,0
0.02833,0
0.02846,0
0.02905,0
0.02900,0
0.03052,0
0.03600,0
0.00534,0
0.07533,0
0.07856,0
0.05353,0
0.04402,0
0.03475,0
0.03662,0
0.03783,0
0.04370,0
0.05362,0
0.00534,0
0.00655,0
0.00626,0
0.00590,0
0.02659,0
0.04002,0
0.04665,0
0.02911,0
0.02692,0
0.03288,0
0.00534,0
0.00655,0
0.00655,0
0.00594,0
0.01307,0
0.02332,0
0.02350,0
0.02516,0
0.02726,0
0.00534,0
0.00819,0
0.00905,0
0.00723,0
0.01765,0
0.02207,0
0.02126,0
0.05664,0
0.02351,0
0.02665,0
0.03700,0
0.03708,0
0.03105,0
0.03246,0
0.03061,0
0.02986,0
0.03821,0
0.00534,0
0.01218,0
0.01270,0
0.01086,0
0.01574,0
0.01689,0
0.01635,0
0.03091,0
0.03588,0
0.04346,0
0.03405,0
0.03081,0
0.02393,0
0.02649,0
0.02668,0
0.02742,0
0.02949,0
0.00534,0
0.01218,0
0.01160,0
0.01017,0
0.01742,0
0.03528,0
0.03353,0
0.03174,0
0.03290,0
0.03454,0
0.00534,0
0.08168,0
0.05595,0
0.04575,0
0.03477,0
0.04292,0
0.04839,0
0.05515,0
0.06300,0
0.05883,1
0.02466,1
0.02783,1
0.03761,1
0.03871,1
0.03211,1
0.02828,1
0.03905,1
0.05550,1
0.03453,0
0.04392,0
0.03065,0
0.02738,0
0.02273,0
0.02437,0
0.02901,0
0.00534,0
0.00655,0
0.00695,0
0.00586,0
0.01187,0
0.01651,0
0.02019,0
0.03453,0
0.03760,0
0.04608,0
0.04021,0
0.03418,0
0.02728,0
0.02560,0
0.02587,0
0.02683,0
0.02895,0
0.03091,0
0.04705,0
0.05464,0
0.09599,0
0.08134,0
0.05675,0
0.04848,0
0.04417,0
0.04287,0
0.04413,0
0.00534,0
0.00655,0
0.00695,0
0.00586,0
0.01187,0
0.00868,0
0.01583,0
0.09435,0
0.16955,0
0.13564,0
0.07292,0
0.05330,0
0.04677,0
0.04301,0
0.04234,0
0.04471,0
0.05400,0
0.02108,0
0.01501,0
0.01218,0
0.01101,0
0.03814,0
0.04884,0
0.05301,0
0.03609,0
0.03195,0
0.03616,0
0.03091,1
0.05430,1
0.07571,1
0.11119,1
0.09436,1
0.06624,1
0.05545,1
0.05265,1
0.06853,1
0.06934,1
0.00534,0
0.04221,1
0.03641,1
0.04628,1
0.05353,1
0.07661,1
0.09854,1
0.10552,1
0.10882,1
0.00534,0
0.00655,0
0.03705,0
0.04849,0
0.04177,0
0.03278,0
0.03731,0
0.04190,0
0.04641,0
0.05995,0
0.00534,0
0.00655,0
0.00638,0
0.00549,0
0.01167,0
0.00860,0
0.01603,0
0.04983,0
0.03485,0
0.02014,0
0.03013,0
0.04073,0
0.06922,0
0.06311,1
0.06105,1
0.07331,1
0.07311,1
0.05664,0
0.02210,0
0.03273,0
0.02312,0
0.01893,0
0.01965,0
0.02389,0
0.03453,1
0.04358,1
0.05277,1
0.05522,1
0.05120,1
0.06352,1
0.06641,1
0.06539,1
0.09694,1
0.10110,1
0.05793,0
0.02221,0
0.03468,0
0.03343,0
0.02970,0
0.02557,0
0.02728,0
0.02108,0
0.01769,0
0.01849,0
0.01387,0
0.01755,0
0.01495,0
0.02141,0
0.05664,0
0.02351,0
0.03137,0
0.04169,0
0.03982,0
0.03380,0
0.02822,0
0.02645,0
0.02663,0
0.03502,0
0.00534,0
0.00819,0
0.00916,0
0.00856,0
0.03310,0
0.04453,0
0.05076,0
0.03302,0
0.02950,0
0.03086,0
0.02108,0
0.01501,0
0.05420,0
0.03391,0
0.03461,0
0.03690,0
0.03337,0
0.03585,0
0.03262,0
0.04519,0
0.04983,0
0.16387,0
0.11809,0
0.09452,0
0.07529,0
0.07676,0
0.07952,0
0.07905,0
0.07550,0
0.07561,0
0.03091,0
0.04705,0
0.04411,0
0.04078,0
0.03563,0
0.03925,0
0.05032,0
0.04898,0
0.04831,0
0.05005,0
0.00534,0
0.05349,0
0.03741,0
0.04294,0
0.03317,0
0.03253,0
0.03688,0
0.03947,0
0.04562,0
0.05653,0
0.05364,0
0.02356,0
0.03237,0
0.03735,0
0.05682,0
0.04078,0
0.03259,0
0.02998,0
0.02991,0
0.03910,0
0.00534,0
0.01218,0
0.01185,0
0.01013,0
0.01515,0
0.01184,0
0.01749,0
0.00534,0
0.01218,0
0.01424,0
0.01121,0
0.01761,0
0.02493,0
0.03764,0
0.03692,0
0.03954,0
0.05085,0
0.00534,0
0.00655,0
0.00695,0
0.00705,0
0.01275,0
0.01672,0
0.02089,0
0.00534,0
0.01218,0
0.04030,0
0.03378,0
0.03433,0
0.03124,0
0.03262,0
0.05475,0
0.05165,0
0.03484,0
0.03458,0
0.02935,0
0.02629,0
0.02874,0
0.02964,0
0.03155,0
0.03765,0
0.03453,0
0.05017,0
0.05621,0
0.06425,0
0.05194,0
0.03871,0
0.03512,0
0.03403,0
0.03547,0
0.05883,0
0.02309,0
0.03708,1
0.06098,1
0.08954,1
0.07885,1
0.07247,1
0.06676,1
0.06435,1
0.04983,0
0.03538,0
0.01920,0
0.02449,0
0.02277,0
0.02060,0
0.02397,0
0.03453,0
0.04358,0
0.04444,0
0.04247,0
0.03749,0
0.04069,0
0.03598,0
0.03330,0
0.03331,0
0.03610,0
0.00534,0
0.00819,0
0.00980,0
0.00902,0
0.01432,0
0.02317,0
0.03850,0
0.03573,0
0.03527,0
0.04738,0
0.00534,0
0.00655,0
0.00618,0
0.00674,0
0.01263,0
0.01403,0
0.01631,0
0.01931,0
0.01902,0
0.02435,0
0.09852,0
0.08050,0
0.05316,0
0.03939,0
0.04117,0
0.03013,0
0.03007,0
0.03028,0
0.03142,0
0.03674,0
0.02108,0
0.01501,0
0.01218,0
0.06409,0
0.05256,0
0.04184,0
0.04414,0
0.04932,0
0.05027,0
0.08837,0
0.03728,0
0.03222,0
0.01834,0
0.02871,0
0.03610,0
0.03416,0
0.03122,0
0.02855,0
0.02888,0
0.03224,0
0.11984,0
0.08642,0
0.04913,0
0.06538,0
0.06659,0
0.06265,0
0.05869,0
0.05599,0
0.05905,0
0.06641,0
0.00534,0
0.00655,0
0.00655,0
0.00594,0
0.01196,0
0.01330,0
0.01334,0
0.02108,0
0.01501,0
0.01218,0
0.01007,0
0.02752,0
0.02661,0
0.03479,0
0.03618,0
0.04803,0
0.06535,0
0.00534,0
0.00655,0
0.03957,0
0.04235,0
0.04708,0
0.03918,0
0.04401,0
0.04693,0
0.05250,0
0.06542,0
0.00534,0
0.00655,0
0.00618,0
0.00674,0
0.01255,0
0.02099,0
0.02108,0
0.02279,0
0.02479,0
0.00534,0
0.00655,0
0.00655,0
0.00594,0
0.01172,0
0.02027,0
0.02132,0
0.02456,0
0.02574,0
0.02664,0
0.03728,0
0.03222,0
0.01834,0
0.02871,0
0.04233,0
0.05695,0
0.05131,0
0.04527,0
0.05399,0
0.00534,0
0.00655,0
0.00638,0
0.00549,0
0.01363,0
0.02194,0
0.02168,0
0.02114,0
0.02074,0
0.02406,0
0.00534,0
0.00655,0
0.00626,0
0.00681,0
0.01277,0
0.01577,0
0.01787,0
0.02213,0
0.02018,0
0.02339,0
0.03453,0
0.04392,0
0.03046,0
0.02589,0
0.02102,0
0.02225,0
0.02459,0
0.02108,0
0.01501,0
0.01256,0
0.01074,0
0.01665,0
0.02168,0
0.02161,0
0.02082,0
0.02071,0
0.02585,0
0.00534,0
0.00819,0
0.01135,0
0.03261,0
0.02756,0
0.03184,0
0.02975,0
0.03223,0
0.04615,0
0.05270,0
0.00534,0
0.00655,0
0.00695,0
0.00586,0
0.01292,0
0.02172,0
0.03712,0
0.05310,0
0.06159,0
0.07936,0
0.20592,0
0.16026,0
0.14953,0
0.14834,0
0.13404,0
0.12257,0
0.11903,0
0.12090,0
0.12359,0
0.14046,0
0.01461,0
0.01250,0
0.00985,0
0.00844,0
0.01375,0
0.01672,0
0.01662,0
0.01926,0
0.01861,0
0.02390,0
0.00534,0
0.00655,0
0.00618,0
0.03733,1
0.04707,1
0.05736,1
0.06935,1
0.00534,0
0.00655,0
0.05260,0
0.03089,0
0.03416,0
0.03596,0
0.03231,0
0.03570,0
0.03412,0
0.04367,0
0.00534,0
0.01218,0
0.01172,0
0.03752,0
0.02841,0
0.02695,0
0.03025,0
0.03801,0
0.03558,0
0.04980,0
0.00534,0
0.00655,0
0.00741,0
0.00734,0
0.01295,0
0.02970,0
0.04701,0
0.03410,0
0.03451,0
0.03872,0
0.05793,0
0.09934,1
0.10726,1
0.08435,1
0.07372,1
0.06523,1
0.05927,1
0.05414,1
0.05202,1
0.00534,0
0.01218,0
0.01172,0
0.00884,0
0.01653,0
0.02552,0
0.02493,0
0.02502,0
0.02590,0
0.02663,0
0.01461,0
0.01250,0
0.00973,0
0.00837,0
0.01884,0
0.01429,0
0.02020,0
0.12715,0
0.06149,0
0.04964,0
0.03978,0
0.03409,0
0.03371,0
0.03428,0
0.03715,0
0.04122,0
0.05712,0
0.00534,0
0.00655,0
0.03496,0
0.02905,0
0.03333,0
0.03410,0
0.03465,0
0.03501,0
0.03674,0
0.02108,0
0.01501,0
0.01254,0
0.01013,0
0.01490,0
0.01772,0
0.02050,0
0.03091,0
0.05254,0
0.04744,0
0.03621,0
0.03181,0
0.02636,0
0.02379,0
0.02275,0
0.02446,0
0.02764,0
0.00534,0
0.00819,0
0.00980,0
0.00784,0
0.01126,0
0.01786,0
0.01970,0
0.02286,0
0.02148,0
0.02414,0
0.00534,0
0.01218,0
0.01270,0
0.01086,0
0.01574,0
0.01582,0
0.01904,0
0.00534,0
0.01218,0
0.05137,0
0.03351,0
0.03470,0
0.03658,0
0.03330,0
0.03576,0
0.03341,0
0.04234,0
0.00534,0
0.00655,0
0.00618,0
0.00674,0
0.01263,0
0.01572,0
0.01793,0
0.01951,0
0.01893,0
0.02399,0
0.03091,0
0.04705,0
0.05594,0
0.06442,0
0.05123,0
0.03702,0
0.03608,0
0.03381,0
0.03524,0
0.10169,0
0.04252,0
0.02748,0
0.02747,0
0.03040,0
0.03230,0
0.03982,0
0.10169,0
0.04153,0
0.02410,0
0.02453,0
0.02743,0
0.03027,0
0.03913,0
0.00534,0
0.00655,0
0.03974,0
0.05267,0
0.06394,0
0.07391,0
0.12323,0
0.00534,0
0.00655,0
0.00841,0
0.00690,0
0.02725,0
0.02465,0
0.03247,0
0.04418,0
0.07477,0
0.10578,0
0.00534,0
0.01218,0
0.01172,0
0.00985,0
0.01669,0
0.02284,0
0.02576,0
0.03919,1
0.01461,0
0.01250,0
0.04088,1
0.04852,1
0.05227,1
0.07137,1
0.08361,1
0.08535,1
0.09077,1
0.09164,1
0.10696,0
0.07598,0
0.04418,0
0.03544,0
0.02831,0
0.02835,0
0.02978,0
0.03247,0
0.03984,0
0.00534,0
0.00655,0
0.00741,0
0.00734,0
0.01429,0
0.02125,0
0.03328,0
0.02909,0
0.02831,0
0.02978,0
0.00534,0
0.00655,0
0.00841,0
0.00806,0
0.02894,1
0.05344,1
0.06788,1
0.07650,1
0.08907,1
0.11707,1
0.15283,1
0.18532,1
0.03091,0
0.03719,0
0.05041,0
0.07625,0
0.06600,0
0.04614,0
0.04315,0
0.04053,0
0.03990,0
0.04154,0
0.01461,0
0.01806,0
0.01630,0
0.01401,0
0.01776,0
0.02188,0
0.02432,0
0.03091,0
0.04047,0
0.02889,0
0.02516,0
0.02239,0
0.02349,0
0.02746,0
0.10696,0
0.06851,0
0.04969,0
0.03887,0
0.04330,0
0.03138,0
0.02981,0
0.02909,0
0.02928,0
0.03421,0
0.01461,0
0.01250,0
0.04251,0
0.04424,0
0.04548,0
0.03818,0
0.04169,0
0.04517,0
0.05084,0
0.07187,0
0.00534,0
0.01218,0
0.01144,0
0.00996,0
0.01697,0
0.02324,0
0.02582,0
0.02557,0
0.02924,0
0.03089,0
0.10696,0
0.06948,0
0.07602,0
0.04892,0
0.04030,0
0.03283,0
0.03372,0
0.03286,0
0.03606,0
0.04229,0
0.00534,0
0.00655,0
0.00695,0
0.00705,0
0.01275,0
0.00963,0
0.01773,0
0.03453,0
0.04392,0
0.03046,0
0.02589,0
0.02102,0
0.02269,0
0.02752,0
0.00534,0
0.01218,0
0.01185,0
0.01013,0
0.01572,0
0.01721,0
0.01863,0
0.02119,0
0.02067,0
0.02592,0
0.01461,0
0.01250,0
0.04013,0
0.04305,0
0.03566,0
0.03049,0
0.03359,0
0.03886,0
0.04546,0
0.05851,0
0.19749,0
0.13785,0
0.12199,0
0.11345,0
0.10646,0
0.09342,0
0.08960,0
0.09903,0
0.11362,0
0.01461,0
0.01250,0
0.00999,0
0.00804,0
0.01331,0
0.01489,0
0.01730,0
0.01855,0
0.01836,0
0.02377,0
0.00534,0
0.00655,0
0.00655,0
0.00686,0
0.01386,0
0.02185,0
0.02450,0
0.02608,0
0.02732,0
0.02804,0
0.03453,0
0.04392,0
0.03046,0
0.02067,0
0.01733,0
0.01892,0
0.02578,0
0.00534,0
0.00655,0
0.00655,0
0.04600,0
0.04520,0
0.04034,0
0.04187,0
0.04657,0
0.05417,0
0.06807,0
0.11240,0
0.10040,0
0.07486,0
0.07190,0
0.08181,0
0.06303,0
0.05667,0
0.09111,0
0.09197,0
0.09149,0
0.00534,0
0.00813,0
0.00815,0
0.02167,1
0.02240,1
0.06372,1
0.07198,1
0.08042,1
0.08888,1
0.02108,0
0.02254,0
0.01907,0
0.01421,0
0.01657,0
0.02466,0
0.02513,0
0.02672,0
0.02516,0
0.02995,0
0.00534,0
0.00813,0
0.05835,0
0.03569,0
0.03692,0
0.03747,0
0.03420,0
0.03312,0
0.03463,0
0.04659,0
0.10953,0
0.06015,0
0.06115,0
0.06723,0
0.08305,0
0.06190,0
0.05041,0
0.04685,0
0.04557,0
0.05297,0
0.00534,0
0.00819,0
0.01001,0
0.00811,0
0.01566,0
0.02359,0
0.02532,0
0.02403,0
0.02546,0
0.02759,0
0.00534,0
0.00813,0
0.00840,0
0.00703,0
0.01474,0
0.01886,0
0.02107,0
0.02344,0
0.02557,0
0.03728,0
0.02542,0
0.01444,0
0.02105,0
0.02331,0
0.02347,0
0.02569,0
0.10169,1
0.04153,1
0.05366,1
0.06243,1
0.07032,1
0.06538,1
0.07743,1
0.00534,0
0.01218,0
0.01144,0
0.00886,0
0.02920,0
0.03815,0
0.03693,0
0.03622,0
0.03865,0
0.04508,0
0.00534,0
0.01218,0
0.01144,0
0.00886,0
0.01471,0
0.02811,0
0.04515,0
0.03387,0
0.03255,0
0.03824,0
0.05793,0
0.02531,0
0.02889,0
0.03899,0
0.04132,0
0.03358,0
0.02846,0
0.02583,0
0.02583,0
0.03379,0
0.00534,0
0.00813,0
0.00854,0
0.00745,0
0.01309,0
0.00960,0
0.01246,0
0.03091,0
0.04047,0
0.02889,0
0.01975,0
0.01654,0
0.01857,0
0.02449,0
0.01461,0
0.01250,0
0.01012,0
0.00941,0
0.01919,0
0.02057,0
0.02935,0
0.04053,0
0.05690,0
0.06728,0
0.10696,0
0.06851,0
0.04969,0
0.03887,0
0.03969,0
0.03237,0
0.03110,0
0.03005,0
0.03138,0
0.03702,0
0.00534,0
0.00655,0
0.00638,0
0.00549,0
0.03094,0
0.04196,0
0.04812,0
0.03144,0
0.02795,0
0.03324,0
0.01461,0
0.01806,0
0.01619,0
0.01221,0
0.01692,0
0.01323,0
0.01864,0
0.03453,0
0.05648,0
0.04563,0
0.03653,0
0.03119,0
0.02533,0
0.02327,0
0.02247,0
0.02307,0
0.02555,0
0.09852,0
0.06943,0
0.09674,0
0.10529,0
0.09118,0
0.06955,0
0.06244,0
0.05825,0
0.05507,0
0.05874,0
0.00534,0
0.00655,0
0.00618,0
0.00674,0
0.01465,0
0.02273,0
0.02291,0
0.02157,0
0.02083,0
0.02384,0
0.04983,0
0.03631,0
0.02077,0
0.02522,0
0.02686,0
0.02329,0
0.02751,0
0.00534,0
0.01218,0
0.06001,0
0.03799,0
0.03900,0
0.04185,0
0.03783,0
0.03989,0
0.03662,0
0.04433,0
0.03324,1
0.02408,1
0.01827,1
0.01624,1
0.03003,1
0.02743,1
0.03987,1
0.04186,1
0.04059,1
0.04264,1
0.00534,0
0.01218,0
0.01144,0
0.00886,0
0.01449,0
0.01162,0
0.01407,0
0.00534,0
0.01218,0
0.01160,0
0.00902,0
0.02861,0
0.02414,0
0.03047,0
0.03557,0
0.04406,0
0.05971,0
0.03453,0
0.04358,0
0.05472,0
0.06554,0
0.05460,0
0.03887,0
0.03486,0
0.03241,0
0.04112,0
0.00534,0
0.00655,0
0.00638,0
0.00640,0
0.02556,0
0.03268,0
0.04192,0
0.02614,0
0.02721,0
0.02964,0
0.00534,0
0.00655,0
0.05720,0
0.03600,0
0.03602,0
0.03791,0
0.03436,0
0.03693,0
0.03477,0
0.04332,0
0.13770,0
0.06371,0
0.04828,0
0.03562,0
0.03010,0
0.02802,0
0.02808,0
0.02922,0
0.03433,0
0.05017,0
0.00534,0
0.00655,0
0.00618,0
0.02291,0
0.02040,0
0.02480,0
0.02432,0
0.03426,0
0.05013,0
0.06898,0
0.09852,0
0.08050,0
0.05506,0
0.04953,0
0.04955,0
0.03757,0
0.03521,0
0.03461,0
0.03527,0
0.04016,0
0.00534,0
0.01218,0
0.01172,0
0.00985,0
0.01746,0
0.02505,0
0.02449,0
0.02307,0
0.02351,0
0.02512,0
0.03091,0
0.04124,0
0.04192,0
0.04145,0
0.04311,0
0.03965,0
0.08252,1
0.07449,1
0.06910,1
0.06897,1
0.08840,1
0.09646,1
0.04983,0
0.04266,0
0.02531,0
0.03158,0
0.03429,0
0.02829,0
0.02504,0
0.02560,0
0.02909,0
0.03710,0
0.04983,1
0.04266,1
0.02498,1
0.05498,1
0.07397,1
0.08451,1
0.06909,1
0.06908,1
0.07806,1
0.00534,0
0.00655,0
0.00638,0
0.00640,0
0.01244,0
0.02082,0
0.02089,0
0.02264,0
0.02464,0
0.00534,0
0.00655,0
0.00618,0
0.03233,1
0.04792,1
0.04073,1
0.04070,1
0.05767,1
0.06932,1
0.07749,1
0.00534,0
0.00819,0
0.00980,0
0.00902,0
0.01558,0
0.01598,0
0.02014,0
0.02090,0
0.02094,0
0.02629,0
0.02108,0
0.02254,0
0.01996,0
0.01633,0
0.01991,0
0.02130,0
0.02243,0
0.01461,0
0.01250,0
0.00985,0
0.00844,0
0.01095,0
0.01776,0
0.02145,0
0.02561,0
0.02410,0
0.02887,0
0.00534,0
0.01218,0
0.01172,0
0.00884,0
0.02864,0
0.03502,0
0.04402,0
0.02786,0
0.02652,0
0.03365,0
0.00534,0
0.00655,0
0.00626,0
0.00590,0
0.01364,0
0.01956,0
0.02694,0
0.02656,0
0.02862,0
0.03116,0
0.00534,0
0.00655,0
0.00618,0
0.00583,0
0.01190,0
0.00865,0
0.01188,0
0.01461,0
0.04667,0
0.03497,0
0.03998,0
0.03031,0
0.02983,0
0.03470,0
0.04003,0
0.04612,0
0.06177,0
0.00534,0
0.00655,0
0.00638,0
0.00640,0
0.01454,0
0.02104,0
0.03398,0
0.03491,0
0.03594,0
0.01461,0
0.06537,0
0.04908,0
0.04020,0
0.03773,0
0.03101,0
0.03563,0
0.04033,0
0.04692,0
0.05681,0
0.00534,0
0.01218,0
0.06001,0
0.03799,0
0.03900,0
0.04185,0
0.03783,0
0.03989,0
0.03662,0
0.04215,0
0.00534,0
0.00655,0
0.00638,0
0.00549,0
0.01272,0
0.01986,0
0.02342,0
0.02295,0
0.02330,0
0.02500,0
0.01461,0
0.01393,0
0.01340,0
0.01158,0
0.01657,0
0.01607,0
0.01543,0
0.03091,0
0.04705,0
0.05594,0
0.06442,0
0.05210,0
0.04600,0
0.04267,0
0.04149,0
0.04271,0
0.08057,0
0.05830,0
0.03457,0
0.03606,0
0.03085,0
0.02725,0
0.02760,0
0.02786,0
0.03120,0
0.03704,0
0.03453,0
0.03933,0
0.04480,0
0.03806,0
0.03208,0
0.02601,0
0.02441,0
0.02359,0
0.02476,0
0.02717,0
0.00534,0
0.01218,0
0.01272,0
0.00965,0
0.01502,0
0.01117,0
0.01821,0
0.05364,0
0.02196,0
0.03051,0
0.03802,0
0.04268,0
0.03317,0
0.02796,0
0.02645,0
0.02626,0
0.03419,0
0.09852,0
0.06943,0
0.07522,0
0.04267,0
0.03872,0
0.03179,0
0.03087,0
0.03037,0
0.03330,0
0.03870,0
0.00534,0
0.00819,0
0.00905,0
0.03333,0
0.02594,0
0.02739,0
0.03063,0
0.03745,0
0.03605,0
0.04474,0
0.00534,0
0.01218,0
0.01424,0
0.01121,0
0.01692,0
0.01937,0
0.01920,0
0.02036,0
0.02000,0
0.02281,0
0.01461,0
0.01393,0
0.01245,0
0.01069,0
0.01383,0
0.02100,0
0.02400,0
0.02508,0
0.02355,0
0.02618,0
0.00534,0
0.01218,0
0.01424,0
0.01234,0
0.01659,0
0.01437,0
0.02101,0
0.00534,0
0.00819,0
0.01135,0
0.00884,0
0.01437,0
0.01067,0
0.01412,0
0.02108,0
0.02254,0
0.06300,0
0.06119,0
0.04145,0
0.03836,0
0.04031,0
0.04256,0
0.04522,0
0.06011,0
0.00534,0
0.04240,0
0.03755,0
0.04850,0
0.03610,0
0.03122,0
0.03603,0
0.03904,0
0.04477,0
0.06033,0
0.03728,0
0.02927,0
0.01782,0
0.02329,0
0.02584,0
0.02952,0
0.03066,0
0.03453,0
0.04392,0
0.03046,0
0.02067,0
0.01733,0
0.01907,0
0.02591,0
0.00534,0
0.00655,0
0.00626,0
0.00590,0
0.01912,0
0.02228,0
0.02809,0
0.03553,0
0.03076,0
0.03614,0
0.04983,0
0.03370,0
0.02019,0
0.03553,0
0.03289,0
0.02481,0
0.02119,0
0.02176,0
0.02492,0
0.03289,0
0.00534,0
0.00655,0
0.03729,0
0.03010,0
0.03221,1
0.02630,1
0.04378,1
0.07134,1
0.08307,1
0.08887,1
0.00534,0
0.00655,0
0.00655,0
0.00594,0
0.01177,0
0.01322,0
0.01576,0
0.01897,0
0.01856,0
0.02159,0
0.09674,0
0.07304,0
0.05461,0
0.04903,0
0.05039,0
0.04052,0
0.04295,0
0.01461,0
0.01393,0
0.01484,0
0.01145,0
0.01725,0
0.01976,0
0.02164,0
0.02362,0
0.02199,0
0.02657,0
0.00534,0
0.00819,0
0.01002,0
0.00814,0
0.01574,0
0.01935,0
0.02136,0
0.02553,0
0.02686,0
0.00534,0
0.01218,0
0.01160,0
0.00902,0
0.01448,0
0.02273,0
0.02275,0
0.02320,0
0.02608,0
0.02899,0
0.11361,0
0.05038,0
0.03464,0
0.03000,0
0.03197,0
0.03501,0
0.04220,0
0.00534,0
0.00655,0
0.00841,0
0.00806,0
0.02857,0
0.03776,0
0.04468,0
0.02959,0
0.02782,0
0.03411,0
0.00534,0
0.01218,0
0.01270,0
0.00976,0
0.01523,0
0.02888,0
0.04377,0
0.03483,0
0.03572,0
0.04059,0
0.00534,0
0.00813,0
0.00840,0
0.00703,0
0.01474,0
0.02217,0
0.02164,0
0.03019,0
0.04209,0
0.05664,0
0.02351,0
0.03368,0
0.02365,0
0.02728,0
0.02603,0
0.02804,0
0.05595,0
0.02403,0
0.03481,0
0.02367,0
0.01850,0
0.01880,0
0.02288,0
0.00534,0
0.00655,0
0.00626,0
0.00590,0
0.01672,0
0.02012,0
0.01949,0
0.00534,0
0.01218,0
0.01160,0
0.01017,0
0.01742,1
0.03200,1
0.05127,1
0.06119,1
0.07133,1
0.09668,1
0.12631,1
0.12594,1
0.11882,0
0.14811,0
0.07551,0
0.04786,0
0.04020,0
0.03689,0
0.03564,0
0.03813,0
0.04402,0
0.00534,0
0.04240,0
0.03210,0
0.04602,0
0.03430,0
0.03379,0
0.03745,0
0.04017,0
0.04650,0
0.06192,0
0.00534,0
0.00655,0
0.00841,0
0.00690,0
0.02638,1
0.03500,1
0.05772,1
0.06686,1
0.09499,1
0.12096,1
0.00534,0
0.04490,0
0.04066,0
0.04935,0
0.05684,0
0.05083,0
0.05428,0
0.04592,1
0.11318,1
0.11631,1
0.12060,1
0.11403,1
0.10242,1
0.09533,1
0.09650,1
0.10653,1
0.10562,1
0.10192,1
0.00534,0
0.00655,0
0.00626,0
0.00590,0
0.00895,0
0.01589,0
0.01981,0
0.02143,0
0.02045,0
0.02317,0
0.05664,0
0.02351,0
0.03518,0
0.03736,0
0.03408,0
0.02716,0
0.02212,0
0.02096,0
0.02168,0
0.02670,0
0.06672,0
0.02497,0
0.03396,0
0.04320,0
0.04098,0
0.03584,0
0.03242,0
0.02898,0
0.02890,0
0.03631,0
0.05793,0
0.02221,0
0.03166,0
0.03853,0
0.04300,0
0.03485,0
0.03033,0
0.02767,0
0.02741,0
0.03534,0
0.00534,0
0.01218,0
0.05017,1
0.04886,1
0.06369,1
0.05646,1
0.06665,1
0.07575,1
0.07462,1
0.07691,1
0.02108,0
0.01641,0
0.01432,0
0.01120,0
0.01826,0
0.03798,0
0.03674,0
0.03522,0
0.03714,0
0.03903,0
0.01461,0
0.01250,0
0.00999,0
0.00804,0
0.01382,0
0.01045,0
0.01625,0
0.11126,0
0.09901,0
0.09353,0
0.09205,0
0.09648,0
0.10049,0
0.15609,0
0.04983,0
0.03348,0
0.01912,0
0.02511,0
0.03354,0
0.03184,0
0.03207,0
0.00534,0
0.00655,0
0.05483,0
0.04556,0
0.03482,0
0.03692,0
0.03393,0
0.03322,0
0.03444,0
0.05709,0
0.01461,0
0.01403,0
0.01160,0
0.00983,0
0.01624,0
0.02177,0
0.03745,0
0.03498,0
0.03756,0
0.41957,1
0.22173,1
0.17366,1
0.18807,1
0.14202,1
0.12254,1
0.11323,1
0.10554,1
0.09849,1
0.12970,1
0.00534,0
0.06315,0
0.04887,0
0.04063,0
0.03769,0
0.03063,0
0.03431,0
0.03777,0
0.04402,0
0.05240,0
0.00534,0
0.00813,0
0.01025,0
0.00848,0
0.01343,0
0.02583,0
0.03783,0
0.05057,0
0.05702,0
0.05866,0
0.05364,0
0.02196,0
0.02434,0
0.02783,0
0.03045,0
0.03020,0
0.02705,0
0.02579,0
0.02600,0
0.03484,0
0.02108,0
0.01501,0
0.01204,0
0.02832,0
0.02707,0
0.02972,0
0.03102,0
0.03671,0
0.04665,0
0.06387,0
0.03453,0
0.04392,0
0.03046,0
0.02067,0
0.01733,0
0.01907,0
0.02409,0
0.00534,0
0.00655,0
0.00695,0
0.09138,1
0.08315,1
0.08636,1
0.08264,1
0.08983,1
0.08993,1
0.11882,0
0.14811,0
0.07551,0
0.04786,0
0.04454,0
0.04064,0
0.04000,0
0.04255,0
0.04678,0
0.11134,0
0.07329,0
0.05684,0
0.05183,0
0.04722,0
0.03696,0
0.04023,0
0.01461,0
0.01250,0
0.01065,0
0.00855,0
0.01156,0
0.01628,1
0.04263,1
0.05394,1
0.07837,1
0.08805,1
0.08094,1
0.11713,1
0.01461,0
0.01806,0
0.01505,0
0.01154,0
0.01630,0
0.01641,0
0.01958,0
0.05883,0
0.02309,0
0.03391,0
0.02259,0
0.01774,0
0.01817,0
0.02237,0
0.03091,0
0.04705,0
0.04411,0
0.04664,0
0.04038,0
0.04318,0
0.04882,0
0.04657,0
0.04629,0
0.04850,0
0.03728,0
0.06640,0
0.04913,0
0.04864,0
0.04792,0
0.04816,0
0.04679,0
0.01461,0
0.01403,0
0.01384,0
0.01114,0
0.01710,0
0.01975,0
0.02068,0
0.02278,0
0.02165,0
0.02723,0
0.00534,0
0.00655,0
0.05483,0
0.04342,0
0.04090,0
0.04137,0
0.04025,0
0.04088,0
0.04427,0
0.06323,0
0.05664,0
0.02351,0
0.03368,0
0.03748,0
0.02722,0
0.02410,0
0.02560,0
0.00534,0
0.00655,0
0.03957,0
0.04235,0
0.03885,0
0.02909,0
0.03312,0
0.03705,0
0.04321,0
0.06523,0
0.03091,0
0.04705,0
0.05867,0
0.05329,0
0.04653,0
0.05645,0
0.06588,0
0.06194,0
0.06029,0
0.06122,0
0.00534,0
0.00655,0
0.00638,0
0.00640,0
0.02206,0
0.01983,0
0.02675,0
0.02831,0
0.04167,0
0.06364,0
0.05883,0
0.02309,0
0.02455,0
0.02788,0
0.03199,0
0.02729,0
0.02408,0
0.02486,0
0.02646,0
0.03617,0
0.03453,0
0.04358,0
0.04323,0
0.04170,0
0.04144,0
0.04671,0
0.04171,0
0.04026,0
0.03969,0
0.04140,0
0.00534,0
0.00655,0
0.00618,0
0.00583,0
0.01376,0
0.02097,0
0.03257,0
0.03350,0
0.03304,0
0.03933,0
0.00534,0
0.00655,0
0.00695,0
0.00705,0
0.01430,0
0.01490,0
0.01625,0
0.01865,0
0.01883,0
0.02414,0
0.47913,0
0.46706,0
0.32338,0
0.23838,0
0.19625,0
0.16821,0
0.14965,0
0.13850,0
0.13307,0
0.15314,0
0.13770,0
0.05738,0
0.04495,0
0.03304,0
0.03234,0
0.03004,0
0.02986,0
0.03180,0
0.03660,0
0.04761,0
0.00534,0
0.00655,0
0.03496,0
0.02761,0
0.03452,0
0.02760,0
0.02940,0
0.01461,0
0.01806,0
0.01491,0
0.01142,0
0.01817,0
0.02453,0
0.02506,0
0.02589,0
0.03312,0
0.04601,0
0.03091,1
0.04705,1
0.04659,1
0.05889,1
0.06049,1
0.06664,1
0.06177,1
0.05833,1
0.06672,0
0.02786,0
0.03014,0
0.03997,0
0.03923,0
0.03496,0
0.03142,0
0.02835,0
0.02766,0
0.03090,0
0.08057,0
0.05830,0
0.03457,0
0.04123,0
0.03493,0
0.03418,0
0.03357,0
0.03297,0
0.03492,0
0.03971,0
0.01461,0
0.01806,0
0.01520,0
0.01145,0
0.01676,0
0.01953,0
0.01899,0
0.01950,0
0.01898,0
0.02505,0
0.00534,0
0.00813,0
0.00840,0
0.00795,0
0.01833,0
0.01403,0
0.02003,0
0.00534,0
0.00655,0
0.00655,0
0.00686,0
0.01471,0
0.02280,0
0.02244,0
0.02178,0
0.02355,0
0.02485,0
0.00534,0
0.00655,0
0.00841,0
0.02365,0
0.02381,0
0.02942,0
0.03002,0
0.03924,0
0.07114,0
0.09984,0
0.00534,0
0.01218,0
0.01185,0
0.00910,0
0.01479,0
0.02562,0
0.04208,0
0.03359,0
0.03309,0
0.03970,0
0.01461,0
0.01403,0
0.01174,0
0.00991,0
0.01699,0
0.02273,0
0.02940,0
0.02517,0
0.02729,0
0.02918,0
0.10169,0
0.04252,0
0.02627,0
0.02407,0
0.02640,0
0.02880,0
0.03774,0
0.10696,0
0.07386,0
0.05131,0
0.04501,0
0.04912,0
0.03970,0
0.03796,0
0.03652,0
0.03699,0
0.04192,0
0.02108,0
0.01501,0
0.01204,0
0.00998,0
0.01471,0
0.01973,0
0.02178,0
0.03453,0
0.04358,0
0.05472,0
0.06554,0
0.05312,0
0.03794,0
0.03381,0
0.03164,0
0.03368,0
0.01461,0
0.01250,0
0.00985,0
0.00936,0
0.01600,0
0.02127,0
0.02464,0
0.02859,0
0.02939,0
0.00534,0
0.00813,0
0.05368,0
0.03251,0
0.03310,0
0.03396,0
0.03134,0
0.03436,0
0.03338,0
0.04377,0
0.00534,0
0.00655,0
0.00638,0
0.00640,0
0.01676,0
0.01296,0
0.01909,0
0.05793,0
0.02221,0
0.03468,0
0.02672,0
0.02228,0
0.02194,0
0.02590,0
0.00534,0
0.01218,0
0.01272,0
0.00965,0
0.01730,0
0.02419,0
0.03505,0
0.03545,0
0.03462,0
0.04057,0
0.05595,0
0.02262,0
0.03370,0
0.03588,0
0.03328,0
0.02787,0
0.02245,0
0.02277,0
0.02289,0
0.02794,0
0.08057,0
0.05830,0
0.03596,0
0.04148,0
0.03313,0
0.03031,0
0.03047,0
0.03016,0
0.03239,0
0.03811,0
0.01461,0
0.01250,0
0.00973,0
0.00837,0
0.01395,0
0.01683,0
0.02078,0
0.05364,0
0.02356,0
0.03237,0
0.04322,0
0.05420,0
0.07737,0
0.07584,0
0.07382,0
0.07080,0
0.07809,0
0.00534,0
0.01218,0
0.01185,0
0.04316,0
0.03921,0
0.02901,0
0.03213,0
0.03640,0
0.04358,0
0.06551,0
0.03091,0
0.03588,0
0.03981,0
0.03364,0
0.03120,0
0.02639,0
0.02809,0
0.02653,0
0.02720,0
0.03020,0
0.10169,0
0.06644,0
0.03754,0
0.02956,0
0.02784,0
0.02991,0
0.03697,0
0.00534,0
0.01218,0
0.01144,0
0.00886,0
0.01471,0
0.01609,0
0.01889,0
0.01986,0
0.01946,0
0.02539,0
0.00534,0
0.00655,0
0.00695,0
0.00586,0
0.01358,0
0.02100,0
0.03842,0
0.07091,0
0.09890,0
0.11787,0
0.00534,0
0.00655,0
0.00695,0
0.03020,0
0.02091,0
0.01928,0
0.02454,0
0.03377,0
0.03438,0
0.04403,0
0.00534,0
0.00655,0
0.00638,0
0.00549,0
0.02484,0
0.03525,0
0.03095,0
0.06353,0
0.08977,0
0.09736,0
0.02108,0
0.01769,0
0.01849,0
0.01387,0
0.01772,0
0.02755,0
0.04036,0
0.03918,0
0.04163,0
0.04569,0
0.18343,0
0.08528,0
0.05992,0
0.05289,0
0.04642,0
0.03631,0
0.04278,0
0.03091,1
0.12058,1
0.12129,1
0.08661,1
0.08102,1
0.08728,1
0.08208,1
0.09240,1
0.10450,1
0.09645,1
0.00534,0
0.01218,0
0.01144,0
0.04263,0
0.04915,0
0.03932,0
0.04150,0
0.04406,0
0.04804,0
0.06476,0
0.12715,0
0.05980,0
0.05193,0
0.03816,0
0.03719,0
0.03383,0
0.03400,0
0.03542,0
0.03937,0
0.05479,0
0.00534,0
0.03686,1
0.09337,1
0.06521,1
0.06274,1
0.08811,1
0.09722,1
0.09692,1
0.09932,1
0.16241,1
0.00534,0
0.01218,0
0.04051,0
0.05020,0
0.06125,0
0.06908,0
0.09515,0
0.00534,0
0.01218,0
0.01160,0
0.01017,0
0.01520,0
0.01766,0
0.02005,0
0.01461,0
0.01393,0
0.01253,0
0.01109,0
0.01601,0
0.01867,0
0.01834,0
0.05793,0
0.02221,0
0.03468,0
0.03343,0
0.02313,0
0.02055,0
0.02320,0
0.00534,0
0.04221,1
0.03555,1
0.04824,1
0.07272,1
0.07467,1
0.07786,1
0.08803,1
0.08939,1
0.09610,1
0.11014,0
0.06266,0
0.05051,0
0.03817,0
0.03640,0
0.03374,0
0.03316,0
0.03375,0
0.03844,0
0.05398,0
0.03728,0
0.02927,0
0.01731,0
0.02773,0
0.03530,0
0.03041,0
0.02819,0
0.02581,0
0.02635,0
0.03009,0
0.00534,0
0.00655,0
0.00638,0
0.00549,0
0.01167,0
0.01434,0
0.01729,0
0.03728,0
0.02565,0
0.01418,0
0.02561,0
0.03434,0
0.06225,0
0.06706,0
0.06102,0
0.05790,0
0.05735,0
0.01461,0
0.01393,0
0.01209,0
0.01095,0
0.01815,0
0.02462,0
0.03760,0
0.03644,0
0.03916,0
0.04772,0
0.03091,0
0.04124,0
0.04306,0
0.04317,0
0.04000,0
0.03759,0
0.03390,0
0.03150,0
0.03094,0
0.03400,0
0.00534,0
0.00655,0
0.00626,0
0.00590,0
0.01171,0
0.02029,0
0.02107,0
0.02163,0
0.02473,0
0.02776,0
0.03453,0
0.05648,0
0.04563,0
0.03344,0
0.02904,0
0.02394,0
0.02216,0
0.02152,0
0.02291,0
0.02576,0
0.03728,0
0.06907,0
0.05098,0
0.05047,0
0.06167,0
0.05209,0
0.04912,0
0.00534,0
0.00813,0
0.00854,0
0.04181,0
0.03754,0
0.02760,0
0.03075,0
0.03512,0
0.03647,0
0.05628,0
0.00534,0
0.00655,0
0.00618,0
0.00674,0
0.01254,0
0.01264,0
0.01255,0
0.00534,0
0.00655,0
0.00655,0
0.03066,0
0.02349,0
0.02224,0
0.02664,0
0.03498,0
0.03407,0
0.04333,0
0.00534,0
0.00655,0
0.00655,0
0.00686,0
0.01471,0
0.02451,0
0.03218,0
0.02674,0
0.02857,0
0.02956,0
0.03091,0
0.04047,0
0.04251,0
0.03371,0
0.02606,0
0.02636,0
0.02993,0
0.00534,0
0.01218,0
0.01424,0
0.01234,0
0.01659,0
0.02089,0
0.02347,0
0.08057,0
0.06012,0
0.03527,0
0.03536,0
0.02966,0
0.02599,0
0.02627,0
0.02658,0
0.02795,0
0.03389,0
0.00534,0
0.08678,0
0.06643,0
0.05425,0
0.04869,0
0.03990,0
0.04294,0
0.04572,0
0.05177,0
0.05925,0
0.00534,0
0.00813,0
0.00840,0
0.00703,0
0.01993,0
0.02407,0
0.02988,0
0.03729,0
0.03402,0
0.03818,0
0.11240,1
0.11145,1
0.10346,1
0.10065,1
0.10402,1
0.10522,1
0.10106,1
0.11932,1
0.09852,0
0.07681,0
0.07725,0
0.04424,0
0.03979,0
0.03281,0
0.03182,0
0.03179,0
0.03257,0
0.03885,0
0.00534,0
0.00655,0
0.00618,0
0.00583,0
0.01376,0
0.02222,0
0.02179,0
0.02113,0
0.02222,0
0.02404,0
0.00534,0
0.00655,0
0.00626,0
0.04116,0
0.03631,0
0.02808,0
0.03171,0
0.03590,0
0.03787,0
0.05985,0
0.03453,0
0.04004,0
0.04395,0
0.03697,0
0.03710,0
0.03439,0
0.02974,0
0.02780,0
0.02838,0
0.03261,0
0.00534,0
0.00655,0
0.00695,0
0.00705,0
0.01744,0
0.01367,0
0.02047,0
0.00534,0
0.00655,0
0.00626,0
0.00681,0
0.04541,1
0.04878,1
0.05191,1
0.06431,1
0.07883,1
0.00534,0
0.01218,0
0.01160,0
0.00902,0
0.01459,0
0.01575,0
0.01829,0
0.03091,0
0.04290,1
0.08250,1
0.08361,1
0.10141,1
0.07241,1
0.05630,1
0.05221,1
0.05027,1
0.05567,1
0.06260,1
0.03091,0
0.04047,0
0.02889,0
0.01975,0
0.01654,0
0.01857,0
0.02449,0
0.00534,0
0.00655,0
0.00638,0
0.02454,0
0.02134,0
0.02500,0
0.02601,0
0.03342,0
0.05293,0
0.03091,0
0.04047,0
0.03239,0
0.02743,0
0.02416,0
0.02489,0
0.02859,0
0.00534,0
0.06707,0
0.04929,0
0.05767,0
0.06286,0
0.05515,0
0.05654,0
0.01461,0
0.01806,0
0.01531,0
0.01259,0
0.02256,0
0.01753,0
0.01994,0
0.01461,0
0.01250,0
0.01012,0
0.06324,0
0.05829,0
0.04629,0
0.04747,0
0.05096,0
0.05654,0
0.06494,0
0.00534,0
0.00655,0
0.00695,0
0.00586,0
0.02569,0
0.03450,0
0.03615,0
0.06628,0
0.09190,0
0.10396,0
0.03728,0
0.02565,0
0.01491,0
0.02321,0
0.03659,0
0.05151,0
0.04581,0
0.04059,0
0.04486,0
0.03453,0
0.04392,0
0.03384,0
0.02808,0
0.02274,0
0.02330,0
0.02547,0
0.01461,0
0.05753,0
0.04231,0
0.04566,0
0.03475,0
0.03373,0
0.03771,0
0.04259,0
0.04823,0
0.06314,0
0.03728,0
0.02542,0
0.01444,0
0.02105,0
0.03162,0
0.02631,0
0.02867,0
0.03453,0
0.04392,0
0.04919,0
0.03123,0
0.02455,0
0.02497,0
0.03108,0
0.01461,0
0.01250,0
0.00985,0
0.00844,0
0.01183,0
0.01554,0
0.02277,0
0.02297,0
0.02275,0
0.02571,0
0.00534,0
0.00813,0
0.00854,0
0.00837,0
0.01379,0
0.01118,0
0.01365,0
0.01461,0
0.01250,0
0.00999,0
0.00897,0
0.01558,0
0.02342,0
0.03452,0
0.03526,0
0.03768,0
0.04876,0
0.01461,0
0.01250,0
0.00985,0
0.02886,0
0.02404,0
0.02765,0
0.02787,0
0.03512,0
0.05452,0
0.20633,1
0.13646,1
0.12745,1
0.12639,1
0.12793,1
0.13346,1
0.13964,1
0.00534,0
0.00813,0
0.00840,0
0.00703,0
0.00977,0
0.01698,0
0.02069,0
0.02202,0
0.02074,0
0.02560,0
0.00534,0
0.01218,0
0.01144,0
0.02911,0
0.03128,0
0.03122,0
0.04208,0
0.04265,0
0.03440,0
0.03964,0
0.03664,0
0.03571,1
0.04717,1
0.04013,1
0.04518,1
0.03643,1
0.04163,1
0.04708,1
0.03510,0
0.02657,0
0.01622,0
0.03276,0
0.03315,0
0.02570,0
0.01983,0
0.02225,0
0.02160,0
0.02966,0
0.00534,0
0.00655,0
0.00626,0
0.00681,0
0.00991,0
0.01525,0
0.01964,0
0.02207,0
0.02134,0
0.02632,0
0.00534,0
0.00655,0
0.00618,0
0.00583,0
0.01165,0
0.01740,0
0.02037,0
0.02690,0
0.03908,0
0.00534,0
0.08168,0
0.08863,0
0.07077,0
0.05572,0
0.06046,0
0.06595,0
0.07124,0
0.07890,0
0.00534,0
0.00655,0
0.00695,0
0.00705,0
0.02797,0
0.04216,0
0.04328,0
0.03128,0
0.03179,0
0.03744,0
0.11014,0
0.06266,0
0.05561,0
0.04054,0
0.03396,0
0.03166,0
0.03140,0
0.03327,0
0.03798,0
0.05358,0
0.00534,0
0.00655,0
0.00695,0
0.00586,0
0.01187,0
0.00971,0
0.01627,0
0.10696,0
0.06017,0
0.03978,0
0.03497,0
0.02653,0
0.03033,0
0.03161,0
0.03410,0
0.04140,0
0.00534,0
0.00819,0
0.00980,0
0.00784,0
0.01500,0
0.01979,0
0.02261,0
0.02468,0
0.02668,0
0.03091,0
0.04047,0
0.02889,0
0.01975,0
0.01863,0
0.02016,0
0.02584,0
0.01461,0
0.01250,0
0.01065,0
0.00973,0
0.01614,0
0.01846,0
0.02006,0
0.02040,0
0.02021,0
0.02303,0
0.09674,0
0.06255,0
0.05290,0
0.04819,0
0.06389,0
0.05154,0
0.05325,0
0.11913,0
0.06576,0
0.05998,0
0.05643,0
0.05579,0
0.04790,0
0.04075,0
0.03755,0
0.03668,0
0.04501,0
0.01461,0
0.01250,0
0.01213,0
0.00958,0
0.01565,0
0.01828,0
0.01992,0
0.02494,0
0.02366,0
0.02839,0
0.01461,0
0.01250,0
0.00973,0
0.04222,0
0.03795,0
0.02761,0
0.03131,0
0.03324,0
0.03509,0
0.05342,0
0.02108,0
0.01501,0
0.05296,0
0.05179,0
0.03510,0
0.03389,0
0.03689,0
0.03998,0
0.04353,0
0.06104,0
0.01461,0
0.01806,0
0.01784,0
0.04134,0
0.03018,0
0.02974,0
0.03256,0
0.03909,0
0.03855,0
0.04708,0
0.03453,0
0.04358,0
0.04323,0
0.04170,0
0.05008,0
0.04564,0
0.03828,0
0.03463,0
0.03426,0
0.03669,0
0.02108,0
0.01501,0
0.01343,0
0.01159,0
0.01530,0
0.01904,0
0.01859,0
0.12044,0
0.07203,0
0.08705,0
0.07604,0
0.06331,0
0.05518,0
0.05266,0
0.00534,0
0.00655,0
0.00638,0
0.00549,0
0.01167,0
0.00969,0
0.01624,0
0.12007,0
0.07899,0
0.06040,0
0.05316,0
0.05055,0
0.04077,0
0.04220,0
0.00534,0
0.00819,0
0.00874,0
0.00750,0
0.01310,0
0.00944,0
0.01535,0
0.11984,0
0.09236,0
0.05399,0
0.05295,0
0.04179,0
0.03792,0
0.03631,0
0.03753,0
0.04135,0
0.05070,0
0.03091,0
0.04047,0
0.02889,0
0.02516,0
0.02039,0
0.02185,0
0.02600,0
0.09674,0
0.07304,0
0.05461,0
0.04941,0
0.04891,0
0.03837,0
0.04500,0
0.03728,0
0.06907,0
0.05098,0
0.06162,0
0.05562,0
0.04224,0
0.03404,0
0.03266,0
0.03216,0
0.03965,0
0.06672,0
0.02786,0
0.03014,0
0.04579,0
0.04980,0
0.04178,0
0.03801,0
0.03548,0
0.03574,0
0.00534,0
0.00655,0
0.00618,0
0.00674,0
0.01380,0
0.02330,0
0.02345,0
0.02197,0
0.02344,0
0.00534,0
0.00655,0
0.05260,0
0.03186,0
0.05002,1
0.06060,1
0.06173,1
0.06510,1
0.07732,1
0.08283,1
0.09425,1
0.12237,1
0.15955,1
0.03453,0
0.04392,0
0.04229,0
0.02685,0
0.02105,0
0.02223,0
0.02569,0
0.03091,0
0.03588,0
0.04346,0
0.03573,0
0.03140,0
0.02619,0
0.02433,0
0.02473,0
0.02573,0
0.02788,0
0.00534,0
0.00655,0
0.00734,0
0.00638,0
0.01425,0
0.02340,0
0.02394,0
0.02324,0
0.02287,0
0.02539,0
0.10696,0
0.07386,0
0.05131,0
0.03976,0
0.04048,0
0.03117,0
0.03008,0
0.02943,0
0.03066,0
0.03595,0
0.00534,0
0.00813,0
0.00827,0
0.04260,0
0.03576,0
0.02900,0
0.03219,0
0.03697,0
0.04072,0
0.06056,0
0.03728,0
0.02818,0
0.01479,0
0.02557,0
0.03863,0
0.05428,0
0.04972,0
0.04778,0
0.05173,0
0.00534,0
0.00655,0
0.00618,0
0.00674,0
0.01263,0
0.01572,0
0.01793,0
0.01845,0
0.01982,0
0.02301,0
0.44793,0
0.31639,0
0.25052,0
0.20559,0
0.18286,0
0.16485,0
0.15665,0
0.14583,0
0.13864,0
0.17080,0
0.04983,0
0.03485,0
0.01943,0
0.02991,0
0.03659,0
0.03007,0
0.02845,0
0.02604,0
0.03561,0
0.04620,0
0.05595,0
0.02262,0
0.03214,0
0.04228,0
0.04125,0
0.03828,0
0.03033,0
0.02775,0
0.02774,0
0.03577,0
0.03091,0
0.05254,0
0.04744,0
0.03772,0
0.03186,0
0.02553,0
0.02321,0
0.02353,0
0.02513,0
0.02833,0
0.00534,0
0.00819,0
0.00980,0
0.00902,0
0.01457,0
0.01533,0
0.01823,0
0.03091,0
0.03719,0
0.05041,0
0.08448,0
0.07127,0
0.04839,0
0.03874,0
0.03647,0
0.03562,0
0.03888,0
0.03453,0
0.04358,0
0.05472,0
0.06554,0
0.05312,0
0.03794,0
0.03681,0
0.03426,0
0.03443,0
0.00534,0
0.00655,0
0.00734,0
0.00638,0
0.01348,0
0.02054,0
0.02368,0
0.02330,0
0.02454,0
0.02546,0
0.04983,0
0.03538,0
0.01969,0
0.02462,0
0.02666,0
0.02314,0
0.02585,0
0.01461,0
0.01250,0
0.01065,0
0.00855,0
0.01357,0
0.02300,0
0.02401,0
0.02537,0
0.02753,0
0.03453,1
0.05648,1
0.04933,1
0.03566,1
0.03069,1
0.02371,1
0.02218,1
0.02177,1
0.02417,1
0.02693,1
0.13770,0
0.06163,0
0.05194,0
0.03712,0
0.03524,0
0.03226,0
0.03162,0
0.03253,0
0.03678,0
0.05237,0
0.00534,0
0.00819,0
0.00905,0
0.03801,0
0.03204,0
0.02504,0
0.02996,0
0.03220,0
0.03451,0
0.05704,0
0.02108,0
0.02254,0
0.02009,0
0.01560,0
0.02102,0
0.03409,0
0.03958,0
0.03373,0
0.03230,0
0.03457,0
0.00534,0
0.00655,0
0.00695,0
0.00705,0
0.01489,0
0.02228,0
0.03093,0
0.02676,0
0.02632,0
0.02949,0
0.00534,0
0.00819,0
0.01135,0
0.00884,0
0.01569,0
0.02051,0
0.03605,0
0.03876,0
0.03979,0
0.00534,0
0.00655,0
0.04145,0
0.05705,0
0.07013,0
0.07744,0
0.09668,0
0.00534,0
0.01218,0
0.05372,0
0.05510,0
0.03614,0
0.03122,0
0.03187,0
0.03495,0
0.03894,0
0.05550,0
0.00534,0
0.00655,0
0.00695,0
0.00586,0
0.01304,0
0.01568,0
0.03550,1
0.05324,1
0.06850,1
0.03453,0
0.04358,0
0.05277,0
0.05517,0
0.04973,0
0.05462,0
0.06380,0
0.05960,0
0.05771,0
0.05869,0
0.00534,0
0.01218,0
0.01160,0
0.00902,0
0.01624,0
0.02533,0
0.02519,0
0.02772,0
0.02845,0
0.00534,0
0.01218,0
0.04494,0
0.04806,0
0.03912,0
0.03311,0
0.03627,0
0.03969,0
0.04574,0
0.06744,0
0.05793,0
0.02221,0
0.03566,0
0.03901,0
0.03339,0
0.02835,0
0.02254,0
0.02275,0
0.02321,0
0.02805,0
0.00534,0
0.00655,0
0.00741,0
0.00643,0
0.01441,0
0.05231,1
0.06087,1
0.06774,1
0.00534,0
0.01218,0
0.01271,0
0.01139,0
0.01579,0
0.01956,0
0.01903,0
0.01461,0
0.01806,0
0.05731,0
0.05906,0
0.03952,0
0.03706,0
0.03668,0
0.03852,0
0.04313,0
0.05263,0
0.15001,1
0.12112,1
0.11409,1
0.10794,1
0.12969,1
0.14341,1
0.09876,1
0.09273,1
0.05661,1
0.07468,1
0.06235,1
0.06672,1
0.06712,1
0.06409,1
0.06740,1
0.08625,1
0.09084,1
0.01461,0
0.01250,0
0.01213,0
0.00958,0
0.01476,0
0.01207,0
0.01833,0
0.02108,0
0.01501,0
0.01343,0
0.01048,0
0.02456,0
0.02663,0
0.03317,0
0.03600,0
0.04698,0
0.05273,0
0.02108,0
0.02254,0
0.01848,0
0.01512,0
0.02150,0
0.04027,0
0.03830,0
0.03537,0
0.03623,0
0.03748,0
0.03453,0
0.05182,0
0.03939,0
0.02886,0
0.02418,0
0.02485,0
0.02911,0
0.00534,0
0.00655,0
0.00638,0
0.00640,0
0.01232,0
0.00894,0
0.01201,0
0.01461,0
0.01806,0
0.01505,0
0.01263,0
0.01780,0
0.02059,0
0.01942,0
0.03266,1
0.04694,1
0.05324,1
0.01461,0
0.04326,0
0.03871,0
0.04834,0
0.05082,0
0.04534,0
0.05400,0
0.03453,0
0.05648,0
0.04933,0
0.03867,0
0.03134,0
0.02495,0
0.02276,0
0.02189,0
0.02246,0
0.02727,0
0.11014,0
0.06266,0
0.05561,0
0.04054,0
0.03917,0
0.03991,0
0.03755,0
0.03959,0
0.04324,0
0.05848,0
0.00534,0
0.00655,0
0.00618,0
0.00583,0
0.01302,0
0.01905,0
0.02290,0
0.02686,0
0.02780,0
0.01461,0
0.01403,0
0.01160,0
0.01075,0
0.01581,0
0.01182,0
0.01440,0
0.00534,0
0.00655,0
0.00638,0
0.00640,0
0.01217,0
0.02909,0
0.04397,0
0.03328,0
0.03447,0
0.03880,0
0.00534,0
0.05078,0
0.06399,0
0.04201,0
0.03435,0
0.02729,0
0.03150,0
0.03672,0
0.04187,0
0.05321,0
0.03728,0
0.02666,0
0.01506,0
0.02285,0
0.02821,0
0.05944,0
0.06093,0
0.05566,0
0.05263,0
0.05272,0
0.03728,0
0.03222,0
0.01834,0
0.03402,0
0.03259,0
0.02426,0
0.02097,0
0.01947,0
0.02286,0
0.02763,0
0.02108,0
0.05075,0
0.04204,0
0.05083,0
0.05415,0
0.04915,0
0.05819,0
0.00534,0
0.01218,0
0.06135,0
0.04861,0
0.03772,0
0.03781,0
0.03547,0
0.03532,0
0.03913,0
0.05563,0
0.03091,0
0.04124,0
0.05378,0
0.06549,0
0.05408,0
0.03915,0
0.03526,0
0.03326,0
0.03533,0
0.00534,0
0.01218,0
0.01271,0
0.04762,0
0.06164,0
0.06882,0
0.07137,0
0.08573,0
0.08748,0
0.00534,0
0.00655,0
0.00741,0
0.00643,0
0.01350,0
0.02150,0
0.03978,0
0.04109,0
0.04382,0
0.05096,0
0.08057,0
0.05830,0
0.03457,0
0.03403,0
0.02959,0
0.02625,0
0.02683,0
0.02720,0
0.02863,0
0.03407,0
0.03728,1
0.02818,1
0.01519,1
0.03691,1
0.03150,1
0.05645,1
0.07581,1
0.07591,1
0.10844,1
0.12818,1
0.03091,0
0.05254,0
0.04744,0
0.03772,0
0.03057,0
0.02425,0
0.02616,0
0.02567,0
0.02625,0
0.02857,0
0.01461,0
0.08128,1
0.11126,1
0.08718,1
0.07561,1
0.07460,1
0.06860,1
0.06708,1
0.06744,1
0.08453,1
0.18343,0
0.10241,0
0.06946,0
0.05870,0
0.06953,0
0.05505,0
0.05552,0
0.05793,0
0.02531,0
0.02889,0
0.03899,0
0.04132,0
0.03358,0
0.03530,0
0.03244,0
0.03221,0
0.04616,0
0.03091,0
0.04705,0
0.04473,0
0.08591,0
0.07390,0
0.04978,0
0.04058,0
0.03956,0
0.03737,0
0.03906,0
0.01461,0
0.04190,0
0.03227,0
0.04573,0
0.05251,0
0.04541,0
0.04869,0
0.03091,0
0.03588,0
0.03502,0
0.03148,0
0.02856,0
0.02381,0
0.02678,0
0.02555,0
0.02648,0
0.03027,0
0.00534,0
0.05349,0
0.03925,0
0.04158,0
0.03149,0
0.03023,0
0.03465,0
0.03752,0
0.04308,0
0.05873,0
0.03091,1
0.04047,1
0.04676,1
0.03007,1
0.02353,1
0.02325,1
0.03297,1
0.04203,1
0.01461,0
0.01250,0
0.01065,0
0.00855,0
0.01549,0
0.02354,0
0.02368,0
0.02260,0
0.02533,0
0.13770,0
0.06163,0
0.04877,0
0.03803,0
0.03267,0
0.03488,0
0.03432,0
0.03498,0
0.03940,0
0.05543,0
0.01461,0
0.01806,0
0.01505,0
0.01263,0
0.03153,0
0.03825,0
0.03401,0
0.06677,0
0.09101,0
0.09648,0
0.00534,0
0.01218,0
0.01424,0
0.01234,0
0.01659,0
0.02031,0
0.02362,0
0.01461,0
0.06537,0
0.04908,0
0.04020,0
0.03645,0
0.02973,0
0.03261,0
0.03613,0
0.04325,0
0.05268,0
0.03091,0
0.04124,0
0.04291,0
0.05962,0
0.05115,0
0.03703,0
0.03370,0
0.03143,0
0.03193,0
0.00534,0
0.00655,0
0.00741,0
0.00734,0
0.01304,0
0.01427,0
0.01817,0
0.00534,0
0.01218,0
0.01271,0
0.01011,0
0.01697,0
0.03604,0
0.03475,0
0.03362,0
0.03515,0
0.03755,0
0.00534,0
0.00655,0
0.00618,0
0.00583,0
0.01376,0
0.03218,0
0.03056,0
0.03024,0
0.03348,0
0.03631,0
0.03091,0
0.04771,0
0.03765,0
0.02637,0
0.02177,0
0.02279,0
0.02741,0
0.10696,0
0.10354,0
0.07163,0
0.05585,0
0.04998,0
0.04188,0
0.04090,0
0.03995,0
0.04135,0
0.04541,0
0.00534,0
0.00655,0
0.00695,0
0.00705,0
0.01275,0
0.01061,0
0.01690,0
0.01461,0
0.01806,0
0.04383,0
0.03491,0
0.03743,0
0.04260,0
0.04965,0
0.04473,0
0.04333,0
0.04443,0
0.00534,0
0.00819,0
0.01135,0
0.00884,0
0.01569,0
0.03498,0
0.03442,0
0.03304,0
0.03316,0
0.03716,0
0.00534,0
0.01218,0
0.01160,0
0.00902,0
0.02973,0
0.04258,0
0.04903,0
0.03053,0
0.02820,0
0.03411,0
0.03728,0
0.02900,0
0.01631,0
0.02739,0
0.02847,0
0.02589,0
0.02815,0
0.03453,1
0.06411,1
0.06698,1
0.07055,1
0.08980,1
0.09004,1
0.10746,1
0.10669,1
0.09883,1
0.00534,0
0.00655,0
0.00626,0
0.00590,0
0.01308,0
0.02150,0
0.02451,0
0.02498,0
0.02677,0
0.02837,0
0.03728,0
0.02900,0
0.01669,0
0.02319,0
0.03111,0
0.02604,0
0.02413,0
0.02338,0
0.02674,0
0.02899,0
0.00534,0
0.00655,0
0.00618,0
0.00583,0
0.01190,0
0.00836,0
0.01150,0
0.03091,0
0.04705,0
0.05867,0
0.05329,0
0.04653,0
0.04801,0
0.04316,0
0.03996,0
0.03980,0
0.04210,0
0.08057,0
0.06012,0
0.03395,0
0.03318,0
0.02861,0
0.02518,0
0.02558,0
0.02596,0
0.02761,0
0.03366,0
0.00534,0
0.00813,0
0.00815,0
0.00732,0
0.01767,0
0.02103,0
0.02032,0
0.02108,0
0.01501,0
0.01254,0
0.01108,0
0.01554,0
0.02117,0
0.02437,0
0.00534,0
0.00813,0
0.00815,0
0.00823,0
0.01111,0
0.01513,0
0.02179,0
0.02174,0
0.02166,0
0.02470,0
0.00534,0
0.00655,0
0.05260,0
0.03186,0
0.02772,0
0.03105,0
0.02892,0
0.03311,0
0.03062,0
0.04420,0
0.00534,0
0.00655,0
0.00618,0
0.00674,0
0.01380,0
0.02182,0
0.02454,0
0.02614,0
0.02971,0
0.03196,0
0.21196,0
0.10890,0
0.07384,0
0.06200,0
0.05831,0
0.04522,0
0.04616,0
0.00534,0
0.00819,0
0.00874,0
0.00750,0
0.01504,0
0.01897,0
0.02113,0
0.02360,0
0.02584,0
0.01461,0
0.01250,0
0.01213,0
0.01074,0
0.02886,0
0.03376,0
0.03640,0
0.03437,0
0.03681,0
0.04429,0
0.15001,0
0.13561,0
0.10868,0
0.09741,0
0.09999,0
0.10625,0
0.10493,0
0.07558,0
0.07040,0
0.07174,0
0.00534,0
0.00655,0
0.00695,0
0.00586,0
0.01304,0
0.01568,0
0.01780,0
0.01869,0
0.01862,0
0.02452,0
0.03453,0
0.05182,0
0.03939,0
0.03572,0
0.03110,0
0.03048,0
0.03177,0
0.10696,0
0.07386,0
0.05131,0
0.03976,0
0.03713,0
0.03134,0
0.03073,0
0.03021,0
0.03153,0
0.03646,0
0.00534,0
0.00813,0
0.08375,0
0.08466,0
0.09117,0
0.08842,0
0.08539,0
0.08222,0
0.09152,0
0.00534,0
0.01218,0
0.01185,0
0.00910,0
0.01625,0
0.02232,0
0.03349,0
0.02652,0
0.02842,0
0.03029,0
0.00534,1
0.01218,1
0.01639,1
0.03293,1
0.05139,1
0.06290,1
0.06576,1
0.06075,1
0.09787,1
0.10552,1
0.12388,1
0.12461,1
0.05793,0
0.02221,0
0.03273,0
0.03671,0
0.05899,0
0.04045,0
0.03187,0
0.02906,0
0.02956,0
0.03315,0
0.12715,0
0.05980,0
0.04738,0
0.03326,0
0.02945,0
0.02811,0
0.02855,0
0.03021,0
0.03548,0
0.04695,0
0.02108,0
0.01769,0
0.01849,0
0.01387,0
0.01883,0
0.01972,0
0.02462,0
0.02473,0
0.02422,0
0.02672,0
0.00534,0
0.00655,0
0.00741,0
0.00734,0
0.01304,0
0.01427,0
0.01718,0
0.05363,1
0.07075,1
0.05985,1
0.09018,1
0.07511,1
0.07889,1
0.08133,1
0.08975,1
0.09893,1
0.03453,0
0.04358,0
0.04285,0
0.08998,0
0.07809,0
0.05298,0
0.04520,0
0.04112,0
0.03900,0
0.04219,0
0.03728,0
0.03222,0
0.01891,0
0.02440,0
0.02360,0
0.02163,0
0.02580,0
0.00534,0
0.00655,0
0.00655,0
0.00594,0
0.02578,0
0.03422,0
0.03449,0
0.03437,0
0.03648,0
0.04625,0
0.03728,0
0.02666,0
0.01440,0
0.02142,0
0.03518,0
0.02927,0
0.03016,0
0.04983,0
0.04266,0
0.02498,0
0.03375,0
0.03787,0
0.05397,0
0.04775,0
0.04260,0
0.05174,0
0.00534,0
0.01218,0
0.01160,0
0.04374,0
0.03992,0
0.03066,0
0.03278,0
0.03605,0
0.03804,0
0.05839,0
0.00534,0
0.00655,0
0.00626,0
0.02576,0
0.02232,0
0.02570,0
0.02486,0
0.02805,0
0.04181,0
0.06096,0
0.00534,0
0.06278,0
0.04908,0
0.04317,0
0.03327,0
0.04090,0
0.04820,0
0.05383,0
0.06075,0
0.03728,0
0.02542,0
0.01504,0
0.02673,0
0.03753,0
0.05213,0
0.06500,0
0.06137,0
0.06399,0
0.06328,0
0.15365,0
0.16100,0
0.12393,0
0.07471,0
0.05247,0
0.04533,0
0.04117,0
0.03983,0
0.04259,0
0.05191,0
0.01461,0
0.01806,0
0.06391,0
0.04101,0
0.04002,0
0.04144,0
0.03774,0
0.04006,0
0.03687,0
0.04276,0
0.00534,0
0.01218,0
0.01144,0
0.03024,0
0.02402,0
0.02726,0
0.02866,0
0.03097,0
0.04378,0
0.06118,0
0.00534,0
0.07514,0
0.06112,0
0.05028,0
0.04450,0
0.03633,0
0.03955,0
0.04209,0
0.04819,0
0.05709,0
0.01461,0
0.01806,0
0.01505,0
0.01154,0
0.01630,0
0.01252,0
0.01495,0
0.00534,0
0.00655,0
0.00626,0
0.03582,1
0.05672,1
0.08381,1
0.09034,1
0.08498,1
0.07905,1
0.09852,0
0.07671,0
0.05373,0
0.04089,0
0.04489,0
0.03293,0
0.03085,0
0.03082,0
0.03286,0
0.03811,0
0.01461,0
0.01250,0
0.00985,0
0.04067,0
0.03226,0
0.03274,0
0.03512,0
0.04113,0
0.03936,0
0.04542,0
0.04983,0
0.03370,0
0.02019,0
0.02458,0
0.02658,0
0.02615,0
0.02823,0
0.00534,0
0.07514,0
0.05902,0
0.04816,0
0.04383,0
0.03571,0
0.03736,0
0.04116,0
0.04665,0
0.05583,0
0.02108,0
0.01501,0
0.05420,0
0.03391,0
0.03461,0
0.03690,0
0.03337,0
0.03585,0
0.03375,0
0.04244,0
0.03091,0
0.05254,0
0.04428,0
0.03546,0
0.03039,0
0.02458,0
0.02256,0
0.02309,0
0.02422,0
0.02655,0
0.10696,0
0.06851,0
0.04969,0
0.03887,0
0.04252,0
0.03208,0
0.03059,0
0.02953,0
0.02983,0
0.03550,0
0.03091,0
0.04047,0
0.02889,0
0.01975,0
0.01863,0
0.02028,0
0.02542,0
0.03091,0
0.04705,0
0.04411,0
0.04078,0
0.03563,0
0.03206,0
0.02838,0
0.02657,0
0.02733,0
0.03061,0
0.03453,0
0.04392,0
0.04816,0
0.03781,0
0.02976,0
0.02985,0
0.03517,0
0.03091,0
0.03588,0
0.04346,0
0.03703,0
0.03278,0
0.02673,0
0.02909,0
0.03036,0
0.03059,0
0.03234,0
0.03728,0
0.02927,0
0.01782,0
0.02329,0
0.03847,0
0.03718,0
0.03655,0
0.01461,0
0.01250,0
0.00999,0
0.03886,0
0.03442,0
0.02489,0
0.02934,0
0.03418,0
0.04114,0
0.06329,0
0.07280,1
0.05008,1
0.04043,1
0.05060,1
0.04633,1
0.04535,1
0.05518,1
0.05587,1
0.04440,1
0.04798,1
0.00534,0
0.00655,0
0.00841,0
0.00690,0
0.01371,0
0.01645,0
0.01699,0
0.01844,0
0.01843,0
0.02362,0
0.15576,0
0.15158,0
0.12232,0
0.06483,0
0.04607,0
0.03996,0
0.03655,0
0.03560,0
0.03867,0
0.04818,0
0.02108,0
0.01769,0
0.05652,0
0.05555,0
0.03818,0
0.03617,0
0.03822,0
0.04054,0
0.04546,0
0.06437,0
0.01461,0
0.01250,0
0.00985,0
0.00844,0
0.01387,0
0.02476,0
0.03282,0
0.02619,0
0.02852,0
0.02981,0
0.03453,0
0.04392,0
0.04816,0
0.03191,0
0.02577,0
0.02649,0
0.03090,0
0.00534,0
0.00655,0
0.00618,0
0.00674,0
0.04479,1
0.05976,1
0.07487,1
0.00534,0
0.01218,0
0.01424,0
0.04516,0
0.05706,0
0.06343,0
0.06363,0
0.06205,0
0.06152,0
0.08093,0
0.02108,0
0.02254,0
0.01907,0
0.01545,0
0.03416,0
0.04062,0
0.03929,0
0.03709,0
0.04038,0
0.05071,0
0.00534,0
0.00655,0
0.04261,0
0.05220,0
0.03251,0
0.03108,0
0.03344,0
0.03646,0
0.04067,0
0.05905,0
0.01461,0
0.01403,0
0.01189,0
0.00955,0
0.01994,0
0.02030,0
0.02212,0
0.03728,0
0.02666,0
0.01440,0
0.02142,0
0.02235,0
0.02646,0
0.02809,0
0.05574,0
0.02304,0
0.03062,0
0.03824,0
0.04104,0
0.03838,0
0.03558,0
0.03599,0
0.03488,0
0.04230,0
0.00534,0
0.01218,0
0.01272,0
0.01072,0
0.01562,0
0.01815,0
0.02146,0
0.03091,0
0.05254,0
0.04744,0
0.03621,0
0.03109,0
0.02712,0
0.02475,0
0.02376,0
0.02428,0
0.03444,0
0.00534,0
0.00655,0
0.00638,0
0.00640,0
0.01232,0
0.01033,0
0.01378,0
0.05574,0
0.02304,0
0.03152,0
0.04423,0
0.04646,0
0.03987,0
0.03529,0
0.03277,0
0.03317,0
0.00534,0
0.00655,0
0.00695,0
0.00586,0
0.01187,0
0.00868,0
0.01708,0
0.09674,0
0.07304,0
0.05461,0
0.04941,0
0.04835,0
0.03853,0
0.04037,0
0.00534,0
0.00655,0
0.00841,0
0.00806,0
0.01340,0
0.01488,0
0.01906,0
0.10079,0
0.07373,0
0.04269,0
0.03516,0
0.02631,0
0.02779,0
0.02776,0
0.02989,0
0.03641,0
0.00534,0
0.07514,0
0.06112,0
0.05028,0
0.04393,0
0.03733,0
0.03978,0
0.05047,0
0.05597,0
0.06455,0
0.01461,0
0.01250,0
0.00999,0
0.00897,0
0.01458,0
0.01561,0
0.01824,0
0.09852,0
0.07077,0
0.07465,0
0.04526,0
0.04116,0
0.03431,0
0.03496,0
0.03480,0
0.03549,0
0.04175,0
0.01461,0
0.01806,0
0.01630,0
0.01270,0
0.01519,0
0.01941,0
0.02398,0
0.02682,0
0.02479,0
0.02921,0
0.10079,0
0.06353,0
0.06927,0
0.04283,0
0.03534,0
0.03091,0
0.03116,0
0.03081,0
0.03315,0
0.03900,0
0.08057,0
0.06012,0
0.03527,0
0.03344,0
0.02864,0
0.02823,0
0.03121,0
0.03168,0
0.03253,0
0.03749,0
0.00534,0
0.00813,0
0.00840,0
0.00703,0
0.01281,0
0.01029,0
0.01289,0
0.03453,0
0.05017,0
0.05232,0
0.07790,0
0.09048,0
0.08464,0
0.07714,0
0.07194,0
0.06924,0
0.07000,0
0.00534,0
0.00655,0
0.00695,0
0.00705,0
0.01275,0
0.01723,0
0.01776,0
0.00534,0
0.00819,0
0.00916,0
0.00856,0
0.01396,0
0.01169,0
0.01787,0
0.03728,0
0.02818,0
0.01479,0
0.02271,0
0.02997,0
0.02654,0
0.02512,0
0.02355,0
0.02740,0
0.03043,0
0.00534,0
0.00655,0
0.00638,0
0.00549,0
0.01363,0
0.02086,0
0.02049,0
0.02238,0
0.02435,0
0.00534,0
0.00655,0
0.00626,0
0.02330,0
0.02066,0
0.02474,0
0.02467,0
0.02765,0
0.03988,0
0.05764,0
0.00534,0
0.08943,1
0.07135,1
0.05663,1
0.05706,1
0.04087,1
0.04479,1
0.00534,0
0.00655,0
0.04145,0
0.05705,0
0.06749,0
0.07394,0
0.09936,0
0.13770,0
0.06163,0
0.04749,0
0.03492,0
0.02959,0
0.02780,0
0.02800,0
0.03047,0
0.03513,0
0.05113,0
0.17960,0
0.13111,0
0.11701,0
0.10956,0
0.10766,0
0.09653,0
0.09403,0
0.10344,0
0.11672,0
0.04983,0
0.03370,0
0.01950,0
0.02967,0
0.04085,0
0.07001,0
0.06891,0
0.06195,0
0.06894,0
0.02108,0
0.02254,0
0.06679,0
0.05578,0
0.04452,0
0.04738,0
0.04784,0
0.04811,0
0.05346,0
0.04983,0
0.03485,0
0.01943,0
0.03417,0
0.03753,0
0.02633,0
0.02194,0
0.02036,0
0.02318,0
0.03096,0
0.03453,0
0.05182,0
0.05393,0
0.04213,0
0.03290,0
0.03232,0
0.03396,0
0.33749,1
0.24864,1
0.19333,1
0.16303,1
0.14580,1
0.13422,1
0.13148,1
0.01461,0
0.01393,0
0.01224,0
0.01009,0
0.01519,0
0.01814,0
0.01992,0
0.01976,0
0.01927,0
0.02221,0
0.05883,0
0.02309,0
0.03085,0
0.04789,0
0.05342,0
0.04368,0
0.03758,0
0.03529,0
0.03468,0
0.04256,0
0.03091,0
0.03452,0
0.04499,0
0.03905,0
0.03504,0
0.02809,0
0.02619,0
0.02514,0
0.02617,0
0.02832,0
0.05595,0
0.02403,0
0.03618,0
0.03778,0
0.03384,0
0.02951,0
0.02420,0
0.02274,0
0.02412,0
0.03269,0
0.03091,0
0.04705,0
0.04757,0
0.04309,0
0.04082,0
0.03867,0
0.03240,0
0.02949,0
0.02955,0
0.03138,0
0.00534,0
0.00813,0
0.00854,0
0.00745,0
0.01309,0
0.01055,0
0.01605,0
0.05595,0
0.02262,0
0.03370,0
0.03588,0
0.03328,0
0.02787,0
0.02245,0
0.02121,0
0.02187,0
0.02686,0
0.08057,0
0.05830,0
0.03457,0
0.03606,0
0.03085,0
0.02725,0
0.02760,0
0.02786,0
0.02944,0
0.03479,0
0.01461,0
0.01806,0
0.01784,0
0.01383,0
0.01763,0
0.01448,0
0.02063,0
0.01461,0
0.01250,0
0.01065,0
0.00973,0
0.01493,0
0.01194,0
0.01526,0
0.10696,0
0.06620,0
0.07598,0
0.04877,0
0.04325,0
0.03656,0
0.03558,0
0.03635,0
0.03887,0
0.04388,0
0.01461,0
0.06456,0
0.08233,0
0.06650,0
0.05324,0
0.05867,0
0.06443,0
0.07067,0
0.07751,0
0.00534,0
0.00655,0
0.00741,0
0.00643,0
0.01350,0
0.02150,0
0.03278,0
0.03425,0
0.03300,0
0.04480,0
0.00534,0
0.01218,0
0.01172,0
0.06704,0
0.05467,0
0.04412,0
0.04649,0
0.05096,0
0.05488,0
0.09246,0
0.10169,0
0.05868,0
0.03533,0
0.02681,0
0.02521,0
0.02783,0
0.03597,0
0.01461,0
0.01806,0
0.01505,0
0.01154,0
0.01863,0
0.02654,0
0.02506,0
0.02501,0
0.02761,0
0.03096,0
0.10696,0
0.07598,0
0.04418,0
0.03593,0
0.02687,0
0.02793,0
0.02923,0
0.03120,0
0.03855,0
0.01461,0
0.01806,0
0.01520,0
0.06732,0
0.05835,0
0.04577,0
0.04602,0
0.04983,0
0.05627,0
0.07187,0
0.02837,1
0.02489,1
0.01988,1
0.01484,1
0.02763,1
0.03149,1
0.03499,1
0.00534,0
0.00655,0
0.00626,0
0.00590,0
0.01201,0
0.00834,0
0.01155,0
0.02108,0
0.01641,0
0.01653,0
0.01418,0
0.03380,0
0.03942,0
0.04269,0
0.06019,0
0.07602,0
0.09176,0
0.00534,0
0.01218,0
0.01185,0
0.01013,0
0.01572,0
0.02911,0
0.04581,0
0.03438,0
0.03310,0
0.03881,0
0.09357,0
0.16955,0
0.13494,0
0.07058,0
0.06272,0
0.05698,0
0.05348,0
0.05140,0
0.05379,0
0.06137,0
0.01461,0
0.01250,0
0.01012,0
0.03988,0
0.05923,0
0.05600,0
0.05650,0
0.06144,0
0.07837,0
0.13770,1
0.06371,1
0.05275,1
0.03776,1
0.03683,1
0.03305,1
0.03214,1
0.03374,1
0.03771,1
0.00534,0
0.00655,0
0.04378,0
0.02622,0
0.02995,0
0.03251,0
0.02961,0
0.03342,0
0.03276,0
0.04210,0
0.00534,0
0.00819,0
0.05885,0
0.03418,0
0.03493,0
0.02574,0
0.03310,0
0.04005,0
0.04636,0
0.05586,0
0.03664,0
0.03090,0
0.01946,0
0.02385,0
0.02492,0
0.02940,0
0.03096,0
0.01461,0
0.01393,0
0.01253,0
0.03060,0
0.04942,0
0.05875,0
0.05696,0
0.07229,0
0.07770,0
0.00534,0
0.00655,0
0.04860,1
0.06181,1
0.05693,1
0.05616,1
0.05783,1
0.11006,1
0.14419,1
0.16389,1
0.01461,0
0.01806,0
0.06391,0
0.04004,0
0.03559,0
0.03752,0
0.03470,0
0.03863,0
0.03664,0
0.04627,0
0.01461,0
0.01806,0
0.01520,0
0.01145,0
0.01858,0
0.02626,0
0.02560,0
0.02752,0
0.02752,0
0.02868,0
0.01461,0
0.01250,0
0.00973,0
0.00837,0
0.01395,0
0.01616,0
0.01885,0
0.00534,0
0.01218,0
0.04380,0
0.04425,0
0.03677,0
0.03991,0
0.03840,0
0.03887,0
0.04520,0
0.06659,0
0.01461,0
0.01250,0
0.00985,0
0.02834,0
0.02605,0
0.03030,0
0.02864,0
0.03047,0
0.04466,0
0.06342,0
0.00534,0
0.00655,0
0.00741,0
0.00734,0
0.01531,0
0.02549,0
0.03310,0
0.03126,0
0.03234,0
0.03399,0
0.00534,0
0.00655,0
0.00695,0
0.00586,0
0.02951,0
0.02479,0
0.03257,0
0.03770,0
0.04508,0
0.06034,0
0.00534,0
0.08678,0
0.06643,0
0.05425,0
0.06219,0
0.05215,0
0.05337,0
0.05678,0
0.06098,0
0.06913,0
0.00534,0
0.01218,0
0.01172,0
0.00884,0
0.01653,0
0.03457,0
0.03248,0
0.03118,0
0.03176,0
0.03298,0
0.06672,0
0.02497,0
0.03396,0
0.04426,0
0.05849,0
0.08178,0
0.07420,0
0.06863,0
0.06637,0
0.06786,0
0.15617,0
0.16441,0
0.08312,0
0.05251,0
0.04466,0
0.04029,0
0.04122,0
0.04260,0
0.04760,0
0.02108,0
0.01769,0
0.01582,0
0.01232,0
0.01683,0
0.01409,0
0.01970,0
0.03453,0
0.05648,0
0.04933,0
0.03730,0
0.03265,0
0.02714,0
0.02453,0
0.02344,0
0.02385,0
0.02710,0
0.00534,0
0.00655,0
0.00638,0
0.00549,0
0.00835,0
0.01387,0
0.01796,0
0.01912,0
0.01919,0
0.02461,0
0.01461,0
0.01393,0
0.01484,0
0.04923,1
0.06279,1
0.07641,1
0.07127,1
0.06945,1
0.06630,1
0.00534,0
0.00655,0
0.00741,0
0.00643,0
0.01242,0
0.00881,0
0.01191,0
0.00534,0
0.00655,0
0.00841,0
0.00690,0
0.01371,0
0.01645,0
0.01839,0
0.01907,0
0.01905,0
0.02188,0
0.03453,1
0.04901,1
0.08246,1
0.07603,1
0.07861,1
0.07316,1
0.07259,1
0.00534,0
0.00819,0
0.00905,0
0.00815,0
0.01596,0
0.02238,0
0.03497,0
0.03682,0
0.03713,0
0.00534,0
0.00655,0
0.05483,0
0.04635,0
0.03792,0
0.03976,0
0.03717,0
0.03635,0
0.03684,0
0.05603,0
0.00534,0
0.00819,0
0.01135,0
0.00884,0
0.02777,0
0.03624,0
0.04098,0
0.05474,0
0.06009,0
0.00534,0
0.00813,0
0.01025,0
0.00848,0
0.01406,0
0.01110,0
0.01792,0
0.11882,0
0.14811,0
0.07551,0
0.04786,0
0.04020,0
0.03689,0
0.03564,0
0.03813,0
0.04299,0
0.01461,0
0.01403,0
0.01174,0
0.00991,0
0.01517,0
0.01718,0
0.01977,0
0.01461,0
0.01806,0
0.06409,0
0.04974,0
0.04124,0
0.04285,0
0.04012,0
0.04070,0
0.04353,0
0.06020,0
0.03728,0
0.02565,0
0.01418,0
0.02295,0
0.02712,0
0.02232,0
0.01965,0
0.01915,0
0.02340,0
0.03180,0
0.01461,0
0.01806,0
0.01491,0
0.01142,0
0.01817,0
0.02730,0
0.02676,0
0.02451,0
0.02753,0
0.00534,0
0.00655,0
0.00655,0
0.00594,0
0.03163,0
0.04277,0
0.04781,0
0.03262,0
0.02945,0
0.03465,0
0.11913,0
0.06576,0
0.06508,0
0.06559,0
0.06296,0
0.05969,0
0.05059,0
0.04611,0
0.04309,0
0.04931,0
0.02108,0
0.01501,0
0.01256,0
0.00978,0
0.01706,0
0.03700,0
0.03490,0
0.03327,0
0.04048,0
0.05010,0
0.00534,0
0.01218,0
0.01424,0
0.01121,0
0.01761,0
0.02533,0
0.03766,0
0.03720,0
0.03792,0
0.00534,0
0.00655,0
0.00638,0
0.00549,0
0.01167,0
0.01503,0
0.01516,0
0.03728,0
0.02542,0
0.01504,0
0.02434,0
0.03237,0
0.02461,0
0.02027,0
0.02095,0
0.02425,0
0.03234,0
0.13770,1
0.06163,1
0.05194,1
0.03712,1
0.03115,1
0.04482,1
0.05547,1
0.06639,1
0.08975,1
0.10696,0
0.07386,0
0.05131,0
0.03976,0
0.05077,0
0.06439,0
0.06049,0
0.05782,0
0.05766,0
0.06095,0
0.03664,0
0.06830,0
0.05167,0
0.05450,0
0.05644,0
0.04701,0
0.04312,0
0.03902,0
0.03966,0
0.04127,0
0.01461,0
0.01250,0
0.05762,0
0.04740,0
0.03760,0
0.03944,0
0.03630,0
0.03731,0
0.04040,0
0.05422,0
0.00534,0
0.01218,0
0.01160,0
0.03068,0
0.02421,0
0.02668,0
0.02823,0
0.03034,0
0.04469,0
0.06303,0
0.03453,0
0.04392,0
0.03046,0
0.02067,0
0.01945,0
0.02078,0
0.02477,0
0.00534,1
0.06446,1
0.06999,1
0.07538,1
0.08278,1
0.08938,1
0.11362,1
0.00534,0
0.01218,0
0.01272,0
0.01072,0
0.01823,0
0.02398,0
0.03621,0
0.03627,0
0.03848,0
0.04983,0
0.03370,0
0.02019,0
0.02458,0
0.02555,0
0.02280,0
0.02542,0
0.03728,0
0.02818,0
0.01519,0
0.02548,0
0.03498,0
0.03273,0
0.02962,0
0.02670,0
0.03158,0
0.03211,0
0.00534,0
0.01218,0
0.04878,0
0.04055,0
0.04126,0
0.05177,0
0.04750,0
0.06687,1
0.06893,1
0.12007,1
0.06910,1
0.09417,1
0.09256,1
0.09384,1
0.09542,1
0.11156,1
0.03728,0
0.02818,0
0.01479,0
0.02271,0
0.03126,0
0.02372,0
0.02117,0
0.02000,0
0.02339,0
0.03143,0
0.00534,0
0.00655,0
0.00638,0
0.00549,0
0.01167,0
0.00830,0
0.01142,0
0.06551,0
0.05903,0
0.03271,0
0.03576,0
0.02960,0
0.02589,0
0.02719,0
0.02823,0
0.03108,0
0.03730,0
0.10079,0
0.05829,0
0.07724,0
0.10832,0
0.08526,0
0.06591,0
0.05990,0
0.05583,0
0.06839,0
0.07057,0
0.00534,0
0.04201,1
0.03572,1
0.04983,1
0.06997,1
0.04670,1
0.04605,1
0.01461,0
0.01806,0
0.01520,0
0.01145,0
0.01676,0
0.01953,0
0.02124,0
0.02237,0
0.01949,0
0.02578,0
0.00534,0
0.01218,0
0.01144,0
0.00886,0
0.01446,0
0.02282,0
0.03173,0
0.06785,0
0.09912,0
0.10976,0
0.00534,0
0.00819,0
0.00916,0
0.04189,1
0.05868,1
0.07238,1
0.09451,1
0.10302,1
0.10553,1
0.13375,1
0.03091,0
0.04047,0
0.04624,0
0.03062,0
0.02476,0
0.02515,0
0.03055,0
0.00534,0
0.00655,0
0.00741,0
0.00643,0
0.01441,0
0.02152,0
0.03011,0
0.06318,0
0.09276,0
0.10537,0
0.01461,0
0.01250,0
0.01065,0
0.00973,0
0.01493,0
0.01857,0
0.02141,0
0.10079,0
0.07101,0
0.04668,0
0.03560,0
0.03754,0
0.02860,0
0.02790,0
0.02831,0
0.02885,0
0.03397,0
0.05664,0
0.02351,0
0.03078,0
0.04705,0
0.05073,0
0.04212,0
0.03790,0
0.03533,0
0.03563,0
0.00534,0
0.00813,0
0.00815,0
0.00823,0
0.01580,0
0.01915,0
0.02141,0
0.02403,0
0.02620,0
0.02108,0
0.02254,0
0.01907,0
0.01421,0
0.01826,0
0.02243,0
0.02087,0
0.03728,0
0.02927,0
0.01782,0
0.03479,0
0.03336,0
0.02608,0
0.02014,0
0.01877,0
0.02196,0
0.02670,0
0.10169,0
0.04473,0
0.02639,0
0.02360,0
0.02459,0
0.02785,0
0.03693,0
0.00534,0
0.01218,0
0.01271,0
0.01011,0
0.01494,0
0.01239,0
0.01849,0
0.00534,0
0.06367,0
0.05069,0
0.05808,0
0.06396,0
0.05466,0
0.05624,0
0.00534,0
0.00813,0
0.00827,0
0.00739,0
0.02675,0
0.02273,0
0.02963,0
0.03114,0
0.04274,0
0.05910,0
0.02108,0
0.05676,0
0.03630,0
0.03974,0
0.03068,0
0.03022,0
0.03488,0
0.03809,0
0.04461,0
0.05591,0
0.03664,0
0.03568,0
0.02276,0
0.02813,0
0.03894,0
0.03455,0
0.03200,0
0.02927,0
0.03375,0
0.03462,0
0.00534,0
0.00655,0
0.00741,0
0.00734,0
0.01429,0
0.02094,0
0.02282,0
0.02405,0
0.02443,0
0.02654,0
0.05883,1
0.02309,1
0.03365,1
0.08228,1
0.08495,1
0.06813,1
0.06984,1
0.06663,1
0.06751,1
0.08817,1
0.00534,0
0.01218,0
0.01144,0
0.00886,0
0.01449,0
0.01070,0
0.01343,0
0.03453,0
0.04358,0
0.05472,0
0.08737,0
0.07230,0
0.05863,0
0.05257,0
0.04806,0
0.04871,0
0.03510,0
0.02657,0
0.01622,0
0.02643,0
0.03414,0
0.03118,0
0.02908,0
0.02708,0
0.02746,0
0.03137,0
0.01461,0
0.01403,0
0.01189,0
0.00955,0
0.03386,0
0.03965,0
0.04768,0
0.03052,0
0.02911,0
0.03408,0
0.00534,0
0.01218,0
0.04030,0
0.03243,0
0.03119,0
0.03446,0
0.03445,0
0.03481,0
0.03207,0
0.03624,0
0.05595,1
0.02262,1
0.07400,1
0.08787,1
0.10741,1
0.14124,1
0.12478,1
0.12429,1
0.01461,0
0.01250,0
0.01213,0
0.00958,0
0.02586,0
0.02355,0
0.03593,0
0.04102,0
0.03668,0
0.04310,0
0.00534,0
0.00655,0
0.00626,0
0.00681,0
0.01262,0
0.02221,0
0.02338,0
0.02344,0
0.02436,0
0.02529,0
0.00534,0
0.00655,0
0.00655,0
0.00594,0
0.01196,0
0.00885,0
0.01498,0
0.00534,0
0.00819,0
0.00888,0
0.00757,0
0.02705,0
0.03477,0
0.03568,0
0.05092,0
0.05796,0
0.00534,0
0.08678,0
0.06643,0
0.05425,0
0.04607,0
0.04162,0
0.04467,0
0.04736,0
0.05321,0
0.06288,0
0.10696,0
0.06279,0
0.07132,0
0.04536,0
0.03741,0
0.03569,0
0.03660,0
0.03744,0
0.03959,0
0.04533,0
0.01461,0
0.01250,0
0.00999,0
0.00804,0
0.01038,0
0.01749,0
0.02143,0
0.02270,0
0.02123,0
0.02381,0
0.00534,0
0.00655,0
0.00618,0
0.00583,0
0.01164,0
0.01309,0
0.01569,0
0.01733,0
0.01753,0
0.02382,0
0.00534,0
0.08678,0
0.06736,0
0.05479,0
0.05134,0
0.04238,0
0.04506,0
0.04963,0
0.05517,0
0.06353,0
0.03091,0
0.04047,0
0.02889,0
0.02687,0
0.02152,0
0.02271,0
0.02772,0
0.00534,0
0.04240,0
0.03564,0
0.04240,0
0.03091,0
0.03176,0
0.03631,0
0.04067,0
0.04703,0
0.05758,0
0.05793,0
0.02221,0
0.03273,0
0.04208,0
0.04438,0
0.03845,0
0.03202,0
0.02932,0
0.02954,0
0.03743,0
0.02108,0
0.01769,0
0.01849,0
0.01387,0
0.01755,0
0.01495,0
0.02253,0
0.05883,0
0.02466,0
0.03474,0
0.03545,0
0.02941,0
0.02583,0
0.02765,0
0.01461,0
0.01806,0
0.01520,0
0.01145,0
0.01439,0
0.02145,0
0.02456,0
0.02400,0
0.02304,0
0.02571,0
0.03091,0
0.03719,0
0.04292,0
0.03688,0
0.03712,0
0.03534,0
0.03001,0
0.02775,0
0.02848,0
0.03098,0
0.03453,0
0.04392,0
0.03064,0
0.02299,0
0.02570,0
0.02696,0
0.03027,0
0.00534,0
0.00655,0
0.00618,0
0.00583,0
0.01302,0
0.02031,0
0.02348,0
0.02296,0
0.02414,0
0.02509,0
0.10169,0
0.04753,0
0.02922,0
0.02641,0
0.02760,0
0.03021,0
0.03901,0
0.00534,0
0.00655,0
0.00695,0
0.00705,0
0.01401,0
0.02409,0
0.02507,0
0.02623,0
0.02918,0
0.00534,0
0.01218,0
0.01172,0
0.00884,0
0.01428,0
0.01152,0
0.01397,0
0.01461,0
0.01250,0
0.01012,0
0.00849,0
0.01515,0
0.02217,0
0.03380,0
0.02919,0
0.03006,0
0.03103,0
0.00534,0
0.00655,0
0.00695,0
0.00586,0
0.00964,0
0.01338,0
0.02183,0
0.02243,0
0.02210,0
0.02471,0
0.03091,0
0.05254,0
0.04744,0
0.03621,0
0.03047,0
0.02508,0
0.02596,0
0.02557,0
0.02669,0
0.02882,0
0.10696,0
0.07598,0
0.04418,0
0.05072,0
0.06899,0
0.06469,0
0.06212,0
0.06068,0
0.06485,0
0.00534,0
0.01218,0
0.01271,0
0.01011,0
0.01960,0
0.02538,0
0.02733,0
0.03728,0
0.02927,0
0.01731,0
0.02645,0
0.03329,0
0.02609,0
0.02192,0
0.02101,0
0.02435,0
0.02933,0
0.03091,0
0.04124,0
0.05465,0
0.08864,0
0.07610,0
0.05269,0
0.04231,0
0.03804,0
0.03725,0
0.03936,0
0.08057,0
0.06012,0
0.03527,0
0.03536,0
0.02966,0
0.02906,0
0.02888,0
0.02879,0
0.03011,0
0.03515,0
0.00534,0
0.00655,0
0.00655,0
0.00594,0
0.01196,0
0.01220,0
0.01497,0
0.00534,0
0.00813,0
0.00840,0
0.00703,0
0.01474,0
0.02217,0
0.02164,0
0.03019,0
0.04443,0
0.05595,0
0.02262,0
0.03412,0
0.02402,0
0.02729,0
0.02610,0
0.02917,0
0.00534,0
0.00655,0
0.00638,0
0.00640,0
0.01232,0
0.01565,0
0.01573,0
0.08057,0
0.06012,0
0.03527,0
0.04062,0
0.03390,0
0.02967,0
0.02953,0
0.02946,0
0.03256,0
0.03810,0
0.00534,0
0.00655,0
0.00655,0
0.00686,0
0.01262,0
0.00919,0
0.01219,0
0.09852,0
0.08450,0
0.07935,0
0.06453,0
0.05089,0
0.04749,0
0.04636,0
0.04596,0
0.05183,0
0.05664,0
0.02210,0
0.03273,0
0.02224,0
0.02261,0
0.02189,0
0.02581,0
0.00534,0
0.00655,0
0.00695,0
0.00705,0
0.02530,0
0.02264,0
0.03013,0
0.03202,0
0.04291,0
0.05911,0
0.02108,0
0.01501,0
0.01218,0
0.01101,0
0.01707,0
0.01990,0
0.02071,0
0.02117,0
0.02136,0
0.02427,0
0.02108,0
0.01501,0
0.01256,0
0.01074,0
0.01665,0
0.02168,0
0.02161,0
0.02082,0
0.02071,0
0.02356,0
0.03453,0
0.04392,0
0.03065,0
0.02213,0
0.01891,0
0.02062,0
0.02537,0
0.01461,0
0.01806,0
0.01505,0
0.04636,0
0.04181,0
0.03086,0
0.03306,0
0.03678,0
0.03798,0
0.05819,0
0.00534,0
0.00655,0
0.00638,0
0.00549,0
0.01272,0
0.01986,0
0.02342,0
0.02339,0
0.02736,0
0.02921,0
0.10169,0
0.04252,0
0.03437,0
0.02908,0
0.03104,0
0.03267,0
0.04102,0
0.10169,0
0.04153,0
0.03146,0
0.02652,0
0.02812,0
0.03049,0
0.03896,0
0.04983,0
0.04266,0
0.02498,0
0.03380,0
0.03685,0
0.03127,0
0.02916,0
0.02972,0
0.02977,0
0.03277,0
0.03728,0
0.02818,0
0.01479,0
0.02557,0
0.03863,0
0.05428,0
0.04798,0
0.04180,0
0.05051,0
0.00534,0
0.00819,0
0.01135,0
0.00884,0
0.01375,0
0.02009,0
0.02355,0
0.02555,0
0.02879,0
0.01461,0
0.01250,0
0.01012,0
0.00941,0
0.01685,0
0.02222,0
0.03069,0
0.02901,0
0.02992,0
0.03127,0
0.05883,0
0.02309,0
0.03365,0
0.03588,0
0.03213,0
0.02804,0
0.02306,0
0.02170,0
0.02220,0
0.03163,0
0.03728,0
0.06640,0
0.04879,0
0.04818,0
0.06085,0
0.05399,0
0.05045,0
0.00534,0
0.00655,0
0.00695,0
0.00586,0
0.01187,0
0.00938,0
0.01636,0
0.00534,0
0.05884,0
0.03981,0
0.04464,0
0.03433,0
0.03230,0
0.03658,0
0.03983,0
0.04585,0
0.06151,0
0.00534,0
0.00655,0
0.00695,0
0.00586,0
0.01304,0
0.01568,0
0.01857,0
0.01925,0
0.01893,0
0.02455,0
0.00534,0
0.00655,0
0.00626,0
0.00681,0
0.01265,0
0.00899,0
0.01650,0
0.03728,0
0.02542,0
0.01444,0
0.02662,0
0.03444,0
0.03151,0
0.02965,0
0.02988,0
0.03416,0
0.03620,0
0.03664,0
0.03013,0
0.01764,0
0.02330,0
0.02481,0
0.02183,0
0.02462,0
0.03091,0
0.05254,0
0.04428,0
0.03546,0
0.03039,0
0.02458,0
0.02256,0
0.02180,0
0.02370,0
0.02769,0
0.01461,0
0.01393,0
0.05580,0
0.04802,0
0.03929,0
0.04228,0
0.04255,0
0.04393,0
0.05723,0
0.01461,0
0.01250,0
0.01012,0
0.03634,0
0.02859,0
0.02934,0
0.03194,0
0.03825,0
0.03762,0
0.04667,0
0.10696,0
0.06017,0
0.06887,0
0.05946,0
0.04811,0
0.04595,0
0.04518,0
0.04655,0
0.05243,0
0.00534,0
0.00655,0
0.08316,0
0.07127,0
0.05322,0
0.05508,0
0.05077,0
0.05289,0
0.05757,0
0.09404,0
0.03728,0
0.02565,0
0.01418,0
0.02332,0
0.03965,0
0.03415,0
0.03295,0
0.03142,0
0.03350,0
0.03592,0
0.05793,0
0.02531,0
0.03417,0
0.03730,0
0.06723,0
0.05920,0
0.05655,0
0.05278,0
0.05191,0
0.00534,0
0.00813,0
0.00827,0
0.00739,0
0.01313,0
0.01411,0
0.01793,0
0.01853,0
0.01897,0
0.02465,0
0.00534,0
0.00655,0
0.00655,0
0.04031,0
0.03597,0
0.02775,0
0.03165,0
0.03600,0
0.03967,0
0.05597,0
0.00534,0
0.00655,0
0.00655,0
0.00686,0
0.01471,0
0.02368,0
0.02647,0
0.02924,0
0.02913,0
0.02922,0
0.00534,0
0.00655,0
0.00841,0
0.00690,0
0.01371,0
0.02604,0
0.04478,0
0.03426,0
0.03352,0
0.03992,0
0.00534,0
0.04490,0
0.03602,0
0.04756,0
0.05466,0
0.04771,0
0.05076,0
0.02108,0
0.01501,0
0.01204,0
0.00998,0
0.03132,0
0.03817,0
0.04164,0
0.06943,0
0.07616,0
0.00534,0
0.00655,0
0.00638,0
0.00549,0
0.01167,0
0.00925,0
0.01619,0
0.01461,0
0.01250,0
0.00973,0
0.00929,0
0.03344,0
0.04035,0
0.04831,0
0.03146,0
0.02816,0
0.03340,0
0.03728,0
0.02666,0
0.01440,0
0.03029,0
0.03449,0
0.03860,1
0.04959,1
0.05369,1
0.00534,0
0.00813,0
0.00880,0
0.00743,0
0.01340,0
0.01039,0
0.01734,0
0.00534,0
0.00655,0
0.00655,0
0.00594,0
0.00883,0
0.01586,0
0.01899,0
0.02086,0
0.02016,0
0.02533,0
0.00534,0
0.00655,0
0.00695,0
0.00705,0
0.01430,0
0.02895,0
0.04727,0
0.03643,0
0.03470,0
0.03961,0
0.06672,0
0.02497,0
0.02841,0
0.03626,0
0.05990,0
0.04018,0
0.03822,0
0.03483,0
0.03528,0
0.04384,0
0.00534,0
0.00655,0
0.00655,0
0.06178,0
0.05039,0
0.03957,0
0.04210,0
0.04736,0
0.05509,0
0.08980,0
0.00534,0
0.07686,1
0.06883,1
0.07750,1
0.08777,1
0.10798,1
0.09692,1
0.00534,0
0.03831,0
0.04252,0
0.05162,0
0.05722,0
0.05065,0
0.05336,0
0.10169,0
0.05868,0
0.03170,0
0.02771,0
0.02823,0
0.02895,0
0.03701,0
0.03728,1
0.02900,1
0.01669,1
0.03511,1
0.04241,1
0.04120,1
0.05177,1
0.05664,0
0.02351,0
0.03137,0
0.04207,0
0.03923,0
0.03573,0
0.03135,0
0.02912,0
0.02867,0
0.03696,0
0.08057,0
0.05724,0
0.03751,0
0.03681,0
0.03144,0
0.02781,0
0.02826,0
0.02840,0
0.03078,0
0.03659,0
0.03091,0
0.03588,0
0.03502,0
0.03469,0
0.03079,0
0.02528,0
0.02867,0
0.02712,0
0.02729,0
0.03188,0
0.11361,0
0.05038,0
0.03268,0
0.02880,0
0.02992,0
0.03439,0
0.04262,0
0.03091,0
0.04047,0
0.02930,0
0.02677,0
0.02222,0
0.02398,0
0.02805,0
0.00534,0
0.01218,0
0.01144,0
0.00886,0
0.01660,0
0.02587,0
0.02547,0
0.02448,0
0.02499,0
0.02590,0
0.00534,0
0.01218,0
0.01271,0
0.01139,0
0.01725,0
0.01790,0
0.01988,0
0.02119,0
0.01946,0
0.02618,0
0.00534,0
0.00819,0
0.00980,0
0.00784,0
0.01776,0
0.01397,0
0.02236,0
0.00534,0
0.01218,0
0.01172,0
0.00985,0
0.01521,0
0.01992,0
0.02223,0
0.02152,0
0.02527,0
0.00534,0
0.00819,0
0.00980,0
0.00784,0
0.02705,0
0.03376,0
0.03755,0
0.05229,0
0.05923,0
0.00534,1
0.03686,1
0.05364,1
0.05401,1
0.05338,1
0.04381,1
0.04085,1
0.04863,1
0.05602,1
0.06219,1
0.08057,0
0.06012,0
0.03395,0
0.03318,0
0.02861,0
0.02518,0
0.02558,0
0.02670,0
0.02910,0
0.03449,0
0.00534,0
0.03831,0
0.03281,0
0.04406,0
0.04977,0
0.04326,0
0.04707,0
0.03510,0
0.03007,0
0.01860,0
0.03495,0
0.03667,0
0.02586,0
0.02117,0
0.01943,0
0.02223,0
0.02692,0
0.00534,0
0.01218,0
0.01172,0
0.00985,0
0.02882,1
0.04245,1
0.04906,1
0.04723,1
0.06106,1
0.00534,0
0.00819,0
0.00916,0
0.00856,0
0.01396,0
0.01030,0
0.01307,0
0.00534,0
0.00655,0
0.05303,0
0.04946,0
0.05877,0
0.05641,0
0.05483,0
0.06593,0
0.08381,0
0.00534,0
0.00655,0
0.00626,0
0.00590,0
0.01201,0
0.01208,0
0.01596,0
0.00534,0
0.00655,0
0.00841,0
0.00690,0
0.01254,0
0.00937,0
0.01311,0
0.01461,0
0.01250,0
0.04013,0
0.04305,0
0.04020,0
0.03035,0
0.03441,0
0.03873,0
0.04332,0
0.06573,0
0.00534,0
0.00813,0
0.00815,0
0.03554,0
0.02798,0
0.02567,0
0.02993,0
0.03710,0
0.03587,0
0.04489,0
0.00534,0
0.01218,0
0.01172,0
0.00884,0
0.01428,0
0.01702,0
0.01938,0
0.14504,0
0.14460,0
0.11469,0
0.08364,0
0.09043,0
0.07933,0
0.07318,0
0.06993,0
0.07019,0
0.07732,0
0.00534,0
0.00655,0
0.00741,0
0.00643,0
0.05204,1
0.06259,1
0.07434,1
0.09519,1
0.09043,1
0.10269,1
0.09478,1
0.03091,1
0.04047,1
0.05439,1
0.06036,1
0.06497,1
0.07951,1
0.08754,1
0.13756,0
0.13890,0
0.13839,0
0.10294,0
0.07967,0
0.07496,0
0.06974,0
0.06750,0
0.06904,0
0.07720,0
0.00534,0
0.01218,0
0.01424,0
0.01121,0
0.02993,0
0.03780,0
0.03908,0
0.03598,0
0.03798,0
0.04510,0
0.01461,0
0.01250,0
0.00999,0
0.00897,0
0.01458,0
0.01082,0
0.01645,0
0.00534,0
0.00655,0
0.00638,0
0.00640,0
0.01217,0
0.02675,0
0.04186,0
0.03154,0
0.03328,0
0.03833,0
0.01461,0
0.01250,0
0.01065,0
0.00973,0
0.04011,0
0.04521,0
0.05097,0
0.03330,0
0.03031,0
0.03130,0
0.05793,1
0.04688,1
0.05208,1
0.05260,1
0.05849,1
0.05230,1
0.04696,1
0.04448,1
0.04563,1
0.08057,0
0.05830,0
0.03457,0
0.03403,0
0.02959,0
0.02625,0
0.02683,0
0.02720,0
0.02886,0
0.03489,0
0.10696,0
0.06045,0
0.08283,0
0.11697,0
0.08972,0
0.06936,0
0.06263,0
0.05829,0
0.05519,0
0.05805,0
0.00534,0
0.00655,0
0.00618,0
0.03338,0
0.02626,0
0.02445,0
0.02811,0
0.03284,0
0.03451,0
0.04578,0
0.00534,0
0.01218,0
0.01185,0
0.01013,0
0.01515,0
0.01848,0
0.02202,0
0.00534,0
0.01218,0
0.05109,1
0.05370,1
0.05894,1
0.05919,1
0.05530,1
0.09430,1
0.08368,1
0.08328,1
0.00534,0
0.00655,0
0.00741,0
0.00643,0
0.01242,0
0.01487,0
0.01776,0
0.04983,0
0.03485,0
0.01943,0
0.02450,0
0.02275,0
0.02366,0
0.02640,0
0.00534,0
0.00655,0
0.03919,0
0.04099,0
0.03245,0
0.03376,0
0.03161,0
0.03222,0
0.03581,0
0.05144,0
0.00534,0
0.01218,0
0.01424,0
0.01121,0
0.01375,0
0.03003,0
0.04546,0
0.03625,0
0.03512,0
0.04046,0
0.01461,0
0.01806,0
0.01531,0
0.01259,0
0.01900,0
0.02368,0
0.02671,0
0.02817,0
0.02977,0
0.03453,0
0.12860,0
0.14075,0
0.14865,0
0.13029,0
0.10696,0
0.09591,0
0.08958,0
0.08678,0
0.08820,0
0.03453,0
0.04392,0
0.04229,0
0.02685,0
0.02105,0
0.02182,0
0.02459,0
0.05364,0
0.02196,0
0.02628,0
0.03752,0
0.03689,0
0.03277,0
0.03603,0
0.03328,0
0.03278,0
0.04067,0
0.00534,0
0.00655,0
0.04145,1
0.04991,1
0.06140,1
0.06930,1
0.06363,1
0.11465,1
0.00534,0
0.07464,0
0.05558,0
0.06426,0
0.06764,0
0.05876,0
0.05952,0
0.01461,0
0.01806,0
0.01630,0
0.01401,0
0.01776,0
0.01498,0
0.01750,0
0.03091,0
0.04047,0
0.04058,0
0.03154,0
0.02388,0
0.02399,0
0.02581,0
0.03091,0
0.04705,0
0.04757,0
0.03931,0
0.03778,0
0.03582,0
0.03029,0
0.02925,0
0.02942,0
0.03336,0
0.03523,1
0.09016,1
0.11737,1
0.09708,1
0.08269,1
0.06805,1
0.06992,1
0.07088,1
0.07381,1
0.08361,1
0.00534,0
0.01218,0
0.01271,0
0.03388,0
0.02466,0
0.02249,0
0.02720,0
0.03250,0
0.03450,0
0.04550,0
0.01461,0
0.01806,0
0.01520,0
0.01145,0
0.01620,0
0.01646,0
0.01557,0
0.03091,0
0.03719,0
0.04292,0
0.03688,0
0.03712,0
0.03320,0
0.02999,0
0.03153,0
0.03200,0
0.03491,0
0.11134,0
0.07329,0
0.06145,0
0.05410,0
0.05263,0
0.04194,0
0.04386,0
0.00534,0
0.05349,0
0.03925,0
0.04158,0
0.03149,0
0.02743,0
0.03217,0
0.03556,0
0.04228,0
0.05338,0
0.15001,0
0.12668,0
0.10751,0
0.10229,0
0.10400,0
0.10790,0
0.10495,0
0.07603,0
0.07188,0
0.07551,0
0.00534,0
0.00655,0
0.00638,0
0.00549,0
0.02484,0
0.03525,0
0.03272,0
0.04779,0
0.05724,0
0.02108,0
0.01641,0
0.04400,0
0.03619,0
0.03702,0
0.04737,0
0.04535,0
0.04369,0
0.04568,0
0.04705,0
0.03728,0
0.02666,0
0.01506,0
0.02285,0
0.03061,0
0.02570,0
0.02387,0
0.02530,0
0.02947,0
0.03127,0
0.01461,0
0.01250,0
0.04096,0
0.03371,0
0.03531,0
0.02893,0
0.02975,0
0.00534,0
0.00655,0
0.00741,0
0.00734,0
0.01304,0
0.00945,0
0.01250,0
0.10696,0
0.07598,0
0.04418,0
0.05072,0
0.07295,0
0.06802,0
0.06528,0
0.06500,0
0.06869,0
0.05883,0
0.02466,0
0.03275,0
0.04287,0
0.04123,0
0.03398,0
0.02750,0
0.02541,0
0.02569,0
0.03397,0
0.00534,0
0.00655,0
0.00618,0
0.00583,0
0.01190,0
0.00865,0
0.01487,0
0.03728,0
0.08789,0
0.08283,0
0.06231,0
0.06225,0
0.04700,0
0.05143,0
0.03664,0
0.03263,0
0.02166,0
0.03036,0
0.03706,0
0.05339,0
0.04838,0
0.04236,0
0.05097,0
0.00534,0
0.00655,0
0.05844,1
0.07116,1
0.08843,1
0.09569,1
0.08676,1
0.07981,1
0.11504,1
0.13256,1
0.03091,0
0.04047,0
0.03239,0
0.02743,0
0.02223,0
0.02321,0
0.02578,0
0.00534,0
0.00655,0
0.00841,0
0.00806,0
0.01340,0
0.01746,0
0.01752,0
0.00534,0
0.00655,0
0.00655,0
0.00686,0
0.01262,0
0.01589,0
0.01709,0
0.01892,0
0.01869,0
0.02398,0
0.40063,0
0.32551,0
0.24383,0
0.18576,0
0.15690,0
0.13993,0
0.12801,0
0.12120,0
0.11728,0
0.12671,0
0.00534,0
0.00819,0
0.00874,0
0.02842,0
0.02301,0
0.02548,0
0.02544,0
0.02765,0
0.06201,0
0.09236,0
0.00534,0
0.01218,0
0.01160,0
0.00902,0
0.01459,0
0.01074,0
0.01349,0
0.03728,0
0.02818,0
0.01519,0
0.02193,0
0.02324,0
0.02065,0
0.02330,0
0.00534,0
0.00655,0
0.00626,0
0.00590,0
0.01171,0
0.02175,0
0.02240,0
0.02392,0
0.02774,0
0.03044,0
0.08057,0
0.05830,0
0.03457,0
0.03403,0
0.02959,0
0.02625,0
0.02683,0
0.02720,0
0.02850,0
0.03456,0
0.05606,1
0.07207,1
0.07529,1
0.06673,1
0.06910,1
0.06618,1
0.08355,1
0.09058,1
0.09791,1
0.11547,1
0.14860,1
0.17820,1
0.05364,0
0.02356,0
0.03237,0
0.04505,0
0.07152,0
0.06392,0
0.05851,0
0.05382,0
0.05261,0
0.02108,0
0.01641,0
0.01497,0
0.01190,0
0.01603,0
0.02553,0
0.03388,0
0.02792,0
0.02957,0
0.03139,0
0.01461,0
0.01250,0
0.01213,0
0.00958,0
0.01617,0
0.02550,0
0.02596,0
0.02444,0
0.02356,0
0.02655,0
0.00534,0
0.01218,0
0.01185,0
0.00910,0
0.01463,0
0.01784,0
0.02043,0
0.03453,0
0.04004,0
0.05289,0
0.08639,0
0.07684,0
0.05547,0
0.04555,0
0.04142,0
0.03963,0
0.04109,0
0.00534,0
0.00655,0
0.00741,0
0.00643,0
0.01205,0
0.01533,0
0.01558,0
0.01671,0
0.01672,0
0.01991,0
0.10079,0
0.07373,0
0.04269,0
0.03411,0
0.02732,0
0.02766,0
0.02920,0
0.03087,0
0.03832,0
0.00534,0
0.00655,0
0.01510,1
0.03190,1
0.02943,1
0.03926,1
0.04697,1
0.07340,1
0.08049,1
0.01461,0
0.01806,0
0.01531,0
0.01168,0
0.01666,0
0.02474,0
0.03563,0
0.03574,0
0.03863,0
0.04998,0
0.00534,0
0.03779,0
0.04245,0
0.05297,0
0.05516,0
0.04934,0
0.05205,0
0.03091,0
0.04124,0
0.04291,0
0.05962,0
0.06245,0
0.07257,0
0.06595,0
0.06150,0
0.06757,0
0.00534,0
0.05884,0
0.04159,0
0.04511,0
0.03432,0
0.02928,0
0.03385,0
0.03944,0
0.04575,0
0.06114,0
0.00534,0
0.00655,0
0.00626,0
0.00681,0
0.01456,0
0.03278,0
0.03167,0
0.03119,0
0.03409,0
0.03684,0
0.00534,0
0.00819,0
0.00874,0
0.00750,0
0.01428,0
0.02137,0
0.02268,0
0.02390,0
0.02506,0
0.02590,0
0.06672,0
0.02786,0
0.03739,0
0.03921,0
0.02794,0
0.02628,0
0.02830,0
0.03091,0
0.04771,0
0.03765,0
0.03183,0
0.02556,0
0.02595,0
0.02744,0
0.00534,0
0.00655,0
0.00655,0
0.00594,0
0.01172,0
0.02097,0
0.02110,0
0.01982,0
0.02354,0
0.05793,0
0.02531,0
0.03324,0
0.04771,0
0.05238,0
0.04562,0
0.03804,0
0.03466,0
0.03408,0
0.00534,0
0.00655,0
0.00734,0
0.00638,0
0.01213,0
0.01530,0
0.01677,0
0.01879,0
0.01827,0
0.02427,0
0.11240,0
0.11946,0
0.10454,0
0.14058,0
0.12150,0
0.09177,0
0.09105,0
0.09158,0
0.09228,0
0.09751,0
0.01461,0
0.01250,0
0.00999,0
0.00897,0
0.01458,0
0.01103,0
0.01806,0
0.10696,0
0.10354,0
0.07323,0
0.05785,0
0.05139,0
0.04384,0
0.04151,0
0.03960,0
0.03904,0
0.04325,0
0.00534,0
0.00655,0
0.00695,0
0.00586,0
0.01167,0
0.02188,0
0.02291,0
0.02220,0
0.02981,0
0.04053,0
0.00534,0
0.00655,0
0.00655,0
0.00594,0
0.01196,0
0.01524,0
0.01835,0
0.05574,0
0.02456,0
0.03432,0
0.02361,0
0.02422,0
0.02318,0
0.02632,0
0.03453,0
0.05017,0
0.05621,0
0.06425,0
0.05166,0
0.04528,0
0.04204,0
0.03999,0
0.04133,0
0.00534,0
0.06315,0
0.04786,0
0.04433,0
0.05806,0
0.04978,0
0.05129,0
0.05266,0
0.05780,0
0.06593,0
0.00534,0
0.00655,0
0.00626,0
0.00590,0
0.01672,0
0.01211,0
0.01527,0
0.00534,0
0.00655,0
0.00655,0
0.00686,0
0.01262,0
0.00919,0
0.01517,0
0.03728,0
0.02666,0
0.01440,0
0.02297,0
0.03064,0
0.04750,0
0.04326,0
0.03835,0
0.04769,0
0.03728,0
0.03222,0
0.01891,0
0.03521,0
0.03399,0
0.02526,0
0.02488,0
0.02456,0
0.02725,0
0.03484,0
0.05664,0
0.02351,0
0.03518,0
0.03511,1
0.09580,1
0.08446,1
0.07914,1
0.07752,1
0.08056,1
0.11536,1
0.15078,1
0.15312,1
0.00534,0
0.00655,0
0.00626,0
0.00590,0
0.01912,0
0.02344,0
0.03273,0
0.03769,0
0.03409,0
0.03721,0
0.00534,0
0.01218,0
0.01271,0
0.01011,0
0.01494,0
0.01217,0
0.01538,0
0.11240,0
0.12745,0
0.10798,0
0.14365,0
0.12398,0
0.09032,0
0.09174,0
0.09279,0
0.09519,0
0.09962,0
0.00534,0
0.01218,0
0.01185,0
0.01013,0
0.01515,0
0.01157,0
0.01714,0
0.00534,0
0.00655,0
0.00618,0
0.00674,0
0.01465,0
0.01801,0
0.02031,0
0.02499,0
0.02626,0
0.00534,0
0.01218,0
0.01144,0
0.00886,0
0.01449,0
0.01457,0
0.01407,0
0.03728,0
0.02818,0
0.01479,0
0.02557,0
0.03734,0
0.06256,0
0.06547,0
0.06104,0
0.05975,0
0.05875,0
0.00534,0
0.00655,0
0.00841,0
0.00690,0
0.01254,0
0.01012,0
0.01693,0
0.01461,0
0.02281,1
0.01972,1
0.01560,1
0.02024,1
0.01443,1
0.02297,1
0.02108,0
0.02254,0
0.01848,0
0.01400,0
0.01815,0
0.02101,0
0.01973,0
0.00534,0
0.00655,0
0.00638,0
0.00640,0
0.01454,0
0.01785,0
0.02012,0
0.02284,0
0.02508,0
0.00534,0
0.01218,0
0.01424,0
0.01234,0
0.01798,0
0.01821,0
0.02198,0
0.02402,0
0.02335,0
0.02602,0
0.03091,0
0.04124,0
0.04192,0
0.04485,0
0.05213,0
0.04665,0
0.04048,0
0.03693,0
0.03638,0
0.03814,0
0.01461,0
0.01250,0
0.05662,0
0.03496,0
0.03000,0
0.03237,0
0.02962,0
0.03324,0
0.03108,0
0.04465,0
0.00534,0
0.00819,0
0.00980,0
0.02782,0
0.03481,0
0.03504,0
0.04212,0
0.04578,0
0.03378,0
0.03880,0
0.03728,0
0.02900,0
0.01631,0
0.03125,0
0.03544,0
0.02575,0
0.02034,0
0.01856,0
0.02128,0
0.02897,0
0.01461,0
0.01806,0
0.01531,0
0.01259,0
0.01575,0
0.02282,0
0.02276,0
0.02298,0
0.02277,0
0.02581,0
0.00534,0
0.03779,0
0.03288,0
0.04398,0
0.05080,0
0.04520,0
0.04854,0
0.01461,0
0.01250,0
0.01099,0
0.00898,0
0.01651,0
0.02430,0
0.02439,0
0.02417,0
0.02662,0
0.02735,0
0.08057,0
0.05830,0
0.03115,0
0.03197,0
0.02592,0
0.02777,0
0.02819,0
0.02832,0
0.03059,0
0.03629,0
0.00534,0
0.00813,0
0.00840,0
0.00795,0
0.01355,0
0.01666,0
0.01664,0
0.00534,0
0.06315,0
0.04786,0
0.03968,0
0.03569,0
0.02913,0
0.03376,0
0.03718,0
0.04408,0
0.05332,0
0.00534,0
0.00813,0
0.03776,0
0.04994,0
0.04392,0
0.03557,0
0.03963,0
0.04366,0
0.04970,0
0.06266,0
0.01461,0
0.01806,0
0.01531,0
0.01168,0
0.01871,0
0.02660,0
0.02583,0
0.02535,0
0.02878,0
0.03048,0
0.03728,0
0.02666,0
0.01440,0
0.02659,0
0.03100,0
0.02731,0
0.02484,0
0.02242,0
0.02694,0
0.02843,0
0.00534,0
0.00819,0
0.00905,0
0.00723,0
0.01290,0
0.00944,0
0.01671,0
0.00534,0
0.01218,0
0.01172,0
0.00884,0
0.02821,0
0.03609,0
0.04201,0
0.06911,0
0.07562,0
0.00534,0
0.01218,0
0.06135,0
0.05024,0
0.04233,0
0.05475,0
0.05235,0
0.05105,0
0.05018,0
0.07399,0
0.09852,0
0.07077,0
0.07644,0
0.04624,0
0.04201,0
0.03418,0
0.03475,0
0.03457,0
0.03562,0
0.04096,0
0.00534,0
0.00655,0
0.00741,0
0.00643,0
0.01962,0
0.02277,0
0.02902,0
0.03611,0
0.03099,0
0.03625,0
0.01461,0
0.06537,0
0.05008,0
0.04130,0
0.03869,0
0.03128,0
0.03575,0
0.03879,0
0.04490,0
0.05421,0
0.00534,0
0.00655,0
0.00655,0
0.00594,0
0.00883,0
0.01586,0
0.01899,0
0.02086,0
0.02016,0
0.02308,0
0.00534,0
0.00655,0
0.00841,0
0.02641,0
0.02692,0
0.02946,0
0.03845,0
0.04046,0
0.03116,0
0.03800,0
0.09674,1
0.08105,1
0.06750,1
0.05410,1
0.06234,1
0.07810,1
0.08376,1
0.03453,0
0.05017,0
0.04639,0
0.08920,0
0.07682,0
0.05254,0
0.04486,0
0.04094,0
0.03896,0
0.04212,0
0.01461,0
0.01250,0
0.00999,0
0.00804,0
0.01382,0
0.01018,0
0.01589,0
0.03728,0
0.03222,0
0.01891,0
0.02956,0
0.03436,0
0.03049,0
0.02717,0
0.02446,0
0.02767,0
0.02969,0
0.00534,0
0.00655,0
0.00638,0
0.00549,0
0.01167,0
0.00925,0
0.01197,0
0.06672,0
0.02786,0
0.03458,0
0.04038,0
0.04461,0
0.03576,0
0.03061,0
0.02761,0
0.02722,0
0.03048,0
0.00534,0
0.00655,0
0.00638,0
0.03617,0
0.06035,0
0.05821,0
0.06059,0
0.05913,0
0.07164,0
0.09348,0
0.03453,0
0.04392,0
0.04816,0
0.03883,0
0.03025,0
0.03043,0
0.03492,0
0.00534,0
0.00655,0
0.00626,0
0.03050,0
0.02167,0
0.02542,0
0.02886,0
0.03619,0
0.03444,0
0.04326,0
0.15001,0
0.13561,0
0.11045,0
0.09860,0
0.10098,0
0.11106,0
0.10551,0
0.07410,0
0.06971,0
0.07363,0
0.05664,0
0.02351,0
0.03368,0
0.02272,0
0.02333,0
0.02244,0
0.02626,0
0.06067,1
0.07290,1
0.07162,1
0.07624,1
0.08683,1
0.09438,1
0.11840,1
0.11977,1
0.00534,0
0.00655,0
0.00734,0
0.00638,0
0.01229,0
0.02052,0
0.02138,0
0.02200,0
0.03176,0
0.03969,0
0.00534,0
0.01218,0
0.01272,0
0.01072,0
0.01823,0
0.02661,0
0.02594,0
0.02611,0
0.02522,0
0.02789,0
0.10169,0
0.06179,0
0.03480,0
0.02752,0
0.02820,0
0.02901,0
0.03709,0
0.00534,0
0.01218,0
0.01271,0
0.03798,0
0.03965,0
0.03368,0
0.03588,0
0.03998,0
0.04232,0
0.06154,0
0.00534,0
0.00813,0
0.00840,0
0.00795,0
0.01568,0
0.02261,0
0.03536,0
0.06547,0
0.09675,0
0.11595,0
0.03091,0
0.04124,0
0.04192,0
0.04145,0
0.04127,0
0.04214,0
0.03957,0
0.03726,0
0.03726,0
0.04652,0
0.00534,0
0.01218,0
0.01424,0
0.01121,0
0.01566,0
0.01211,0
0.01538,0
0.09674,1
0.08755,1
0.09146,1
0.10882,1
0.09758,1
0.08574,1
0.08274,1
0.00534,0
0.00655,0
0.00638,0
0.00640,0
0.01454,0
0.02104,0
0.02059,0
0.02262,0
0.02459,0
0.05664,0
0.02351,0
0.03368,0
0.02365,0
0.02527,0
0.02459,0
0.02832,0
0.05664,0
0.02351,0
0.03078,0
0.04368,0
0.06656,0
0.04935,0
0.03893,0
0.03546,0
0.03524,0
0.04370,0
0.00534,0
0.01218,0
0.01144,0
0.00886,0
0.01449,0
0.01070,0
0.01646,0
0.02108,0
0.02254,0
0.01907,0
0.01545,0
0.01882,0
0.01623,0
0.01861,0
0.02108,0
0.03227,1
0.02905,1
0.02311,1
0.02757,1
0.03705,1
0.03638,1
0.03336,1
0.03413,1
0.04057,1
0.01461,0
0.01250,0
0.01012,0
0.00849,0
0.01590,0
0.03408,0
0.03299,0
0.03938,1
0.04184,1
0.04344,1
0.00534,0
0.00655,0
0.03974,1
0.03932,1
0.04717,1
0.06180,1
0.09142,1
0.03453,0
0.04392,0
0.04229,0
0.03257,0
0.02480,0
0.02522,0
0.02975,0
0.05664,0
0.02210,0
0.03262,0
0.03546,0
0.03273,0
0.02610,0
0.02117,0
0.02012,0
0.02092,0
0.02601,0
0.05249,1
0.06854,1
0.07476,1
0.07735,1
0.11908,1
0.11291,1
0.11501,1
0.11643,1
0.12655,1
0.13155,1
0.12134,1
0.15856,1
0.00534,0
0.01218,0
0.01144,0
0.00996,0
0.01565,0
0.01709,0
0.01951,0
0.02016,0
0.01997,0
0.02292,0
0.03728,0
0.02900,0
0.01621,0
0.02693,0
0.03186,0
0.02786,0
0.02495,0
0.02256,0
0.02738,0
0.02882,0
0.02108,0
0.01501,0
0.01501,0
0.01165,0
0.01724,0
0.01791,0
0.02229,0
0.02494,0
0.02397,0
0.02629,0
0.00534,0
0.00655,0
0.03957,0
0.04235,0
0.03885,0
0.02909,0
0.03392,0
0.03857,0
0.04275,0
0.06008,0
0.05793,0
0.02221,0
0.03273,0
0.03517,0
0.05786,0
0.04041,0
0.03103,0
0.02997,0
0.02985,0
0.03885,0
0.00534,0
0.00655,0
0.00638,0
0.00640,0
0.01353,0
0.03677,0
0.04729,0
0.05363,0
0.05635,0
0.06822,0
0.02108,0
0.02254,0
0.01907,0
0.01545,0
0.03522,0
0.04800,0
0.05150,0
0.03480,0
0.03318,0
0.04081,0
0.05475,0
0.05165,0
0.03332,0
0.03613,0
0.03034,0
0.03030,0
0.03088,0
0.03122,0
0.03375,0
0.03956,0
0.03510,0
0.02760,0
0.01643,0
0.02701,0
0.03229,0
0.02921,0
0.02616,0
0.02472,0
0.02841,0
0.03145,0
0.00534,0
0.01218,0
0.01185,0
0.02926,0
0.03135,0
0.03129,0
0.04556,0
0.04487,0
0.03385,0
0.03650,0
0.00534,0
0.06278,0
0.04908,0
0.04317,0
0.03327,0
0.04090,0
0.04664,0
0.05385,0
0.06077,0
0.00534,0
0.00819,0
0.01135,0
0.00884,0
0.01569,0
0.02504,0
0.02554,0
0.02370,0
0.02432,0
0.02520,0
0.11984,0
0.08557,0
0.04850,0
0.04280,0
0.03389,0
0.03469,0
0.03332,0
0.03282,0
0.03701,0
0.04567,0
0.01461,0
0.01250,0
0.00999,0
0.00804,0
0.03737,0
0.05188,0
0.05219,0
0.05033,0
0.05200,0
0.06391,0
0.00534,0
0.00655,0
0.00626,0
0.03352,0
0.02686,0
0.02947,0
0.03202,0
0.03885,0
0.03681,0
0.04516,0
0.00534,0
0.00813,0
0.05644,0
0.04777,0
0.03877,0
0.04456,0
0.04514,0
0.04437,0
0.05697,0
0.11240,1
0.13361,1
0.12156,1
0.11466,1
0.11517,1
0.11728,1
0.13724,1
0.15236,1
0.14501,1
0.16262,1
0.00534,0
0.00655,0
0.00626,0
0.00590,0
0.01201,0
0.01441,0
0.01738,0
0.00534,0
0.01218,0
0.01172,0
0.00985,0
0.01746,0
0.02594,0
0.02556,0
0.02498,0
0.02584,0
0.02683,0
0.05664,0
0.02351,0
0.03368,0
0.03264,0
0.02735,0
0.02682,0
0.02933,0
0.00534,0
0.00655,0
0.00626,0
0.05012,0
0.05442,0
0.04561,0
0.04631,0
0.05036,0
0.05738,0
0.07189,0
0.01461,0
0.01806,0
0.01619,0
0.04867,1
0.05049,1
0.04933,1
0.04805,1
0.07545,1
0.08079,1
0.00534,0
0.00655,0
0.00695,0
0.00586,0
0.01167,0
0.02131,0
0.02240,0
0.02474,0
0.02646,0
0.03091,0
0.04124,0
0.04306,0
0.04228,0
0.03799,0
0.03533,0
0.02964,0
0.03063,0
0.03090,0
0.03273,0
0.11134,1
0.08116,1
0.08363,1
0.09068,1
0.08990,1
0.09113,1
0.09015,1
0.00534,0
0.00813,0
0.05169,0
0.06160,0
0.07309,0
0.08313,0
0.10663,0
0.04983,1
0.07596,1
0.05484,1
0.05673,1
0.05772,1
0.06682,1
0.10926,1
0.10916,1
0.10490,1
0.10178,1
0.00534,0
0.00655,0
0.00695,0
0.03323,0
0.02325,0
0.02417,0
0.02810,0
0.03216,0
0.03246,0
0.04017,0
0.10169,0
0.04252,0
0.02748,0
0.03055,0
0.03278,0
0.03513,0
0.04225,0
0.03091,0
0.04705,0
0.05594,0
0.06442,0
0.06323,0
0.06977,0
0.06425,0
0.06121,0
0.05933,0
0.03453,0
0.04392,0
0.03065,0
0.02213,0
0.01891,0
0.02105,0
0.02657,0
0.01461,0
0.01250,0
0.01099,0
0.00898,0
0.01651,0
0.02343,0
0.03719,0
0.03541,0
0.03786,0
0.04951,0
0.11913,0
0.06888,0
0.06681,0
0.06544,0
0.06988,0
0.06316,0
0.05407,0
0.05036,0
0.04868,0
0.00534,0
0.00655,0
0.00841,0
0.00690,0
0.01254,0
0.00937,0
0.01638,0
0.00534,0
0.00655,0
0.00626,0
0.00681,0
0.02564,0
0.02161,0
0.03078,0
0.03037,0
0.06320,0
0.09606,0
0.00534,0
0.00655,0
0.00638,0
0.00640,0
0.01217,0
0.01572,0
0.01701,0
0.01876,0
0.01838,0
0.02443,0
0.00534,0
0.00819,0
0.07018,0
0.07340,0
0.08442,0
0.08290,0
0.07930,0
0.07777,0
0.07954,0
0.08525,0
0.00534,0
0.02253,1
0.05456,1
0.04575,1
0.05258,1
0.04550,1
0.05583,1
0.06986,1
0.06179,1
0.06345,1
0.03453,0
0.04392,0
0.03065,0
0.02738,0
0.02830,0
0.02923,0
0.03261,0
0.00534,0
0.00655,0
0.00626,0
0.00681,0
0.01456,0
0.02363,0
0.02390,0
0.02511,0
0.03231,0
0.04042,0
0.00534,0
0.00655,0
0.00638,0
0.00549,0
0.01134,0
0.01300,0
0.01564,0
0.01880,0
0.01825,0
0.02127,0
0.00534,0
0.00819,0
0.04697,1
0.02866,1
0.03178,1
0.03512,1
0.03267,1
0.07873,1
0.07393,1
0.05664,1
0.02210,1
0.02545,1
0.12546,1
0.08214,1
0.06971,1
0.11019,1
0.15106,1
0.13919,1
0.13244,1
0.11913,0
0.06576,0
0.06960,0
0.06075,0
0.05827,0
0.04782,0
0.03928,0
0.03589,0
0.03456,0
0.04209,0
0.01461,0
0.01250,0
0.00985,0
0.03028,0
0.02416,0
0.02768,0
0.02770,0
0.03016,0
0.04202,0
0.05928,0
0.00534,0
0.00655,0
0.00734,0
0.00638,0
0.01244,0
0.00909,0
0.01225,0
0.00534,0
0.01218,0
0.03778,0
0.04600,0
0.06053,0
0.07226,0
0.09603,0
0.00534,0
0.00655,0
0.03496,0
0.02761,0
0.03193,0
0.03511,0
0.03741,0
0.03729,0
0.03806,0
0.11134,0
0.07329,0
0.05370,0
0.04826,0
0.04667,0
0.03647,0
0.03847,0
0.00534,0
0.00655,0
0.00841,0
0.00806,0
0.01340,0
0.01032,0
0.01704,0
0.10079,0
0.07373,0
0.04269,0
0.03496,0
0.02773,0
0.02934,0
0.03004,0
0.03215,0
0.03959,0
0.18343,0
0.08528,0
0.05659,0
0.04888,0
0.04397,0
0.03278,0
0.03563,0
0.03091,0
0.04047,0
0.04624,0
0.03659,0
0.03458,0
0.03404,0
0.03546,0
0.03091,0
0.04124,0
0.05378,0
0.08669,0
0.06985,0
0.05601,0
0.05117,0
0.04695,0
0.04776,0
0.04983,0
0.03974,0
0.02402,0
0.02698,0
0.02777,0
0.02459,0
0.02678,0
0.00534,0
0.00819,0
0.04722,0
0.05030,0
0.03138,0
0.02710,0
0.03117,0
0.03512,0
0.03582,0
0.05698,0
0.03453,0
0.05648,0
0.04933,0
0.03867,0
0.03134,0
0.02495,0
0.02686,0
0.02820,0
0.02794,0
0.03139,0
0.00534,0
0.00655,0
0.00638,0
0.00640,0
0.02556,0
0.03986,0
0.04545,0
0.02946,0
0.02975,0
0.03528,0
0.04983,0
0.03370,0
0.01950,0
0.03440,0
0.03393,0
0.02496,0
0.02183,0
0.02052,0
0.02392,0
0.02873,0
0.09852,0
0.07572,0
0.07890,0
0.04437,0
0.04146,0
0.03533,0
0.03523,0
0.03570,0
0.03618,0
0.04143,0
0.04983,1
0.03485,1
0.01943,1
0.02450,1
0.03704,1
0.03107,1
0.03194,1
0.03023,1
0.00534,0
0.00819,0
0.00980,0
0.00784,0
0.01371,0
0.01069,0
0.01858,0
0.00534,0
0.00655,0
0.00695,0
0.00705,0
0.01275,0
0.01061,0
0.01690,0
0.02108,0
0.01501,0
0.01343,0
0.01048,0
0.01690,0
0.02358,0
0.02601,0
0.02794,0
0.02947,0
0.00534,0
0.00655,0
0.00734,0
0.00638,0
0.01244,0
0.00970,0
0.01244,0
0.00534,0
0.00655,0
0.00638,0
0.00549,0
0.03094,0
0.03720,0
0.04427,0
0.02867,0
0.02803,0
0.03366,0
0.05475,0
0.05165,0
0.03484,0
0.03653,0
0.03050,0
0.03021,0
0.03082,0
0.03127,0
0.03381,0
0.03958,0
0.03091,0
0.05254,0
0.04744,0
0.03772,0
0.03186,0
0.02437,0
0.02603,0
0.02599,0
0.02595,0
0.02905,0
0.03728,0
0.02565,0
0.01418,0
0.02561,0
0.03855,0
0.05377,0
0.05151,0
0.04594,0
0.06167,0
0.03728,0
0.02927,0
0.01731,0
0.02645,0
0.02930,0
0.02452,0
0.02156,0
0.02096,0
0.02250,0
0.03144,0
0.02108,0
0.01501,0
0.01254,0
0.01108,0
0.01554,0
0.01387,0
0.01686,0
0.00534,0
0.01218,0
0.01160,0
0.00902,0
0.01187,0
0.01894,0
0.02197,0
0.02164,0
0.02109,0
0.02618,0
0.03453,0
0.04358,0
0.04444,0
0.04247,0
0.03809,0
0.03461,0
0.02913,0
0.02682,0
0.02755,0
0.02978,0
0.00534,0
0.03686,1
0.05398,1
0.05623,1
0.06296,1
0.06894,1
0.06933,1
0.00534,0
0.00819,0
0.03527,1
0.04252,1
0.05057,1
0.04749,1
0.06563,1
0.06778,1
0.07561,1
0.08954,1
0.12853,1
0.13695,1
0.04983,0
0.04266,0
0.02498,0
0.03840,0
0.03403,0
0.02720,0
0.02507,0
0.02345,0
0.02623,0
0.03403,0
0.02108,0
0.01501,0
0.01254,0
0.01013,0
0.01490,0
0.01331,0
0.01635,0
0.10079,0
0.10013,0
0.06827,0
0.05404,0
0.05321,0
0.04048,0
0.04079,0
0.03895,0
0.03865,0
0.04264,0
0.00534,0
0.01218,0
0.01185,0
0.00910,0
0.02918,0
0.03678,0
0.04299,0
0.04334,0
0.04919,0
0.05628,0
0.00534,0
0.01218,0
0.01144,0
0.00886,0
0.01471,0
0.01569,0
0.02042,0
0.02057,0
0.02030,0
0.02639,0
0.02108,0
0.02254,0
0.02168,0
0.01664,0
0.02142,0
0.03527,0
0.04413,0
0.03849,0
0.03651,0
0.03670,0
0.03664,0
0.02798,0
0.01794,0
0.02505,0
0.03187,0
0.02799,0
0.02650,0
0.02486,0
0.02572,0
0.02972,0
0.11984,1
0.08557,1
0.10750,1
0.15113,1
0.12228,1
0.09544,1
0.08451,1
0.07676,1
0.07268,1
0.07465,1
0.00534,0
0.00655,0
0.00618,0
0.00583,0
0.02272,0
0.02088,0
0.02761,0
0.03423,0
0.04397,0
0.04955,0
0.03453,1
0.05648,1
0.06998,1
0.10988,1
0.12399,1
0.10390,1
0.09653,1
0.09523,1
0.09954,1
0.10522,1
0.00534,0
0.01218,0
0.01271,0
0.01139,0
0.02034,0
0.01667,0
0.02238,0
0.13940,0
0.08675,0
0.05125,0
0.04803,0
0.03559,0
0.03171,0
0.03202,0
0.03228,0
0.03608,0
0.04352,0
0.00534,0
0.00819,0
0.00905,0
0.00723,0
0.01290,0
0.00976,0
0.01561,0
0.00534,0
0.00655,0
0.00695,0
0.00705,0
0.01990,0
0.02200,0
0.03059,0
0.03319,0
0.04481,0
0.06237,0
0.03091,0
0.04705,0
0.05594,0
0.08601,0
0.07240,0
0.05827,0
0.05339,0
0.04938,0
0.04773,0
0.02108,0
0.01501,0
0.01254,0
0.01013,0
0.01490,0
0.01287,0
0.01890,0
0.13770,0
0.06163,0
0.04749,0
0.03492,0
0.03377,0
0.03301,0
0.03241,0
0.03404,0
0.03857,0
0.04700,0
0.00534,0
0.01218,0
0.04878,0
0.03900,0
0.04039,0
0.03052,0
0.03101,0
0.00534,0
0.01218,0
0.01172,0
0.00985,0
0.02882,0
0.06203,1
0.05765,1
0.05340,1
0.06151,1
0.08823,1
0.12867,1
0.15524,1
0.18347,1
0.03453,0
0.05648,0
0.04933,0
0.03566,0
0.02933,0
0.02359,0
0.02166,0
0.02095,0
0.02166,0
0.02428,0
0.05793,0
0.02221,0
0.03166,0
0.03936,0
0.04023,0
0.03511,0
0.03199,0
0.02866,0
0.02750,0
0.03527,0
0.03091,0
0.04124,0
0.05378,0
0.06549,0
0.05312,0
0.03664,0
0.03256,0
0.03047,0
0.03182,0
0.02108,0
0.01769,0
0.01582,0
0.01232,0
0.01693,0
0.02641,0
0.02570,0
0.02609,0
0.03058,0
0.03270,0
0.00534,0
0.00655,0
0.00841,0
0.00690,0
0.02341,0
0.02180,0
0.03420,0
0.04248,0
0.03483,0
0.03671,0
0.00534,0
0.01218,0
0.01272,0
0.01072,0
0.01321,0
0.01863,0
0.02223,0
0.02442,0
0.02302,0
0.02563,0
0.03728,0
0.02666,0
0.01506,0
0.02285,0
0.03063,0
0.06141,0
0.06173,0
0.05557,0
0.06322,0
0.00534,0
0.00655,0
0.00626,0
0.02771,1
0.03920,1
0.04611,1
0.05091,1
0.05786,1
0.08085,1
0.08738,1
0.01461,0
0.01393,0
0.05922,0
0.03621,0
0.03227,0
0.03661,0
0.03399,0
0.03848,0
0.03621,0
0.04589,0
0.03453,0
0.05648,0
0.04933,0
0.03867,0
0.03134,0
0.02495,0
0.02276,0
0.02189,0
0.02246,0
0.02599,0
0.05595,0
0.02262,0
0.03214,0
0.03707,0
0.05805,0
0.03970,0
0.03280,0
0.03027,0
0.03077,0
0.03437,0
0.15617,0
0.20465,0
0.11223,0
0.07731,0
0.06558,0
0.05804,0
0.05534,0
0.05494,0
0.05715,0
0.00534,0
0.00655,0
0.00841,0
0.00690,0
0.01254,0
0.01012,0
0.01369,0
0.05574,1
0.02456,1
0.03632,1
0.03384,1
0.03261,1
0.04356,1
0.05164,1
0.05635,1
0.07991,1
0.10854,1
0.03091,0
0.04705,0
0.04659,0
0.05889,0
0.04643,0
0.03459,0
0.03454,0
0.03256,0
0.03348,0
0.01461,0
0.01250,0
0.04649,0
0.04932,0
0.03078,0
0.02683,0
0.02991,0
0.03318,0
0.03891,0
0.05637,0
0.10169,0
0.04153,0
0.02410,0
0.02182,0
0.02384,0
0.02578,0
0.03421,0
0.01461,0
0.01806,0
0.01520,0
0.01145,0
0.01858,0
0.02724,0
0.02639,0
0.02642,0
0.02711,0
0.02781,0
0.03453,0
0.05017,0
0.04536,0
0.04100,0
0.03590,0
0.03817,0
0.03377,0
0.03131,0
0.03159,0
0.03547,0
0.00534,0
0.00813,0
0.00854,0
0.00837,0
0.02743,0
0.03530,0
0.04038,0
0.05452,0
0.06307,0
0.09852,0
0.08050,0
0.05316,0
0.03939,0
0.04117,0
0.03013,0
0.02886,0
0.02827,0
0.02956,0
0.03493,0
0.02108,0
0.01501,0
0.06128,1
0.08148,1
0.07940,1
0.10038,1
0.10153,1
0.05793,0
0.02531,0
0.03417,0
0.03730,0
0.06723,0
0.06229,0
0.05711,0
0.05286,0
0.05145,0
0.00534,0
0.00655,0
0.00626,0
0.00681,0
0.02613,0
0.03709,0
0.03338,0
0.04845,0
0.05732,0
0.03728,0
0.02818,0
0.01479,0
0.03002,0
0.03453,0
0.02274,0
0.01679,0
0.01568,0
0.01910,0
0.02409,0
0.00534,0
0.00813,0
0.00880,0
0.00743,0
0.01120,0
0.01764,0
0.02109,0
0.02155,0
0.02110,0
0.02390,0
0.00534,0
0.00655,0
0.03705,0
0.04068,0
0.03857,0
0.03494,0
0.03876,0
0.04215,0
0.04746,0
0.05960,0
0.00534,0
0.00655,0
0.00741,0
0.00734,0
0.01304,0
0.01550,0
0.01536,0
0.10696,0
0.06017,0
0.03978,0
0.03342,0
0.02425,0
0.02481,0
0.02662,0
0.02942,0
0.03600,0
0.00534,0
0.00655,0
0.05260,0
0.03186,0
0.02772,0
0.03032,0
0.02776,0
0.02941,0
0.03111,0
0.04318,0
0.00534,0
0.01218,0
0.01270,0
0.00976,0
0.01523,0
0.02618,1
0.04271,1
0.03349,1
0.03485,1
0.08206,1
0.12048,1
0.00534,0
0.01218,0
0.06186,0
0.03939,0
0.03586,0
0.02754,0
0.03469,0
0.04140,0
0.04874,0
0.07044,0
0.05475,0
0.05410,0
0.03467,0
0.03389,0
0.02855,0
0.02837,0
0.02904,0
0.02956,0
0.03087,0
0.03682,0
0.10079,0
0.06353,0
0.07100,0
0.04420,0
0.03774,0
0.03016,0
0.03130,0
0.03155,0
0.03392,0
0.03943,0
0.02108,0
0.01501,0
0.01343,0
0.04813,0
0.05487,0
0.04318,0
0.04447,0
0.04463,0
0.04806,0
0.06500,0
0.05595,0
0.02262,0
0.02688,0
0.03711,0
0.03877,0
0.03125,0
0.02678,0
0.02443,0
0.02499,0
0.03312,0
0.05595,0
0.02262,0
0.02454,0
0.02772,0
0.03046,0
0.02624,0
0.02348,0
0.02266,0
0.02359,0
0.02889,0
0.03728,0
0.02927,0
0.01782,0
0.03479,0
0.03702,0
0.02590,0
0.02099,0
0.02300,0
0.02364,0
0.02800,0
0.01461,0
0.01250,0
0.00999,0
0.00897,0
0.01417,0
0.02564,0
0.04455,0
0.03364,0
0.03477,0
0.04026,0
0.13770,0
0.05738,0
0.05567,0
0.04052,0
0.03417,0
0.03160,0
0.03128,0
0.03220,0
0.03712,0
0.05307,0
0.09852,0
0.06855,0
0.04783,0
0.03868,0
0.02882,0
0.02871,0
0.02929,0
0.03308,0
0.03915,0
0.02108,0
0.02254,0
0.01907,0
0.01421,0
0.01839,0
0.02766,0
0.02652,0
0.02612,0
0.02693,0
0.02841,0
0.03728,0
0.02666,0
0.01506,0
0.02547,0
0.03366,0
0.03042,0
0.02820,0
0.02619,0
0.02684,0
0.03078,0
0.00534,0
0.00655,0
0.03729,0
0.03010,0
0.03644,0
0.03439,0
0.03284,0
0.00534,0
0.00655,0
0.00655,0
0.00594,0
0.01196,0
0.01524,0
0.01835,0
0.01461,0
0.01250,0
0.01012,0
0.00941,0
0.01685,0
0.02324,0
0.02259,0
0.02375,0
0.02630,0
0.00534,0
0.00655,0
0.00841,0
0.00806,0
0.01490,0
0.01562,0
0.01906,0
0.02474,0
0.02376,0
0.02612,0
0.00534,0
0.05349,0
0.03741,0
0.04842,0
0.03713,0
0.03224,0
0.03671,0
0.04086,0
0.04639,0
0.05737,0
0.11913,0
0.06576,0
0.06578,0
0.06130,0
0.06488,0
0.05827,0
0.05177,0
0.04852,0
0.04716,0
0.02108,0
0.01641,0
0.01391,0
0.01241,0
0.01909,0
0.02782,0
0.03844,0
0.03930,0
0.04034,0
0.04852,0
0.05793,0
0.02221,0
0.03273,0
0.04353,0
0.07174,0
0.06443,0
0.05876,0
0.05411,0
0.05256,0
0.14563,1
0.14182,1
0.13691,1
0.12390,1
0.11973,1
0.14086,1
0.12376,1
0.09353,1
0.08734,1
0.08762,1
0.08179,1
0.08210,1
0.05664,0
0.02210,0
0.03273,0
0.02401,0
0.01979,0
0.02043,0
0.02344,0
0.10169,0
0.04153,0
0.02410,0
0.02182,0
0.02516,0
0.02766,0
0.03693,0
0.01461,0
0.01393,0
0.01209,0
0.03061,0
0.03943,0
0.03735,0
0.04724,0
0.04631,0
0.03530,0
0.03780,0
0.00534,0
0.00655,0
0.00695,0
0.00705,0
0.01401,0
0.02306,0
0.02649,0
0.02761,0
0.02785,0
0.02870,0
0.00534,0
0.00655,0
0.00655,0
0.00686,0
0.01262,0
0.01057,0
0.01699,0
0.03453,0
0.05017,0
0.04839,0
0.03932,0
0.03790,0
0.04119,0
0.03571,0
0.03416,0
0.03406,0
0.03663,0
0.03728,0
0.02927,0
0.01731,0
0.02851,0
0.03594,0
0.06512,0
0.06579,0
0.06062,0
0.06716,0
0.11361,0
0.05206,0
0.03613,0
0.03164,0
0.03173,0
0.03512,0
0.04330,0
0.01461,0
0.01250,0
0.04088,1
0.04852,1
0.04330,1
0.07172,1
0.08591,1
0.10122,1
0.10131,1
0.01461,0
0.01806,0
0.01520,0
0.01145,0
0.01858,0
0.02790,0
0.04492,0
0.06316,0
0.06715,0
0.06728,0
0.00534,0
0.00655,0
0.00638,0
0.00549,0
0.01363,0
0.02194,0
0.02227,0
0.02092,0
0.02278,0
0.02511,0
0.03453,0
0.12860,0
0.14045,0
0.14574,0
0.12923,0
0.11028,0
0.09210,0
0.08325,0
0.08535,0
0.08571,0
0.03453,0
0.04392,0
0.03384,0
0.02992,0
0.02595,0
0.02610,0
0.02822,0
0.05664,0
0.02210,0
0.03262,0
0.03546,0
0.03005,0
0.02440,0
0.02002,0
0.01918,0
0.01973,0
0.02502,0
0.00534,0
0.00655,0
0.00626,0
0.00681,0
0.01456,0
0.02278,0
0.02225,0
0.02545,0
0.02466,0
0.02743,0
0.00534,0
0.00813,0
0.05169,0
0.05695,0
0.06682,0
0.07747,0
0.12444,0
0.10169,0
0.04473,0
0.02776,0
0.02455,0
0.02642,0
0.03062,0
0.03792,0
0.03664,0
0.06830,0
0.05167,0
0.05450,0
0.05644,0
0.04701,0
0.04312,0
0.04010,0
0.04048,0
0.04173,0
0.01461,0
0.01806,0
0.01784,0
0.01383,0
0.01763,0
0.01380,0
0.02009,0
0.00534,0
0.01218,0
0.01172,0
0.00884,0
0.01448,0
0.01602,0
0.01791,0
0.01905,0
0.01737,0
0.02095,0
0.04983,0
0.03370,0
0.01950,0
0.03440,0
0.03762,0
0.02786,0
0.02112,0
0.01959,0
0.02243,0
0.03019,0
0.00534,0
0.01218,0
0.01172,0
0.03961,0
0.06295,0
0.06022,0
0.06230,0
0.07212,0
0.08789,0
0.06672,0
0.02786,0
0.03537,0
0.04363,0
0.04367,0
0.04095,0
0.03391,0
0.03165,0
0.03070,0
0.03818,0
0.00534,0
0.00655,0
0.00626,0
0.00590,0
0.02235,0
0.01999,0
0.02721,0
0.02779,0
0.04057,0
0.05766,0
0.03728,0
0.02565,0
0.01418,0
0.02561,0
0.03262,0
0.02951,0
0.02794,0
0.02603,0
0.02922,0
0.03221,0
0.03091,0
0.04047,0
0.02889,0
0.02687,0
0.02152,0
0.02271,0
0.02675,0
0.00534,0
0.01862,1
0.03397,1
0.06833,1
0.07556,1
0.06741,1
0.06530,1
0.07229,1
0.06786,1
0.06960,1
0.07511,1
0.08274,1
0.01461,0
0.01250,0
0.00985,0
0.04352,0
0.03883,0
0.02826,0
0.03173,0
0.03501,0
0.03628,0
0.05631,0
0.00534,0
0.00655,0
0.00741,0
0.00643,0
0.03177,0
0.04270,0
0.04879,0
0.03274,0
0.02886,0
0.03348,0
0.05883,0
0.02309,0
0.03172,0
0.04475,0
0.07099,0
0.06245,0
0.05809,0
0.05374,0
0.05251,0
0.00534,0
0.01218,0
0.01144,0
0.00886,0
0.01449,0
0.01070,0
0.01646,0
0.04983,0
0.03974,0
0.02402,0
0.03288,0
0.03946,0
0.03502,0
0.03330,0
0.03143,0
0.03200,1
0.05350,1
0.06517,1
0.10696,0
0.07386,0
0.04925,0
0.03714,0
0.03625,0
0.02963,0
0.02903,0
0.02872,0
0.02919,0
0.03436,0
0.10169,0
0.04153,0
0.02410,0
0.02182,0
0.02384,0
0.02639,0
0.03467,0
0.00534,0
0.00655,0
0.00638,0
0.00549,0
0.01167,0
0.03367,1
0.03091,0
0.04047,0
0.04676,0
0.03687,0
0.02799,0
0.02800,0
0.03036,0
0.00534,0
0.00813,0
0.00840,0
0.00703,0
0.01281,0
0.00964,0
0.01264,0
0.00534,0
0.00655,0
0.03705,0
0.04112,0
0.04624,0
0.05995,0
0.06065,0
0.06327,0
0.06600,0
0.08623,0
0.00534,0
0.00655,0
0.00626,0
0.00681,0
0.01265,0
0.01378,0
0.01385,0
0.10696,0
0.06017,0
0.03978,0
0.03331,0
0.02712,0
0.02766,0
0.02940,0
0.03233,0
0.03986,0
0.00534,0
0.00655,0
0.00655,0
0.03066,0
0.02349,0
0.02224,0
0.02664,0
0.03498,0
0.03343,0
0.04248,0
0.00534,0
0.00655,0
0.00638,0
0.00549,0
0.01155,0
0.02063,0
0.02075,0
0.02277,0
0.02526,0
0.00534,0
0.00655,0
0.00741,0
0.00643,0
0.01205,0
0.01355,0
0.01475,0
0.01702,0
0.01706,0
0.02259,0
0.00534,0
0.00655,0
0.05058,1
0.05235,1
0.07810,1
0.08773,1
0.08643,1
0.08783,1
0.09045,1
0.12201,1
0.13940,0
0.08675,0
0.05125,0
0.04803,0
0.03972,0
0.04010,0
0.03995,0
0.03891,0
0.04276,0
0.04983,0
0.00534,0
0.00655,0
0.05844,0
0.03747,0
0.04328,0
0.05402,0
0.05786,0
0.06373,0
0.06937,0
0.07917,0
0.02108,0
0.01501,0
0.01343,0
0.01159,0
0.01804,0
0.02399,0
0.02619,1
0.06204,1
0.05683,1
0.08137,1
0.08973,1
0.00534,0
0.00655,0
0.00626,0
0.00590,0
0.01181,0
0.01315,0
0.01661,0
0.01780,0
0.01791,0
0.02393,0
0.01461,0
0.01403,0
0.01201,0
0.00996,0
0.01521,0
0.01138,0
0.01696,0
0.00534,0
0.06278,0
0.04908,0
0.04215,0
0.03209,0
0.03998,0
0.04720,0
0.05409,0
0.06045,0
0.01461,0
0.01250,0
0.04794,0
0.03060,0
0.02702,0
0.03072,0
0.02862,0
0.03300,0
0.03137,0
0.03828,0
0.15617,1
0.12147,1
0.08789,1
0.07214,1
0.07817,1
0.10945,1
0.11281,1
0.10826,1
0.10956,1
0.00534,0
0.00655,0
0.00655,0
0.02624,0
0.02420,0
0.02862,0
0.02916,0
0.03623,0
0.05565,0
0.10696,0
0.06279,0
0.06964,0
0.04209,0
0.03775,0
0.03103,0
0.03103,0
0.03139,0
0.03372,0
0.03925,0
0.03728,0
0.02818,0
0.01479,0
0.02186,0
0.02249,0
0.02302,0
0.02819,0
0.00534,0
0.00819,0
0.01135,0
0.03261,0
0.02756,0
0.03102,0
0.03179,0
0.04269,0
0.06145,0
0.02108,0
0.02254,0
0.01901,0
0.03689,0
0.03720,0
0.03712,0
0.04793,0
0.04892,0
0.03720,0
0.04164,0
0.10696,0
0.06664,0
0.06996,0
0.04785,0
0.03867,0
0.03042,0
0.03264,0
0.03255,0
0.03345,0
0.03974,0
0.11882,0
0.14811,0
0.07366,0
0.04868,0
0.04139,0
0.03828,0
0.03879,0
0.04161,0
0.04781,0
0.05664,0
0.02210,0
0.03273,0
0.02224,0
0.02461,0
0.02337,0
0.02653,0
0.05664,0
0.02210,0
0.02959,0
0.03723,0
0.06624,0
0.04601,0
0.03566,0
0.03219,0
0.03215,0
0.04060,0
0.03091,0
0.04705,0
0.05645,0
0.07951,0
0.06887,0
0.04941,0
0.04246,0
0.03895,0
0.03795,0
0.04104,0
0.03091,0
0.03719,0
0.04084,0
0.03835,0
0.03464,0
0.03149,0
0.02668,0
0.02467,0
0.02543,0
0.02982,0
0.00534,0
0.00655,0
0.00841,0
0.00690,0
0.02829,0
0.03571,0
0.04229,0
0.02679,0
0.02652,0
0.03400,0
0.00534,0
0.00819,0
0.01002,0
0.01503,1
0.02009,1
0.01584,1
0.02190,1
0.08057,0
0.06012,0
0.03527,0
0.03344,0
0.02864,0
0.02823,0
0.02962,0
0.02949,0
0.03041,0
0.03545,0
0.08057,0
0.05830,0
0.03115,0
0.03197,0
0.02790,0
0.02878,0
0.03018,0
0.03014,0
0.03219,0
0.03766,0
0.06672,0
0.02497,0
0.03304,0
0.04060,0
0.04138,0
0.03640,0
0.03319,0
0.03005,0
0.02986,0
0.03755,0
0.11882,0
0.14811,0
0.09140,0
0.09624,0
0.08101,0
0.07196,0
0.06786,0
0.06745,0
0.07120,0
0.00534,0
0.00655,0
0.00841,0
0.00806,0
0.03786,0
0.04953,0
0.05524,0
0.06180,0
0.06838,0
0.08258,0
0.00534,0
0.00819,0
0.01135,0
0.00999,0
0.01531,0
0.01237,0
0.01854,0
0.02108,0
0.02254,0
0.01866,0
0.01573,0
0.02012,0
0.02304,0
0.02288,0
0.02360,0
0.02297,0
0.02651,0
0.03091,0
0.04705,0
0.04411,0
0.04078,0
0.03563,0
0.03325,0
0.02768,0
0.02547,0
0.02532,0
0.02888,0
0.00534,0
0.00655,0
0.04955,0
0.07095,0
0.07030,0
0.06485,0
0.06092,0
0.07270,0
0.09912,0
0.11134,0
0.06419,0
0.04532,0
0.04168,0
0.04252,0
0.03252,0
0.03613,0
0.02108,0
0.01501,0
0.01218,0
0.01007,0
0.02071,0
0.01666,0
0.01958,0
0.00534,0
0.00655,0
0.00638,0
0.00640,0
0.01217,0
0.01572,0
0.01790,0
0.01768,0
0.01773,0
0.02073,0
0.15001,0
0.12668,0
0.10153,0
0.09605,0
0.09902,0
0.10265,0
0.10121,0
0.07282,0
0.07108,0
0.07375,0
0.00534,0
0.01218,0
0.01185,0
0.01013,0
0.01572,0
0.01882,0
0.01797,0
0.02021,0
0.01966,0
0.02571,0
0.00534,0
0.00655,0
0.00841,0
0.04843,1
0.07904,1
0.07703,1
0.06756,1
0.07173,1
0.08210,1
0.07642,1
0.10204,1
0.10169,0
0.04753,0
0.03078,0
0.03314,0
0.03395,0
0.03456,0
0.04283,0
0.01461,0
0.01403,0
0.01174,0
0.00991,0
0.01517,0
0.01479,0
0.01838,0
0.11984,0
0.08642,0
0.04824,0
0.04450,0
0.03173,0
0.02848,0
0.02751,0
0.02925,0
0.03255,0
0.04227,0
0.00534,0
0.00655,0
0.00741,0
0.00643,0
0.02637,0
0.03986,0
0.04661,0
0.03031,0
0.02935,0
0.03379,0
0.03453,1
0.05017,1
0.06027,1
0.05356,1
0.04783,1
0.04312,1
0.03676,1
0.04245,1
0.04160,1
0.04353,1
0.00534,0
0.00655,0
0.00638,0
0.00640,0
0.01232,0
0.00918,0
0.01653,0
0.00534,0
0.03774,1
0.05465,1
0.05460,1
0.06186,1
0.07034,1
0.07710,1
0.03728,0
0.02666,0
0.01440,0
0.02659,0
0.04054,0
0.05687,0
0.06180,0
0.05995,0
0.05711,0
0.05776,0
0.00534,0
0.00819,0
0.00888,0
0.00850,0
0.01887,0
0.01468,0
0.01724,0
0.01461,0
0.01806,0
0.07474,0
0.11099,0
0.09804,0
0.10911,0
0.10294,0
0.09966,0
0.10077,0
0.12043,0
0.00534,0
0.03831,0
0.03281,0
0.04406,0
0.05055,0
0.04446,0
0.04788,0
0.01461,0
0.01393,0
0.04421,0
0.05912,0
0.06911,0
0.07478,0
0.10054,0
0.01461,0
0.02481,1
0.08661,1
0.08675,1
0.07835,1
0.10852,1
0.12723,1
0.13140,1
0.12473,1
0.12102,1
0.12260,1
0.13626,1
0.03091,0
0.04047,0
0.02889,0
0.02516,0
0.02039,0
0.02185,0
0.02394,0
0.01461,0
0.01806,0
0.01520,0
0.02518,0
0.02475,0
0.02809,0
0.03010,0
0.03137,0
0.06247,0
0.09518,0
0.00534,0
0.00655,0
0.00626,0
0.00681,0
0.01456,0
0.02278,0
0.02225,0
0.02167,0
0.02121,0
0.02450,0
0.00534,0
0.00655,0
0.00841,0
0.00806,0
0.01317,1
0.03559,1
0.04544,1
0.05579,1
0.05238,1
0.08499,1
0.12158,1
0.14482,1
0.00534,0
0.00655,0
0.00638,0
0.03593,0
0.03207,0
0.02334,0
0.02715,0
0.03204,0
0.03451,0
0.05225,0
0.00534,0
0.00655,0
0.00638,0
0.00640,0
0.01217,0
0.01394,0
0.01720,0
0.01971,0
0.01908,0
0.02411,0
0.00534,0
0.01218,0
0.01172,0
0.00985,0
0.01489,0
0.01280,0
0.01876,0
0.02108,0
0.01501,0
0.01346,0
0.01160,0
0.01850,0
0.02652,0
0.03359,0
0.05105,1
0.06275,1
0.09955,1
0.12363,1
0.12896,1
0.01461,0
0.01393,0
0.01245,0
0.01069,0
0.01573,0
0.01855,0
0.02114,0
0.00534,0
0.07514,0
0.06112,0
0.05551,0
0.05247,0
0.04412,0
0.04641,0
0.04776,0
0.05386,0
0.06164,0
0.01461,0
0.01806,0
0.01531,0
0.01259,0
0.01966,0
0.02234,0
0.02399,0
0.02617,0
0.02801,0
0.01461,0
0.01393,0
0.01326,0
0.01046,0
0.01595,0
0.01223,0
0.01553,0
0.11882,0
0.14811,0
0.07038,0
0.04411,0
0.03708,0
0.03435,0
0.03386,0
0.03709,0
0.04325,0
0.00534,0
0.00655,0
0.00618,0
0.00583,0
0.01302,0
0.02101,0
0.03934,0
0.04072,0
0.04348,0
0.05169,0
0.00534,0
0.00655,0
0.00841,0
0.00690,0
0.01254,0
0.01012,0
0.01693,0
0.33749,1
0.25793,1
0.22120,1
0.18193,1
0.17237,1
0.16412,1
0.15309,1
0.14759,1
0.15277,1
0.03510,0
0.02760,0
0.01643,0
0.02537,0
0.03348,0
0.02728,0
0.02358,0
0.02208,0
0.02485,0
0.03254,0
0.00534,0
0.00819,0
0.01135,0
0.04711,0
0.05830,0
0.06464,0
0.06545,0
0.07943,0
0.08016,0
0.00534,0
0.01218,0
0.01535,0
0.01227,0
0.01464,0
0.02778,0
0.04537,0
0.03483,0
0.03607,0
0.04212,0
0.00534,0
0.01218,0
0.01424,0
0.01234,0
0.01659,0
0.01437,0
0.02101,0
0.00534,0
0.05884,0
0.03981,0
0.04248,0
0.03270,0
0.03130,0
0.03549,0
0.03848,0
0.04409,0
0.06029,0
0.00534,0
0.03649,0
0.03919,0
0.05091,0
0.05867,0
0.05165,0
0.05402,0
0.00534,0
0.00655,0
0.00638,0
0.00549,0
0.01639,0
0.02089,0
0.02336,0
0.01461,0
0.01403,0
0.01230,0
0.01125,0
0.01717,0
0.02532,0
0.03790,0
0.03816,0
0.03610,0
0.04760,0
0.03453,0
0.05648,0
0.04933,0
0.03867,0
0.03134,0
0.02495,0
0.02276,0
0.02189,0
0.02310,0
0.02652,0
0.01461,0
0.01250,0
0.04096,0
0.03224,0
0.03421,0
0.03208,0
0.03091,0
0.03091,0
0.04124,0
0.04306,0
0.04317,0
0.04000,0
0.03437,0
0.03210,0
0.03011,0
0.03057,0
0.03988,0
0.00534,0
0.05884,0
0.03981,0
0.04464,0
0.03433,0
0.02946,0
0.03324,0
0.03777,0
0.04364,0
0.05987,0
0.05595,0
0.02262,0
0.02688,0
0.04540,0
0.04854,0
0.04177,0
0.03651,0
0.03387,0
0.03312,0
0.01461,0
0.01806,0
0.01491,0
0.01142,0
0.02650,0
0.02482,0
0.03295,0
0.03354,0
0.04604,0
0.06320,0
0.08057,0
0.06012,0
0.03395,0
0.03528,0
0.02791,0
0.02568,0
0.02913,0
0.02916,0
0.03133,0
0.03704,0
0.00534,0
0.01218,0
0.01172,0
0.00985,0
0.01489,0
0.01218,0
0.01748,0
0.02108,0
0.08024,0
0.06026,0
0.05170,0
0.04013,0
0.04715,0
0.05219,0
0.05734,0
0.06563,0
0.05475,0
0.05410,0
0.03467,0
0.03594,0
0.02970,0
0.02928,0
0.03267,0
0.03351,0
0.03490,0
0.04056,0
0.01461,0
0.04190,0
0.04177,0
0.05306,0
0.05773,0
0.05098,0
0.05352,0
0.03091,0
0.04705,0
0.05262,0
0.08737,0
0.07319,0
0.05000,0
0.04607,0
0.04252,0
0.04169,0
0.04308,0
0.03728,0
0.03222,0
0.03324,1
0.04916,1
0.07033,1
0.05771,1
0.05628,1
0.05869,1
0.05724,1
0.10799,1
0.14471,1
0.14857,1
0.00534,0
0.01218,0
0.01144,0
0.00996,0
0.01532,0
0.02007,0
0.03495,0
0.03635,0
0.03758,0
0.00534,0
0.01218,0
0.05372,0
0.05680,0
0.03766,0
0.03471,0
0.03478,0
0.03730,0
0.03764,0
0.05667,0
0.01461,0
0.01250,0
0.09115,0
0.09004,0
0.10006,0
0.09290,0
0.08576,0
0.08511,0
0.08283,0
0.11414,0
0.01461,0
0.01250,0
0.00973,0
0.00929,0
0.01964,0
0.01494,0
0.01781,0
0.01461,0
0.01806,0
0.01531,0
0.01259,0
0.01783,0
0.01905,0
0.02028,0
0.02259,0
0.02173,0
0.02691,0
0.01461,0
0.01806,0
0.01520,0
0.01235,0
0.02745,0
0.02409,0
0.03060,0
0.03927,0
0.05248,0
0.05810,0
0.05793,0
0.02531,0
0.03606,0
0.04044,0
0.03355,0
0.02960,0
0.03099,0
0.01461,0
0.01250,0
0.01065,0
0.00855,0
0.01489,0
0.01527,0
0.02020,0
0.02110,0
0.02091,0
0.02378,0
0.01461,0
0.01250,0
0.03859,0
0.03136,0
0.03525,0
0.04185,0
0.03937,0
0.03652,0
0.03508,0
0.03576,0
0.03728,0
0.02900,0
0.01631,0
0.02250,0
0.02113,0
0.01916,0
0.02388,0
0.00534,0
0.01218,0
0.01144,0
0.00886,0
0.01471,0
0.01569,0
0.02042,0
0.02057,0
0.02030,0
0.02559,0
0.01461,0
0.01250,0
0.01213,0
0.01074,0
0.02270,0
0.02432,0
0.03276,0
0.03427,0
0.04580,0
0.06280,0
0.01461,0
0.01250,0
0.06193,0
0.03996,0
0.03562,0
0.02764,0
0.03275,0
0.04008,0
0.04821,0
0.07216,0
0.13770,0
0.05738,0
0.04643,0
0.03615,0
0.03127,0
0.03373,0
0.03337,0
0.03636,0
0.04065,0
0.05668,0
0.03091,0
0.05254,0
0.04428,0
0.03546,0
0.03179,0
0.02449,0
0.02299,0
0.02257,0
0.02392,0
0.02736,0
0.09852,0
0.06855,0
0.07585,0
0.06182,0
0.05055,0
0.04803,0
0.04727,0
0.04787,0
0.05354,0
0.03728,0
0.02818,0
0.01519,0
0.03136,0
0.03198,0
0.02468,0
0.01877,0
0.01758,0
0.02099,0
0.02581,0
0.00534,0
0.01218,0
0.08026,0
0.06865,0
0.05639,0
0.05697,0
0.05488,0
0.05477,0
0.06552,0
0.00534,0
0.01218,0
0.01144,0
0.00886,0
0.02279,1
0.03267,1
0.04939,1
0.07049,1
0.08384,1
0.08552,1
0.06672,0
0.02497,0
0.03719,0
0.03503,0
0.03177,0
0.02750,0
0.02312,0
0.02181,0
0.02250,0
0.02757,0
0.01461,0
0.01806,0
0.04545,0
0.05624,0
0.04890,0
0.03934,0
0.04246,0
0.04484,0
0.04960,0
0.06172,0
0.00534,0
0.05884,0
0.03981,0
0.04464,0
0.03433,0
0.03342,0
0.03757,0
0.04146,0
0.04755,0
0.06303,0
0.08057,0
0.06012,0
0.03527,0
0.04062,0
0.03390,0
0.02967,0
0.02953,0
0.03026,0
0.03153,0
0.03728,0
0.00534,0
0.00819,0
0.07596,0
0.06153,0
0.04336,0
0.04586,0
0.04248,0
0.04395,0
0.04446,0
0.08010,0
0.00534,0
0.05882,1
0.06851,1
0.07004,1
0.09352,1
0.10249,1
0.11582,1
0.00534,0
0.00655,0
0.00695,0
0.00705,0
0.02636,0
0.03174,0
0.03890,0
0.05317,0
0.06195,0
0.00534,0
0.00819,0
0.00888,0
0.03806,0
0.03627,0
0.02999,0
0.03362,0
0.03803,0
0.04575,0
0.06588,0
0.10169,0
0.04153,0
0.02410,0
0.02453,0
0.02615,0
0.03090,0
0.03965,0
0.13940,0
0.08675,0
0.05125,0
0.04958,0
0.03324,0
0.02947,0
0.02992,0
0.03003,0
0.03300,0
0.04238,0
0.04983,0
0.03370,0
0.02019,0
0.02458,0
0.03494,0
0.02899,0
0.02967,0
0.00534,0
0.00655,0
0.03681,0
0.04200,0
0.02505,0
0.02247,0
0.02480,0
0.02866,0
0.03505,0
0.05343,0
0.00534,0
0.00655,0
0.00618,0
0.00583,0
0.01164,0
0.01480,0
0.01730,0
0.01921,0
0.01842,0
0.02419,0
0.00534,0
0.04395,1
0.03847,1
0.04466,1
0.04356,1
0.04493,1
0.05085,1
0.05752,1
0.06815,1
0.06867,1
0.02108,0
0.01501,0
0.01254,0
0.03818,0
0.02955,0
0.03047,0
0.03309,0
0.03620,0
0.03672,0
0.04684,0
0.01461,0
0.01403,0
0.04233,0
0.03301,0
0.03368,0
0.03580,0
0.03723,0
0.03855,0
0.03508,0
0.03875,0
0.01461,0
0.01250,0
0.01065,0
0.00973,0
0.01669,0
0.02797,0
0.03446,0
0.02956,0
0.02898,0
0.03242,0
0.03728,0
0.02666,0
0.01506,0
0.02285,0
0.04066,0
0.03493,0
0.03319,0
0.03033,0
0.03079,0
0.03452,0
0.03453,0
0.05017,0
0.04839,0
0.04324,0
0.04085,0
0.03934,0
0.03473,0
0.03350,0
0.03337,0
0.03620,0
0.00534,0
0.00813,0
0.00880,0
0.00743,0
0.02704,0
0.03227,0
0.03277,0
0.06596,0
0.09525,0
0.10868,0
0.01461,0
0.01250,0
0.04096,0
0.03224,0
0.03589,0
0.04185,0
0.04049,0
0.03950,0
0.03863,0
0.03808,0
0.03091,0
0.04124,0
0.04291,0
0.05962,0
0.05115,0
0.03703,0
0.03370,0
0.03167,0
0.03209,0
0.02108,0
0.01641,0
0.05524,0
0.03293,0
0.03523,0
0.03716,0
0.03342,0
0.03647,0
0.03476,0
0.04378,0
0.13475,0
0.15106,0
0.12209,0
0.06640,0
0.04762,0
0.04124,0
0.03770,0
0.03643,0
0.03945,0
0.04898,0
0.00534,0
0.01218,0
0.01172,0
0.00985,0
0.01237,0
0.01801,0
0.02166,0
0.02210,0
0.02165,0
0.02449,0
0.10169,0
0.06179,0
0.03282,0
0.02634,0
0.02592,0
0.02810,0
0.03642,0
0.02108,0
0.02254,0
0.01866,0
0.01573,0
0.02161,0
0.02868,0
0.02712,0
0.02815,0
0.02954,0
0.00534,0
0.00813,0
0.00815,0
0.00823,0
0.01371,0
0.01027,0
0.01328,0
0.00534,0
0.01218,0
0.01160,0
0.00902,0
0.01624,0
0.02289,0
0.02334,0
0.02439,0
0.02617,0
0.02859,0
0.01461,0
0.01250,0
0.00999,0
0.00804,0
0.01371,0
0.02164,0
0.02276,0
0.02300,0
0.02706,0
0.02924,0
0.04983,0
0.04266,0
0.02498,0
0.03297,0
0.03205,0
0.03233,0
0.03364,0
0.03664,0
0.03090,0
0.01918,0
0.02391,0
0.03477,0
0.03041,1
0.03155,1
0.00534,0
0.01218,0
0.01144,0
0.00996,0
0.01507,0
0.01282,0
0.01887,0
0.00534,0
0.00655,0
0.00638,0
0.00640,0
0.01217,0
0.02675,0
0.04409,0
0.03362,0
0.03236,0
0.03798,0
0.00534,0
0.00819,0
0.00888,0
0.00757,0
0.01310,0
0.01465,0
0.01669,0
0.01811,0
0.01821,0
0.02459,0
0.00534,0
0.00655,0
0.00655,0
0.00686,0
0.01262,0
0.01011,0
0.01276,0
0.03728,0
0.15199,0
0.11708,0
0.09248,0
0.07605,0
0.07355,0
0.07062,0
0.07352,0
0.07345,0
0.07958,0
0.03091,1
0.04705,1
0.04757,1
0.06050,1
0.05634,1
0.06032,1
0.06026,1
0.11538,1
0.12525,1
0.12279,1
0.00534,0
0.00655,0
0.00618,0
0.00674,0
0.01254,0
0.01264,0
0.01648,0
0.11882,0
0.14811,0
0.07551,0
0.04786,0
0.04146,0
0.03801,0
0.03716,0
0.04001,0
0.04596,0
0.00534,0
0.00819,0
0.04722,0
0.05030,0
0.03196,0
0.03087,0
0.03402,0
0.03718,0
0.04044,0
0.05780,0
0.10696,0
0.06851,0
0.05347,0
0.04234,0
0.04137,0
0.03451,0
0.03309,0
0.03222,0
0.03227,0
0.03777,0
0.00534,0
0.00655,0
0.00638,0
0.00549,0
0.02546,0
0.03915,0
0.04587,0
0.02994,0
0.02904,0
0.03357,0
0.10169,0
0.04252,0
0.03437,0
0.02908,0
0.02892,0
0.03030,0
0.03886,0
0.00534,0
0.00655,0
0.00618,0
0.00583,0
0.01376,0
0.03218,0
0.03120,0
0.02963,0
0.03025,0
0.03081,0
0.00534,0
0.00819,0
0.00916,0
0.00856,0
0.01507,0
0.02138,0
0.03172,0
0.02549,0
0.02806,0
0.02990,0
0.04983,1
0.03485,1
0.01943,1
0.02450,1
0.02837,1
0.04800,1
0.05288,1
0.05575,1
0.05183,1
0.09435,0
0.16955,0
0.13642,0
0.07964,0
0.05876,0
0.05296,0
0.04964,0
0.04885,0
0.05127,0
0.05928,0
0.05364,0
0.02196,0
0.03151,0
0.04467,0
0.04688,0
0.04044,0
0.03580,0
0.03321,0
0.03356,0
0.05664,0
0.02210,0
0.02959,0
0.04202,0
0.06656,0
0.05626,0
0.04383,0
0.03947,0
0.03881,0
0.04670,0
0.01461,0
0.01250,0
0.01065,0
0.00855,0
0.01489,0
0.02983,0
0.04840,0
0.03699,0
0.03677,0
0.04118,0
0.03453,0
0.05017,0
0.04536,0
0.04292,0
0.03797,0
0.04461,0
0.05792,0
0.05422,0
0.05277,0
0.05427,0
0.00534,0
0.00655,0
0.00841,0
0.00690,0
0.02638,0
0.03500,0
0.04038,0
0.05379,0
0.06101,0
0.05595,1
0.02262,1
0.03412,1
0.06762,1
0.08639,1
0.08686,1
0.08598,1
0.00534,0
0.01218,0
0.01144,0
0.00996,0
0.01565,0
0.01660,0
0.01842,0
0.01945,0
0.01973,0
0.02542,0
0.01461,0
0.01250,0
0.01099,0
0.00990,0
0.01635,0
0.02411,0
0.03717,0
0.05060,0
0.06984,0
0.09226,0
0.00534,0
0.00655,0
0.00655,0
0.00686,0
0.01262,0
0.00943,0
0.01676,0
0.00534,0
0.01218,0
0.01271,0
0.01011,0
0.01619,0
0.01860,0
0.02000,0
0.02226,0
0.02117,0
0.02377,0
0.02108,0
0.02254,0
0.02009,0
0.01560,0
0.02071,0
0.03324,0
0.04337,0
0.03455,0
0.03429,0
0.03439,0
0.00534,0
0.01218,0
0.01185,0
0.01013,0
0.01539,0
0.02484,0
0.02506,0
0.02504,0
0.02549,0
0.02689,0
0.12715,0
0.06149,0
0.05257,0
0.03881,0
0.03247,0
0.03008,0
0.03088,0
0.03391,0
0.03813,0
0.05389,0
0.00534,0
0.00819,0
0.00916,0
0.00763,0
0.01112,0
0.01520,0
0.02108,0
0.02355,0
0.02289,0
0.02598,0
0.03728,0
0.02565,0
0.01491,0
0.02236,0
0.02207,0
0.02080,0
0.02363,0
0.01461,0
0.01250,0
0.03859,0
0.02987,0
0.03344,0
0.03052,0
0.03181,0
0.03470,0
0.03165,0
0.03557,0
0.01461,0
0.01393,0
0.01224,0
0.01009,0
0.02285,0
0.02123,0
0.03469,0
0.04011,0
0.03439,0
0.03652,0
0.00534,0
0.01218,0
0.01185,0
0.00910,0
0.01463,0
0.01088,0
0.01793,0
0.02108,0
0.01501,0
0.01218,0
0.01101,0
0.03176,0
0.04005,0
0.03916,0
0.03768,0
0.03676,0
0.04965,0
0.03728,0
0.02818,0
0.01519,0
0.02193,0
0.02188,0
0.02313,0
0.02567,0
0.04983,0
0.07596,0
0.05486,0
0.06368,0
0.06114,0
0.04392,0
0.03455,0
0.03147,0
0.03240,0
0.03942,0
0.03091,1
0.04705,1
0.05262,1
0.08813,1
0.09503,1
0.11595,1
0.12070,1
0.11171,1
0.10620,1
0.11331,1
0.03728,0
0.02666,0
0.01440,0
0.03029,0
0.03449,0
0.02282,0
0.01863,0
0.01878,0
0.02178,0
0.02968,0
0.05574,0
0.02456,0
0.03432,0
0.03839,0
0.03219,0
0.02859,0
0.03014,0
0.00534,0
0.00655,0
0.00841,0
0.00690,0
0.02638,0
0.03147,0
0.03935,0
0.05348,0
0.06263,0
0.00534,0
0.00655,0
0.00626,0
0.00681,0
0.01390,0
0.01963,0
0.02305,0
0.02237,0
0.02609,0
0.01461,0
0.01250,0
0.01213,0
0.00958,0
0.01476,0
0.01859,0
0.01849,0
0.00534,0
0.00655,0
0.03957,0
0.04219,0
0.03942,0
0.03516,0
0.03772,0
0.04154,0
0.04776,0
0.06430,0
0.03728,0
0.02818,0
0.01519,0
0.02239,0
0.02634,0
0.05760,0
0.06092,0
0.05725,0
0.05299,0
0.05297,0
0.00534,0
0.00813,0
0.00827,0
0.00739,0
0.01484,0
0.02209,0
0.03107,0
0.06617,0
0.09729,0
0.11690,0
0.10169,0
0.04153,0
0.02554,0
0.02282,1
0.02451,1
0.02651,1
0.03475,1
0.04118,1
0.04668,1
0.05519,1
0.05114,1
0.04629,1
0.05604,1
0.05142,1
0.04521,1
0.04237,1
0.04161,1
0.03851,1
0.04397,1
0.00534,0
0.00655,0
0.00655,0
0.00594,0
0.01307,0
0.02035,0
0.02183,0
0.02307,0
0.02667,0
0.02966,0
0.03728,1
0.19016,1
0.13303,1
0.09903,1
0.09540,1
0.09256,1
0.09219,1
0.10018,1
0.09903,1
0.00534,0
0.00655,0
0.00741,0
0.00734,0
0.01319,0
0.02134,0
0.02130,0
0.02299,0
0.02498,0
0.00534,0
0.00655,0
0.00618,0
0.00674,0
0.01254,0
0.00901,0
0.01208,0
0.02108,0
0.01641,0
0.01377,0
0.01139,0
0.03879,0
0.04915,0
0.05325,0
0.03521,0
0.03113,0
0.03595,0
0.01461,0
0.01806,0
0.01520,0
0.01145,0
0.04038,0
0.04872,0
0.05360,0
0.03675,0
0.03265,0
0.03330,0
0.00534,0
0.00813,0
0.00827,0
0.00831,0
0.01381,0
0.01004,0
0.01298,0
0.01461,0
0.01806,0
0.01619,0
0.01318,0
0.01812,0
0.02518,0
0.02459,0
0.02484,0
0.02648,0
0.02772,0
0.00534,0
0.00655,0
0.00695,0
0.00586,0
0.01358,0
0.02326,0
0.02391,0
0.02259,0
0.02448,0
0.02690,0
0.00534,0
0.01218,0
0.01172,0
0.00884,0
0.01428,0
0.01065,0
0.01334,0
0.00534,0
0.06367,0
0.05069,0
0.05874,0
0.06412,0
0.05556,0
0.05641,0
0.00534,0
0.00655,0
0.00638,0
0.00549,0
0.01134,0
0.01481,0
0.01642,0
0.01846,0
0.01787,0
0.02087,0
0.03091,0
0.05254,0
0.04744,0
0.03621,0
0.03181,0
0.02636,0
0.02777,0
0.02712,0
0.02821,0
0.02988,0
0.00534,0
0.00655,0
0.00741,0
0.03171,0
0.02445,0
0.02318,0
0.02709,0
0.03559,0
0.03499,0
0.04440,0
0.08057,0
0.06012,0
0.03395,0
0.03528,0
0.02791,0
0.02972,0
0.03242,0
0.03202,0
0.03390,0
0.03861,0
0.00534,0
0.00655,0
0.00618,0
0.00674,0
0.01465,0
0.02363,0
0.02443,0
0.02358,0
0.02408,0
0.02559,0
0.00534,0
0.07533,0
0.07750,0
0.05351,0
0.04472,0
0.03608,0
0.03783,0
0.04012,0
0.04444,0
0.05536,0
0.03091,0
0.03452,0
0.04499,0
0.03905,0
0.03504,0
0.02809,0
0.02619,0
0.02514,0
0.02617,0
0.02994,0
0.06551,0
0.05903,0
0.03271,0
0.03576,0
0.02960,0
0.02589,0
0.02719,0
0.02823,0
0.03108,0
0.03730,0
0.00534,0
0.00655,0
0.00655,0
0.00686,0
0.02115,0
0.02439,0
0.03386,0
0.04009,0
0.03183,0
0.03429,0
0.00534,0
0.01218,0
0.01172,0
0.00884,0
0.01653,0
0.01992,0
0.02190,0
0.02430,0
0.02636,0
0.00534,0
0.05349,0
0.03925,0
0.04354,0
0.03311,0
0.03120,0
0.03379,0
0.03805,0
0.04425,0
0.05260,0
0.01461,0
0.01806,0
0.05534,0
0.03640,0
0.03828,0
0.03877,0
0.03501,0
0.03762,0
0.03455,0
0.04356,0
0.00534,0
0.01218,0
0.01172,0
0.00884,0
0.02864,0
0.04174,0
0.04836,0
0.03117,0
0.02847,0
0.03439,0
0.03728,0
0.02565,0
0.01418,0
0.02200,0
0.02126,0
0.02030,0
0.02329,0
0.00534,0
0.00655,0
0.00618,0
0.00583,0
0.01190,0
0.01200,0
0.01196,0
0.11361,0
0.05624,0
0.03787,0
0.03846,0
0.03807,0
0.03865,0
0.04662,0
0.21196,0
0.10890,0
0.07384,0
0.06150,0
0.05781,0
0.04382,0
0.04805,0
0.01461,0
0.07698,0
0.05967,0
0.04815,0
0.04462,0
0.03534,0
0.03886,0
0.04161,0
0.04705,0
0.05500,0
0.00534,0
0.00655,0
0.00618,0
0.00583,0
0.01190,0
0.00936,0
0.01208,0
0.10169,0
0.06644,0
0.03754,0
0.02956,0
0.02784,0
0.03149,0
0.03924,0
0.00534,0
0.00655,0
0.03974,0
0.04816,0
0.06216,0
0.07367,0
0.12156,0
0.01461,0
0.01806,0
0.01630,0
0.01270,0
0.01845,0
0.01830,0
0.02337,0
0.02366,0
0.02284,0
0.02540,0
0.00534,0
0.00655,0
0.00734,0
0.00729,0
0.01518,0
0.02304,0
0.02259,0
0.02210,0
0.02315,0
0.02489,0
0.01461,0
0.01250,0
0.04718,0
0.04856,0
0.03057,0
0.02661,0
0.02843,0
0.03240,0
0.03716,0
0.04702,0
0.10169,0
0.05868,0
0.03533,0
0.02681,0
0.02568,0
0.02647,0
0.03475,0
0.00534,0
0.00655,0
0.00626,0
0.00590,0
0.00965,0
0.01683,0
0.01843,0
0.01936,0
0.01964,0
0.02516,0
0.00534,0
0.00655,0
0.00841,0
0.00690,0
0.01229,0
0.02344,0
0.02505,0
0.02539,0
0.02473,0
0.02738,0
0.00534,0
0.01218,0
0.05372,0
0.05510,0
0.03614,0
0.03122,0
0.03187,0
0.03495,0
0.03640,0
0.05659,0
0.00534,0
0.01218,0
0.01172,0
0.02789,0
0.02379,0
0.02665,0
0.02748,0
0.03030,0
0.04362,0
0.06184,0
0.00534,0
0.00655,0
0.04718,1
0.05913,1
0.08588,1
0.07159,1
0.06210,1
0.07026,1
0.00534,0
0.00655,0
0.00695,0
0.00586,0
0.01358,0
0.02326,0
0.02390,0
0.02227,0
0.02143,0
0.02300,0
0.10079,0
0.10013,0
0.07020,0
0.05575,0
0.05391,0
0.04441,0
0.04276,0
0.04148,0
0.04083,0
0.04552,0
0.03728,1
0.02565,1
0.04475,1
0.05728,1
0.05176,1
0.04289,1
0.04510,1
0.09852,0
0.08050,0
0.05506,0
0.04183,0
0.03913,0
0.03267,0
0.03164,0
0.03107,0
0.03136,0
0.03690,0
0.02108,0
0.01501,0
0.01204,0
0.00998,0
0.01471,0
0.01407,0
0.01955,0
0.00534,0
0.00655,0
0.00841,0
0.00690,0
0.01229,0
0.02203,0
0.03580,0
0.03590,0
0.03683,0
0.10011,0
0.16967,0
0.14000,0
0.07551,0
0.05637,0
0.05138,0
0.04669,0
0.04535,0
0.04775,0
0.05594,0
0.10169,0
0.04153,0
0.03146,0
0.03205,0
0.03263,0
0.03278,0
0.04122,0
0.00534,0
0.00819,0
0.00905,0
0.00815,0
0.01465,0
0.02026,0
0.02386,0
0.02982,0
0.03847,0
0.05365,1
0.04580,1
0.03021,1
0.03428,1
0.03475,1
0.03065,1
0.03390,1
0.00534,0
0.01218,0
0.01272,0
0.00965,0
0.01502,0
0.01147,0
0.01851,0
0.01461,0
0.01806,0
0.01505,0
0.01154,0
0.01863,0
0.02180,0
0.03648,0
0.03937,0
0.03951,0
0.00534,0
0.01218,0
0.01144,0
0.00996,0
0.02037,0
0.02418,0
0.02742,0
0.05793,0
0.02221,0
0.02712,0
0.03386,0
0.05793,0
0.04046,0
0.03180,0
0.03028,0
0.02964,0
0.03836,0
0.00534,0
0.00655,0
0.05483,1
0.04556,1
0.03482,1
0.04960,1
0.05217,1
0.05521,1
0.07609,1
0.00534,0
0.01218,0
0.01144,0
0.00996,0
0.01668,1
0.02732,1
0.03491,1
0.06672,1
0.02497,1
0.03719,1
0.03503,1
0.03455,1
0.02817,1
0.02349,1
0.03462,1
0.05475,0
0.05410,0
0.03317,0
0.03339,0
0.02833,0
0.02529,0
0.02772,0
0.02776,0
0.03151,0
0.03761,0
0.02108,0
0.01501,0
0.01218,0
0.01007,0
0.01509,0
0.01862,0
0.01774,0
0.03728,0
0.02927,0
0.01731,0
0.03350,0
0.03199,0
0.02250,0
0.01963,0
0.01830,0
0.02179,0
0.02669,0
0.03453,0
0.04392,0
0.03065,0
0.02738,0
0.04676,1
0.06405,1
0.08880,1
0.08842,1
0.08786,1
0.08710,1
0.00534,0
0.00655,0
0.00638,0
0.00640,0
0.01454,0
0.02393,0
0.03751,0
0.04974,0
0.06258,0
0.07370,0
0.00534,0
0.01218,0
0.01160,0
0.01017,0
0.01520,0
0.01531,0
0.01474,0
0.03091,0
0.05254,0
0.04744,0
0.03772,0
0.03186,0
0.02553,0
0.02321,0
0.02353,0
0.02454,0
0.02773,0
0.00534,0
0.01218,0
0.01172,0
0.00884,0
0.01448,0
0.01770,0
0.01869,0
0.02039,0
0.01948,0
0.02239,0
0.00534,0
0.00655,0
0.00626,0
0.00681,0
0.01265,0
0.01270,0
0.01261,0
0.00534,0
0.14443,1
0.10877,1
0.10457,1
0.10137,1
0.09848,1
0.09684,1
0.08702,1
0.10789,1
0.11346,1
0.05763,0
0.02341,0
0.03108,0
0.03836,0
0.04294,0
0.03332,0
0.02860,0
0.02589,0
0.02570,0
0.03376,0
0.03728,0
0.02818,0
0.01479,0
0.02542,0
0.03058,0
0.02796,0
0.02644,0
0.02749,0
0.03925,0
0.04053,0
0.00534,0
0.01218,0
0.04380,0
0.04301,0
0.03511,0
0.03746,0
0.03577,0
0.03609,0
0.03850,0
0.05776,0
0.01461,0
0.02603,1
0.04370,1
0.05670,1
0.06889,1
0.07772,1
0.07126,1
0.10584,1
0.13895,1
0.14630,1
0.14259,1
0.00534,0
0.00655,0
0.00618,0
0.00583,0
0.04937,1
0.04323,1
0.05536,1
0.05614,1
0.05835,1
0.06912,1
0.00534,0
0.01218,0
0.01172,0
0.00985,0
0.01541,0
0.02648,0
0.04506,0
0.03275,0
0.03604,0
0.04171,0
0.01461,0
0.04326,0
0.04510,0
0.05514,0
0.06219,0
0.05474,0
0.05688,0
0.09852,0
0.08050,0
0.05506,0
0.04183,0
0.04200,0
0.03183,0
0.03055,0
0.02981,0
0.03091,0
0.03620,0
0.05763,0
0.02477,0
0.03294,0
0.04514,0
0.07106,0
0.06347,0
0.05729,0
0.05248,0
0.05116,0
0.03728,0
0.06907,0
0.05098,0
0.05514,0
0.06503,0
0.07427,0
0.06518,0
0.05821,0
0.06559,0
0.00534,0
0.00655,0
0.05303,0
0.04828,0
0.05358,0
0.05084,0
0.04952,0
0.05497,0
0.08322,0
0.03091,0
0.04047,0
0.03239,0
0.02743,0
0.02787,0
0.02783,0
0.03187,0
0.00534,0
0.00655,0
0.00626,0
0.00681,0
0.01265,0
0.01270,0
0.01261,0
0.15617,0
0.16441,0
0.08129,0
0.05219,0
0.04323,0
0.03920,0
0.03866,0
0.04116,0
0.04756,0
0.00534,0
0.00655,0
0.04261,0
0.04692,0
0.02870,0
0.02530,0
0.02771,0
0.03157,0
0.03381,0
0.05235,0
0.01461,0
0.01403,0
0.04425,0
0.05275,0
0.06605,0
0.07565,0
0.09482,0
0.01461,0
0.01250,0
0.04314,0
0.05525,0
0.06580,0
0.07529,0
0.12748,0
0.03453,0
0.04392,0
0.03065,0
0.02738,0
0.02273,0
0.02395,0
0.02657,0
0.10169,0
0.06179,0
0.03480,0
0.03053,0
0.02931,0
0.03026,0
0.03724,0
0.02108,0
0.01769,0
0.01540,0
0.01319,0
0.01997,0
0.02617,0
0.03353,0
0.02770,0
0.02829,0
0.03050,0
0.08057,0
0.05830,0
0.03457,0
0.03403,0
0.02959,0
0.02954,0
0.02959,0
0.02951,0
0.03184,0
0.03690,0
0.00534,0
0.00813,0
0.00815,0
0.00823,0
0.01371,0
0.01027,0
0.01328,0
0.00534,0
0.05884,0
0.03981,0
0.04464,0
0.03433,0
0.03230,0
0.03658,0
0.03939,0
0.04484,0
0.05588,0
0.05664,0
0.02210,0
0.03273,0
0.02578,0
0.02561,0
0.02455,0
0.02650,0
0.00534,0
0.00819,0
0.00905,0
0.00815,0
0.01360,0
0.01010,0
0.01290,0
0.00534,0
0.01218,0
0.06135,0
0.05081,0
0.03860,0
0.04027,0
0.03720,0
0.03625,0
0.03993,0
0.05550,0
0.00534,0
0.01218,0
0.01172,0
0.02779,0
0.02542,0
0.02848,0
0.02942,0
0.03845,0
0.05418,0
0.07281,0
0.00534,0
0.00655,0
0.00618,0
0.00674,0
0.00979,0
0.01677,0
0.01951,0
0.02121,0
0.02062,0
0.02586,0
0.02108,0
0.01501,0
0.01501,0
0.01165,0
0.01724,0
0.02723,0
0.02954,0
0.02867,0
0.02733,0
0.02916,0
0.02108,0
0.01501,0
0.04273,0
0.03486,0
0.03501,0
0.03537,0
0.03364,0
0.00534,0
0.00813,0
0.04287,0
0.05613,0
0.06936,0
0.07696,0
0.09631,0
0.00534,0
0.00655,0
0.00695,0
0.00705,0
0.01275,0
0.01026,0
0.01698,0
0.00534,0
0.00655,0
0.03496,0
0.05470,0
0.05568,0
0.04656,0
0.04733,0
0.04712,0
0.04995,0
0.06460,0
0.03728,0
0.02900,0
0.01631,0
0.02250,0
0.03568,0
0.03365,0
0.03356,0
0.13770,0
0.06371,0
0.04828,0
0.03562,0
0.03423,0
0.03575,0
0.03422,0
0.03487,0
0.03937,0
0.05007,0
0.31867,0
0.21798,0
0.18019,0
0.16013,0
0.15422,0
0.15166,0
0.14266,0
0.13494,0
0.13176,0
0.12724,0
0.00534,0
0.01218,0
0.05301,0
0.05422,0
0.03478,0
0.03023,0
0.03417,0
0.03715,0
0.03805,0
0.05565,0
0.00534,0
0.01218,0
0.01271,0
0.05476,1
0.07144,1
0.06141,1
0.05936,1
0.06216,1
0.01461,0
0.01250,0
0.00973,0
0.04222,0
0.03592,0
0.02874,0
0.03205,0
0.03428,0
0.03791,0
0.05790,0
0.00534,0
0.00655,0
0.00695,0
0.00586,0
0.01187,0
0.00992,0
0.01756,0
0.03728,0
0.02565,0
0.01491,0
0.03129,0
0.03563,0
0.02457,0
0.01986,0
0.01847,0
0.02120,0
0.02909,0
0.08057,0
0.06012,0
0.03058,0
0.03105,0
0.02690,0
0.02715,0
0.02717,0
0.02720,0
0.02828,0
0.03414,0
0.00534,0
0.00655,0
0.00841,0
0.00806,0
0.01558,0
0.02640,0
0.03447,0
0.02867,0
0.02838,0
0.02969,0
0.00534,0
0.01218,0
0.04199,0
0.04692,0
0.04240,0
0.03262,0
0.03788,0
0.04073,0
0.04579,0
0.05777,0
0.05664,0
0.02351,0
0.02755,0
0.03452,0
0.03425,0
0.02867,0
0.02504,0
0.02395,0
0.02564,0
0.03458,0
0.00534,0
0.00655,0
0.00841,0
0.00690,0
0.01254,0
0.01039,0
0.01804,0
0.03091,1
0.04705,1
0.04411,1
0.04266,1
0.06099,1
0.06721,1
0.12202,1
0.11415,1
0.11883,1
0.11771,1
0.00534,0
0.01218,0
0.01172,0
0.00884,0
0.01428,0
0.04022,1
0.09852,0
0.07572,0
0.08076,0
0.04377,0
0.04087,0
0.03542,0
0.03431,0
0.03407,0
0.03542,0
0.04068,0
0.03453,0
0.04358,0
0.05277,0
0.05517,0
0.04797,0
0.04978,0
0.04515,0
0.04175,0
0.04124,0
0.04244,0
0.08057,0
0.06012,0
0.03527,0
0.04062,0
0.03390,0
0.03355,0
0.03405,0
0.03344,0
0.03501,0
0.04011,0
0.13940,0
0.08675,0
0.05151,0
0.05609,0
0.04082,0
0.03602,0
0.03409,0
0.03413,0
0.03779,0
0.04526,0
0.02108,0
0.01501,0
0.01256,0
0.02954,0
0.04123,0
0.03991,0
0.05027,0
0.05146,0
0.03881,0
0.04676,0
0.08057,0
0.06012,0
0.03058,0
0.03105,0
0.02690,0
0.02376,0
0.02435,0
0.02484,0
0.02749,0
0.03350,0
0.03728,0
0.03222,0
0.01834,0
0.03402,0
0.03630,0
0.02461,0
0.01961,0
0.01843,0
0.02211,0
0.03027,0
0.00534,0
0.01841,1
0.03870,1
0.04949,1
0.06536,1
0.07778,1
0.07370,1
0.06816,1
0.07609,1
0.09783,1
0.13766,1
0.16409,1
0.01461,0
0.01806,0
0.01784,0
0.01383,0
0.01763,0
0.01871,0
0.02209,0
0.00534,0
0.00813,0
0.00815,0
0.03242,0
0.02492,0
0.02344,0
0.02818,0
0.03616,0
0.03433,0
0.04338,0
0.03664,0
0.02784,0
0.01826,0
0.02444,0
0.02990,0
0.06019,0
0.06171,0
0.05812,0
0.05366,0
0.05364,0
0.06672,0
0.02786,0
0.03458,0
0.04038,0
0.04396,0
0.03602,0
0.03180,0
0.02901,0
0.02860,0
0.03642,0
0.05595,0
0.02262,0
0.02688,0
0.03711,0
0.03877,0
0.03125,0
0.02728,0
0.02459,0
0.02427,0
0.03226,0
0.05664,0
0.02351,0
0.03368,0
0.02272,0
0.01788,0
0.01820,0
0.02248,0
0.11984,0
0.08557,0
0.04850,0
0.04174,0
0.03309,0
0.03194,0
0.03073,0
0.03130,0
0.03458,0
0.04332,0
0.20633,0
0.10211,0
0.06742,0
0.05849,0
0.05289,0
0.04174,0
0.04664,0
0.03728,0
0.02666,0
0.01506,0
0.02672,0
0.03477,0
0.03212,0
0.02953,0
0.02802,0
0.03730,0
0.04760,0
0.00534,0
0.00655,0
0.00638,0
0.00549,0
0.01363,0
0.02480,0
0.03185,0
0.03000,0
0.03057,0
0.02991,0
0.01461,0
0.01250,0
0.00985,0
0.00844,0
0.01387,0
0.08900,1
0.11262,1
0.12247,1
0.11975,1
0.03510,0
0.02657,0
0.01575,0
0.03135,0
0.03554,0
0.02461,0
0.01860,0
0.01741,0
0.02063,0
0.02866,0
0.00534,0
0.00655,0
0.00638,0
0.00549,0
0.01155,0
0.02012,0
0.03879,0
0.04050,0
0.04336,0
0.05494,0
0.03453,0
0.04358,0
0.04380,0
0.08142,0
0.06736,0
0.05564,0
0.05041,0
0.04761,0
0.04782,0
0.05793,0
0.02221,0
0.04403,0
0.03301,0
0.02805,0
0.02708,0
0.03029,0
0.05364,0
0.02356,0
0.03237,0
0.04243,0
0.04062,0
0.03439,0
0.02857,0
0.02669,0
0.02689,0
0.03523,0
0.17230,0
0.15452,0
0.15375,0
0.13859,0
0.12693,0
0.12357,0
0.12387,0
0.13350,0
0.12410,0
0.12717,0
0.00534,0
0.00655,0
0.03974,0
0.04824,0
0.06217,0
0.07345,0
0.09719,0
0.00534,0
0.01218,0
0.01172,0
0.00884,0
0.01428,0
0.01578,0
0.01824,0
0.01461,0
0.01806,0
0.05186,0
0.05300,0
0.04302,0
0.04096,0
0.04277,0
0.04735,0
0.05364,0
0.06536,0
0.05574,0
0.02304,0
0.03348,0
0.02399,0
0.02741,0
0.02811,0
0.03101,0
0.02108,0
0.01501,0
0.01204,0
0.00998,0
0.01702,0
0.02824,0
0.02847,0
0.02735,0
0.02659,0
0.02874,0
0.11984,0
0.08642,0
0.04824,0
0.04450,0
0.03173,0
0.02848,0
0.02708,0
0.02809,0
0.03227,0
0.04120,0
0.00534,0
0.00655,0
0.00741,0
0.00734,0
0.01295,0
0.01625,0
0.01752,0
0.01765,0
0.01638,0
0.01999,0
0.00534,0
0.01218,0
0.01160,0
0.00902,0
0.01459,0
0.01074,0
0.01653,0
0.00534,0
0.00813,0
0.00840,0
0.00795,0
0.01355,0
0.01666,0
0.01966,0
0.01461,0
0.01806,0
0.01619,0
0.01221,0
0.03031,0
0.02525,0
0.03289,0
0.03374,0
0.04580,0
0.06293,0
0.03728,0
0.02900,0
0.01631,0
0.02353,0
0.03047,0
0.02711,0
0.02575,0
0.02522,0
0.02959,0
0.03135,0
0.08057,0
0.05724,0
0.03751,0
0.03681,0
0.02955,0
0.03078,0
0.03229,0
0.03191,0
0.03402,0
0.03948,0
0.03453,0
0.04392,0
0.04417,0
0.02884,0
0.02302,0
0.02416,0
0.02863,0
0.00534,0
0.00813,0
0.03653,0
0.05081,0
0.04697,0
0.04971,0
0.04883,0
0.05633,0
0.07366,0
0.01461,0
0.01806,0
0.01520,0
0.02726,0
0.03142,0
0.03163,0
0.04299,0
0.04328,0
0.03224,0
0.04146,0
0.05793,1
0.02531,1
0.04510,1
0.08156,1
0.10870,1
0.10417,1
0.10345,1
0.00534,0
0.01218,0
0.01270,0
0.00976,0
0.01504,0
0.02322,0
0.02300,0
0.02421,0
0.02610,0
0.00534,0
0.00655,0
0.00695,0
0.00586,0
0.01304,0
0.01568,0
0.01780,0
0.02034,0
0.01958,0
0.02226,0
0.00534,0
0.00655,0
0.07644,1
0.06545,1
0.04977,1
0.05049,1
0.04646,1
0.08827,1
0.13564,1
0.00534,0
0.00655,0
0.00695,0
0.00705,0
0.01401,0
0.02232,0
0.02566,0
0.02504,0
0.02547,0
0.02588,0
0.10079,0
0.07101,0
0.04868,0
0.03801,0
0.03571,0
0.03008,0
0.02961,0
0.02874,0
0.02951,0
0.03480,0
0.13795,1
0.11121,1
0.08450,1
0.06964,1
0.08190,1
0.07343,1
0.08121,1
0.10696,0
0.07598,0
0.04418,0
0.03516,0
0.02508,0
0.02516,0
0.02658,0
0.03124,0
0.03805,0
0.00534,0
0.01218,0
0.04883,0
0.05111,0
0.04519,0
0.03487,0
0.03795,0
0.04073,0
0.04503,0
0.05741,0
0.02108,0
0.01501,0
0.01204,0
0.00998,0
0.01683,0
0.02468,0
0.03490,0
0.03227,0
0.03022,0
0.03264,0
0.01461,0
0.01250,0
0.01099,0
0.00990,0
0.01746,0
0.03485,0
0.03322,0
0.03213,0
0.03641,0
0.04377,0
0.02108,0
0.02254,0
0.02168,0
0.05290,0
0.04887,0
0.03598,0
0.03770,0
0.04122,0
0.04309,0
0.06389,0
0.00534,0
0.00655,0
0.00655,0
0.00594,0
0.01380,0
0.02324,0
0.02364,0
0.02726,0
0.02900,0
0.03068,0
0.00534,0
0.00655,0
0.00655,0
0.00686,0
0.01471,0
0.03278,0
0.03129,0
0.03031,0
0.02924,0
0.03033,0
0.00534,0
0.01218,0
0.01172,0
0.00985,0
0.02882,0
0.04245,0
0.04795,0
0.03159,0
0.02969,0
0.03607,0
0.11014,0
0.06266,0
0.05051,0
0.03817,0
0.03640,0
0.03799,0
0.03689,0
0.03834,0
0.04222,0
0.05764,0
0.00534,0
0.00655,0
0.00655,0
0.00594,0
0.01668,0
0.01222,0
0.01835,0
0.00534,0
0.01218,0
0.01185,0
0.00910,0
0.01479,0
0.01622,0
0.01895,0
0.01984,0
0.01951,0
0.02467,0
0.01461,0
0.01806,0
0.01784,0
0.01499,0
0.01875,0
0.02503,0
0.03416,0
0.02875,0
0.03001,0
0.03163,0
0.05574,0
0.02456,0
0.03181,0
0.03915,0
0.03939,0
0.03526,0
0.03009,0
0.02769,0
0.02808,0
0.03636,0
0.02108,0
0.01501,0
0.01501,0
0.01165,0
0.03195,0
0.04033,0
0.04106,0
0.07082,0
0.09646,0
0.10562,0
0.03091,0
0.05254,0
0.04744,0
0.03772,0
0.03186,0
0.02553,0
0.02321,0
0.02223,0
0.02342,0
0.02678,0
0.00534,0
0.01218,0
0.01144,0
0.00996,0
0.01507,0
0.01139,0
0.01702,0
0.10696,0
0.06017,0
0.03978,0
0.03188,0
0.02390,0
0.02451,0
0.02645,0
0.03133,0
0.03836,0
0.00534,0
0.00813,0
0.00840,0
0.00703,0
0.01281,0
0.00964,0
0.01564,0
0.03728,0
0.03222,0
0.01834,0
0.03402,0
0.03076,0
0.02638,0
0.02182,0
0.02037,0
0.02090,0
0.02604,0
0.04983,0
0.03370,0
0.01950,0
0.03440,0
0.03762,0
0.02623,0
0.02187,0
0.02032,0
0.02311,0
0.03095,0
0.00534,0
0.00819,0
0.05184,0
0.04544,0
0.03716,0
0.04324,0
0.04425,0
0.04507,0
0.05600,0
0.10169,0
0.07149,0
0.04119,0
0.03252,0
0.03042,0
0.04357,0
0.04974,0
0.00534,0
0.00655,0
0.00626,0
0.00681,0
0.01695,0
0.02282,0
0.03205,0
0.03973,0
0.03402,0
0.03736,0
0.01461,0
0.01250,0
0.00999,0
0.00804,0
0.01382,0
0.01045,0
0.01755,0
0.00534,0
0.00655,0
0.04339,0
0.04768,0
0.02991,0
0.02847,0
0.02981,0
0.03283,0
0.03839,0
0.05739,0
0.00534,0
0.01218,0
0.01185,0
0.00910,0
0.01625,0
0.02286,0
0.02350,0
0.02451,0
0.02388,0
0.02660,0
0.01461,0
0.01403,0
0.01160,0
0.00983,0
0.01508,0
0.01117,0
0.01381,0
0.10696,0
0.06851,0
0.05716,0
0.05205,0
0.06106,0
0.05120,0
0.04717,0
0.04509,0
0.04473,0
0.04896,0
0.15617,0
0.20465,0
0.11473,0
0.07801,0
0.06494,0
0.05832,0
0.07481,0
0.07322,0
0.07576,0
0.00534,0
0.00655,0
0.00695,0
0.00586,0
0.01187,0
0.01599,0
0.01930,0
0.01461,0
0.01403,0
0.01189,0
0.01047,0
0.01785,0
0.02091,0
0.02278,0
0.02693,0
0.02804,0
0.11913,1
0.06576,1
0.07149,1
0.07303,1
0.07923,1
0.06319,1
0.06300,1
0.08057,0
0.06012,0
0.03395,0
0.03528,0
0.02971,0
0.02612,0
0.02774,0
0.02785,0
0.02934,0
0.03457,0
0.03453,0
0.04392,0
0.04816,0
0.03191,0
0.02577,0
0.02662,0
0.03106,0
0.00534,0
0.00655,0
0.00638,0
0.00549,0
0.01167,0
0.00830,0
0.01142,0
0.00534,0
0.01218,0
0.01270,0
0.00976,0
0.01708,0
0.03512,0
0.03281,0
0.03218,0
0.03650,0
0.03821,0
0.00534,0
0.08176,1
0.07660,1
0.07707,1
0.08695,1
0.09856,1
0.00534,0
0.00655,0
0.05260,0
0.03186,0
0.02772,0
0.02994,0
0.02761,0
0.03191,0
0.03068,0
0.04040,0
0.00534,0
0.00655,0
0.00626,0
0.00681,0
0.01456,0
0.02188,0
0.03089,0
0.06367,0
0.09977,0
0.11131,0
0.00534,0
0.00655,0
0.00638,0
0.00549,0
0.01167,0
0.00830,0
0.01142,0
0.01461,0
0.01250,0
0.00999,0
0.02850,0
0.03824,0
0.03694,0
0.05169,0
0.04587,0
0.03597,0
0.04003,0
0.03728,0
0.03222,0
0.01834,0
0.02940,0
0.03640,0
0.05147,0
0.04744,0
0.04167,0
0.05026,0
0.03091,0
0.04047,0
0.02889,0
0.02687,0
0.02152,0
0.02315,0
0.02565,0
0.03091,0
0.05254,0
0.03980,0
0.03543,0
0.03184,0
0.02586,0
0.02418,0
0.02337,0
0.02455,0
0.02792,0
0.01461,0
0.01250,0
0.01099,0
0.00898,0
0.01403,0
0.01543,0
0.01873,0
0.01973,0
0.01911,0
0.02421,0
0.10169,0
0.04153,0
0.02410,0
0.02453,0
0.02576,0
0.02964,0
0.03867,0
0.03728,0
0.03222,0
0.01891,0
0.02773,0
0.03427,0
0.02550,0
0.02119,0
0.02017,0
0.02332,0
0.03149,0
0.12715,0
0.05512,0
0.04479,0
0.03401,0
0.02901,0
0.02757,0
0.02793,0
0.03033,0
0.03542,0
0.05152,0
0.03453,0
0.04392,0
0.03046,0
0.02589,0
0.02302,0
0.02434,0
0.02827,0
0.03091,0
0.04047,0
0.03239,0
0.02209,0
0.02039,0
0.02201,0
0.02693,0
0.00534,0
0.01218,0
0.01160,0
0.00902,0
0.01459,0
0.01770,0
0.01740,0
0.12715,0
0.05980,0
0.05193,0
0.03816,0
0.03610,0
0.03750,0
0.03548,0
0.03708,0
0.04105,0
0.05673,0
0.05664,0
0.02351,0
0.03368,0
0.03174,0
0.02596,0
0.02311,0
0.02586,0
0.00534,0
0.00655,0
0.00655,0
0.00594,0
0.01177,0
0.01498,0
0.01649,0
0.01862,0
0.01818,0
0.02119,0
0.00534,0
0.00655,0
0.00638,0
0.00549,0
0.01272,0
0.02080,0
0.02374,0
0.02540,0
0.03281,0
0.04557,0
0.03510,1
0.03312,1
0.06437,1
0.08279,1
0.06891,1
0.08367,1
0.08883,1
0.08057,0
0.05830,0
0.03457,0
0.03606,0
0.03085,0
0.03044,0
0.03161,0
0.03209,0
0.03418,0
0.03954,0
0.02108,0
0.01501,0
0.01501,0
0.01165,0
0.01340,0
0.02160,0
0.02538,0
0.02674,0
0.02531,0
0.02966,0
0.04983,0
0.03485,0
0.02014,0
0.02801,0
0.03516,0
0.03801,1
0.04046,1
0.03791,1
0.03969,1
0.04409,1
0.05883,0
0.02309,0
0.03365,0
0.03588,0
0.03312,0
0.02745,0
0.02227,0
0.02104,0
0.02268,0
0.03142,0
0.09852,0
0.08050,0
0.05316,0
0.03939,0
0.03717,0
0.03046,0
0.02961,0
0.02997,0
0.03144,0
0.03701,0
0.00534,0
0.00655,0
0.00741,0
0.00643,0
0.01242,0
0.00978,0
0.01244,0
0.00534,0
0.01218,0
0.01271,0
0.01139,0
0.01725,0
0.01750,0
0.02138,0
0.02361,0
0.02291,0
0.02792,0
0.10169,0
0.04252,0
0.02627,0
0.02407,0
0.02640,0
0.02940,0
0.03825,0
0.01461,0
0.01393,0
0.01245,0
0.00977,0
0.01493,0
0.02587,0
0.04527,0
0.03271,0
0.03205,0
0.03884,0
0.00534,0
0.00655,0
0.00695,0
0.00586,0
0.01292,0
0.03043,0
0.05001,0
0.05027,0
0.05328,0
0.06157,0
0.06672,0
0.02497,0
0.03396,0
0.03807,0
0.04353,0
0.03885,0
0.03518,0
0.03602,0
0.03636,0
0.00534,0
0.00819,0
0.07066,0
0.10704,0
0.08960,0
0.07342,0
0.07063,0
0.07036,0
0.07245,0
0.09443,0
0.03091,0
0.04705,0
0.04757,0
0.03931,0
0.04462,0
0.04044,0
0.03321,0
0.03010,0
0.03002,0
0.03273,0
0.10079,0
0.07101,0
0.04868,0
0.03801,0
0.03879,0
0.03069,0
0.02985,0
0.02924,0
0.03094,0
0.03582,0
0.00534,0
0.00655,0
0.00638,0
0.00640,0
0.01217,0
0.01572,0
0.01701,0
0.02154,0
0.02096,0
0.02618,0
0.01461,0
0.01806,0
0.01491,0
0.03959,0
0.03222,0
0.03258,0
0.03463,0
0.04039,0
0.03862,0
0.04693,0
0.09852,0
0.07446,0
0.07483,0
0.04435,0
0.04816,0
0.06299,0
0.06166,0
0.06119,0
0.06155,0
0.06648,0
0.13770,0
0.06371,0
0.05275,0
0.03776,0
0.03683,0
0.03305,0
0.03214,0
0.03251,0
0.03703,0
0.05223,0
0.04983,0
0.03974,0
0.02402,0
0.02698,0
0.02667,0
0.02688,0
0.03146,0
0.10169,0
0.07149,0
0.04532,0
0.04066,0
0.03854,0
0.04005,0
0.04558,0
0.00534,0
0.00655,0
0.00695,0
0.02596,0
0.02386,0
0.02967,0
0.02934,0
0.03142,0
0.06266,0
0.09046,0
0.04983,0
0.15414,0
0.11020,0
0.09048,0
0.08200,0
0.07304,0
0.07248,0
0.07301,0
0.07268,0
0.07646,0
0.00534,0
0.01218,0
0.04030,0
0.03243,0
0.03244,1
0.09070,1
0.09745,1
0.10651,1
0.09635,1
0.10249,1
0.11654,1
0.14866,1
0.00534,0
0.00655,0
0.00841,0
0.00690,0
0.01371,0
0.02884,0
0.04723,0
0.03603,0
0.03474,0
0.04145,0
0.02108,0
0.02254,0
0.02168,0
0.01784,0
0.02075,0
0.02629,0
0.02781,0
0.03219,0
0.03033,0
0.03237,0
0.01461,0
0.01806,0
0.04383,0
0.03491,0
0.03549,0
0.04061,0
0.03869,0
0.03731,0
0.03850,0
0.03091,0
0.05254,0
0.04428,0
0.03240,0
0.03393,0
0.02642,0
0.02490,0
0.02431,0
0.02616,0
0.03005,0
0.08057,1
0.06012,1
0.03527,1
0.06655,1
0.08676,1
0.08022,1
0.07580,1
0.07015,1
0.06998,1
0.07052,1
0.00534,0
0.00655,0
0.00695,0
0.00705,0
0.01489,0
0.02102,0
0.03059,0
0.02609,0
0.02648,0
0.02879,0
0.03091,0
0.05254,0
0.04744,0
0.03772,0
0.04678,1
0.05708,1
0.09452,1
0.09308,1
0.09057,1
0.08912,1
0.11668,1
0.11885,1
0.00534,0
0.00819,0
0.05505,0
0.03540,0
0.03250,0
0.02563,0
0.03085,0
0.03712,0
0.04487,0
0.05519,0
0.03091,0
0.04771,0
0.03787,0
0.02850,0
0.02462,0
0.02596,0
0.03096,0
0.01461,0
0.01806,0
0.01520,0
0.01145,0
0.03025,0
0.03929,0
0.03658,0
0.05266,0
0.06249,0
0.07737,0
0.03728,0
0.02927,0
0.01731,0
0.03350,0
0.03199,0
0.02362,0
0.02383,0
0.02209,0
0.02516,0
0.02978,0
0.05793,0
0.02531,0
0.03851,0
0.04119,0
0.03758,0
0.03018,0
0.02392,0
0.02526,0
0.02554,0
0.03370,0
0.03453,0
0.03933,0
0.04480,0
0.03688,0
0.03368,0
0.02838,0
0.02951,0
0.02769,0
0.02874,0
0.03276,0
0.00534,0
0.00655,0
0.08316,0
0.07126,0
0.05476,0
0.05402,0
0.04973,0
0.05100,0
0.05184,0
0.08646,0
0.00534,0
0.00655,0
0.00841,0
0.00690,0
0.01254,0
0.01418,0
0.01848,0
0.05846,1
0.11181,1
0.07508,1
0.06538,1
0.06018,1
0.05932,1
0.06481,1
0.05976,1
0.07117,1
0.03728,0
0.02666,0
0.01440,0
0.02562,0
0.03748,0
0.06227,0
0.06612,0
0.06400,0
0.06151,0
0.06132,0
0.00534,0
0.00655,0
0.00655,0
0.00594,0
0.01177,0
0.01498,0
0.01738,0
0.01916,0
0.01846,0
0.02125,0
0.00534,0
0.01218,0
0.01270,0
0.04057,0
0.03614,0
0.02690,0
0.03037,0
0.03221,0
0.03599,0
0.05487,0
0.02108,0
0.02254,0
0.05468,0
0.05963,0
0.06856,0
0.07967,0
0.12477,0
0.04983,0
0.04266,0
0.02531,0
0.03183,0
0.03340,0
0.02771,0
0.02599,0
0.02465,0
0.02788,0
0.03584,0
0.13770,0
0.05738,0
0.04495,0
0.03304,0
0.02821,0
0.02669,0
0.02708,0
0.02848,0
0.03380,0
0.04998,0
0.00534,0
0.06315,0
0.04887,0
0.04850,0
0.04439,0
0.03559,0
0.03935,0
0.04382,0
0.04940,0
0.05893,0
0.03728,0
0.02542,0
0.01444,0
0.03059,0
0.03091,0
0.02234,0
0.01771,0
0.01684,0
0.01834,0
0.02386,0
0.02108,0
0.01501,0
0.01343,0
0.04813,0
0.04669,0
0.03592,0
0.03846,0
0.04110,0
0.04468,0
0.06031,0
0.00534,0
0.00655,0
0.00695,0
0.04076,0
0.03616,0
0.02859,0
0.03186,0
0.03604,0
0.03812,0
0.05987,0
0.11134,1
0.09762,1
0.09885,1
0.09891,1
0.10597,1
0.11592,1
0.12370,1
0.00534,0
0.00655,0
0.00638,0
0.00640,0
0.02556,0
0.03986,0
0.04658,0
0.02947,0
0.02915,0
0.03414,0
0.00534,0
0.01218,0
0.01172,0
0.00884,0
0.01653,0
0.02451,0
0.02348,0
0.02266,0
0.02393,0
0.02490,0
0.03728,0
0.02818,0
0.01479,0
0.02675,0
0.03812,1
0.04438,1
0.07138,1
0.07564,1
0.08756,1
0.00534,0
0.00655,0
0.00618,0
0.00583,0
0.02221,0
0.02181,0
0.03037,0
0.03684,0
0.04445,0
0.05007,0
0.00534,0
0.05349,1
0.03925,1
0.04158,1
0.03149,1
0.02743,1
0.03972,1
0.04455,1
0.04945,1
0.06705,1
0.03664,0
0.02916,0
0.01828,0
0.03389,0
0.03175,0
0.02476,0
0.02081,0
0.02350,0
0.02497,0
0.03273,0
0.00534,0
0.00655,0
0.00626,0
0.00590,0
0.01201,0
0.00834,0
0.01594,0
0.00534,0
0.00813,0
0.00827,0
0.00739,0
0.01314,0
0.00939,0
0.01239,0
0.00534,0
0.00813,0
0.00840,0
0.00795,0
0.01355,0
0.01666,0
0.01966,0
0.00534,0
0.00819,0
0.01135,0
0.00884,0
0.01569,0
0.02800,0
0.03527,0
0.03199,0
0.03217,0
0.03232,0
0.00534,0
0.00655,0
0.00695,0
0.00586,0
0.01655,0
0.01214,0
0.01601,0
0.03453,0
0.04392,0
0.03064,0
0.02299,0
0.02025,0
0.02187,0
0.02516,0
0.02108,0
0.07947,0
0.05979,0
0.04861,0
0.04278,0
0.03361,0
0.03753,0
0.04147,0
0.04695,0
0.05596,0
0.01461,0
0.01806,0
0.01491,0
0.01142,0
0.01635,0
0.01932,0
0.02178,0
0.00534,0
0.00655,0
0.00655,0
0.02982,0
0.02440,0
0.02838,0
0.03179,0
0.03406,0
0.03475,0
0.04598,0
0.00534,0
0.00655,0
0.00618,0
0.00583,0
0.00957,0
0.01673,0
0.02094,0
0.02097,0
0.02063,0
0.02653,0
0.03453,0
0.04358,0
0.04294,0
0.07906,0
0.07093,0
0.05087,0
0.04339,0
0.03976,0
0.03830,0
0.04047,0
0.10169,0
0.04153,0
0.02554,0
0.05538,1
0.06845,1
0.06824,1
0.06943,1
0.07539,1
0.08857,1
0.00534,0
0.00819,0
0.03868,0
0.04143,0
0.04860,0
0.05856,0
0.05917,0
0.06180,0
0.06556,0
0.07688,0
0.00534,0
0.01218,0
0.01185,0
0.00910,0
0.01463,0
0.01237,0
0.01531,0
0.08057,1
0.06012,1
0.03395,1
0.03528,1
0.02791,1
0.02568,1
0.02754,1
0.02849,1
0.04073,1
0.00534,0
0.00655,0
0.00841,0
0.00806,0
0.01490,0
0.01741,0
0.01986,0
0.02157,0
0.02078,0
0.02324,0
0.11984,0
0.08642,0
0.04824,0
0.04263,0
0.03146,0
0.02849,0
0.02917,0
0.03151,0
0.03538,0
0.04484,0
0.00534,0
0.01218,0
0.01160,0
0.00902,0
0.01968,0
0.01514,0
0.02076,0
0.04983,0
0.03485,0
0.01943,0
0.02991,0
0.03698,0
0.06421,0
0.06791,0
0.06174,0
0.05943,0
0.05879,0
0.05664,0
0.02351,0
0.03518,0
0.03300,0
0.03474,0
0.02887,0
0.02404,0
0.02571,0
0.02708,0
0.03548,0
0.00534,0
0.00655,0
0.00638,0
0.00640,0
0.01454,0
0.03246,0
0.03174,0
0.03031,0
0.03129,0
0.03197,0
0.00534,0
0.06367,0
0.04230,0
0.05400,0
0.05911,0
0.04946,0
0.05165,0
0.03091,0
0.04047,0
0.03239,0
0.02743,0
0.02223,0
0.02321,0
0.02498,0
0.00534,0
0.00655,0
0.00618,0
0.00674,0
0.01254,0
0.01264,0
0.01543,0
0.00534,0
0.00655,0
0.00638,0
0.00549,0
0.01886,0
0.01823,0
0.03172,0
0.03931,0
0.03173,0
0.03395,0
0.01461,0
0.01250,0
0.05662,0
0.03496,0
0.03611,0
0.03820,0
0.03452,0
0.03745,0
0.03522,0
0.04415,0
0.05664,0
0.02210,0
0.03039,0
0.05158,0
0.05493,0
0.04425,0
0.03925,0
0.03536,0
0.03406,0
0.04131,0
0.01461,0
0.01250,0
0.04649,0
0.04770,0
0.02940,0
0.02586,0
0.02777,0
0.03189,0
0.03683,0
0.05608,0
0.00534,0
0.00655,0
0.00638,0
0.00640,0
0.01353,0
0.02323,0
0.02327,0
0.02182,0
0.02365,0
0.15617,0
0.16441,0
0.08129,0
0.05219,0
0.04323,0
0.03920,0
0.03798,0
0.04003,0
0.04569,0
0.01461,0
0.01250,0
0.00999,0
0.03886,0
0.03305,0
0.02557,0
0.03024,0
0.03222,0
0.03603,0
0.05272,0
0.01461,0
0.01250,0
0.00985,0
0.00844,0
0.01584,0
0.03406,0
0.03210,0
0.03092,0
0.03197,0
0.03251,0
0.03091,0
0.05254,0
0.03980,0
0.03543,0
0.03184,0
0.02451,0
0.02690,0
0.02575,0
0.02596,0
0.02967,0
0.00534,0
0.00655,0
0.00695,0
0.00586,0
0.01187,0
0.00938,0
0.01636,0
0.10169,0
0.04252,0
0.02627,0
0.02407,0
0.02793,0
0.02939,0
0.03853,0
0.03091,0
0.04705,0
0.05594,0
0.06442,0
0.05051,0
0.03572,0
0.03199,0
0.03098,0
0.03129,0
0.05664,0
0.02351,0
0.02755,0
0.02926,0
0.02955,0
0.02572,0
0.02389,0
0.02315,0
0.02418,0
0.02956,0
0.10169,0
0.07149,0
0.04119,0
0.03252,0
0.03098,0
0.03219,0
0.03878,0
0.00534,0
0.00655,0
0.00626,0
0.00590,0
0.01181,0
0.01315,0
0.01661,0
0.01944,0
0.01886,0
0.02390,0
0.05793,0
0.02221,0
0.03468,0
0.03812,0
0.03339,0
0.02832,0
0.02959,0
0.02108,0
0.01501,0
0.01256,0
0.00978,0
0.01225,0
0.02093,0
0.02207,0
0.02193,0
0.02152,0
0.02429,0
0.00534,0
0.00655,0
0.00741,0
0.00643,0
0.01242,0
0.01556,0
0.01563,0
0.01461,0
0.01250,0
0.01065,0
0.03308,0
0.02316,0
0.02428,0
0.02853,0
0.03611,0
0.03458,0
0.04084,0
0.00534,0
0.00655,0
0.00618,0
0.00674,0
0.01885,0
0.03367,0
0.04036,0
0.05581,0
0.05915,0
0.01461,0
0.01250,0
0.01065,0
0.00973,0
0.01493,0
0.01138,0
0.01473,0
0.00534,0
0.01218,0
0.01160,0
0.00902,0
0.01651,0
0.02584,0
0.02516,0
0.02611,0
0.02958,0
0.03050,0
0.03091,0
0.05254,0
0.04428,0
0.03546,0
0.03179,0
0.02583,0
0.02370,0
0.02283,0
0.02406,0
0.02733,0
0.05574,0
0.02304,0
0.02462,0
0.03355,0
0.03263,0
0.02847,0
0.02434,0
0.02318,0
0.02387,0
0.03268,0
0.00534,0
0.00655,0
0.00841,0
0.00690,0
0.01427,0
0.02462,0
0.02577,0
0.02476,0
0.02390,0
0.02639,0
0.05793,1
0.02531,1
0.03851,1
0.05403,1
0.06070,1
0.12557,1
0.11044,1
0.11469,1
0.11704,1
0.11474,1
0.05475,0
0.05410,0
0.03467,0
0.03594,0
0.02970,0
0.02630,0
0.03017,0
0.03139,0
0.03400,0
0.03988,0
0.01461,0
0.01250,0
0.01099,0
0.00898,0
0.01447,0
0.01092,0
0.01373,0
0.13770,0
0.06371,0
0.04828,0
0.03562,0
0.03423,0
0.03138,0
0.03085,0
0.03151,0
0.03586,0
0.05140,0
0.18127,0
0.13269,0
0.12832,0
0.11134,0
0.09865,0
0.11125,0
0.11626,0
0.10784,0
0.10502,0
0.10242,0
0.03453,0
0.04358,0
0.04444,0
0.04247,0
0.03809,0
0.03296,0
0.03014,0
0.02837,0
0.02900,0
0.03226,0
0.05793,0
0.02221,0
0.02712,0
0.04685,0
0.05216,0
0.04377,0
0.04006,0
0.03623,0
0.03567,0
0.04286,0
0.00534,0
0.00655,0
0.04525,0
0.04459,0
0.05163,0
0.04951,0
0.04884,0
0.06051,0
0.07891,0
0.01461,0
0.01393,0
0.01209,0
0.01001,0
0.03496,0
0.04560,0
0.05153,0
0.03365,0
0.02989,0
0.03502,0
0.10696,0
0.07386,0
0.05131,0
0.03976,0
0.04077,0
0.03313,0
0.03199,0
0.03113,0
0.03130,0
0.03620,0
0.04983,0
0.03538,0
0.01920,0
0.03352,0
0.03719,0
0.02621,0
0.02160,0
0.01999,0
0.02283,0
0.02749,0
0.00534,0
0.01218,0
0.01271,0
0.05567,1
0.05857,1
0.05782,1
0.06187,1
0.07192,1
0.07818,1
0.09435,1
0.00534,0
0.07556,0
0.04916,0
0.05896,0
0.06152,0
0.05135,0
0.05336,0
0.00534,0
0.00655,0
0.00618,0
0.02540,0
0.03571,0
0.03410,0
0.04520,0
0.04582,0
0.03567,0
0.03755,0
0.00534,0
0.00819,0
0.00888,0
0.00757,0
0.01505,0
0.02330,0
0.02320,0
0.02182,0
0.02105,0
0.02417,0
0.00534,0
0.00655,0
0.00741,0
0.00734,0
0.01531,0
0.01839,0
0.02053,0
0.02036,0
0.02439,0
0.05574,0
0.02456,0
0.03432,0
0.03278,0
0.02872,0
0.02511,0
0.02698,0
0.00534,0
0.00655,0
0.00618,0
0.00674,0
0.02261,0
0.02098,0
0.02986,0
0.03036,0
0.06649,0
0.10360,0
0.01461,0
0.01403,0
0.01286,0
0.01047,0
0.01669,0
0.02286,0
0.03381,0
0.02849,0
0.02989,0
0.03175,0
0.10079,0
0.06353,0
0.06927,0
0.04128,0
0.03616,0
0.02992,0
0.02994,0
0.03034,0
0.03284,0
0.03926,0
0.00534,0
0.00655,0
0.00626,0
0.00590,0
0.01912,0
0.01851,0
0.03147,0
0.03928,0
0.03093,0
0.03514,0
0.08057,0
0.06012,0
0.03058,0
0.03318,0
0.02802,0
0.02468,0
0.02652,0
0.02752,0
0.02985,0
0.03569,0
0.14491,0
0.09001,0
0.06475,0
0.04946,0
0.04863,0
0.05160,0
0.05080,0
0.05223,0
0.05549,0
0.06672,0
0.02786,0
0.03014,0
0.04579,0
0.04980,0
0.04178,0
0.03801,0
0.03677,0
0.03686,0
0.00534,0
0.01218,0
0.01424,0
0.01234,0
0.01659,0
0.01400,0
0.01972,0
0.00534,0
0.01218,0
0.01185,0
0.00910,0
0.02868,0
0.02414,0
0.03236,0
0.03212,0
0.04442,0
0.06118,0
0.01461,0
0.01250,0
0.01012,0
0.00849,0
0.01590,0
0.03408,0
0.03299,0
0.03476,0
0.03314,0
0.03503,0
0.00534,0
0.01218,0
0.01424,0
0.01121,0
0.01692,0
0.01937,0
0.02059,0
0.02545,0
0.02417,0
0.02892,0
0.00534,0
0.00655,0
0.00618,0
0.00583,0
0.01302,0
0.02137,0
0.02458,0
0.02554,0
0.02970,0
0.03098,0
0.00534,0
0.00655,0
0.00655,0
0.00594,0
0.01177,0
0.01322,0
0.01576,0
0.01897,0
0.01856,0
0.02384,0
0.03453,0
0.04004,0
0.04011,0
0.08473,0
0.07591,0
0.04946,0
0.03991,0
0.03575,0
0.03462,0
0.03653,0
0.02108,0
0.01501,0
0.01254,0
0.01013,0
0.01570,0
0.01909,0
0.02120,0
0.02159,0
0.02127,0
0.02383,0
0.01461,0
0.01393,0
0.01484,0
0.03170,0
0.03115,0
0.03309,0
0.04114,0
0.04520,0
0.03563,0
0.04065,0
0.03453,0
0.05648,0
0.04119,0
0.03630,0
0.03259,0
0.02661,0
0.02894,0
0.02715,0
0.02783,0
0.02980,0
0.00534,0
0.00655,0
0.00638,0
0.00640,0
0.01232,0
0.03413,1
0.00534,0
0.00819,0
0.00905,0
0.00815,0
0.01596,0
0.01909,0
0.02112,0
0.02404,0
0.02672,0
0.13187,1
0.07339,1
0.05415,1
0.06823,1
0.04861,1
0.04539,1
0.04750,1
0.05190,1
0.04787,1
0.05650,1
0.05574,0
0.02304,0
0.03385,0
0.03661,0
0.03375,0
0.02794,0
0.02252,0
0.02125,0
0.02189,0
0.03058,0
0.00534,0
0.00655,0
0.00618,0
0.03338,0
0.02626,0
0.02445,0
0.02811,0
0.03284,0
0.03451,0
0.04338,0
0.00534,0
0.00655,0
0.07942,0
0.06684,0
0.05461,0
0.05409,0
0.05138,0
0.05100,0
0.05597,0
0.07108,0
0.01461,0
0.01250,0
0.00985,0
0.00936,0
0.01600,0
0.02513,0
0.02507,0
0.02630,0
0.02785,0
0.00534,0
0.00655,0
0.00734,0
0.00638,0
0.01425,0
0.02253,0
0.02253,0
0.02495,0
0.02405,0
0.02670,0
0.00534,0
0.00655,0
0.03496,0
0.02761,0
0.03193,0
0.03818,0
0.04021,0
0.03912,0
0.04035,0
0.04156,0
0.00534,0
0.00655,0
0.00695,0
0.00586,0
0.01187,0
0.00938,0
0.01636,0
0.03453,0
0.05017,0
0.04536,0
0.04100,0
0.03572,0
0.03255,0
0.03023,0
0.03253,0
0.03311,0
0.03505,0
0.05664,0
0.02210,0
0.03273,0
0.02224,0
0.01726,0
0.01771,0
0.02205,0
0.02108,0
0.05676,0
0.03630,0
0.03974,0
0.03068,0
0.03022,0
0.03488,0
0.04037,0
0.04588,0
0.06189,0
0.03453,0
0.05017,0
0.04536,0
0.04292,0
0.03797,0
0.03600,0
0.03218,0
0.03138,0
0.03158,0
0.03439,0
0.00534,0
0.00655,0
0.00655,0
0.00594,0
0.01307,0
0.02101,0
0.03542,0
0.03438,0
0.03662,0
0.04067,0
0.15576,0
0.15158,0
0.11855,0
0.06776,0
0.04773,0
0.04135,0
0.03911,0
0.04897,0
0.05050,0
0.06008,0
0.03091,0
0.05254,0
0.04428,0
0.03546,0
0.03179,0
0.02583,0
0.02703,0
0.02540,0
0.02611,0
0.02956,0
0.03091,0
0.04047,0
0.02889,0
0.02516,0
0.02039,0
0.02185,0
0.02473,0
0.00534,0
0.00655,0
0.00626,0
0.00590,0
0.01201,0
0.00873,0
0.01494,0
0.00534,0
0.00655,0
0.04378,0
0.02760,0
0.02975,0
0.03116,0
0.02856,0
0.02785,0
0.03011,0
0.04263,0
0.01461,0
0.01250,0
0.04013,0
0.04305,0
0.03981,0
0.03263,0
0.03644,0
0.04072,0
0.04545,0
0.05797,0
0.03510,0
0.02760,0
0.01600,0
0.02257,0
0.02414,0
0.02485,0
0.02662,0
0.03510,0
0.02657,0
0.01575,0
0.02305,0
0.02289,0
0.02460,0
0.02808,0
0.00534,0
0.00655,0
0.00638,0
0.00549,0
0.02546,0
0.03915,0
0.04587,0
0.02903,0
0.02665,0
0.03270,0
0.00534,0
0.00655,0
0.00695,0
0.00586,0
0.01187,0
0.00971,0
0.01307,0
0.03091,0
0.04705,0
0.05594,0
0.06442,0
0.05210,0
0.03862,0
0.03508,0
0.03283,0
0.03413,0
0.00534,0
0.01218,0
0.01424,0
0.01121,0
0.02664,0
0.02426,0
0.03674,0
0.04438,0
0.03766,0
0.04061,0
0.00534,0
0.00655,0
0.03729,0
0.03010,0
0.04340,0
0.03947,0
0.04943,0
0.05476,0
0.04517,0
0.04659,0
0.00534,0
0.08168,0
0.05595,0
0.04376,0
0.03349,0
0.04099,0
0.04846,0
0.05519,0
0.06272,0
0.03728,0
0.02818,0
0.01479,0
0.02542,0
0.03474,0
0.02892,0
0.02657,0
0.02509,0
0.02601,0
0.02898,0
0.00534,0
0.01218,0
0.01185,0
0.00910,0
0.01463,0
0.01088,0
0.01793,0
0.04983,0
0.03370,0
0.02019,0
0.03553,0
0.03878,0
0.02870,0
0.02164,0
0.02008,0
0.02264,0
0.02723,0
0.08057,0
0.06012,0
0.03395,0
0.03318,0
0.02861,0
0.02518,0
0.02558,0
0.02596,0
0.02839,0
0.03371,0
0.10169,0
0.04252,0
0.03437,0
0.02908,0
0.03104,0
0.03267,0
0.04102,0
0.01461,0
0.01806,0
0.01630,0
0.01401,0
0.01951,0
0.02138,0
0.02225,0
0.02396,0
0.02276,0
0.02835,0
0.03091,0
0.04705,0
0.04548,0
0.07930,0
0.06899,0
0.04805,0
0.03997,0
0.03641,0
0.03549,0
0.03893,0
0.00534,0
0.01218,0
0.01271,0
0.04365,0
0.05725,0
0.05679,0
0.05777,0
0.06786,0
0.08353,0
0.00534,0
0.00655,0
0.00626,0
0.00590,0
0.02580,0
0.03650,0
0.03302,0
0.04959,0
0.06663,0
0.08320,0
0.06672,0
0.02786,0
0.03537,0
0.05420,0
0.05716,0
0.04739,0
0.04077,0
0.03834,0
0.03665,0
0.04403,0
0.00534,0
0.00655,0
0.00841,0
0.00690,0
0.01254,0
0.01418,0
0.01848,0
0.00534,0
0.00655,0
0.00626,0
0.00590,0
0.01364,0
0.02496,0
0.03215,0
0.02760,0
0.02871,0
0.03028,0
0.03664,0
0.02916,0
0.01828,0
0.03389,0
0.03755,0
0.02483,0
0.01870,0
0.01760,0
0.02069,0
0.02562,0
0.00534,0
0.01218,0
0.01272,0
0.01072,0
0.02075,0
0.01599,0
0.02161,0
0.01461,0
0.01393,0
0.01253,0
0.01015,0
0.02554,0
0.02362,0
0.03167,0
0.03295,0
0.04547,0
0.06303,0
0.00534,0
0.01218,0
0.01424,0
0.01121,0
0.02993,0
0.03600,0
0.03747,0
0.07000,0
0.10356,0
0.12151,0
0.00534,0
0.00655,0
0.05483,0
0.04635,0
0.03792,0
0.03911,0
0.03634,0
0.03693,0
0.03850,0
0.06166,0
0.01461,0
0.01250,0
0.00985,0
0.00844,0
0.01375,0
0.01499,0
0.01823,0
0.01920,0
0.01899,0
0.02417,0
0.00534,0
0.00655,0
0.00618,0
0.02000,0
0.02085,0
0.02399,0
0.02485,0
0.02743,0
0.03951,0
0.05733,0
0.13940,0
0.08675,0
0.05125,0
0.05244,0
0.03698,0
0.03279,0
0.03101,0
0.03051,0
0.03426,0
0.04168,0
0.13940,0
0.08675,0
0.05125,0
0.05222,0
0.03496,0
0.03080,0
0.02937,0
0.02901,0
0.03291,0
0.04225,0
0.04983,0
0.03370,0
0.01950,0
0.03020,0
0.03381,0
0.02838,0
0.02692,0
0.02440,0
0.02754,0
0.02974,0
0.00534,0
0.00655,0
0.00655,0
0.00686,0
0.01471,0
0.02280,0
0.02244,0
0.02178,0
0.02245,0
0.02472,0
0.00534,0
0.00655,0
0.00638,0
0.00549,0
0.02484,0
0.03246,0
0.03195,0
0.03255,0
0.03610,0
0.04713,0
0.05364,0
0.02196,0
0.03332,0
0.02254,0
0.01769,0
0.01818,0
0.02254,0
0.01461,0
0.01806,0
0.01491,0
0.01242,0
0.02650,0
0.02470,0
0.03377,0
0.04013,0
0.03490,0
0.03868,0
0.01461,0
0.01806,0
0.01520,0
0.01235,0
0.01691,0
0.01339,0
0.01871,0
0.01461,0
0.06355,0
0.04276,0
0.04665,0
0.03595,0
0.03087,0
0.03363,0
0.03847,0
0.04439,0
0.06061,0
0.03091,1
0.05939,1
0.06230,1
0.06520,1
0.07912,1
0.06256,1
0.06823,1
0.02108,0
0.01501,0
0.01343,0
0.01048,0
0.02046,0
0.01734,0
0.02091,0
0.01461,0
0.01250,0
0.00985,0
0.04352,0
0.04028,0
0.03147,0
0.03451,0
0.03812,0
0.04003,0
0.06220,0
0.03453,0
0.04392,0
0.03384,0
0.02298,0
0.01905,0
0.02032,0
0.02532,0
0.00534,0
0.00819,0
0.00874,0
0.00750,0
0.01303,0
0.01624,0
0.01837,0
0.02018,0
0.01911,0
0.02191,0
0.02108,0
0.01501,0
0.01346,0
0.03349,0
0.02810,0
0.03060,0
0.03033,0
0.03678,0
0.05624,0
0.00534,0
0.00655,0
0.00626,0
0.00681,0
0.01265,0
0.00899,0
0.01650,0
0.00534,0
0.00819,0
0.00916,0
0.06256,1
0.07216,1
0.08383,1
0.09353,1
0.00534,0
0.01218,0
0.01424,0
0.01234,0
0.01692,0
0.02681,0
0.02698,0
0.02745,0
0.02755,0
0.02912,0
0.21196,0
0.09757,0
0.06782,0
0.05703,0
0.05202,0
0.04005,0
0.04189,0
0.03091,1
0.06131,1
0.07761,1
0.07668,1
0.07278,1
0.08509,1
0.09198,1
0.01461,0
0.01806,0
0.01520,0
0.01235,0
0.01691,0
0.01314,0
0.01837,0
0.00534,0
0.03649,0
0.03462,0
0.04702,0
0.04982,0
0.04413,0
0.04811,0
0.01461,0
0.01250,0
0.00985,0
0.00844,0
0.02135,0
0.02408,0
0.03323,0
0.03644,0
0.03073,0
0.03416,0
0.09852,0
0.07671,0
0.05373,0
0.04089,0
0.04415,0
0.03519,0
0.03425,0
0.03263,0
0.03250,0
0.03729,0
0.02108,0
0.01501,0
0.01501,0
0.04972,0
0.04526,0
0.03421,0
0.03649,0
0.03784,0
0.03934,0
0.06043,0
0.00534,0
0.00813,0
0.00840,0
0.02674,0
0.02311,0
0.02629,0
0.02690,0
0.02954,0
0.04321,0
0.06105,0
0.05793,0
0.02221,0
0.03566,0
0.03901,0
0.03610,0
0.03004,0
0.02367,0
0.02211,0
0.02260,0
0.02745,0
0.03728,0
0.02818,0
0.01519,0
0.02193,0
0.02101,0
0.01901,0
0.02523,0
0.00534,0
0.00655,0
0.00618,0
0.00674,0
0.01254,0
0.00996,0
0.01557,0
0.03728,0
0.02900,0
0.01621,0
0.03186,0
0.03628,0
0.02660,0
0.01935,0
0.01788,0
0.02060,0
0.02828,0
0.00534,0
0.01218,0
0.01424,0
0.01234,0
0.01659,0
0.01437,0
0.02219,0
0.01461,0
0.01393,0
0.01253,0
0.01109,0
0.03491,0
0.04515,0
0.05392,0
0.05335,0
0.05539,0
0.06692,0
0.00534,0
0.00655,0
0.00841,0
0.00690,0
0.01254,0
0.01418,0
0.01741,0
0.03453,0
0.04392,0
0.03046,0
0.02589,0
0.02102,0
0.02225,0
0.02636,0
0.02108,0
0.01501,0
0.05221,0
0.05846,0
0.03775,0
0.03311,0
0.03408,0
0.03739,0
0.04183,0
0.05184,0
0.11984,0
0.08642,0
0.04913,0
0.04626,0
0.03694,0
0.03361,0
0.03259,0
0.03240,0
0.03608,0
0.04419,0
0.13770,0
0.06371,0
0.04828,0
0.03639,0
0.03235,0
0.03054,0
0.03157,0
0.03407,0
0.03895,0
0.05487,0
0.04983,0
0.03974,0
0.02430,0
0.03244,0
0.05034,0
0.04389,0
0.04122,0
0.03782,0
0.03995,0
0.04235,0
0.00534,0
0.01218,0
0.01185,0
0.04316,0
0.03885,0
0.02972,0
0.03281,0
0.03685,0
0.03870,0
0.05707,0
0.03453,0
0.04004,0
0.05187,0
0.06304,0
0.05063,0
0.03669,0
0.03285,0
0.03098,0
0.03118,0
0.00534,0
0.01218,0
0.01160,0
0.01017,0
0.01742,0
0.02768,0
0.03390,0
0.02899,0
0.03019,0
0.03084,0
0.03453,0
0.04392,0
0.03064,0
0.02884,0
0.02623,0
0.02759,0
0.03207,0
0.03091,0
0.03452,0
0.04499,0
0.03905,0
0.03352,0
0.02665,0
0.02496,0
0.02405,0
0.02577,0
0.02917,0
0.00534,0
0.08168,0
0.05595,0
0.04699,0
0.03601,0
0.04393,0
0.05047,0
0.05691,0
0.06415,0
0.10169,1
0.04153,1
0.05366,1
0.06087,1
0.07224,1
0.06603,1
0.08349,1
0.00534,0
0.01218,0
0.01424,0
0.01234,0
0.01798,0
0.01861,0
0.02129,0
0.02221,0
0.02181,0
0.02665,0
0.00534,0
0.00655,0
0.00655,0
0.03865,0
0.05220,0
0.06245,0
0.06212,0
0.07708,0
0.08201,0
0.00534,0
0.01218,0
0.01424,0
0.01234,0
0.03067,0
0.03885,0
0.04317,0
0.05639,0
0.06261,0
0.05664,0
0.02210,0
0.02959,0
0.03845,0
0.03895,0
0.03397,0
0.03312,0
0.02986,0
0.02927,0
0.03714,0
0.00534,0
0.00819,0
0.00874,0
0.00842,0
0.01597,0
0.02241,0
0.02183,0
0.02295,0
0.02564,0
0.03510,0
0.02760,0
0.01643,0
0.02311,0
0.02483,0
0.02230,0
0.02479,0
0.02108,0
0.01501,0
0.05296,0
0.05926,0
0.03917,0
0.03637,0
0.03896,0
0.04158,0
0.04258,0
0.06115,0
0.05595,0
0.02403,0
0.03299,0
0.03840,0
0.04308,0
0.03870,0
0.03479,0
0.03248,0
0.03300,0
0.00534,0
0.00655,0
0.00695,0
0.00586,0
0.01187,0
0.00971,0
0.01307,0
0.00534,0
0.00655,0
0.00626,0
0.00681,0
0.01265,0
0.00899,0
0.01213,0
0.00534,0
0.00655,0
0.00638,0
0.00549,0
0.01167,0
0.00860,0
0.01176,0
0.00534,0
0.01218,0
0.01185,0
0.01013,0
0.02973,0
0.04333,0
0.04979,0
0.03278,0
0.03186,0
0.03608,0
0.00534,0
0.00655,0
0.07064,1
0.13021,1
0.10889,1
0.08582,1
0.09436,1
0.09235,1
0.09384,1
0.08695,1
0.02108,0
0.02748,1
0.03924,1
0.05249,1
0.06686,1
0.07935,1
0.07358,1
0.08279,1
0.08376,1
0.10357,1
0.11238,1
0.05364,0
0.02356,0
0.03596,0
0.03331,0
0.03216,0
0.02842,0
0.02423,0
0.02287,0
0.02432,0
0.02936,0
0.00534,0
0.00655,0
0.00655,0
0.00686,0
0.01471,0
0.01817,0
0.03353,0
0.03706,0
0.03813,0
0.08057,0
0.06012,0
0.03058,0
0.03105,0
0.02494,0
0.02674,0
0.02698,0
0.02710,0
0.02938,0
0.03511,0
0.00534,0
0.01218,0
0.01424,0
0.01234,0
0.01893,0
0.03723,0
0.03599,0
0.03363,0
0.03451,0
0.03589,0
0.00534,0
0.00655,0
0.05483,0
0.04526,0
0.03626,0
0.03661,0
0.03407,0
0.03577,0
0.03615,0
0.05828,0
0.05595,0
0.02262,0
0.03412,0
0.03245,0
0.02735,0
0.02459,0
0.02567,0
0.10696,0
0.07598,0
0.07261,0
0.06073,0
0.04756,0
0.04420,0
0.04339,0
0.04342,0
0.04844,0
0.00534,0
0.00655,0
0.00841,0
0.00690,0
0.03021,0
0.02538,0
0.03301,0
0.03317,0
0.04434,0
0.04997,0
0.12715,0
0.06149,0
0.05838,0
0.04411,0
0.04102,0
0.03898,0
0.03744,0
0.03950,0
0.04303,0
0.05826,0
0.00534,0
0.00655,0
0.00638,0
0.00640,0
0.01232,0
0.00894,0
0.01637,0
0.00534,0
0.08168,0
0.05595,0
0.04575,0
0.03477,0
0.04292,0
0.05049,0
0.05546,0
0.06316,0
0.03510,0
0.02657,0
0.01575,0
0.02757,0
0.04242,0
0.03833,0
0.03657,0
0.03360,0
0.03709,0
0.03964,0
0.02108,0
0.02562,1
0.08042,1
0.09893,1
0.08907,1
0.07367,1
0.07194,1
0.05664,0
0.02210,0
0.03273,0
0.03439,0
0.02825,0
0.02712,0
0.02865,0
0.00534,0
0.00655,0
0.00655,0
0.00594,0
0.01172,0
0.02179,0
0.02259,0
0.02346,0
0.02855,0
0.04192,0
0.00534,0
0.00819,0
0.01135,0
0.03014,0
0.02672,0
0.03083,0
0.03139,0
0.03829,0
0.05745,0
0.01461,0
0.01250,0
0.01213,0
0.00958,0
0.01617,0
0.02428,0
0.02435,0
0.02548,0
0.02626,0
0.01461,0
0.03029,1
0.02681,1
0.08535,1
0.07421,1
0.06478,1
0.06500,1
0.06627,1
0.07082,1
0.08509,1
0.10696,0
0.07386,0
0.04925,0
0.03714,0
0.03575,0
0.03337,0
0.03511,0
0.03489,0
0.03553,0
0.04124,0
0.03728,0
0.02565,0
0.01491,0
0.02701,0
0.03282,0
0.04822,0
0.04536,0
0.04006,0
0.04888,0
0.00534,0
0.00655,0
0.00841,0
0.00690,0
0.01371,0
0.01645,0
0.01839,0
0.01907,0
0.01905,0
0.02489,0
0.01461,0
0.01806,0
0.01520,0
0.01235,0
0.01954,0
0.02552,0
0.03360,0
0.03143,0
0.03160,0
0.03250,0
0.00534,0
0.00655,0
0.04339,0
0.05295,0
0.03381,0
0.03273,0
0.03372,0
0.03653,0
0.03812,0
0.05784,0
0.10169,0
0.04252,0
0.02627,0
0.02407,0
0.02793,0
0.03152,0
0.04021,0
0.01461,0
0.01393,0
0.01326,0
0.01046,0
0.01595,0
0.01223,0
0.01553,0
0.04983,1
0.07036,1
0.07335,1
0.05692,1
0.05581,1
0.06486,1
0.06250,1
0.06151,1
0.05609,1
0.05201,1
0.00534,0
0.00655,0
0.00638,0
0.00549,0
0.01134,0
0.01300,0
0.01656,0
0.01776,0
0.01762,0
0.02283,0
0.00534,0
0.01218,0
0.01271,0
0.01011,0
0.01366,0
0.02034,0
0.02360,0
0.04419,1
0.04228,1
0.09053,1
0.08466,1
0.12127,1
0.04983,0
0.03974,0
0.02402,0
0.03789,0
0.03528,0
0.02763,0
0.02207,0
0.02424,0
0.02343,0
0.03144,0
0.00534,0
0.01218,0
0.01271,0
0.01139,0
0.01630,0
0.02625,0
0.02658,0
0.02641,0
0.02704,0
0.02814,0
0.00534,0
0.01218,0
0.01172,0
0.00884,0
0.01448,0
0.01770,0
0.01953,0
0.01931,0
0.01883,0
0.02395,0
0.04983,0
0.04266,0
0.02531,0
0.02830,0
0.02815,0
0.02498,0
0.02715,0
0.00534,0
0.01218,0
0.01185,0
0.00910,0
0.01463,0
0.01480,0
0.01420,0
0.02108,0
0.01501,0
0.01343,0
0.01159,0
0.01750,0
0.02795,0
0.03081,0
0.03185,0
0.03487,0
0.03487,0
0.00534,0
0.01218,0
0.04199,0
0.04692,0
0.04111,0
0.03923,0
0.04253,0
0.04699,0
0.05262,0
0.06473,0
0.00534,0
0.00813,0
0.00815,0
0.00732,0
0.01488,0
0.01891,0
0.03399,0
0.03547,0
0.03672,0
0.00534,0
0.01218,0
0.01185,0
0.00910,0
0.01479,0
0.01622,0
0.01803,0
0.01921,0
0.01917,0
0.02232,0
0.12715,0
0.05512,0
0.04944,0
0.03629,0
0.03466,0
0.03205,0
0.03078,0
0.03169,0
0.03657,0
0.05246,0
0.03453,0
0.04358,0
0.04380,0
0.05972,0
0.04970,0
0.03441,0
0.03083,0
0.02921,0
0.02992,0
0.00534,0
0.00655,0
0.03368,1
0.04372,1
0.06074,1
0.05952,1
0.00534,0
0.00655,0
0.00638,0
0.02555,0
0.02889,0
0.02954,0
0.04565,0
0.04065,0
0.03062,0
0.03816,0
0.11134,0
0.06419,0
0.04532,0
0.04104,0
0.03963,0
0.03114,0
0.03812,0
0.00534,0
0.00655,0
0.00841,0
0.04517,0
0.05953,0
0.06635,0
0.06873,0
0.09395,0
0.09700,0
0.00534,0
0.00655,0
0.01301,1
0.03096,1
0.02850,1
0.03335,1
0.03413,1
0.03580,1
0.07012,1
0.09938,1
0.03728,0
0.03222,0
0.01834,0
0.03402,0
0.03076,0
0.02477,0
0.02096,0
0.02126,0
0.02432,0
0.03236,0
0.00534,0
0.00819,0
0.00905,0
0.00815,0
0.01596,0
0.02238,0
0.02163,0
0.02340,0
0.02686,0
0.01461,0
0.01250,0
0.00973,0
0.00929,0
0.02818,0
0.03622,0
0.03617,0
0.03708,0
0.03947,0
0.04915,0
0.03453,0
0.05648,0
0.04933,0
0.03730,0
0.03129,0
0.02585,0
0.02664,0
0.02489,0
0.02549,0
0.02854,0
0.03664,0
0.03013,0
0.01764,0
0.02770,0
0.03003,0
0.06199,0
0.06766,0
0.06170,0
0.05914,0
0.05550,0
0.00534,0
0.01218,0
0.01160,0
0.00902,0
0.01651,0
0.02318,0
0.03552,0
0.03721,0
0.03728,0
0.00534,0
0.01218,0
0.05372,1
0.05510,1
0.03614,1
0.03122,1
0.03331,1
0.03615,1
0.03619,1
0.05135,1
0.08802,1
0.09674,0
0.07715,0
0.05832,0
0.05236,0
0.05075,0
0.04019,0
0.04597,0
0.00534,0
0.00655,0
0.00695,0
0.00705,0
0.01489,0
0.02458,0
0.02588,0
0.02491,0
0.02528,0
0.02597,0
0.01461,0
0.01806,0
0.07565,0
0.05752,0
0.04693,0
0.04762,0
0.04417,0
0.04282,0
0.04856,0
0.06795,0
0.00534,0
0.00655,0
0.00626,0
0.00590,0
0.01201,0
0.01208,0
0.01596,0
0.15576,0
0.15158,0
0.12080,0
0.06974,0
0.04816,0
0.04138,0
0.03766,0
0.03852,0
0.04132,0
0.05147,0
0.00534,0
0.00655,0
0.00638,0
0.00549,0
0.01167,0
0.01503,0
0.01516,0
0.05793,0
0.02221,0
0.02712,0
0.04083,0
0.06227,0
0.04432,0
0.03476,0
0.03185,0
0.03241,0
0.04114,0
0.03728,0
0.02927,0
0.01782,0
0.02723,0
0.03355,0
0.02762,0
0.02398,0
0.02233,0
0.02485,0
0.03256,0
0.00534,0
0.00655,0
0.04261,0
0.04524,0
0.02704,0
0.02402,0
0.02746,0
0.03173,0
0.03672,0
0.05568,0
0.11984,0
0.08642,0
0.04824,0
0.04199,0
0.03231,0
0.02927,0
0.02834,0
0.02852,0
0.03209,0
0.04002,0
0.04983,0
0.03485,0
0.01943,0
0.03417,0
0.03371,0
0.02659,0
0.02111,0
0.01981,0
0.02089,0
0.02933,0
0.00534,0
0.00655,0
0.00741,0
0.00643,0
0.02637,0
0.03986,0
0.04542,0
0.02940,0
0.03144,0
0.03714,0
0.01461,0
0.01250,0
0.01099,0
0.00898,0
0.01447,0
0.01067,0
0.01636,0
0.00534,0
0.00655,0
0.00695,0
0.00586,0
0.01187,0
0.00868,0
0.01583,0
0.00534,0
0.00655,0
0.00695,0
0.02715,1
0.02432,1
0.02945,1
0.03003,1
0.03198,1
0.04299,1
0.06113,1
0.00534,0
0.04240,0
0.03564,0
0.04001,0
0.03030,0
0.02684,0
0.03118,0
0.03626,0
0.04303,0
0.05894,0
0.03510,0
0.02915,0
0.01678,0
0.02338,0
0.03533,0
0.02828,0
0.03059,0
0.02776,0
0.02885,0
0.03202,0
0.00534,0
0.00655,0
0.00626,0
0.00590,0
0.00965,0
0.01499,0
0.02005,0
0.02112,0
0.02099,0
0.02694,0
0.00534,0
0.00655,0
0.00618,0
0.00583,0
0.01164,0
0.01309,0
0.01569,0
0.01733,0
0.01753,0
0.02306,0
0.12715,0
0.06149,0
0.05257,0
0.03881,0
0.03247,0
0.03008,0
0.02908,0
0.03017,0
0.03520,0
0.05117,0
0.02108,0
0.01501,0
0.01254,0
0.01108,0
0.02516,1
0.03652,1
0.04639,1
0.06053,1
0.07140,1
0.09079,1
0.10989,1
0.11604,1
0.00534,0
0.00655,0
0.00626,0
0.00590,0
0.01201,0
0.01316,0
0.01328,0
0.00534,0
0.00655,0
0.04718,1
0.07501,1
0.08925,1
0.13653,1
0.14454,1
0.15884,1
0.00534,0
0.00813,0
0.00815,0
0.00823,0
0.01371,0
0.01027,0
0.01762,0
0.00534,0
0.00655,0
0.00638,0
0.05997,0
0.04756,0
0.03716,0
0.03975,0
0.04287,0
0.04944,0
0.08731,0
0.00534,0
0.01218,0
0.01424,0
0.02612,0
0.02612,0
0.03140,0
0.03065,0
0.04310,0
0.06150,0
0.03091,0
0.03719,0
0.04879,0
0.07505,0
0.08794,0
0.08408,0
0.07687,0
0.07173,0
0.06902,0
0.06995,0
0.00534,0
0.00819,0
0.00874,0
0.00750,0
0.01504,0
0.02325,0
0.02335,0
0.02190,0
0.02104,0
0.02413,0
0.00534,0
0.00655,0
0.00841,0
0.00806,0
0.01490,0
0.01741,0
0.01907,0
0.01938,0
0.01803,0
0.02137,0
0.02108,0
0.02254,0
0.01907,0
0.01545,0
0.01882,0
0.01623,0
0.02283,0
0.01461,0
0.01806,0
0.01491,0
0.03570,0
0.03029,0
0.03205,0
0.03460,0
0.04146,0
0.03963,0
0.04804,0
0.05664,0
0.02210,0
0.03262,0
0.03068,0
0.03138,0
0.02607,0
0.02211,0
0.02258,0
0.02414,0
0.03299,0
0.00534,0
0.01218,0
0.01271,0
0.01011,0
0.01506,0
0.02404,0
0.02425,0
0.02558,0
0.02761,0
0.05574,0
0.02456,0
0.04240,0
0.02899,0
0.03003,0
0.02829,0
0.03094,0
0.00534,0
0.01218,0
0.01172,0
0.00884,0
0.01428,0
0.01065,0
0.01334,0
0.10696,0
0.07386,0
0.04925,0
0.03714,0
0.03869,0
0.02963,0
0.02880,0
0.02911,0
0.03046,0
0.03539,0
0.04983,0
0.03485,0
0.01943,0
0.03417,0
0.03371,0
0.02506,0
0.02029,0
0.01926,0
0.02297,0
0.02789,0
0.05595,1
0.02403,1
0.04367,1
0.05108,1
0.07325,1
0.06905,1
0.07348,1
0.07505,1
0.08428,1
0.00534,0
0.01218,0
0.01172,0
0.00884,0
0.02821,0
0.03757,0
0.03348,0
0.06397,0
0.09811,0
0.10808,0
0.05883,1
0.07321,1
0.07714,1
0.08176,1
0.07377,1
0.05946,1
0.05752,1
0.03510,0
0.07701,0
0.08008,0
0.06133,0
0.06046,0
0.05382,0
0.06146,0
0.02108,0
0.08024,0
0.06026,0
0.05012,0
0.04000,0
0.04754,0
0.05293,0
0.05938,0
0.06696,0
0.05883,0
0.02309,0
0.03172,0
0.04225,0
0.04084,0
0.03309,0
0.02800,0
0.02539,0
0.02580,0
0.03378,0
0.03453,0
0.04392,0
0.03384,0
0.02298,0
0.02121,0
0.02176,0
0.02470,0
0.00534,0
0.01218,0
0.01144,0
0.00996,0
0.01754,0
0.02431,0
0.03507,0
0.03558,0
0.03462,0
0.05013,0
0.01461,0
0.01250,0
0.01065,0
0.00973,0
0.01294,0
0.01918,0
0.02336,0
0.02325,0
0.02248,0
0.02723,0
0.00534,0
0.01218,0
0.01185,0
0.04287,1
0.05955,1
0.05386,1
0.06896,1
0.06283,1
0.08182,1
0.01461,0
0.01250,0
0.00999,0
0.00804,0
0.01331,0
0.01463,0
0.01735,0
0.01850,0
0.01692,0
0.02065,0
0.01461,0
0.01806,0
0.01505,0
0.01263,0
0.02657,0
0.02485,0
0.03794,0
0.04465,0
0.03787,0
0.03933,0
0.00534,0
0.00819,0
0.00888,0
0.00757,0
0.01310,0
0.01629,0
0.01832,0
0.02000,0
0.01914,0
0.02197,0
0.00534,0
0.01218,0
0.03778,0
0.05116,0
0.06490,0
0.07497,0
0.09352,0
0.04983,0
0.04266,0
0.02498,0
0.03380,0
0.03813,0
0.05292,0
0.04924,0
0.04367,0
0.05227,0
0.03510,0
0.02915,0
0.01642,0
0.02292,0
0.02509,0
0.02475,0
0.02685,0
0.03510,0
0.02915,0
0.01642,0
0.02292,0
0.02202,0
0.02270,0
0.02541,0
0.00534,0
0.01218,0
0.01172,0
0.00884,0
0.02821,0
0.03500,0
0.03183,0
0.06479,0
0.09845,0
0.10802,0
0.03728,0
0.02818,0
0.01519,0
0.02239,0
0.03055,0
0.02546,0
0.02352,0
0.02498,0
0.02591,0
0.02977,0
0.00534,0
0.00655,0
0.00638,0
0.00640,0
0.01232,0
0.01033,0
0.01678,0
0.03728,0
0.03222,0
0.01834,0
0.02390,0
0.03433,0
0.03152,0
0.03095,0
0.00534,0
0.05884,0
0.03981,0
0.04464,0
0.03312,0
0.02927,0
0.03309,0
0.03652,0
0.04276,0
0.05438,0
0.00534,0
0.00655,0
0.00638,0
0.00640,0
0.02323,0
0.02340,0
0.03175,0
0.03460,0
0.07132,0
0.10373,0
0.03091,0
0.04705,0
0.04473,0
0.07699,0
0.06969,0
0.04835,0
0.04046,0
0.03835,0
0.03718,0
0.03895,0
0.02108,0
0.02254,0
0.01991,0
0.01621,0
0.02053,0
0.03180,0
0.04899,0
0.03642,0
0.03528,0
0.04168,0
0.05664,0
0.02210,0
0.03039,0
0.04377,0
0.06195,0
0.04534,0
0.03635,0
0.03646,0
0.03656,0
0.04480,0
0.05364,0
0.02356,0
0.03406,0
0.02417,0
0.02017,0
0.02060,0
0.02459,0
0.00534,0
0.00655,0
0.00841,0
0.00690,0
0.01371,0
0.02884,0
0.04723,0
0.03648,0
0.03664,0
0.04054,0
0.05793,1
0.02221,1
0.04280,1
0.05273,1
0.07938,1
0.07691,1
0.08313,1
0.08002,1
0.08739,1
0.01461,0
0.01250,0
0.01012,0
0.00941,0
0.01475,0
0.02248,0
0.02355,0
0.02286,0
0.02352,0
0.02521,0
0.01461,0
0.01250,0
0.04314,0
0.05385,0
0.06630,0
0.07395,0
0.09961,0
0.02108,0
0.05075,0
0.03771,0
0.04946,0
0.05562,0
0.04833,0
0.05142,0
0.00534,0
0.00655,0
0.08002,0
0.06674,0
0.05164,0
0.05093,0
0.04775,0
0.04842,0
0.04946,0
0.08699,0
0.00534,0
0.01218,0
0.01160,0
0.00902,0
0.01651,0
0.02749,0
0.03404,0
0.02904,0
0.03088,0
0.03195,0
0.00534,0
0.01218,0
0.01271,0
0.01011,0
0.01506,0
0.02855,0
0.03575,0
0.03070,0
0.03129,0
0.03213,0
0.02108,0
0.02254,0
0.01866,0
0.01573,0
0.02012,0
0.03141,0
0.04117,0
0.03644,0
0.03862,0
0.04531,0
0.00534,0
0.00819,0
0.00916,0
0.00856,0
0.02263,0
0.02537,0
0.03308,0
0.03772,0
0.03498,0
0.03777,0
0.01461,0
0.01806,0
0.01491,0
0.01242,0
0.01957,0
0.02217,0
0.02381,0
0.02633,0
0.02861,0
0.05763,0
0.02341,0
0.03394,0
0.03178,0
0.03102,0
0.02770,0
0.02360,0
0.02389,0
0.02429,0
0.03378,0
0.00534,0
0.07984,0
0.08298,0
0.05112,0
0.04254,0
0.03388,0
0.03630,0
0.04001,0
0.04439,0
0.05546,0
0.05763,0
0.13239,0
0.14452,0
0.14975,0
0.14534,0
0.16636,0
0.14374,0
0.11383,0
0.11404,0
0.11123,0
0.00534,0
0.01218,0
0.01424,0
0.01234,0
0.01798,0
0.02037,0
0.02203,0
0.02187,0
0.02144,0
0.02699,0
0.00534,0
0.00813,0
0.00938,0
0.00795,0
0.01357,0
0.01081,0
0.01334,0
0.00534,0
0.00655,0
0.00695,0
0.00586,0
0.01304,0
0.01568,0
0.01780,0
0.01869,0
0.01862,0
0.02151,0
0.00534,0
0.01218,0
0.01272,0
0.00965,0
0.01667,0
0.02259,0
0.03189,0
0.02817,0
0.02879,0
0.03107,0
0.00534,0
0.01218,0
0.01424,0
0.01121,0
0.01566,0
0.01211,0
0.01982,0
0.19749,0
0.13785,0
0.11753,0
0.10591,0
0.09170,0
0.09241,0
0.08566,0
0.08252,0
0.08629,0
0.00534,0
0.00655,0
0.00626,0
0.00590,0
0.00965,0
0.01499,0
0.01746,0
0.01951,0
0.01990,0
0.02315,0
0.02108,0
0.01501,0
0.01501,0
0.01165,0
0.01724,0
0.02597,0
0.03777,0
0.02946,0
0.03006,0
0.03213,0
0.00534,0
0.00655,0
0.03957,0
0.04235,0
0.03749,0
0.02964,0
0.03396,0
0.03765,0
0.04269,0
0.05535,0
0.05595,0
0.02403,0
0.03227,0
0.03826,0
0.06154,0
0.04519,0
0.03476,0
0.03208,0
0.03255,0
0.04163,0
0.03091,0
0.05254,0
0.04744,0
0.03621,0
0.03181,0
0.02636,0
0.02702,0
0.02524,0
0.02581,0
0.02919,0
0.03728,0
0.02565,0
0.01491,0
0.02236,0
0.02115,0
0.01950,0
0.02259,0
0.00534,0
0.00819,0
0.00916,0
0.03688,0
0.03662,0
0.03165,0
0.03465,0
0.03965,0
0.04196,0
0.06202,0
0.00534,0
0.01218,0
0.01172,0
0.06182,0
0.05085,0
0.04098,0
0.04295,0
0.04802,0
0.05216,0
0.09000,0
0.00534,0
0.00819,0
0.00874,0
0.00750,0
0.02706,0
0.03636,0
0.03507,0
0.03493,0
0.03765,0
0.04446,0
0.02108,0
0.01501,0
0.01254,0
0.04504,0
0.05728,0
0.05665,0
0.05769,0
0.05634,0
0.06852,0
0.08632,0
0.00534,0
0.00819,0
0.01135,0
0.00884,0
0.01437,0
0.01165,0
0.01465,0
0.00534,0
0.00655,0
0.03705,0
0.04112,0
0.03792,0
0.03135,0
0.03530,0
0.03882,0
0.04382,0
0.05654,0
0.10169,0
0.05868,0
0.02942,0
0.02331,0
0.02475,0
0.02632,0
0.03392,0
0.00534,0
0.00655,0
0.00695,0
0.00705,0
0.01103,0
0.01731,0
0.02188,0
0.02186,0
0.02142,0
0.02625,0
0.05883,0
0.02309,0
0.03172,0
0.04225,0
0.04084,0
0.03309,0
0.02651,0
0.02450,0
0.02485,0
0.03319,0
0.05793,0
0.02531,0
0.03417,0
0.03604,0
0.05885,0
0.04544,0
0.03448,0
0.03126,0
0.03188,0
0.04050,0
0.05793,0
0.02531,0
0.03417,0
0.04266,0
0.04231,0
0.03601,0
0.03191,0
0.02863,0
0.02820,0
0.03575,0
0.00534,0
0.01218,0
0.01144,0
0.00996,0
0.02959,0
0.03884,0
0.03723,0
0.06577,0
0.09307,0
0.10025,0
0.00534,0
0.00813,0
0.00880,0
0.00743,0
0.01482,0
0.02421,0
0.02474,0
0.02719,0
0.02816,0
0.02889,0
0.01461,0
0.01403,0
0.01189,0
0.00955,0
0.01501,0
0.01246,0
0.01548,0
0.03728,0
0.06907,0
0.05147,0
0.06279,0
0.06059,0
0.04598,0
0.03708,0
0.03330,0
0.03374,0
0.04023,0
0.00534,0
0.00819,0
0.00874,0
0.00842,0
0.01381,0
0.01479,0
0.01470,0
0.02108,0
0.01501,0
0.01343,0
0.01048,0
0.01690,0
0.02812,0
0.02837,0
0.02600,0
0.03306,0
0.04528,0
0.00534,0
0.00655,0
0.03681,0
0.04366,0
0.02646,0
0.02349,0
0.02552,0
0.02970,0
0.03481,0
0.05403,0
0.03728,0
0.02818,0
0.01479,0
0.02186,0
0.02249,0
0.02302,0
0.02518,0
0.05664,0
0.02210,0
0.03273,0
0.02224,0
0.02261,0
0.02189,0
0.02527,0
0.00534,0
0.01218,0
0.01144,0
0.00996,0
0.02988,0
0.04338,0
0.04474,0
0.03290,0
0.03124,0
0.03785,0
0.05883,1
0.02309,1
0.03391,1
0.02259,1
0.03092,1
0.04689,1
0.04761,1
0.00534,0
0.00655,0
0.00695,0
0.00705,0
0.01275,0
0.00963,0
0.01325,0
0.06672,0
0.02786,0
0.03739,0
0.04099,0
0.03411,0
0.03010,0
0.03142,0
0.10169,0
0.06179,0
0.03480,0
0.03053,0
0.03065,0
0.03399,0
0.04040,0
0.03091,0
0.05254,0
0.04744,0
0.03621,0
0.03047,0
0.02508,0
0.02665,0
0.02480,0
0.02504,0
0.02706,0
0.05793,0
0.02221,0
0.03566,0
0.03901,0
0.03526,0
0.02969,0
0.02387,0
0.02232,0
0.02366,0
0.03295,0
0.04983,0
0.03370,0
0.01950,0
0.02434,0
0.03401,0
0.03361,0
0.03361,0
0.00534,0
0.01218,0
0.01272,0
0.00965,0
0.01502,0
0.01117,0
0.01382,0
0.00534,0
0.00655,0
0.00626,0
0.00590,0
0.01171,0
0.02067,0
0.03353,0
0.03326,0
0.03513,0
0.01461,0
0.01250,0
0.01065,0
0.02842,0
0.03556,0
0.03615,0
0.04236,0
0.04634,0
0.03578,0
0.04083,0
0.00534,0
0.07984,0
0.08246,0
0.04974,0
0.05310,0
0.06283,0
0.06150,0
0.06209,0
0.06580,0
0.07353,0
0.00534,0
0.00655,0
0.00695,0
0.00705,0
0.01430,0
0.01667,0
0.01848,0
0.02065,0
0.02010,0
0.02280,0
0.00534,0
0.01218,0
0.01144,0
0.00886,0
0.01449,0
0.01457,0
0.01407,0
0.00534,0
0.00655,0
0.00841,0
0.00806,0
0.01469,0
0.02362,0
0.02691,0
0.02803,0
0.02847,0
0.02859,0
0.13909,1
0.14159,1
0.09082,1
0.09649,1
0.10024,1
0.09377,1
0.08708,1
0.09457,1
0.09002,1
0.09145,1
0.00534,0
0.01218,0
0.01172,0
0.03752,0
0.03033,0
0.02780,0
0.03123,0
0.03506,0
0.03540,0
0.04583,0
0.00534,0
0.00655,0
0.00618,0
0.00674,0
0.01380,0
0.01953,0
0.02305,0
0.02229,0
0.02596,0
0.02108,0
0.01501,0
0.01256,0
0.01074,0
0.01665,0
0.02168,0
0.02161,0
0.02082,0
0.02071,0
0.02657,0
0.02108,0
0.02254,0
0.01991,0
0.01621,0
0.02163,0
0.02961,0
0.03138,0
0.03141,0
0.03620,0
0.03663,0
0.08057,0
0.05830,0
0.03596,0
0.03435,0
0.02775,0
0.02570,0
0.02793,0
0.02836,0
0.03074,0
0.03653,0
0.03728,0
0.02818,0
0.01479,0
0.03002,0
0.03453,0
0.02367,0
0.01754,0
0.01636,0
0.01735,0
0.02271,0
0.10696,0
0.07386,0
0.05131,0
0.04767,0
0.04718,0
0.03851,0
0.03651,0
0.03496,0
0.03505,0
0.04003,0
0.05664,0
0.02210,0
0.02545,0
0.03678,0
0.03775,0
0.03080,0
0.02647,0
0.02409,0
0.02471,0
0.03289,0
0.03728,0
0.02565,0
0.01418,0
0.02715,0
0.02696,0
0.02873,0
0.03151,0
0.00534,0
0.00813,0
0.00815,0
0.00823,0
0.01371,0
0.01005,0
0.01595,0
0.03091,0
0.04047,0
0.02889,0
0.02687,0
0.02152,0
0.02271,0
0.02702,0
0.00534,0
0.00655,0
0.00618,0
0.00583,0
0.01190,0
0.01200,0
0.01591,0
0.00534,0
0.00655,0
0.00626,0
0.00681,0
0.01390,0
0.02902,0
0.03357,0
0.03614,0
0.03605,0
0.03593,0
0.05664,0
0.02210,0
0.02959,0
0.03885,0
0.04583,0
0.04003,0
0.03605,0
0.03388,0
0.03442,0
0.00534,0
0.01218,0
0.01144,0
0.00886,0
0.01660,0
0.02009,0
0.03476,0
0.03601,0
0.03849,0
0.02108,0
0.01769,0
0.01582,0
0.01232,0
0.01693,0
0.02403,0
0.02589,0
0.02496,0
0.02778,0
0.00534,0
0.00655,0
0.00626,0
0.00681,0
0.01262,0
0.02076,0
0.02078,0
0.02176,0
0.02297,0
0.02784,0
0.06672,0
0.02786,0
0.02996,0
0.03825,0
0.03338,0
0.03004,0
0.02362,0
0.02276,0
0.02464,0
0.03010,0
0.00534,0
0.00655,0
0.00626,0
0.00590,0
0.01201,0
0.01512,0
0.01528,0
0.00534,0
0.01218,0
0.01424,0
0.01234,0
0.01798,0
0.02037,0
0.02125,0
0.02129,0
0.02114,0
0.02392,0
0.00534,0
0.00813,0
0.05647,0
0.04798,0
0.03970,0
0.04419,0
0.04129,0
0.04172,0
0.04378,0
0.06164,0
0.00534,0
0.00819,0
0.00905,0
0.02817,0
0.02221,0
0.02605,0
0.02634,0
0.03613,0
0.05055,0
0.06732,0
0.01461,0
0.01250,0
0.00999,0
0.03369,0
0.02597,0
0.02888,0
0.03199,0
0.03936,0
0.03747,0
0.04560,0
0.00534,0
0.00655,0
0.05260,0
0.03186,0
0.03377,0
0.03537,0
0.03156,0
0.03429,0
0.03257,0
0.04207,0
0.00534,0
0.00655,0
0.00734,0
0.00729,0
0.01307,0
0.01085,0
0.01725,0
0.00534,0
0.01218,0
0.01160,0
0.01017,0
0.01742,0
0.02630,0
0.02574,0
0.02498,0
0.02532,0
0.02680,0
0.03091,0
0.04047,0
0.02896,0
0.02185,0
0.02153,0
0.02344,0
0.02650,0
0.10169,0
0.04473,0
0.02776,0
0.02455,0
0.02781,0
0.03122,0
0.03856,0
0.13940,0
0.08675,0
0.05125,0
0.05157,0
0.03307,0
0.02927,0
0.02757,0
0.02709,0
0.03113,0
0.03992,0
0.10079,0
0.05785,0
0.03800,0
0.04793,0
0.06077,0
0.06044,0
0.05763,0
0.06603,0
0.07014,0
0.00534,0
0.01218,0
0.06001,0
0.03799,0
0.03312,0
0.04640,0
0.04341,0
0.04608,0
0.04313,0
0.05084,0
0.00534,0
0.00655,0
0.00695,0
0.00586,0
0.01304,0
0.01568,0
0.01857,0
0.01925,0
0.01893,0
0.02455,0
0.02108,0
0.01501,0
0.04918,0
0.04921,0
0.04327,0
0.03440,0
0.03788,0
0.04128,0
0.04638,0
0.05877,0
0.03453,0
0.05648,0
0.04563,0
0.03653,0
0.03119,0
0.02533,0
0.02327,0
0.02247,0
0.02373,0
0.02769,0
0.05574,0
0.02304,0
0.04195,0
0.05207,1
0.05910,1
0.06205,1
0.08772,1
0.08712,1
0.08637,1
0.09091,1
0.03091,0
0.04705,0
0.04411,0
0.04078,0
0.03563,0
0.03325,0
0.02768,0
0.02547,0
0.02625,0
0.02971,0
0.05664,0
0.02351,0
0.03078,0
0.03795,0
0.04021,0
0.03833,0
0.03420,0
0.03213,0
0.03134,0
0.03893,0
0.00534,0
0.00655,0
0.05260,0
0.03186,0
0.02772,0
0.03211,0
0.02970,0
0.03371,0
0.03239,0
0.04121,0
0.00534,0
0.00655,0
0.00618,0
0.03979,0
0.03525,0
0.02672,0
0.03041,0
0.03488,0
0.03672,0
0.05837,0
0.00534,0
0.00655,0
0.00626,0
0.00590,0
0.01201,0
0.01512,0
0.01828,0
0.00534,0
0.00819,0
0.00888,0
0.00757,0
0.01321,0
0.00986,0
0.01579,0
0.01461,0
0.01250,0
0.00999,0
0.00804,0
0.01576,0
0.02367,0
0.02325,0
0.02254,0
0.02371,0
0.02566,0
0.03728,0
0.03222,0
0.01834,0
0.03402,0
0.03630,0
0.02461,0
0.02028,0
0.01860,0
0.02144,0
0.02929,0
0.00534,0
0.00655,0
0.00626,0
0.00590,0
0.01201,0
0.01316,0
0.01328,0
0.00534,0
0.01218,0
0.01144,0
0.04263,0
0.05176,0
0.06037,0
0.06048,0
0.06100,0
0.06355,0
0.08083,0
0.10696,0
0.07386,0
0.04925,0
0.04261,0
0.05739,0
0.06395,0
0.06117,0
0.05848,0
0.05786,0
0.06171,0
0.00534,0
0.00819,0
0.00888,0
0.00850,0
0.01405,0
0.01564,0
0.01828,0
0.01905,0
0.01908,0
0.02216,0
0.00534,0
0.01218,0
0.04702,0
0.05275,0
0.03386,0
0.02939,0
0.03019,0
0.03303,0
0.03575,0
0.05733,0
0.05574,0
0.02456,0
0.03632,0
0.03854,0
0.03515,0
0.02807,0
0.02272,0
0.02149,0
0.02214,0
0.02712,0
0.00534,0
0.00813,0
0.00815,0
0.00823,0
0.02213,0
0.02639,0
0.03580,0
0.04351,0
0.03667,0
0.03927,0
0.05883,0
0.02466,0
0.03474,0
0.02323,0
0.01837,0
0.02060,0
0.02439,0
0.00534,0
0.01218,0
0.01270,0
0.00976,0
0.01504,0
0.01204,0
0.01740,0
0.03453,0
0.04004,0
0.04222,0
0.04014,0
0.03590,0
0.03789,0
0.03532,0
0.03316,0
0.03315,0
0.03514,0
0.00534,0
0.00655,0
0.04262,0
0.03473,0
0.03512,0
0.04284,0
0.04222,0
0.05256,0
0.05160,0
0.00534,0
0.00819,0
0.00874,0
0.00842,0
0.01397,0
0.01715,0
0.01810,0
0.01991,0
0.01931,0
0.02466,0
0.00534,0
0.00655,0
0.00741,0
0.00643,0
0.01441,0
0.02152,0
0.03306,0
0.03392,0
0.03666,0
0.04111,0
0.02108,0
0.01501,0
0.01254,0
0.01108,0
0.01760,0
0.03034,0
0.04648,0
0.06478,0
0.06942,0
0.07041,0
0.05574,0
0.02456,0
0.03432,0
0.03278,0
0.02688,0
0.02597,0
0.02839,0
0.10696,0
0.07386,0
0.04925,0
0.04261,0
0.04666,0
0.03671,0
0.03523,0
0.03495,0
0.03568,0
0.04012,0
0.00534,0
0.01218,0
0.01185,0
0.00910,0
0.01479,0
0.01784,0
0.01876,0
0.01889,0
0.01882,0
0.02193,0
0.03728,0
0.02565,0
0.01491,0
0.02236,0
0.03763,0
0.03041,0
0.03093,0
0.01461,0
0.01250,0
0.03723,1
0.06093,1
0.06895,1
0.08552,1
0.08918,1
0.06176,1
0.06360,1
0.06967,1
0.01461,0
0.01806,0
0.04613,0
0.03724,0
0.03764,0
0.03706,0
0.03826,0
0.00534,0
0.00813,0
0.01025,0
0.00848,0
0.01406,0
0.01110,0
0.01912,0
0.00534,0
0.01218,0
0.01271,0
0.01139,0
0.01725,0
0.01961,0
0.02146,0
0.02148,0
0.02102,0
0.02363,0
0.00534,0
0.01218,0
0.01172,0
0.00985,0
0.01982,0
0.02509,0
0.03456,0
0.04182,0
0.03552,0
0.03855,0
0.02108,0
0.02254,0
0.01848,0
0.01512,0
0.01940,0
0.02676,0
0.04481,0
0.04876,0
0.05199,0
0.05877,0
0.00534,0
0.00655,0
0.00841,0
0.00690,0
0.01371,0
0.01645,0
0.01914,0
0.02125,0
0.01886,0
0.02412,0
0.04983,0
0.03538,0
0.01969,0
0.02948,0
0.03424,0
0.05130,0
0.04689,0
0.04137,0
0.05053,0
0.00534,0
0.00655,0
0.00695,0
0.00586,0
0.01167,0
0.01806,0
0.02191,0
0.02165,0
0.02473,0
0.05793,0
0.02531,0
0.02889,0
0.03764,0
0.04489,0
0.04033,0
0.03794,0
0.03646,0
0.03615,0
0.04983,0
0.03485,0
0.01943,0
0.03417,0
0.03371,0
0.02397,0
0.02106,0
0.01981,0
0.02332,0
0.03131,0
0.07253,1
0.06033,1
0.05254,1
0.04331,1
0.04321,1
0.04737,1
0.04299,1
0.04231,1
0.04211,1
0.00534,0
0.01218,0
0.01160,0
0.01017,0
0.01520,0
0.01531,0
0.01474,0
0.00534,0
0.01218,0
0.01144,0
0.00886,0
0.01966,0
0.01456,0
0.01723,0
0.01461,0
0.01403,0
0.01174,0
0.00991,0
0.01517,0
0.01116,0
0.01385,0
0.00534,0
0.00655,0
0.00626,0
0.00681,0
0.01059,0
0.01597,0
0.01950,0
0.02241,0
0.02213,0
0.02513,0
0.03728,0
0.02818,0
0.01479,0
0.02186,0
0.03483,0
0.02914,0
0.03008,0
0.10696,0
0.07598,0
0.04418,0
0.03593,0
0.02687,0
0.02668,0
0.02810,0
0.03069,0
0.03772,0
0.02108,0
0.01501,0
0.01501,0
0.01274,0
0.03247,0
0.03864,0
0.04214,0
0.05553,0
0.06366,0
0.00534,0
0.00655,0
0.00638,0
0.00640,0
0.01232,0
0.00985,0
0.01672,0
0.00534,0
0.06315,0
0.04786,0
0.03968,0
0.03390,0
0.02885,0
0.03359,0
0.03751,0
0.04386,0
0.05356,0
0.03728,1
0.02900,1
0.01621,1
0.05417,1
0.07475,1
0.04433,1
0.04839,1
0.03453,0
0.04392,0
0.03046,0
0.02067,0
0.01733,0
0.01907,0
0.02566,0
0.00534,0
0.01218,0
0.04256,0
0.03607,0
0.03654,0
0.04474,0
0.04178,0
0.04056,0
0.03768,0
0.03921,0
0.03453,0
0.05648,0
0.04933,0
0.03867,0
0.03189,0
0.03312,1
0.07784,1
0.07932,1
0.07832,1
0.07581,1
0.08159,1
0.02108,0
0.02254,0
0.01901,0
0.03689,0
0.03720,0
0.03712,0
0.04793,0
0.04662,0
0.03784,0
0.04031,0
0.00534,0
0.00655,0
0.00841,0
0.00690,0
0.01027,0
0.01503,0
0.01848,0
0.02070,0
0.02060,0
0.02347,0
0.00534,0
0.01218,0
0.01160,0
0.00902,0
0.01651,0
0.02584,0
0.02528,0
0.02439,0
0.02470,0
0.02654,0
0.00534,0
0.00655,0
0.03729,0
0.03143,0
0.03320,0
0.03359,0
0.03223,0
0.00534,0
0.00655,0
0.05544,0
0.04872,0
0.05618,0
0.05224,0
0.05068,0
0.06180,0
0.08050,0
0.00534,0
0.00655,0
0.00618,0
0.00583,0
0.01190,0
0.00974,0
0.01766,0
0.00534,0
0.01218,0
0.01271,0
0.01139,0
0.01826,0
0.02665,0
0.02644,0
0.02580,0
0.02820,0
0.03050,0
0.00534,0
0.00813,0
0.00840,0
0.00703,0
0.01281,0
0.00937,0
0.01227,0
0.03728,0
0.02565,0
0.01418,0
0.02295,0
0.03101,0
0.02543,0
0.02076,0
0.01970,0
0.02304,0
0.03101,0
0.03453,0
0.05648,0
0.04933,0
0.03867,0
0.03265,0
0.02624,0
0.02391,0
0.02290,0
0.02338,0
0.02677,0
0.10169,0
0.05868,0
0.03170,0
0.02471,0
0.02573,0
0.02965,0
0.03745,0
0.04983,0
0.03485,0
0.01943,0
0.03022,0
0.04102,0
0.06948,0
0.07360,0
0.06613,0
0.07305,0
0.00534,0
0.01218,0
0.01172,0
0.00985,0
0.01521,0
0.02309,0
0.02279,0
0.02126,0
0.02478,0
0.03453,0
0.03760,0
0.04257,0
0.03661,0
0.03400,0
0.02859,0
0.03098,0
0.02886,0
0.02929,0
0.03267,0
0.00534,0
0.00655,0
0.00841,0
0.00806,0
0.01166,0
0.03146,0
0.04171,0
0.03444,0
0.03603,0
0.04117,0
0.00534,0
0.00655,0
0.00638,0
0.06317,0
0.05112,0
0.04165,0
0.04393,0
0.04903,0
0.04942,0
0.08746,0
0.12007,0
0.07899,0
0.05725,0
0.05089,0
0.04992,0
0.03922,0
0.04574,0
0.01461,0
0.01250,0
0.01099,0
0.00898,0
0.01447,0
0.01092,0
0.01373,0
0.01461,0
0.01393,0
0.01340,0
0.01067,0
0.01561,0
0.01196,0
0.01888,0
0.00534,0
0.00813,0
0.04287,0
0.05070,0
0.06243,0
0.07047,0
0.09019,0
0.04983,0
0.03538,0
0.01920,0
0.02641,0
0.03004,0
0.02486,0
0.02352,0
0.02396,0
0.02768,0
0.03569,0
0.00534,0
0.01218,0
0.01535,0
0.01337,0
0.01743,0
0.02133,0
0.02390,0
0.05883,0
0.02466,0
0.02783,0
0.03546,0
0.05902,0
0.03999,0
0.03302,0
0.03049,0
0.03105,0
0.04019,0
0.02108,0
0.02254,0
0.01901,0
0.01558,0
0.01700,0
0.02397,0
0.02632,0
0.02772,0
0.02614,0
0.03151,0
0.00534,0
0.00813,0
0.00827,0
0.00739,0
0.02703,0
0.03719,0
0.03217,0
0.06471,0
0.09816,0
0.10767,0
0.03728,0
0.02900,0
0.01669,0
0.02319,0
0.04131,0
0.03532,0
0.03345,0
0.03175,0
0.03567,0
0.03742,0
0.00534,0
0.00655,0
0.05260,0
0.03186,0
0.02772,0
0.03032,0
0.02776,0
0.03178,0
0.03142,0
0.03951,0
0.03728,0
0.03222,0
0.01834,0
0.02390,0
0.02380,0
0.02252,0
0.02802,0
0.03728,0
0.02818,0
0.01519,0
0.03136,0
0.03569,0
0.02610,0
0.02032,0
0.01858,0
0.02109,0
0.02567,0
0.05664,0
0.02351,0
0.02583,0
0.03415,0
0.03287,0
0.02863,0
0.02471,0
0.02352,0
0.02515,0
0.03024,0
0.00534,0
0.00655,0
0.00638,0
0.00640,0
0.01232,0
0.00918,0
0.01229,0
0.00534,0
0.00819,0
0.00916,0
0.00763,0
0.01322,0
0.01634,0
0.01627,0
0.02108,0
0.02254,0
0.08397,0
0.06436,0
0.04897,0
0.04882,0
0.04484,0
0.04279,0
0.04484,0
0.06285,0
0.04983,0
0.03370,0
0.02019,0
0.02458,0
0.03494,0
0.03424,0
0.03412,0
0.05793,0
0.02221,0
0.04403,0
0.03036,0
0.02688,0
0.03032,0
0.03324,0
0.05883,0
0.02309,0
0.03391,0
0.03685,0
0.02674,0
0.02390,0
0.02672,0
0.10079,0
0.10013,0
0.06827,0
0.05404,0
0.05219,0
0.04144,0
0.03893,0
0.03709,0
0.03749,0
0.04160,0
0.05475,0
0.05410,0
0.03317,0
0.03339,0
0.02833,0
0.02529,0
0.02930,0
0.02916,0
0.03281,0
0.03884,0
0.00534,0
0.00655,0
0.05303,0
0.04946,0
0.06388,1
0.07728,1
0.07147,1
0.07179,1
0.07365,1
0.09298,1
0.11501,1
0.00534,0
0.01218,0
0.01272,0
0.00965,0
0.01502,0
0.01206,0
0.01443,0
0.01461,0
0.01250,0
0.01099,0
0.00990,0
0.01520,0
0.01608,0
0.01576,0
0.03728,0
0.02542,0
0.01504,0
0.02513,0
0.03346,0
0.02870,0
0.02648,0
0.02427,0
0.02843,0
0.03051,0
0.05595,0
0.02262,0
0.03111,0
0.03635,0
0.06162,0
0.04859,0
0.04308,0
0.03926,0
0.03921,0
0.04720,0
0.03091,0
0.04047,0
0.02896,0
0.02816,0
0.02556,0
0.02682,0
0.03127,0
0.05364,0
0.02196,0
0.03346,0
0.03596,0
0.03332,0
0.03066,0
0.02575,0
0.02458,0
0.02525,0
0.03032,0
0.00534,0
0.01218,0
0.01185,0
0.06756,0
0.05669,0
0.04523,0
0.04670,0
0.05150,0
0.05918,0
0.09355,0
0.00534,0
0.00655,0
0.05549,0
0.04822,0
0.03966,0
0.04212,0
0.04207,0
0.04199,0
0.05466,0
0.00534,0
0.00655,0
0.00618,0
0.00583,0
0.01164,0
0.01279,0
0.01712,0
0.01798,0
0.01833,0
0.02398,0
0.03728,0
0.02565,0
0.01491,0
0.02236,0
0.03295,0
0.03029,0
0.03313,0
0.00534,0
0.03779,0
0.03705,0
0.04679,0
0.05245,0
0.04730,0
0.05111,0
0.00534,0
0.01218,0
0.01172,0
0.00884,0
0.01428,0
0.01215,0
0.01821,0
0.03728,0
0.02542,0
0.01444,0
0.03059,0
0.03091,0
0.02128,0
0.01850,0
0.02102,0
0.02290,0
0.03073,0
0.01461,0
0.06355,0
0.03969,0
0.04488,0
0.03448,0
0.03248,0
0.03671,0
0.03947,0
0.04557,0
0.06132,0
0.10696,0
0.06128,0
0.07183,0
0.04715,0
0.04079,0
0.03377,0
0.03438,0
0.03440,0
0.03517,0
0.04130,0
0.00534,0
0.00655,0
0.00734,0
0.00638,0
0.01244,0
0.01021,0
0.01804,0
0.09852,0
0.07681,0
0.07725,0
0.04879,0
0.04215,0
0.03428,0
0.03281,0
0.03251,0
0.03399,0
0.04003,0
0.00534,0
0.01218,0
0.05574,0
0.04706,0
0.03840,0
0.04284,0
0.04288,0
0.04411,0
0.04929,0
0.03453,0
0.04392,0
0.04919,0
0.03795,0
0.02898,0
0.02877,0
0.03305,0
0.00534,0
0.00655,0
0.04339,0
0.04768,0
0.02991,0
0.02607,0
0.02775,0
0.03112,0
0.03697,0
0.05448,0
0.01461,0
0.01250,0
0.00999,0
0.00804,0
0.01127,0
0.01511,0
0.02145,0
0.02379,0
0.02302,0
0.02831,0
0.01461,0
0.01250,0
0.00985,0
0.00844,0
0.01520,0
0.02032,0
0.03243,0
0.03859,0
0.04202,0
0.05339,0
0.00534,0
0.01218,0
0.01172,0
0.00884,0
0.01591,0
0.02344,0
0.03433,0
0.03530,0
0.03739,0
0.04552,0
0.05574,0
0.02456,0
0.03236,0
0.04239,0
0.04073,0
0.03460,0
0.03065,0
0.02789,0
0.02775,0
0.03567,0
0.06672,0
0.02497,0
0.03719,0
0.03983,0
0.03570,0
0.03403,0
0.02784,0
0.02582,0
0.02590,0
0.03044,0
0.00534,0
0.00813,0
0.00815,0
0.00823,0
0.01388,0
0.01534,0
0.01717,0
0.01998,0
0.01961,0
0.02268,0
0.11014,0
0.06266,0
0.06150,0
0.04569,0
0.04227,0
0.04029,0
0.03799,0
0.04017,0
0.04427,0
0.05961,0
0.03091,0
0.04047,0
0.02930,0
0.02830,0
0.02326,0
0.02437,0
0.02848,0
0.08057,0
0.06012,0
0.03058,0
0.03105,0
0.02690,0
0.02715,0
0.02717,0
0.02720,0
0.02965,0
0.03541,0
0.03510,0
0.02760,0
0.01600,0
0.02651,0
0.04019,0
0.06929,0
0.06700,0
0.06089,0
0.06289,0
0.00534,0
0.01218,0
0.01270,0
0.06078,1
0.06239,1
0.00534,0
0.00655,0
0.00841,0
0.00690,0
0.01229,0
0.02246,0
0.02299,0
0.02332,0
0.02704,0
0.03017,0
0.02108,0
0.09789,0
0.09658,0
0.06157,0
0.07835,1
0.13817,1
0.17659,1
0.18551,1
0.17387,1
0.16568,1
0.16243,1
0.16437,1
0.16497,1
0.00534,0
0.00655,0
0.00841,0
0.00806,0
0.01340,0
0.01032,0
0.01704,0
0.05883,0
0.02309,0
0.03391,0
0.02438,0
0.02595,0
0.02527,0
0.02843,0
0.00534,0
0.00655,0
0.00841,0
0.00690,0
0.01254,0
0.01418,0
0.01453,0
0.00534,0
0.00655,0
0.00655,0
0.00594,0
0.01196,0
0.00885,0
0.01626,0
0.03664,0
0.07720,1
0.05368,1
0.05078,1
0.06086,1
0.09440,1
0.11613,1
0.10755,1
0.10664,1
0.10797,1
0.00534,0
0.01218,0
0.01271,0
0.02479,0
0.02495,0
0.03047,0
0.03144,0
0.03370,0
0.04597,0
0.05203,0
0.00534,0
0.00813,0
0.00815,0
0.00823,0
0.01371,0
0.01005,0
0.01293,0
0.02108,0
0.01501,0
0.01256,0
0.01074,0
0.01553,0
0.03492,0
0.03527,0
0.03377,0
0.03434,0
0.03439,0
0.00534,0
0.01218,0
0.01172,0
0.00985,0
0.01746,0
0.02257,0
0.03062,0
0.02613,0
0.02711,0
0.03547,1
0.04747,1
0.05203,1
0.00534,0
0.00655,0
0.00638,0
0.00549,0
0.02484,0
0.03525,0
0.04089,0
0.03942,0
0.04220,0
0.04476,0
0.00534,0
0.00655,0
0.00734,0
0.00638,0
0.02556,0
0.03423,0
0.03420,0
0.03420,0
0.03366,0
0.03864,0
0.09674,0
0.07304,0
0.05772,0
0.05164,0
0.05147,0
0.04128,0
0.04317,0
0.03728,0
0.02818,0
0.01479,0
0.02542,0
0.03295,0
0.04893,0
0.04436,0
0.03899,0
0.04821,0
0.01461,0
0.01393,0
0.05077,0
0.03279,0
0.03525,0
0.03619,0
0.03301,0
0.03591,0
0.03385,0
0.04130,0
0.00534,0
0.03915,1
0.03459,1
0.04220,1
0.05096,1
0.04580,1
0.03664,0
0.02784,0
0.01777,0
0.02280,0
0.02232,0
0.02326,0
0.02592,0
0.04983,0
0.03538,0
0.01920,0
0.02949,0
0.04519,0
0.03852,0
0.03606,0
0.03258,0
0.03859,0
0.04656,0
0.00534,0
0.06315,0
0.04887,0
0.04063,0
0.03888,0
0.03011,0
0.03465,0
0.03947,0
0.04593,0
0.05583,0
0.00534,0
0.00813,0
0.00854,0
0.00837,0
0.01377,0
0.02174,0
0.02273,0
0.02232,0
0.02323,0
0.02411,0
0.03091,0
0.03719,0
0.04164,0
0.05729,0
0.04771,0
0.03472,0
0.03181,0
0.03008,0
0.03279,0
0.05595,0
0.02262,0
0.03412,0
0.02701,0
0.02635,0
0.02515,0
0.02844,0
0.00534,0
0.01218,0
0.01271,0
0.01011,0
0.01494,0
0.01269,0
0.02098,0
0.00534,0
0.00655,0
0.00695,0
0.00705,0
0.01489,0
0.02388,0
0.02447,0
0.02322,0
0.02431,0
0.02515,0
0.02108,0
0.01501,0
0.01204,0
0.04754,1
0.05533,1
0.05357,1
0.05099,1
0.08408,1
0.08757,1
0.09080,1
0.09535,1
0.09193,1
0.09441,1
0.00534,0
0.00655,0
0.00638,0
0.00549,0
0.02067,1
0.03340,1
0.04798,1
0.07458,1
0.08498,1
0.03091,0
0.03719,0
0.05149,0
0.06306,0
0.04727,0
0.03413,0
0.03374,0
0.03286,0
0.03320,0
0.03728,0
0.02818,0
0.01479,0
0.02557,0
0.03437,0
0.06285,0
0.07015,0
0.06363,0
0.06013,0
0.05956,0
0.02108,0
0.01501,0
0.01204,0
0.00998,0
0.02581,0
0.02412,0
0.03607,0
0.04178,0
0.03486,0
0.03754,0
0.13770,0
0.06371,0
0.04828,0
0.03562,0
0.03423,0
0.03575,0
0.03568,0
0.03587,0
0.03988,0
0.05517,0
0.00534,0
0.01218,0
0.01185,0
0.00910,0
0.02918,0
0.03570,0
0.03525,0
0.03374,0
0.03370,0
0.03883,0
0.00534,0
0.01218,0
0.01172,0
0.00985,0
0.02857,0
0.03818,0
0.04043,0
0.05424,0
0.06212,0
0.03091,0
0.04047,0
0.04676,0
0.03575,0
0.02745,0
0.02768,0
0.03085,0
0.00534,0
0.00655,0
0.00638,0
0.00640,0
0.01217,0
0.01394,0
0.01485,0
0.01676,0
0.01716,0
0.02044,0
0.00534,0
0.05884,0
0.04159,0
0.04511,0
0.03432,0
0.03314,0
0.03720,0
0.04021,0
0.04560,0
0.05593,0
0.02108,0
0.01501,0
0.01256,0
0.00978,0
0.01542,0
0.02073,0
0.02190,0
0.02271,0
0.02147,0
0.02684,0
0.00534,0
0.01218,0
0.01172,0
0.07375,0
0.05563,0
0.04640,0
0.04822,0
0.05291,0
0.05396,0
0.09161,0
0.04983,0
0.03974,0
0.02430,0
0.03244,0
0.03941,0
0.03252,0
0.03010,0
0.02861,0
0.03240,0
0.03585,0
0.03091,0
0.03452,0
0.04499,0
0.03604,0
0.03158,0
0.02524,0
0.02736,0
0.02585,0
0.02710,0
0.03023,0
0.00534,0
0.00655,0
0.03919,0
0.03770,0
0.03178,0
0.03326,0
0.03161,0
0.03267,0
0.03474,0
0.05637,0
0.00534,0
0.00655,0
0.00638,0
0.00640,0
0.01353,0
0.02028,0
0.02406,0
0.02356,0
0.02471,0
0.02556,0
0.03453,0
0.05017,0
0.04690,0
0.08105,0
0.07003,0
0.05563,0
0.04994,0
0.04629,0
0.04635,0
0.01461,0
0.01250,0
0.01213,0
0.01074,0
0.01561,0
0.01670,0
0.01952,0
0.00534,0
0.00655,0
0.00618,0
0.03033,0
0.02340,0
0.02560,0
0.02906,0
0.03608,0
0.03435,0
0.04285,0
0.01461,0
0.01806,0
0.01630,0
0.01401,0
0.01776,0
0.01527,0
0.01857,0
0.00534,0
0.01218,0
0.04256,0
0.03477,0
0.03545,0
0.02873,0
0.03307,0
0.05793,1
0.04538,1
0.06022,1
0.05725,1
0.05115,1
0.04286,1
0.03660,1
0.04971,1
0.04776,1
0.05046,1
0.00534,0
0.00655,0
0.00741,0
0.00734,0
0.01304,0
0.01084,0
0.01861,0
0.03728,0
0.02565,0
0.01491,0
0.02236,0
0.03295,0
0.02697,0
0.02781,0
0.00534,0
0.00655,0
0.00618,0
0.00674,0
0.01380,0
0.02170,0
0.03987,0
0.04113,0
0.04732,0
0.05481,0
0.10169,0
0.04153,0
0.02410,0
0.02453,0
0.02615,0
0.03090,0
0.03861,0
0.04983,0
0.03974,0
0.02430,0
0.03308,0
0.03648,0
0.03106,0
0.02873,0
0.02598,0
0.02888,0
0.03090,0
0.05793,0
0.02531,0
0.02853,0
0.03746,0
0.03578,0
0.03143,0
0.02633,0
0.02479,0
0.02621,0
0.03486,0
0.00534,0
0.00819,0
0.00905,0
0.00815,0
0.01596,0
0.02352,0
0.02298,0
0.02268,0
0.02386,0
0.02580,0
0.02108,0
0.02254,0
0.01866,0
0.01437,0
0.02077,0
0.02986,0
0.02808,0
0.03002,0
0.03416,0
0.04163,0
0.00534,0
0.00655,0
0.00695,0
0.00705,0
0.01401,0
0.03074,0
0.03533,0
0.03389,0
0.03228,0
0.03250,0
0.04983,0
0.03348,0
0.01983,0
0.02532,0
0.02575,0
0.02306,0
0.02556,0
0.03510,0
0.03007,0
0.01860,0
0.02413,0
0.03562,0
0.03282,0
0.03205,0
0.11240,0
0.07299,0
0.05776,0
0.04444,0
0.04772,0
0.05119,0
0.05062,0
0.04959,0
0.05333,0
0.05664,0
0.02351,0
0.03368,0
0.02365,0
0.01964,0
0.02013,0
0.02429,0
0.00534,0
0.00655,0
0.03957,0
0.04235,0
0.03836,0
0.02913,0
0.03239,0
0.03728,0
0.04235,0
0.05503,0
0.00534,0
0.06511,1
0.06337,1
0.09215,1
0.11269,1
0.10141,1
0.08563,1
0.08631,1
0.08736,1
0.08091,1
0.08708,1
0.03728,0
0.02900,0
0.01621,0
0.02639,0
0.03410,0
0.02860,0
0.02620,0
0.02677,0
0.03282,0
0.03557,0
0.00534,0
0.01218,0
0.01160,0
0.00902,0
0.01624,0
0.02413,0
0.02567,0
0.02690,0
0.02760,0
0.02808,0
0.01461,0
0.01250,0
0.00973,0
0.04766,1
0.05690,1
0.08319,1
0.10076,1
0.09298,1
0.09949,1
0.10777,1
0.12007,0
0.08306,0
0.06383,0
0.05568,0
0.05353,0
0.04275,0
0.04462,0
0.00534,0
0.00819,0
0.00905,0
0.00815,0
0.01820,0
0.01937,0
0.02128,0
0.05763,0
0.02341,0
0.03394,0
0.03633,0
0.03363,0
0.02806,0
0.02262,0
0.02293,0
0.02340,0
0.02828,0
0.01461,0
0.01250,0
0.00999,0
0.00897,0
0.01126,0
0.03134,0
0.04694,0
0.03376,0
0.03240,0
0.03775,0
0.00534,0
0.01218,0
0.01160,0
0.01017,0
0.02438,0
0.02307,0
0.03635,0
0.04154,0
0.03489,0
0.03741,0
0.03453,0
0.05182,0
0.03939,0
0.03572,0
0.03110,0
0.03048,0
0.03432,0
0.00534,0
0.00655,0
0.03713,1
0.06436,1
0.08231,1
0.09148,1
0.07128,1
0.06963,1
0.06514,1
0.06158,1
0.00534,0
0.00655,0
0.00695,0
0.00586,0
0.01304,0
0.01568,0
0.01780,0
0.02034,0
0.01809,0
0.02457,0
0.11361,0
0.07902,0
0.04965,0
0.03818,0
0.03499,0
0.03457,0
0.04195,0
0.01461,0
0.01250,0
0.01099,0
0.00898,0
0.01447,0
0.01067,0
0.01636,0
0.00534,1
0.00655,1
0.01307,1
0.02916,1
0.04614,1
0.05847,1
0.08123,1
0.07407,1
0.08097,1
0.02108,0
0.02254,0
0.01848,0
0.03684,0
0.03084,0
0.03257,0
0.03405,0
0.04067,0
0.05961,0
0.06672,1
0.02497,1
0.04483,1
0.06675,1
0.07144,1
0.08278,1
0.08929,1
0.10478,1
0.10658,1
0.03510,0
0.02915,0
0.01642,0
0.03158,0
0.03568,0
0.02465,0
0.01924,0
0.01816,0
0.02204,0
0.03018,0
0.00534,0
0.01218,0
0.01271,0
0.01139,0
0.01579,0
0.01332,0
0.01913,0
0.00534,0
0.01218,0
0.04199,0
0.04692,0
0.04133,0
0.03305,0
0.03550,0
0.03986,0
0.04466,0
0.05698,0
0.03091,0
0.05254,0
0.04428,0
0.03546,0
0.03039,0
0.02458,0
0.02256,0
0.02482,0
0.02575,0
0.02901,0
0.00534,0
0.00655,0
0.04261,0
0.04524,0
0.02704,0
0.02402,0
0.02946,0
0.03311,0
0.03866,0
0.04892,0
0.00534,0
0.00813,0
0.00827,0
0.00739,0
0.01314,0
0.01081,0
0.01416,0
0.00534,0
0.05349,0
0.03741,0
0.04294,0
0.03317,0
0.02864,0
0.03358,0
0.03730,0
0.04385,0
0.05505,0
0.01461,0
0.01806,0
0.05927,0
0.05135,0
0.04054,0
0.04473,0
0.04358,0
0.04421,0
0.05413,0
0.00534,0
0.00819,0
0.01135,0
0.00884,0
0.04015,0
0.04889,0
0.05328,0
0.03467,0
0.03202,0
0.03607,0
0.01461,0
0.01393,0
0.01326,0
0.01046,0
0.01595,0
0.01254,0
0.01550,0
0.02108,0
0.02254,0
0.02168,0
0.01664,0
0.01945,0
0.01646,0
0.02269,0
0.00534,0
0.00655,0
0.05760,1
0.04978,1
0.05438,1
0.05285,1
0.06821,1
0.09485,1
0.11962,1
0.13549,1
0.03091,0
0.04124,0
0.04306,0
0.04228,0
0.03728,0
0.04799,0
0.05836,0
0.05521,0
0.05440,0
0.05589,0
0.01461,0
0.01806,0
0.01491,0
0.02879,0
0.02502,0
0.02765,0
0.02923,0
0.03159,0
0.06598,0
0.10301,0
0.13940,0
0.08675,0
0.05125,0
0.04958,0
0.03324,0
0.03299,0
0.03110,0
0.03094,0
0.03368,0
0.04303,0
0.00534,0
0.00655,0
0.00638,0
0.00549,0
0.01167,0
0.00860,0
0.01176,0
0.11240,0
0.08373,0
0.08188,0
0.08307,0
0.08469,0
0.07461,0
0.07534,0
0.07781,0
0.08099,0
0.00534,0
0.01218,0
0.01185,0
0.00910,0
0.01625,0
0.02734,0
0.03694,0
0.03393,0
0.03173,0
0.03363,0
0.00534,0
0.00655,0
0.01338,1
0.03543,1
0.05342,1
0.05891,1
0.06100,1
0.06871,1
0.06494,1
0.08101,1
0.12230,1
0.15042,1
0.02108,0
0.02254,0
0.01901,0
0.01430,0
0.01865,0
0.02799,0
0.02663,0
0.02614,0
0.02788,0
0.03015,0
0.00534,0
0.00655,0
0.00626,0
0.00590,0
0.01201,0
0.01512,0
0.01528,0
0.00534,0
0.00655,0
0.04945,0
0.05662,0
0.06661,0
0.07719,0
0.09533,0
0.00534,0
0.00655,0
0.03496,0
0.02761,0
0.04557,0
0.05832,0
0.06267,0
0.04001,0
0.03721,0
0.04176,0
0.15617,1
0.20465,1
0.11681,1
0.11788,1
0.11208,1
0.12231,1
0.11785,1
0.11436,1
0.11374,1
0.08057,0
0.09904,0
0.13517,0
0.11595,0
0.09718,0
0.07451,0
0.07386,0
0.07382,0
0.07697,0
0.08172,0
0.06672,0
0.02786,0
0.03739,0
0.02598,0
0.02804,0
0.03080,0
0.03295,0
0.00534,0
0.00655,0
0.00655,0
0.00594,0
0.01196,0
0.00993,0
0.01645,0
0.00534,0
0.00655,0
0.00960,0
0.00910,0
0.01271,0
0.01848,0
0.02194,0
0.02190,0
0.02187,0
0.02696,0
0.00534,0
0.00655,0
0.00618,0
0.00674,0
0.01255,0
0.02099,0
0.02108,0
0.02438,0
0.02550,0
0.08057,0
0.05830,0
0.03596,0
0.03620,0
0.03074,0
0.02711,0
0.02752,0
0.02861,0
0.03092,0
0.03674,0
0.10011,0
0.16967,0
0.13792,0
0.07556,0
0.05798,0
0.05313,0
0.04879,0
0.04811,0
0.05095,0
0.06088,0
0.01461,0
0.01393,0
0.01253,0
0.01109,0
0.01601,0
0.01236,0
0.01485,0
0.00534,0
0.00655,0
0.00638,0
0.00774,1
0.01551,1
0.02305,1
0.02911,1
0.04096,1
0.05739,1
0.06728,1
0.00534,0
0.00655,0
0.00626,0
0.00681,0
0.01277,0
0.01377,0
0.01620,0
0.01743,0
0.01821,0
0.02480,0
0.00534,0
0.00655,0
0.00655,0
0.00686,0
0.01262,0
0.01586,0
0.01989,0
0.01461,0
0.01250,0
0.00999,0
0.00804,0
0.01038,0
0.01749,0
0.01907,0
0.02135,0
0.02027,0
0.02619,0
0.00534,0
0.01218,0
0.01172,0
0.04038,0
0.05609,0
0.06498,0
0.06208,0
0.07800,0
0.08324,0
0.00534,0
0.01218,0
0.04702,0
0.05069,0
0.03235,0
0.03184,0
0.03422,0
0.03701,0
0.04026,0
0.04922,0
0.00534,0
0.01218,0
0.01160,0
0.01017,0
0.01571,0
0.01671,0
0.01975,0
0.02003,0
0.02047,0
0.02612,0
0.05883,0
0.02466,0
0.02683,0
0.02939,0
0.03265,0
0.02906,0
0.02601,0
0.02506,0
0.02657,0
0.03159,0
0.01461,0
0.01403,0
0.01160,0
0.00983,0
0.01695,0
0.03498,0
0.03315,0
0.03180,0
0.03320,0
0.03509,0
0.00534,0
0.00655,0
0.00638,0
0.00640,0
0.02516,0
0.03589,0
0.04091,0
0.04093,0
0.04406,0
0.05044,0
0.00534,0
0.00655,0
0.00626,0
0.00590,0
0.01308,0
0.02302,0
0.02332,0
0.02636,0
0.02719,0
0.00534,0
0.00819,0
0.00874,0
0.00750,0
0.01303,0
0.01624,0
0.01837,0
0.02018,0
0.01773,0
0.02424,0
0.00534,0
0.01218,0
0.01185,0
0.00910,0
0.01451,0
0.02286,0
0.03398,0
0.03445,0
0.03715,0
0.04505,0
0.00534,0
0.01218,0
0.01272,0
0.00965,0
0.01502,0
0.01117,0
0.01821,0
0.03091,0
0.04124,0
0.04291,0
0.05962,0
0.05026,0
0.03663,0
0.03336,0
0.03175,0
0.03314,0
0.00534,0
0.00813,0
0.00840,0
0.03618,0
0.02823,0
0.02580,0
0.02961,0
0.03710,0
0.03705,0
0.04644,0
0.00534,0
0.00819,0
0.00905,0
0.00723,0
0.01282,0
0.01454,0
0.01673,0
0.02256,0
0.02149,0
0.02671,0
0.01461,0
0.01250,0
0.00973,0
0.00837,0
0.01395,0
0.01047,0
0.01768,0
0.03453,0
0.05182,0
0.05270,0
0.04002,0
0.03294,0
0.03198,0
0.03349,0
0.00534,0
0.00655,0
0.03957,0
0.04235,0
0.03517,0
0.02961,0
0.03348,0
0.03847,0
0.04465,0
0.05757,0
0.00534,0
0.00819,0
0.00905,0
0.00723,0
0.01290,0
0.02181,0
0.02172,0
0.02270,0
0.02533,0
0.00534,0
0.00655,0
0.00618,0
0.00674,0
0.01254,0
0.00996,0
0.01263,0
0.05574,0
0.02304,0
0.02652,0
0.03475,0
0.05805,0
0.03821,0
0.03101,0
0.02865,0
0.02939,0
0.03855,0
0.00534,0
0.00655,0
0.00638,0
0.00549,0
0.01167,0
0.00969,0
0.01624,0
0.00534,0
0.01218,0
0.01424,0
0.01234,0
0.01798,0
0.01861,0
0.01901,0
0.02094,0
0.02082,0
0.02369,0
0.00534,0
0.00655,0
0.03729,0
0.03143,0
0.03512,0
0.03582,0
0.03631,0
0.03698,0
0.03787,0
0.00534,0
0.00655,0
0.00618,0
0.00674,0
0.01380,0
0.01953,0
0.02305,0
0.02712,0
0.02806,0
0.02108,0
0.01501,0
0.01256,0
0.01074,0
0.01784,0
0.03360,1
0.04151,1
0.05915,1
0.06074,1
0.07776,1
0.12101,1
0.15012,1
0.15432,1
0.05595,1
0.09026,1
0.10147,1
0.08612,1
0.07073,1
0.05735,1
0.05417,1
0.05094,1
0.05880,1
0.06040,1
0.01461,0
0.01250,0
0.01065,0
0.00855,0
0.01357,0
0.03291,0
0.03276,0
0.03240,0
0.03553,0
0.03854,0
0.03728,0
0.02565,0
0.01418,0
0.02200,0
0.02252,0
0.02041,0
0.02309,0
0.01461,0
0.05753,0
0.04231,0
0.04566,0
0.03475,0
0.03263,0
0.03656,0
0.04723,0
0.05249,0
0.06756,0
0.03728,0
0.02818,0
0.01519,0
0.03136,0
0.03569,0
0.02610,0
0.02032,0
0.01858,0
0.02109,0
0.02567,0
0.00534,0
0.01218,0
0.04494,0
0.04806,0
0.04311,0
0.03271,0
0.03604,0
0.03913,0
0.04327,0
0.05664,0
0.03728,0
0.02900,0
0.01583,0
0.02680,0
0.03126,0
0.02739,0
0.02537,0
0.02421,0
0.03082,0
0.03291,0
0.15364,0
0.11287,0
0.07402,0
0.06586,0
0.05527,0
0.05045,0
0.04779,0
0.04638,0
0.04925,0
0.05842,0
0.12007,0
0.07899,0
0.05725,0
0.05087,0
0.04977,0
0.03875,0
0.04082,0
0.00534,0
0.00655,0
0.00695,0
0.00586,0
0.00964,0
0.02712,0
0.04344,0
0.03339,0
0.03444,0
0.03964,0
0.01461,0
0.01250,0
0.00985,0
0.00844,0
0.01403,0
0.01386,0
0.01751,0
0.08057,0
0.06012,0
0.03527,0
0.03344,0
0.02674,0
0.02463,0
0.02537,0
0.02656,0
0.02915,0
0.03456,0
0.03091,0
0.05254,0
0.04744,0
0.03621,0
0.03181,0
0.02636,0
0.02379,0
0.02275,0
0.02386,0
0.02761,0
0.01461,0
0.01393,0
0.01224,0
0.01009,0
0.02285,0
0.02627,0
0.03592,0
0.04175,0
0.03571,0
0.03690,0
0.03091,0
0.04047,0
0.02889,0
0.02516,0
0.02039,0
0.02185,0
0.02600,0
0.05883,0
0.02309,0
0.03391,0
0.02364,0
0.01941,0
0.02009,0
0.02425,0
0.00534,0
0.00655,0
0.04278,1
0.05454,1
0.06345,1
0.07543,1
0.08751,1
0.12308,1
0.13090,1
0.12767,1
0.03453,0
0.05648,0
0.04119,0
0.03630,0
0.03101,0
0.02522,0
0.02367,0
0.02597,0
0.02692,0
0.02952,0
0.02538,1
0.02494,1
0.02052,1
0.01587,1
0.02224,1
0.02191,1
0.03194,1
0.05364,0
0.02196,0
0.02500,0
0.02805,0
0.03073,0
0.02769,0
0.02542,0
0.02593,0
0.02606,0
0.03133,0
0.02108,0
0.01501,0
0.01343,0
0.04108,0
0.02925,0
0.02597,0
0.03038,0
0.03744,0
0.03724,0
0.04626,0
0.03091,0
0.04047,0
0.04624,0
0.03767,0
0.02928,0
0.02962,0
0.03169,0
0.05595,0
0.02262,0
0.03370,0
0.03588,0
0.03328,0
0.02787,0
0.02245,0
0.02121,0
0.02187,0
0.03145,0
0.19062,0
0.15221,0
0.14423,0
0.14433,0
0.13073,0
0.12158,0
0.11563,0
0.11698,0
0.12329,0
0.13748,0
0.00534,0
0.01218,0
0.01272,0
0.02820,0
0.02407,0
0.02692,0
0.02762,0
0.03515,0
0.06468,0
0.00534,0
0.00655,0
0.00626,0
0.00590,0
0.02241,0
0.02092,0
0.02758,0
0.03635,0
0.05058,0
0.06809,0
0.00534,0
0.00655,0
0.00626,0
0.00681,0
0.01265,0
0.00899,0
0.01213,0
0.05574,0
0.02304,0
0.03062,0
0.03720,0
0.06044,0
0.04473,0
0.03606,0
0.03261,0
0.03263,0
0.04116,0
0.00534,0
0.00655,0
0.00626,0
0.00681,0
0.00991,0
0.01525,0
0.01861,0
0.01963,0
0.01841,0
0.02216,0
0.00534,0
0.00655,0
0.00734,0
0.00638,0
0.01348,0
0.01936,0
0.03519,0
0.04528,0
0.05542,0
0.01461,0
0.01250,0
0.04861,1
0.03920,1
0.04447,1
0.06598,1
0.08916,1
0.05368,1
0.06348,1
0.05092,1
0.04769,1
0.04783,1
0.04983,1
0.05540,1
0.06446,1
0.13756,0
0.14371,0
0.16377,0
0.12097,0
0.09327,0
0.08268,0
0.07532,0
0.07202,0
0.07276,0
0.08040,0
0.00534,0
0.00655,0
0.00638,0
0.02644,0
0.02084,0
0.02496,0
0.02511,0
0.02755,0
0.06236,0
0.09212,0
0.00534,0
0.00655,0
0.00655,0
0.00594,0
0.01380,0
0.02229,0
0.02187,0
0.02117,0
0.02226,0
0.02409,0
0.00534,0
0.04405,1
0.04638,1
0.03715,1
0.03676,1
0.04594,1
0.05394,1
0.00534,0
0.01218,0
0.04494,0
0.04806,0
0.04050,0
0.03835,0
0.04185,0
0.04627,0
0.05265,0
0.07401,0
0.00534,0
0.05884,0
0.03981,0
0.05012,0
0.03834,0
0.03593,0
0.03954,0
0.04946,0
0.05467,0
0.06488,0
0.00534,0
0.00819,0
0.00980,0
0.00902,0
0.01537,0
0.02405,1
0.03610,1
0.03650,1
0.03803,1
0.03987,1
0.05949,1
0.13940,0
0.09109,0
0.05358,0
0.05065,0
0.03688,0
0.03306,0
0.03146,0
0.03170,0
0.03470,0
0.04416,0
0.00534,0
0.07556,0
0.04916,0
0.05896,0
0.06434,0
0.05417,0
0.05555,0
0.00534,0
0.00655,0
0.00695,0
0.00705,0
0.02636,0
0.03555,0
0.03568,0
0.03154,0
0.03436,0
0.04164,0
0.08057,0
0.06012,0
0.03395,0
0.03528,0
0.02971,0
0.02612,0
0.02634,0
0.02737,0
0.03727,0
0.04198,0
0.01461,0
0.01806,0
0.01784,0
0.01383,0
0.01950,0
0.02830,0
0.02788,0
0.02713,0
0.02700,0
0.03043,0
0.00534,0
0.00655,0
0.00695,0
0.00586,0
0.01187,0
0.00868,0
0.01708,0
0.03091,0
0.03719,0
0.04292,0
0.04017,0
0.03991,0
0.03832,0
0.03418,0
0.03178,0
0.03203,0
0.03386,0
0.10169,0
0.05868,0
0.03170,0
0.02471,1
0.02439,1
0.02644,1
0.03450,1
0.04102,1
0.04738,1
0.05536,1
0.10169,0
0.05868,0
0.02942,0
0.02331,0
0.02325,0
0.02489,0
0.03360,0
0.00534,0
0.01218,0
0.01160,0
0.00902,0
0.01478,0
0.01778,0
0.01858,0
0.03592,1
0.05100,1
0.05668,1
0.04983,0
0.03538,0
0.01920,0
0.02449,0
0.03318,0
0.03362,0
0.03384,0
0.00534,0
0.00655,0
0.00618,0
0.00674,0
0.01255,0
0.02219,0
0.02353,0
0.02354,0
0.02425,0
0.02572,0
0.01461,0
0.01806,0
0.01505,0
0.01154,0
0.03117,0
0.04030,0
0.04242,0
0.05611,0
0.06459,0
0.01461,0
0.01250,0
0.01099,0
0.00898,0
0.01446,0
0.02226,0
0.02227,0
0.02313,0
0.02658,0
0.02979,0
0.00534,0
0.01218,0
0.01424,0
0.01121,0
0.01566,0
0.02020,0
0.02391,0
0.00534,0
0.00655,0
0.00695,0
0.00705,0
0.01275,0
0.00963,0
0.01649,0
0.04983,0
0.03485,0
0.01943,0
0.02655,0
0.03129,0
0.02562,0
0.02284,0
0.02231,0
0.02649,0
0.03154,0
0.02108,0
0.01501,0
0.01343,0
0.01159,0
0.01804,0
0.03172,0
0.03841,0
0.03194,0
0.03138,0
0.03238,0
0.05702,1
0.06738,1
0.05664,0
0.02210,0
0.03262,0
0.03546,0
0.03005,0
0.02535,0
0.02078,0
0.02135,0
0.02298,0
0.02806,0
0.13770,0
0.06371,0
0.04828,0
0.03316,0
0.02914,0
0.02755,0
0.02786,0
0.02905,0
0.03393,0
0.04994,0
0.00534,0
0.01218,0
0.01160,0
0.00902,0
0.01459,0
0.01701,0
0.02051,0
0.00534,0
0.00819,0
0.00888,0
0.02749,0
0.02303,0
0.02589,0
0.02493,0
0.03044,0
0.06525,0
0.10212,0
0.05793,0
0.05433,1
0.06096,1
0.07920,1
0.07089,1
0.05965,1
0.05208,1
0.04524,1
0.04890,1
0.09713,1
0.10590,1
0.00534,0
0.00655,0
0.00841,0
0.00690,0
0.01254,0
0.01727,0
0.01780,0
0.03091,0
0.03719,0
0.04164,0
0.05729,0
0.04572,0
0.03387,0
0.03243,0
0.03181,0
0.04025,0
0.00534,0
0.04969,0
0.06741,0
0.04069,0
0.03508,0
0.02836,0
0.03267,0
0.03565,0
0.04225,0
0.05234,0
0.10079,0
0.07373,0
0.04269,0
0.03546,0
0.02664,0
0.03021,0
0.03129,0
0.03355,0
0.03955,0
0.00534,0
0.01218,0
0.01172,0
0.00985,0
0.01541,0
0.01702,0
0.01945,0
0.02164,0
0.02069,0
0.02341,0
0.05664,0
0.02351,0
0.03518,0
0.03736,0
0.03321,0
0.02773,0
0.02293,0
0.02166,0
0.02220,0
0.03083,0
0.00534,0
0.00819,0
0.00905,0
0.00815,0
0.01376,0
0.02586,0
0.03267,0
0.02748,0
0.02714,0
0.02982,0
0.00534,0
0.00819,0
0.00980,0
0.00784,0
0.01371,0
0.00996,0
0.01355,0
0.11882,0
0.14811,0
0.07506,0
0.04820,0
0.04036,0
0.03707,0
0.03713,0
0.04003,0
0.04506,0
0.03728,0
0.02666,0
0.01506,0
0.03162,0
0.03003,0
0.02250,0
0.02047,0
0.01941,0
0.02250,0
0.03062,0
0.00534,0
0.00655,0
0.00626,0
0.00681,0
0.05118,1
0.06610,1
0.06173,1
0.06741,1
0.07688,1
0.08222,1
0.08772,1
0.09850,1
0.12520,1
0.00534,0
0.00655,0
0.00734,0
0.00638,0
0.01425,0
0.02117,0
0.02090,0
0.02281,0
0.02478,0
0.03091,0
0.03719,0
0.04292,0
0.03688,0
0.03712,0
0.03640,0
0.03171,0
0.02953,0
0.02993,0
0.03398,0
0.00534,0
0.00655,0
0.00638,0
0.00549,0
0.01134,0
0.02597,0
0.03716,0
0.03108,0
0.03154,0
0.03424,0
0.00534,0
0.00655,0
0.00695,0
0.00705,0
0.01275,0
0.01723,0
0.01776,0
0.00534,0
0.00655,0
0.00618,0
0.00583,0
0.01190,0
0.01434,0
0.01435,0
0.00534,0
0.01218,0
0.01160,0
0.01017,0
0.01742,0
0.02630,0
0.02574,0
0.02498,0
0.02532,0
0.02680,0
0.03453,0
0.04358,0
0.05277,0
0.05517,0
0.04973,0
0.04420,0
0.03890,0
0.03744,0
0.03730,0
0.04084,0
0.11134,0
0.08678,1
0.09248,1
0.10797,1
0.10057,1
0.09808,1
0.09469,1
0.09841,1
0.11653,1
0.05475,0
0.05165,0
0.03484,0
0.03653,0
0.03050,0
0.03116,0
0.03137,0
0.03186,0
0.03410,0
0.03920,0
0.02108,0
0.02254,0
0.06145,0
0.03994,0
0.03461,0
0.03724,0
0.03451,0
0.03735,0
0.03530,0
0.04387,0
0.00534,0
0.00819,0
0.01001,0
0.00811,0
0.01851,0
0.01360,0
0.01949,0
0.03091,0
0.04771,0
0.03787,0
0.03606,0
0.02997,0
0.03021,0
0.03258,0
0.10169,0
0.07149,0
0.04119,0
0.03252,0
0.03098,0
0.03161,0
0.03927,0
0.01461,0
0.01250,0
0.00999,0
0.00804,0
0.01371,0
0.02297,0
0.02421,0
0.02496,0
0.02666,0
0.02969,0
0.01461,0
0.01250,0
0.00999,0
0.03644,0
0.05003,0
0.04966,0
0.05263,0
0.05800,0
0.07542,0
0.01461,0
0.01250,0
0.05860,0
0.04099,0
0.03635,0
0.03039,0
0.03836,0
0.04364,0
0.05104,0
0.07386,0
0.00534,0
0.00655,0
0.00618,0
0.02602,0
0.02154,0
0.02561,0
0.02585,0
0.02848,0
0.04066,0
0.04730,0
0.00534,0
0.01218,0
0.01160,0
0.00902,0
0.01651,0
0.02318,0
0.02263,0
0.02561,0
0.02663,0
0.06672,0
0.02497,0
0.02841,0
0.03931,0
0.04050,0
0.03263,0
0.03007,0
0.02925,0
0.02965,0
0.03826,0
0.00534,0
0.00813,0
0.00815,0
0.00732,0
0.01417,0
0.02134,0
0.02451,0
0.02426,0
0.02807,0
0.02988,0
0.00534,0
0.00655,0
0.05720,0
0.03510,0
0.03143,0
0.03366,0
0.03092,0
0.03498,0
0.03341,0
0.04309,0
0.12715,0
0.05980,0
0.05769,0
0.04342,0
0.04053,0
0.03689,0
0.03681,0
0.03803,0
0.04220,0
0.05758,0
0.10169,0
0.04753,0
0.03746,0
0.03140,0
0.03204,0
0.04613,0
0.05202,0
0.01461,0
0.01250,0
0.00985,0
0.00844,0
0.01403,0
0.01691,0
0.02084,0
0.10079,0
0.05785,0
0.06666,0
0.05593,0
0.04617,0
0.04408,0
0.04380,0
0.04444,0
0.05065,0
0.00534,0
0.00813,0
0.00854,0
0.04034,0
0.02947,0
0.02765,0
0.03157,0
0.03636,0
0.03812,0
0.04939,0
0.41957,0
0.33654,0
0.23794,0
0.18349,0
0.15395,0
0.13737,0
0.12342,0
0.11790,0
0.11407,0
0.12423,0
0.00534,0
0.00813,0
0.01025,0
0.00964,0
0.01490,0
0.01142,0
0.01803,0
0.05364,0
0.02196,0
0.02500,0
0.03324,0
0.03267,0
0.03314,0
0.02904,0
0.02744,0
0.02734,0
0.03600,0
0.03728,0
0.03222,0
0.01891,0
0.02902,0
0.04089,0
0.06163,0
0.06791,0
0.06161,0
0.06590,0
0.07254,0
0.06672,0
0.02786,0
0.03739,0
0.02685,0
0.02900,0
0.02792,0
0.03067,0
0.00534,0
0.00655,0
0.00695,0
0.00586,0
0.01187,0
0.00971,0
0.01307,0
0.10696,0
0.10354,0
0.07163,0
0.05585,0
0.05293,0
0.04243,0
0.03988,0
0.03799,0
0.03858,0
0.04324,0
0.02108,0
0.01501,0
0.01218,0
0.01101,0
0.01707,0
0.01990,0
0.02071,0
0.02117,0
0.02136,0
0.02658,0
0.04983,0
0.04266,0
0.02498,0
0.03081,0
0.03628,0
0.02991,0
0.02653,0
0.02464,0
0.02724,0
0.03161,0
0.00534,0
0.00655,0
0.00841,0
0.00690,0
0.01427,0
0.02205,0
0.03849,0
0.03550,0
0.03843,0
0.04198,0
0.00534,0
0.01218,0
0.01271,0
0.01139,0
0.02790,0
0.02966,0
0.03788,0
0.04323,0
0.03755,0
0.03918,0
0.10696,0
0.07386,0
0.05553,0
0.04223,0
0.04088,0
0.03165,0
0.03050,0
0.03062,0
0.03126,0
0.03616,0
0.05574,1
0.02456,1
0.02682,1
0.04502,1
0.09911,1
0.08044,1
0.08905,1
0.09174,1
0.10715,1
0.11021,1
0.00534,0
0.00655,0
0.00638,0
0.00549,0
0.01134,0
0.01481,0
0.01642,0
0.01679,0
0.01692,0
0.02238,0
0.02108,0
0.01501,0
0.04939,0
0.05207,0
0.05640,0
0.05517,0
0.05398,0
0.06613,0
0.08284,0
0.15364,0
0.11287,0
0.07400,0
0.06192,0
0.04765,0
0.04242,0
0.04138,0
0.03986,0
0.04234,0
0.04926,0
0.01461,0
0.01250,0
0.04599,1
0.05700,1
0.05829,1
0.06468,1
0.08392,1
0.08712,1
0.09261,1
0.11538,1
0.05883,0
0.02309,0
0.03085,0
0.03742,0
0.06241,0
0.04441,0
0.04247,0
0.03877,0
0.03876,0
0.05177,0
0.01461,0
0.01393,0
0.01326,0
0.01163,0
0.01758,0
0.01819,0
0.01863,0
0.02263,0
0.02143,0
0.02728,0
0.05664,0
0.02351,0
0.03368,0
0.02365,0
0.01964,0
0.02207,0
0.02636,0
0.02108,0
0.10308,0
0.07756,0
0.06715,0
0.06320,0
0.05276,0
0.05368,0
0.05413,0
0.05823,0
0.06616,0
0.00534,0
0.06278,0
0.08213,0
0.06724,0
0.05269,0
0.05733,0
0.06118,0
0.06683,0
0.07602,0
0.01461,0
0.01250,0
0.00973,0
0.00837,0
0.03833,0
0.04714,0
0.05199,0
0.03519,0
0.03346,0
0.03629,0
0.15617,0
0.16441,0
0.08129,0
0.05219,0
0.04323,0
0.04020,0
0.04089,0
0.04323,0
0.05016,0
0.03453,0
0.03760,0
0.04608,0
0.04021,0
0.03571,0
0.02875,0
0.03027,0
0.02835,0
0.02880,0
0.03095,0
0.11984,0
0.08642,0
0.04913,0
0.04993,0
0.03867,0
0.03492,0
0.03299,0
0.03299,0
0.03653,0
0.04646,0
0.03091,0
0.04047,0
0.04624,0
0.03659,0
0.03458,0
0.03404,0
0.03630,0
0.34014,0
0.25263,0
0.20772,0
0.17100,0
0.15996,0
0.15749,0
0.14066,0
0.13164,0
0.12810,0
0.12429,0
0.03728,0
0.02927,0
0.01782,0
0.02883,0
0.04001,0
0.06066,0
0.06413,0
0.06200,0
0.06114,0
0.06131,0
0.00534,0
0.00655,0
0.00734,0
0.02526,0
0.02182,0
0.04033,1
0.05102,1
0.04626,1
0.05161,1
0.05899,1
0.08654,1
0.12575,1
0.15651,1
0.00534,0
0.00655,0
0.00618,0
0.02540,0
0.03571,0
0.03410,0
0.04520,0
0.04582,0
0.03482,0
0.03894,0
0.00534,0
0.00655,0
0.04262,0
0.03473,0
0.03654,0
0.02712,0
0.02768,0
0.00534,0
0.00813,0
0.01025,0
0.00964,0
0.01490,0
0.01715,0
0.02020,0
0.03453,0
0.03933,0
0.04128,0
0.03598,0
0.03342,0
0.02760,0
0.02937,0
0.02778,0
0.02831,0
0.03249,0
0.01461,0
0.01403,0
0.04103,0
0.04443,0
0.03670,0
0.03149,0
0.03624,0
0.04014,0
0.04676,0
0.05951,0
0.00534,0
0.00655,0
0.00841,0
0.00806,0
0.01558,0
0.02290,0
0.02287,0
0.03130,0
0.04313,0
0.00534,0
0.01218,0
0.04494,0
0.04806,0
0.04170,0
0.03324,0
0.03678,0
0.04057,0
0.04630,0
0.06822,0
0.05664,0
0.02351,0
0.03368,0
0.03174,0
0.02125,0
0.01918,0
0.02213,0
0.13940,0
0.08675,0
0.05125,0
0.04803,0
0.03559,0
0.03171,0
0.03026,0
0.03000,0
0.03327,0
0.04097,0
0.00534,0
0.01218,0
0.06135,0
0.04988,0
0.03818,0
0.03988,0
0.03695,0
0.03730,0
0.03989,0
0.05641,0
0.00534,0
0.00655,0
0.00638,0
0.00549,0
0.01134,0
0.01481,0
0.01728,0
0.01737,0
0.01722,0
0.02242,0
0.02108,0
0.01501,0
0.01256,0
0.00978,0
0.01706,0
0.02698,0
0.02688,0
0.02465,0
0.02527,0
0.02591,0
0.00534,0
0.00655,0
0.00638,0
0.00640,0
0.02516,0
0.03304,0
0.03300,0
0.06401,0
0.08787,0
0.09897,0
0.01461,0
0.01806,0
0.01505,0
0.01263,0
0.01705,0
0.01321,0
0.01553,0
0.00534,0
0.00655,0
0.00638,0
0.00640,0
0.01232,0
0.01377,0
0.01376,0
0.00534,0
0.00655,0
0.00695,0
0.00586,0
0.01187,0
0.00868,0
0.01583,0
0.05664,0
0.02351,0
0.03368,0
0.03514,0
0.02466,0
0.02195,0
0.02457,0
0.03091,0
0.05254,0
0.04744,0
0.03772,0
0.03186,0
0.02553,0
0.02321,0
0.02223,0
0.02403,0
0.02630,0
0.00534,0
0.00655,0
0.00741,0
0.00734,0
0.02166,0
0.02489,0
0.03476,0
0.03909,0
0.03373,0
0.03591,0
0.00534,0
0.00655,0
0.00655,0
0.00686,0
0.01260,0
0.01780,0
0.02069,0
0.02034,0
0.02429,0
0.00534,0
0.00655,0
0.00626,0
0.00681,0
0.01277,0
0.01577,0
0.01693,0
0.01715,0
0.01771,0
0.02327,0
0.10079,0
0.06614,0
0.04693,0
0.03733,0
0.04136,0
0.03109,0
0.03096,0
0.03032,0
0.03134,0
0.03618,0
0.03728,0
0.02818,0
0.01519,0
0.02193,0
0.02101,0
0.01901,0
0.02382,0
0.00534,0
0.01218,0
0.01160,0
0.00902,0
0.01459,0
0.01113,0
0.01393,0
0.04983,0
0.03370,0
0.01950,0
0.02689,0
0.04368,0
0.03635,0
0.03526,0
0.03232,0
0.03609,0
0.03783,0
0.02108,0
0.01501,0
0.01256,0
0.00978,0
0.02099,1
0.02244,1
0.03126,1
0.03973,1
0.04656,1
0.04880,1
0.03091,1
0.04047,1
0.04453,1
0.04802,1
0.08204,1
0.07573,1
0.10910,1
0.00534,0
0.00655,0
0.00741,0
0.00734,0
0.01531,0
0.02550,0
0.03222,0
0.02813,0
0.02935,0
0.03049,0
0.02108,0
0.01501,0
0.01344,0
0.01066,0
0.01617,0
0.02880,0
0.03907,0
0.03297,0
0.03378,0
0.04153,0
0.00534,0
0.00655,0
0.00841,0
0.00690,0
0.01371,0
0.03125,0
0.04292,0
0.03388,0
0.03549,0
0.04067,0
0.11240,0
0.08786,0
0.06611,0
0.06362,0
0.06094,0
0.08825,0
0.08993,0
0.11502,0
0.11210,0
0.10935,0
0.00534,0
0.00655,0
0.00626,0
0.00681,0
0.01390,0
0.02320,0
0.02347,0
0.02462,0
0.02699,0
0.00534,0
0.00655,0
0.00618,0
0.00583,0
0.01190,0
0.01504,0
0.01923,0
0.03728,0
0.02900,0
0.01631,0
0.02402,0
0.03215,0
0.03188,1
0.08979,1
0.09168,1
0.11257,1
0.14692,1
0.14085,1
0.00534,0
0.04221,1
0.05334,1
0.07283,1
0.06171,1
0.04719,1
0.05435,1
0.01461,0
0.01250,0
0.00999,0
0.03886,0
0.03470,0
0.02410,0
0.02862,0
0.03115,0
0.03460,0
0.05046,0
0.03510,0
0.02915,0
0.01678,0
0.02612,0
0.03111,0
0.05741,0
0.06369,0
0.05798,0
0.05293,0
0.05438,0
0.00534,0
0.00655,0
0.00638,0
0.00549,0
0.02484,0
0.03246,0
0.03654,0
0.06499,0
0.07232,0
0.00534,0
0.01218,0
0.01172,0
0.02935,0
0.03966,0
0.03783,0
0.05306,0
0.04991,0
0.03563,0
0.03978,0
0.01461,0
0.01250,0
0.00973,0
0.00837,0
0.01582,0
0.02286,0
0.03556,0
0.03203,0
0.03453,0
0.21196,0
0.10890,0
0.07384,0
0.06292,0
0.05689,0
0.04363,0
0.04508,0
0.10169,0
0.04252,0
0.02748,0
0.02482,0
0.02697,0
0.02926,0
0.03705,0
0.10169,0
0.04252,0
0.03437,0
0.02908,0
0.03104,0
0.03161,0
0.03905,0
0.09357,0
0.16955,0
0.13494,0
0.07804,0
0.05730,0
0.05019,0
0.04625,0
0.04441,0
0.04743,0
0.05687,0
0.00534,0
0.01218,0
0.03778,0
0.04621,0
0.05841,0
0.06952,0
0.09410,0
0.10079,0
0.07373,0
0.04269,0
0.03516,0
0.02631,0
0.02654,0
0.02799,0
0.03063,0
0.03775,0
0.05364,0
0.02196,0
0.03332,0
0.02352,0
0.01942,0
0.02010,0
0.02309,0
0.00534,0
0.00819,0
0.03568,0
0.04801,0
0.05480,0
0.06683,0
0.06709,0
0.06969,0
0.07247,0
0.08285,0
0.03728,0
0.02927,0
0.01782,0
0.02883,0
0.04437,0
0.03900,0
0.04052,0
0.03630,0
0.03907,0
0.04073,0
0.01461,0
0.01250,0
0.00999,0
0.00897,0
0.02722,0
0.03771,0
0.03915,0
0.06745,0
0.07485,0
0.03091,0
0.05254,0
0.03980,0
0.03543,0
0.03184,0
0.02586,0
0.02822,0
0.02647,0
0.02721,0
0.03022,0
0.01461,0
0.01806,0
0.01491,0
0.01242,0
0.03173,0
0.04507,0
0.05116,0
0.03302,0
0.03232,0
0.03708,0
0.05664,0
0.02210,0
0.03262,0
0.03068,0
0.03138,0
0.02503,0
0.02130,0
0.02038,0
0.02221,0
0.02748,0
0.03980,1
0.02766,1
0.02120,1
0.01840,1
0.02344,1
0.03972,1
0.04874,1
0.05807,1
0.05787,1
0.06231,1
0.03728,0
0.02818,0
0.01479,0
0.02542,0
0.03058,0
0.02796,0
0.02653,0
0.02904,0
0.03411,0
0.03686,0
0.01461,0
0.01250,0
0.00973,0
0.00837,0
0.01395,0
0.01115,0
0.01651,0
0.00534,0
0.00655,0
0.05720,1
0.03510,1
0.03646,1
0.03796,1
0.07156,1
0.05298,1
0.06042,1
0.08002,1
0.03091,0
0.04047,0
0.04058,0
0.02568,0
0.02002,0
0.02103,0
0.02396,0
0.01461,0
0.01393,0
0.01340,0
0.01067,0
0.01568,0
0.01692,0
0.01745,0
0.02106,0
0.01972,0
0.02267,0
0.02108,0
0.01641,0
0.01497,0
0.01306,0
0.03561,0
0.04901,0
0.05240,0
0.03552,0
0.03380,0
0.03390,0
0.05664,0
0.02351,0
0.03368,0
0.02365,0
0.02527,0
0.02668,0
0.02951,0
0.03453,0
0.04392,0
0.03046,0
0.02767,0
0.02225,0
0.02371,0
0.02776,0
0.09674,0
0.07304,0
0.05461,0
0.05054,0
0.05135,0
0.04060,0
0.04285,0
0.00534,0
0.01218,0
0.01271,0
0.01011,0
0.01494,0
0.01623,0
0.01996,0
0.00534,0
0.01218,0
0.04702,0
0.04998,0
0.03226,0
0.02942,0
0.03067,0
0.03382,0
0.03964,0
0.05833,0
0.01461,0
0.01806,0
0.01491,0
0.03205,0
0.04052,0
0.03836,0
0.04829,0
0.04694,0
0.03721,0
0.03946,0
0.01461,0
0.01250,0
0.00973,0
0.00837,0
0.01582,0
0.02285,0
0.03419,0
0.03620,0
0.04169,0
0.04895,0
0.05283,1
0.06908,1
0.07303,1
0.10952,1
0.08151,1
0.06890,1
0.06867,1
0.07329,1
0.07921,1
0.09697,1
0.13897,1
0.00534,0
0.00655,0
0.03919,0
0.04206,0
0.03229,0
0.03322,0
0.03147,0
0.03111,0
0.03276,0
0.05473,0
0.00534,0
0.00655,0
0.00655,0
0.00594,0
0.01172,0
0.02482,0
0.03211,0
0.02789,0
0.02920,0
0.03084,0
0.04983,0
0.03485,0
0.02014,0
0.02801,0
0.02838,0
0.02752,0
0.02487,0
0.02388,0
0.02723,0
0.03520,0
0.01461,0
0.01393,0
0.01326,0
0.01046,0
0.01595,0
0.01746,0
0.02042,0
0.01461,0
0.01250,0
0.00985,0
0.02813,0
0.02452,0
0.02764,0
0.02799,0
0.03057,0
0.04198,0
0.06363,0
0.03453,0
0.05182,0
0.03933,0
0.03423,0
0.02951,0
0.02895,0
0.03293,0
0.08057,0
0.06012,0
0.03527,0
0.03536,0
0.02966,0
0.02599,0
0.02627,0
0.02658,0
0.02925,0
0.03510,0
0.00534,0
0.00655,0
0.00638,0
0.00549,0
0.01155,0
0.02063,0
0.02075,0
0.02947,0
0.04395,0
0.00534,0
0.05349,0
0.03414,0
0.04656,0
0.03540,0
0.03373,0
0.03611,0
0.04032,0
0.04581,0
0.06174,0
0.12715,0
0.06149,0
0.05257,0
0.03639,0
0.03162,0
0.02965,0
0.02885,0
0.03101,0
0.03603,0
0.05184,0
0.00534,0
0.00655,0
0.00841,0
0.00806,0
0.01340,0
0.01746,0
0.02049,0
0.00534,0
0.00655,0
0.00626,0
0.00590,0
0.01912,0
0.02228,0
0.02809,0
0.03183,0
0.03137,0
0.03492,0
0.10696,0
0.06948,0
0.07602,0
0.04635,0
0.03817,0
0.03285,0
0.03282,0
0.03386,0
0.03524,0
0.04154,0
0.00534,0
0.01218,0
0.06001,0
0.03799,0
0.03312,0
0.03429,0
0.03181,0
0.03306,0
0.03356,0
0.04417,0
0.11240,1
0.12745,1
0.11514,1
0.09945,1
0.11201,1
0.15730,1
0.16138,1
0.18244,1
0.17159,1
0.16784,1
0.10696,0
0.06017,0
0.03978,0
0.03342,0
0.02425,0
0.02481,0
0.02643,0
0.02928,0
0.03644,0
0.04983,0
0.04266,0
0.02498,0
0.02802,0
0.02736,0
0.02440,0
0.02803,0
0.03091,0
0.04047,0
0.02896,0
0.02938,0
0.02479,0
0.02639,0
0.02868,0
0.03728,0
0.03222,0
0.01834,0
0.02940,0
0.03392,0
0.02982,0
0.02745,0
0.02753,0
0.03116,0
0.03339,0
0.08057,0
0.06012,0
0.03395,0
0.03528,0
0.02791,0
0.02568,0
0.02754,0
0.02772,0
0.03030,0
0.03554,0
0.00534,0
0.00813,0
0.04642,0
0.04586,0
0.05361,0
0.05116,0
0.04892,0
0.06037,0
0.07891,0
0.15617,0
0.16441,0
0.08145,0
0.05308,0
0.04860,0
0.04400,0
0.04314,0
0.04476,0
0.04903,0
0.02108,0
0.02254,0
0.01866,0
0.01573,0
0.02161,0
0.02868,0
0.02712,0
0.02580,0
0.02829,0
0.00534,0
0.00655,0
0.03957,0
0.04219,0
0.04280,0
0.04040,0
0.04350,0
0.04789,0
0.05393,0
0.06656,0
0.00534,0
0.00819,0
0.00916,0
0.00763,0
0.01025,0
0.01579,0
0.02012,0
0.02278,0
0.01997,0
0.02315,0
0.00534,0
0.00655,0
0.00741,0
0.00734,0
0.01011,0
0.01721,0
0.01999,0
0.02430,0
0.02333,0
0.02845,0
0.03728,0
0.02542,0
0.01444,0
0.02534,0
0.04053,0
0.06023,0
0.06354,0
0.05765,0
0.05699,0
0.05600,0
0.18343,0
0.08528,0
0.06600,0
0.05497,0
0.05180,0
0.03980,0
0.04196,0
0.00534,0
0.00655,0
0.00638,0
0.00549,0
0.01134,0
0.02310,0
0.04247,0
0.03174,0
0.03090,0
0.03754,0
0.00534,0
0.00655,0
0.00638,0
0.03356,1
0.03566,1
0.02108,0
0.01501,0
0.01256,0
0.00978,0
0.01480,0
0.01257,0
0.01555,0
0.00534,0
0.00655,0
0.00626,0
0.00681,0
0.01265,0
0.00931,0
0.01544,0
0.01461,0
0.01250,0
0.00973,0
0.00837,0
0.01395,0
0.01021,0
0.01299,0
0.05664,0
0.02210,0
0.02339,0
0.03240,0
0.03170,0
0.03052,0
0.02655,0
0.02521,0
0.02577,0
0.03070,0
0.01461,0
0.01250,0
0.04251,0
0.04419,0
0.03902,0
0.03107,0
0.03516,0
0.03956,0
0.04389,0
0.05722,0
0.09922,0
0.06582,0
0.05256,0
0.04748,0
0.04275,0
0.03391,0
0.03750,0
0.00534,0
0.00655,0
0.00618,0
0.00583,0
0.01302,0
0.02031,0
0.02183,0
0.02296,0
0.02381,0
0.02550,0
0.00534,0
0.00655,0
0.00695,0
0.04076,0
0.03616,0
0.02859,0
0.03257,0
0.03625,0
0.03801,0
0.05646,0
0.00534,0
0.00655,0
0.00626,0
0.00681,0
0.01265,0
0.01378,0
0.01385,0
0.13940,0
0.09109,0
0.05358,0
0.04835,0
0.03560,0
0.03183,0
0.03025,0
0.03048,0
0.03345,0
0.04213,0
0.08057,0
0.06012,0
0.03395,0
0.04042,0
0.03386,0
0.03308,0
0.03370,0
0.03296,0
0.03349,0
0.03826,0
0.00534,0
0.01218,0
0.01160,0
0.00902,0
0.01459,0
0.01113,0
0.01820,0
0.03091,0
0.04124,0
0.04291,0
0.08071,0
0.06900,0
0.05555,0
0.04995,0
0.04708,0
0.04588,0
0.05793,0
0.02531,0
0.03324,0
0.04034,0
0.04811,0
0.04271,0
0.03618,0
0.03311,0
0.03312,0
0.13770,0
0.06163,0
0.05194,0
0.03712,0
0.03115,0
0.02898,0
0.02891,0
0.03102,0
0.03588,0
0.05164,0
0.04983,0
0.07596,0
0.05486,0
0.05643,0
0.06382,0
0.07359,0
0.06568,0
0.05809,0
0.06475,0
0.00534,0
0.01218,0
0.01271,0
0.01011,0
0.03637,0
0.04061,0
0.04805,0
0.03269,0
0.03187,0
0.03614,0
0.01461,0
0.01250,0
0.01065,0
0.00855,0
0.01357,0
0.02300,0
0.02401,0
0.02215,0
0.02553,0
0.01461,0
0.01250,0
0.04476,0
0.05347,0
0.06693,0
0.07453,0
0.13175,0
0.03510,0
0.16503,0
0.11685,0
0.09587,0
0.07732,0
0.07592,0
0.07904,0
0.08535,0
0.07953,0
0.07860,0
0.03453,0
0.04004,0
0.04218,0
0.05734,0
0.04734,0
0.03429,0
0.03111,0
0.03035,0
0.03205,0
0.02108,0
0.01501,0
0.05186,0
0.05815,0
0.05074,0
0.03938,0
0.04256,0
0.04553,0
0.04935,0
0.06996,0
0.02108,0
0.02254,0
0.01848,0
0.01400,0
0.02067,0
0.03981,0
0.03690,0
0.03475,0
0.03597,0
0.03759,0
0.03091,0
0.03588,0
0.04346,0
0.03703,0
0.03134,0
0.02397,0
0.02649,0
0.02534,0
0.02680,0
0.02995,0
0.03453,0
0.03933,0
0.04128,0
0.03285,0
0.03122,0
0.02618,0
0.02491,0
0.02425,0
0.02543,0
0.03011,0
0.00534,0
0.00655,0
0.00618,0
0.00674,0
0.01465,0
0.01801,0
0.02031,0
0.02327,0
0.02455,0
0.00534,0
0.00813,0
0.04433,0
0.03470,0
0.03684,0
0.04667,0
0.04511,0
0.04586,0
0.04559,0
0.02108,0
0.01501,0
0.04055,0
0.06878,0
0.06381,0
0.05102,0
0.05104,0
0.05211,0
0.05810,0
0.07917,0
0.10079,0
0.10013,0
0.06827,0
0.05404,0
0.05256,0
0.04246,0
0.03992,0
0.03807,0
0.03835,0
0.04301,0
0.00534,0
0.01218,0
0.01172,0
0.00884,0
0.01428,0
0.01098,0
0.01672,0
0.11134,0
0.07329,0
0.05370,0
0.04830,0
0.04525,0
0.03570,0
0.03855,0
0.03728,0
0.02542,0
0.01444,0
0.02105,0
0.02235,0
0.02325,0
0.02673,0
0.00534,0
0.00819,0
0.00905,0
0.00815,0
0.01360,0
0.01010,0
0.01290,0
0.05793,0
0.02531,0
0.03851,0
0.04119,0
0.03675,0
0.03169,0
0.02549,0
0.02368,0
0.02489,0
0.03333,0
0.00534,0
0.00655,0
0.00655,0
0.00686,0
0.01260,0
0.02117,0
0.02127,0
0.02456,0
0.02562,0
0.00534,0
0.01218,0
0.01144,0
0.00886,0
0.02229,0
0.02090,0
0.03118,0
0.03744,0
0.03490,0
0.03917,0
0.03728,0
0.02565,0
0.01418,0
0.02998,0
0.02842,0
0.02266,0
0.02085,0
0.01972,0
0.02286,0
0.02779,0
0.05664,0
0.02210,0
0.02545,0
0.03946,0
0.06032,0
0.04199,0
0.04186,0
0.03813,0
0.03799,0
0.05041,0
0.00534,0
0.01218,0
0.01172,0
0.00884,0
0.01428,0
0.01152,0
0.01692,0
0.00534,0
0.00655,0
0.00695,0
0.00586,0
0.01358,0
0.02177,0
0.02205,0
0.03051,0
0.04241,0
0.05595,0
0.02403,0
0.03227,0
0.03845,0
0.04320,0
0.03372,0
0.03322,0
0.03092,0
0.03092,0
0.03893,0
0.00534,0
0.03774,1
0.05078,1
0.06423,1
0.09503,1
0.09080,1
0.08191,1
0.03728,0
0.02542,0
0.01504,0
0.02401,0
0.02926,0
0.02376,0
0.02243,0
0.02178,0
0.02314,0
0.03196,0
0.05595,0
0.02403,0
0.03618,0
0.03778,0
0.03482,0
0.02798,0
0.02264,0
0.02145,0
0.02309,0
0.02810,0
0.03091,0
0.05254,0
0.04744,0
0.03621,0
0.03181,0
0.02636,0
0.02379,0
0.02275,0
0.02386,0
0.02602,0
0.00534,0
0.01218,0
0.01144,0
0.00886,0
0.01449,0
0.01457,0
0.01407,0
0.00534,0
0.01218,0
0.05854,0
0.04032,0
0.03510,0
0.02905,0
0.03702,0
0.04326,0
0.05085,0
0.07806,0
0.00534,0
0.01218,0
0.01172,0
0.03752,0
0.02841,0
0.03023,0
0.03289,0
0.03605,0
0.03579,0
0.04549,0
0.13770,1
0.06163,1
0.05194,1
0.03712,1
0.03115,1
0.04294,1
0.05319,1
0.06553,1
0.03091,0
0.04047,0
0.02889,0
0.01975,0
0.01654,0
0.01857,0
0.02449,0
0.10169,0
0.04753,0
0.03746,0
0.03140,0
0.03085,0
0.03235,0
0.03952,0
0.00534,0
0.00655,0
0.00626,0
0.00590,0
0.01181,0
0.01485,0
0.01724,0
0.01742,0
0.01750,0
0.02053,0
0.03728,0
0.02900,0
0.01631,0
0.02615,0
0.03413,0
0.02867,0
0.02655,0
0.02430,0
0.02524,0
0.02932,0
0.01461,0
0.01393,0
0.01484,0
0.01145,0
0.01668,0
0.02032,0
0.02312,0
0.02108,0
0.01769,0
0.05743,0
0.03819,0
0.03342,0
0.03494,0
0.03243,0
0.03584,0
0.03459,0
0.04421,0
0.00534,0
0.00655,0
0.00618,0
0.00674,0
0.03156,0
0.03868,0
0.04684,0
0.02927,0
0.02831,0
0.03318,0
0.00534,0
0.06367,0
0.04836,0
0.05843,0
0.06220,0
0.05417,0
0.05567,0
0.12007,0
0.06910,0
0.04940,0
0.04462,0
0.04328,0
0.03347,0
0.03636,0
0.00534,0
0.00655,0
0.00655,0
0.00686,0
0.03157,0
0.04342,0
0.04948,0
0.03216,0
0.03077,0
0.03497,0
0.10696,0
0.07386,0
0.04925,0
0.03714,0
0.03873,0
0.02934,0
0.02996,0
0.02945,0
0.02984,0
0.03539,0
0.00534,0
0.00655,0
0.00841,0
0.00806,0
0.01490,0
0.01741,0
0.01907,0
0.02104,0
0.02053,0
0.02543,0
0.05664,0
0.02210,0
0.03039,0
0.04037,0
0.05967,0
0.04213,0
0.03286,0
0.03401,0
0.03429,0
0.04310,0
0.11361,0
0.05206,0
0.03430,0
0.03322,0
0.03271,0
0.03764,0
0.04501,0
0.00534,0
0.01218,0
0.01160,0
0.00902,0
0.02915,0
0.03590,0
0.03519,0
0.03359,0
0.03366,0
0.04450,0
0.03453,0
0.04358,0
0.04294,0
0.08819,0
0.07643,0
0.05151,0
0.04414,0
0.04324,0
0.04090,0
0.04466,0
0.00534,0
0.00655,0
0.00841,0
0.00806,0
0.01558,0
0.02290,0
0.03626,0
0.03639,0
0.03842,0
0.00534,0
0.00819,0
0.00905,0
0.00815,0
0.01360,0
0.01385,0
0.01349,0
0.01461,0
0.01250,0
0.00985,0
0.03320,0
0.02380,0
0.02370,0
0.02804,0
0.03646,0
0.03481,0
0.04401,0
0.02108,0
0.01501,0
0.01254,0
0.01013,0
0.01490,0
0.01331,0
0.01635,0
0.03091,0
0.05254,0
0.04744,0
0.03478,0
0.02856,0
0.02291,0
0.02509,0
0.02346,0
0.02432,0
0.02804,0
0.00534,0
0.00655,0
0.00638,0
0.00640,0
0.01232,0
0.01565,0
0.01972,0
0.18343,0
0.08528,0
0.05659,0
0.04888,0
0.04529,0
0.03424,0
0.03660,0
0.03728,0
0.02542,0
0.01444,0
0.02635,0
0.02538,0
0.03037,0
0.03193,0
0.01461,0
0.01250,0
0.00999,0
0.03886,0
0.03470,0
0.02410,0
0.02862,0
0.03368,0
0.04074,0
0.06265,0
0.01461,0
0.01250,0
0.01065,0
0.00973,0
0.01958,0
0.02136,0
0.02374,0
0.00534,0
0.00655,0
0.04261,0
0.04692,0
0.02831,0
0.02761,0
0.02982,0
0.03344,0
0.03815,0
0.05660,0
0.13770,0
0.06371,0
0.04828,0
0.03562,0
0.03010,0
0.02802,0
0.02808,0
0.03059,0
0.03520,0
0.05114,0
0.06672,0
0.02786,0
0.03739,0
0.02559,0
0.02851,0
0.03028,0
0.03225,0
0.00534,0
0.00655,0
0.00741,0
0.00643,0
0.03177,0
0.04480,0
0.04369,0
0.04241,0
0.04455,0
0.05669,0
0.03728,1
0.02927,1
0.01782,1
0.02804,1
0.03551,1
0.06527,1
0.06459,1
0.07317,1
0.00534,0
0.00655,0
0.00734,0
0.03679,0
0.05078,0
0.05026,0
0.05247,0
0.05137,0
0.08519,0
0.11455,0
0.00534,0
0.00655,0
0.00618,0
0.00583,0
0.03624,0
0.04544,0
0.04899,0
0.03379,0
0.03279,0
0.03623,0
0.03728,0
0.02542,0
0.01444,0
0.02105,0
0.03520,0
0.02938,0
0.03025,0
0.01461,0
0.01403,0
0.01174,0
0.00991,0
0.02439,0
0.02209,0
0.02945,0
0.03203,0
0.06822,0
0.10608,0
0.00534,0
0.01218,0
0.01185,0
0.01013,0
0.01515,0
0.01546,0
0.01480,0
0.01461,0
0.01806,0
0.01531,0
0.01168,0
0.01823,0
0.02460,0
0.02813,0
0.02821,0
0.03073,0
0.03293,0
0.00534,0
0.00655,0
0.00741,0
0.00643,0
0.01242,0
0.00909,0
0.01223,0
0.00534,0
0.01218,0
0.01144,0
0.00996,0
0.01754,0
0.02354,0
0.02273,0
0.02573,0
0.02675,0
0.02108,0
0.01641,0
0.01377,0
0.01139,0
0.01816,0
0.02594,0
0.03200,0
0.02774,0
0.02953,0
0.03142,0
0.00534,0
0.01218,0
0.01185,0
0.01013,0
0.01572,0
0.01882,0
0.01934,0
0.01918,0
0.01782,0
0.02385,0
0.15617,0
0.20465,0
0.11473,0
0.07801,0
0.06494,0
0.05726,0
0.05478,0
0.05551,0
0.05902,0
0.00534,0
0.05773,1
0.06216,1
0.06851,1
0.07415,1
0.07547,1
0.11107,1
0.12295,1
0.11519,1
0.11238,1
0.10696,0
0.18125,1
0.14387,1
0.11860,1
0.10328,1
0.09500,1
0.08834,1
0.08751,1
0.00534,0
0.00655,0
0.00695,0
0.00586,0
0.01292,0
0.02172,0
0.04177,0
0.04262,0
0.04477,0
0.05283,0
0.00534,0
0.01218,0
0.01144,0
0.00996,0
0.02988,0
0.04338,0
0.04474,0
0.03290,0
0.03315,0
0.03878,0
0.01461,0
0.06537,0
0.05008,0
0.04130,0
0.03797,0
0.02990,0
0.03265,0
0.03749,0
0.04366,0
0.05308,0
0.03728,0
0.02542,0
0.01504,0
0.02673,0
0.04207,0
0.03822,0
0.04164,1
0.04468,1
0.08798,1
0.10250,1
0.10223,1
0.00534,0
0.01218,0
0.01172,0
0.00884,0
0.01448,0
0.02558,0
0.04215,0
0.03295,0
0.03643,0
0.04238,0
0.03091,0
0.05254,0
0.04428,0
0.03240,0
0.02824,0
0.02319,0
0.02556,0
0.02401,0
0.02433,0
0.02697,0
0.08057,0
0.06012,0
0.03395,0
0.03528,0
0.02971,0
0.02612,0
0.02935,0
0.02931,0
0.03067,0
0.03583,0
0.00534,0
0.00655,0
0.00618,0
0.00674,0
0.01263,0
0.01572,0
0.01565,0
0.01664,0
0.01705,0
0.02264,0
0.03453,0
0.12860,0
0.12955,0
0.14180,0
0.12269,0
0.10446,0
0.09245,0
0.08565,0
0.08486,0
0.08560,0
0.00534,0
0.00655,0
0.00638,0
0.00640,0
0.01217,0
0.02397,0
0.04063,0
0.03193,0
0.03187,0
0.03850,0
0.02108,0
0.01501,0
0.01501,0
0.01165,0
0.01768,0
0.02428,0
0.02672,0
0.02969,0
0.03098,0
0.00534,0
0.00655,0
0.03496,0
0.02761,0
0.02822,0
0.03139,0
0.03241,0
0.03759,0
0.03409,0
0.03561,0
0.04983,0
0.04266,0
0.02498,0
0.03840,0
0.03588,0
0.02830,0
0.02263,0
0.02105,0
0.02431,0
0.02894,0
0.00534,0
0.00655,0
0.00695,0
0.04076,0
0.03896,0
0.02892,0
0.03202,0
0.03622,0
0.03807,0
0.05959,0
0.01461,0
0.01250,0
0.01213,0
0.00958,0
0.01476,0
0.01114,0
0.01460,0
0.05595,0
0.02403,0
0.03481,0
0.03781,0
0.03202,0
0.02833,0
0.03038,0
0.00534,0
0.00813,0
0.04433,0
0.03619,0
0.04334,0
0.04249,0
0.04075,0
0.05664,0
0.02210,0
0.02339,0
0.03240,0
0.03170,0
0.02648,0
0.02289,0
0.02197,0
0.02377,0
0.03358,0
0.03453,0
0.04392,0
0.03046,0
0.02589,0
0.02102,0
0.02269,0
0.02684,0
0.00534,0
0.00655,0
0.00695,0
0.00586,0
0.01358,0
0.02177,0
0.03533,0
0.03701,0
0.03707,0
0.02108,0
0.02254,0
0.01866,0
0.03663,0
0.03717,0
0.03697,0
0.04848,0
0.04898,0
0.03798,0
0.03973,0
0.03510,0
0.02657,0
0.01575,0
0.02305,0
0.02425,0
0.02828,0
0.02955,0
0.05664,0
0.02351,0
0.02665,0
0.03700,0
0.03708,0
0.03684,0
0.03084,0
0.02869,0
0.02908,0
0.03723,0
0.01461,0
0.01250,0
0.03859,0
0.02987,0
0.03041,0
0.04132,0
0.06115,0
0.04644,0
0.04561,0
0.05133,0
0.02108,0
0.06599,0
0.07704,0
0.04787,0
0.03663,0
0.03042,0
0.03450,0
0.03705,0
0.04253,0
0.05253,0
0.15364,0
0.12159,0
0.07366,0
0.06200,0
0.04631,0
0.04089,0
0.03804,0
0.03916,0
0.04133,0
0.04818,0
0.09922,0
0.06582,0
0.04978,0
0.04609,0
0.04299,0
0.03441,0
0.03817,0
0.10079,0
0.07101,0
0.04668,0
0.03560,0
0.03754,0
0.02860,0
0.03052,0
0.03082,0
0.03319,0
0.03792,0
0.00534,0
0.00655,0
0.00638,0
0.00640,0
0.01217,0
0.01572,0
0.01701,0
0.01709,0
0.01743,0
0.02364,0
0.00534,0
0.01218,0
0.01172,0
0.00884,0
0.01653,0
0.02631,0
0.03310,0
0.02740,0
0.03277,0
0.04355,0
0.00534,0
0.00655,0
0.00655,0
0.00594,0
0.02578,1
0.03603,1
0.03210,1
0.06529,1
0.07319,1
0.10826,1
0.01461,0
0.01250,0
0.00999,0
0.00897,0
0.01458,0
0.01082,0
0.01645,0
0.09852,0
0.08050,0
0.05316,0
0.03939,0
0.04070,0
0.03212,0
0.03079,0
0.03000,0
0.03121,0
0.03602,0
0.01461,0
0.01806,0
0.01520,0
0.01145,0
0.01620,0
0.01244,0
0.01781,0
0.00534,0
0.00655,0
0.00695,0
0.00586,0
0.01655,0
0.01358,0
0.02105,0
0.01461,0
0.01806,0
0.01619,0
0.01221,0
0.01692,0
0.01438,0
0.01702,0
0.15617,0
0.16441,0
0.07599,0
0.04668,0
0.03849,0
0.03493,0
0.03495,0
0.03766,0
0.04272,0
0.10696,0
0.06017,0
0.03978,0
0.03342,0
0.02425,0
0.02807,0
0.02944,0
0.03130,0
0.03848,0
0.11984,0
0.08642,0
0.04824,0
0.04450,0
0.03173,0
0.02848,0
0.02708,0
0.02697,0
0.03136,0
0.04040,0
0.03728,0
0.03222,0
0.01891,0
0.02440,0
0.02360,0
0.02805,0
0.03276,0
0.00534,0
0.00655,0
0.00626,0
0.00681,0
0.01262,0
0.02221,0
0.04308,1
0.05843,1
0.00534,0
0.00655,0
0.03729,0
0.03143,0
0.03320,0
0.02657,0
0.02835,0
0.08057,0
0.06012,0
0.03527,0
0.04062,0
0.03390,0
0.02967,0
0.02953,0
0.02946,0
0.03256,0
0.03752,0
0.04983,0
0.03538,0
0.01920,0
0.03352,0
0.03719,0
0.02621,0
0.02160,0
0.02150,0
0.02422,0
0.03189,0
0.00534,0
0.00655,0
0.00655,0
0.00686,0
0.01260,0
0.01934,0
0.02769,0
0.02544,0
0.02639,0
0.02872,0
0.00534,0
0.00655,0
0.00695,0
0.00705,0
0.01430,0
0.01667,0
0.01707,0
0.01836,0
0.01851,0
0.02147,0
0.11134,0
0.07790,0
0.05706,0
0.05132,0
0.04601,0
0.03535,0
0.03804,0
0.09852,0
0.06855,0
0.07585,0
0.06452,0
0.04986,0
0.04693,0
0.04585,0
0.04554,0
0.05155,0
0.00534,0
0.00655,0
0.05483,0
0.04556,0
0.03482,0
0.03691,0
0.03378,0
0.03485,0
0.03795,0
0.05489,0
0.05574,0
0.02456,0
0.02773,0
0.04169,0
0.06201,0
0.07917,0
0.08019,0
0.07437,0
0.07188,0
0.07962,0
0.33749,0
0.24864,0
0.20900,0
0.17178,0
0.15413,0
0.14616,0
0.14190,0
0.13280,0
0.13867,0
0.00534,0
0.00655,0
0.00655,0
0.00686,0
0.03623,0
0.05050,0
0.05157,0
0.04982,0
0.05056,0
0.05851,0
0.03728,0
0.02565,0
0.01418,0
0.02200,0
0.03133,0
0.02987,0
0.02993,0
0.11984,0
0.08642,0
0.04913,0
0.04959,0
0.03726,0
0.03525,0
0.03378,0
0.03339,0
0.03669,0
0.04555,0
0.01461,0
0.01250,0
0.00985,0
0.00936,0
0.01463,0
0.01765,0
0.01856,0
0.02019,0
0.01976,0
0.02502,0
0.13770,0
0.06163,0
0.04749,0
0.03492,0
0.02959,0
0.02780,0
0.02800,0
0.03064,0
0.03571,0
0.05180,0
0.02108,0
0.02254,0
0.01907,0
0.04501,0
0.03622,0
0.03254,0
0.03519,0
0.04113,0
0.03999,0
0.04633,0
0.04983,0
0.03974,0
0.02402,0
0.03789,0
0.03528,0
0.02612,0
0.02129,0
0.02006,0
0.02358,0
0.03166,0
0.05664,0
0.02210,0
0.03262,0
0.03546,0
0.03273,0
0.02610,0
0.02117,0
0.02012,0
0.02055,0
0.02580,0
0.03091,0
0.04705,0
0.04757,0
0.04309,0
0.04035,0
0.04336,0
0.03798,0
0.03495,0
0.03484,0
0.03838,0
0.00534,0
0.01218,0
0.05574,0
0.04657,0
0.03589,0
0.04189,0
0.04246,0
0.04341,0
0.04863,0
0.02108,0
0.01501,0
0.01254,0
0.02887,0
0.02762,0
0.03013,0
0.03150,0
0.03326,0
0.04697,0
0.05379,0
0.03091,0
0.04705,0
0.04757,0
0.03931,0
0.03778,0
0.03512,0
0.02907,0
0.02654,0
0.02691,0
0.02936,0
0.03429,1
0.04288,1
0.05301,1
0.00534,0
0.00655,0
0.00655,0
0.00686,0
0.01386,0
0.02170,0
0.03288,0
0.03405,0
0.04015,0
0.04355,0
0.00534,0
0.01218,0
0.01172,0
0.00985,0
0.01746,0
0.02657,0
0.04232,0
0.06070,0
0.06075,0
0.06266,0
0.00534,0
0.01218,0
0.01172,0
0.03914,0
0.03318,0
0.02590,0
0.02987,0
0.03321,0
0.03501,0
0.05260,0
0.03091,1
0.03588,1
0.04279,1
0.08896,1
0.10907,1
0.10104,1
0.09704,1
0.08918,1
0.08564,1
0.08724,1
0.08618,1
0.09526,1
0.15576,0
0.14567,0
0.12006,0
0.06931,0
0.05114,0
0.04485,0
0.04236,0
0.04307,0
0.04587,0
0.05393,0
0.00534,0
0.07134,0
0.09776,0
0.11128,0
0.09078,0
0.07641,0
0.07233,0
0.07189,0
0.07546,0
0.08358,0
0.00534,0
0.06104,1
0.05297,1
0.04199,1
0.03988,1
0.03954,1
0.03613,1
0.11126,0
0.07285,0
0.05294,0
0.06142,0
0.05765,0
0.04535,0
0.04122,0
0.06098,0
0.06962,0
0.07065,0
0.05883,0
0.02309,0
0.03365,0
0.03588,0
0.03048,0
0.02578,0
0.02113,0
0.02010,0
0.02091,0
0.02970,0
0.10696,0
0.07598,0
0.04418,0
0.03593,0
0.02687,0
0.02668,0
0.02821,0
0.03101,0
0.03825,0
0.00534,0
0.00655,0
0.00638,0
0.05929,1
0.06979,1
0.08236,1
0.09306,1
0.11984,0
0.08557,0
0.04993,0
0.04701,0
0.03787,0
0.03629,0
0.03503,0
0.03539,0
0.03874,0
0.04750,0
0.00534,0
0.00655,0
0.00841,0
0.00806,0
0.03395,0
0.04522,0
0.05084,0
0.03401,0
0.03275,0
0.03607,0
0.17998,0
0.12845,0
0.11860,0
0.10969,0
0.11235,0
0.11499,0
0.10150,0
0.13019,0
0.15184,0
0.14588,0
0.00534,0
0.00655,0
0.00695,0
0.00586,0
0.01792,0
0.01933,0
0.02751,0
0.03896,0
0.03539,0
0.03755,0
0.00534,0
0.00655,0
0.00734,0
0.00729,0
0.01318,0
0.03044,0
0.03015,0
0.03038,0
0.03216,0
0.03436,0
0.00534,0
0.00655,0
0.00638,0
0.03593,1
0.03207,1
0.02334,1
0.04187,1
0.04728,1
0.05868,1
0.08076,1
0.09852,0
0.07671,0
0.05373,0
0.04089,0
0.04027,0
0.03372,0
0.03198,0
0.03095,0
0.03096,0
0.03591,0
0.03091,0
0.05254,0
0.03980,0
0.03443,0
0.03055,0
0.02562,0
0.02779,0
0.02604,0
0.02746,0
0.03048,0
0.00534,0
0.00655,0
0.00618,0
0.00583,0
0.01190,0
0.01200,0
0.01196,0
0.00534,0
0.00655,0
0.00618,0
0.02528,0
0.02206,0
0.02545,0
0.02468,0
0.03180,0
0.04143,0
0.05949,0
0.05793,0
0.02221,0
0.12269,1
0.12482,1
0.12312,1
0.11740,1
0.12113,1
0.10079,0
0.07101,0
0.04668,0
0.04108,0
0.04643,0
0.03591,0
0.03465,0
0.03350,0
0.03381,0
0.03918,0
0.11882,0
0.14811,0
0.07551,0
0.04786,0
0.04020,0
0.03784,0
0.03784,0
0.04079,0
0.04590,0
0.00534,0
0.00655,0
0.00618,0
0.00583,0
0.01165,0
0.02080,0
0.02092,0
0.02139,0
0.02360,0
0.02108,0
0.01501,0
0.05405,0
0.06205,0
0.07327,0
0.08523,0
0.10427,0
0.00534,0
0.01218,0
0.06186,0
0.04203,0
0.03680,0
0.02990,0
0.03588,0
0.04132,0
0.04739,0
0.05861,0
0.13770,0
0.05738,0
0.04495,0
0.03304,0
0.02821,0
0.02669,0
0.02708,0
0.03062,0
0.03570,0
0.05177,0
0.00534,0
0.03831,0
0.03662,0
0.04824,0
0.05076,0
0.04531,0
0.05366,0
0.00534,0
0.00655,0
0.00638,0
0.00549,0
0.01272,0
0.01986,0
0.02170,0
0.02295,0
0.02385,0
0.02554,0
0.03453,0
0.05017,0
0.04536,0
0.04100,0
0.03572,0
0.03252,0
0.02716,0
0.02520,0
0.02589,0
0.02858,0
0.01461,0
0.04190,0
0.03665,0
0.04880,0
0.05352,0
0.04828,0
0.05139,0
0.03453,0
0.05017,0
0.04536,0
0.04292,0
0.03760,0
0.03996,0
0.03766,0
0.03797,0
0.03860,0
0.04127,0
0.03728,0
0.02565,0
0.01491,0
0.02701,0
0.03282,0
0.06267,0
0.06247,0
0.05626,0
0.06383,0
0.08057,0
0.06012,0
0.03395,0
0.03318,0
0.02861,0
0.02518,0
0.02703,0
0.02723,0
0.02878,0
0.03409,0
0.00534,0
0.00655,0
0.00638,0
0.00549,0
0.01167,0
0.00830,0
0.01439,0
0.00534,0
0.00819,0
0.00888,0
0.00757,0
0.01310,0
0.02282,0
0.02363,0
0.02381,0
0.02449,0
0.02612,0
0.05793,1
0.02221,1
0.03468,1
0.03343,1
0.04481,1
0.06438,1
0.06264,1
0.03728,0
0.02818,0
0.01519,0
0.02548,0
0.04218,0
0.03725,0
0.03403,0
0.03396,0
0.03566,0
0.03764,0
0.10169,0
0.04252,0
0.02627,0
0.02407,0
0.02640,0
0.03035,0
0.03902,0
0.00534,0
0.00655,0
0.00638,0
0.00549,0
0.01886,0
0.01823,0
0.03172,0
0.03931,0
0.03299,0
0.03636,0
0.00534,0
0.01218,0
0.01172,0
0.00884,0
0.01428,0
0.01098,0
0.01375,0
0.03728,0
0.03222,0
0.01834,0
0.02685,0
0.03402,0
0.02675,0
0.02246,0
0.02294,0
0.02618,0
0.03426,0
0.05763,0
0.02477,0
0.03642,0
0.03373,0
0.03363,0
0.02820,0
0.02378,0
0.02253,0
0.02412,0
0.03298,0
0.03091,0
0.04705,0
0.04659,0
0.05889,0
0.04643,0
0.03459,0
0.03173,0
0.02973,0
0.04516,0
0.15001,0
0.13561,0
0.11045,0
0.09757,0
0.10018,0
0.10135,0
0.10298,0
0.07430,0
0.06897,0
0.07312,0
0.01461,0
0.01250,0
0.04096,0
0.03371,0
0.03703,0
0.04065,0
0.04684,0
0.04143,0
0.04151,0
0.04294,0
0.10696,0
0.07598,0
0.04418,0
0.03544,0
0.02831,0
0.02835,0
0.02978,0
0.03147,0
0.03893,0
0.00534,0
0.00655,0
0.00638,0
0.00549,0
0.01167,0
0.00830,0
0.01142,0
0.00534,0
0.00655,0
0.00638,0
0.00549,0
0.01167,0
0.00830,0
0.01580,0
0.05664,0
0.02210,0
0.02959,0
0.03743,0
0.04180,0
0.03265,0
0.02655,0
0.02450,0
0.02473,0
0.02848,0
0.00534,0
0.00655,0
0.00695,0
0.02715,0
0.02432,0
0.02945,0
0.03003,0
0.04150,0
0.06046,0
0.03728,0
0.02565,0
0.01418,0
0.02998,0
0.03068,0
0.02378,0
0.01858,0
0.02111,0
0.02292,0
0.03029,0
0.01461,0
0.01806,0
0.01505,0
0.03198,0
0.04051,0
0.03836,0
0.04911,0
0.04906,0
0.03829,0
0.03974,0
0.03091,0
0.03588,0
0.03981,0
0.03503,0
0.03264,0
0.02533,0
0.02880,0
0.02747,0
0.02828,0
0.03027,0
0.04983,0
0.03538,0
0.01920,0
0.02613,0
0.03525,0
0.02701,0
0.02365,0
0.02440,0
0.02850,0
0.03344,0
0.01461,0
0.01393,0
0.01484,0
0.01145,0
0.01668,0
0.01237,0
0.01554,0
0.05763,0
0.02477,0
0.12546,1
0.09923,1
0.07802,1
0.07524,1
0.00534,0
0.01218,0
0.01185,0
0.01013,0
0.01515,0
0.01244,0
0.01770,0
0.03453,0
0.04358,0
0.05315,0
0.08746,0
0.07283,0
0.04948,0
0.03930,0
0.03553,0
0.03504,0
0.03820,0
0.00534,0
0.00819,0
0.00888,0
0.00850,0
0.01405,0
0.01721,0
0.01799,0
0.01808,0
0.01837,0
0.02398,0
0.00534,0
0.00813,0
0.00827,0
0.02225,0
0.02784,0
0.02737,0
0.03991,0
0.04250,0
0.03126,0
0.03419,0
0.01461,0
0.01250,0
0.04096,0
0.03224,0
0.03222,0
0.03252,0
0.03672,0
0.03889,0
0.03517,0
0.03858,0
0.03728,0
0.02565,0
0.01418,0
0.02701,0
0.04152,0
0.03722,0
0.03561,0
0.03272,0
0.04214,0
0.05238,0
0.00534,0
0.00655,0
0.00655,0
0.00686,0
0.01262,0
0.01589,0
0.01573,0
0.01660,0
0.01710,0
0.02268,0
0.05883,0
0.02466,0
0.03474,0
0.03759,0
0.02744,0
0.02442,0
0.02670,0
0.00534,0
0.00819,0
0.00888,0
0.00757,0
0.01505,0
0.02534,0
0.03184,0
0.02624,0
0.02812,0
0.02934,0
0.00534,0
0.00655,0
0.00655,0
0.00686,0
0.01471,0
0.02427,0
0.04216,0
0.06285,0
0.06708,0
0.06665,0
0.01461,0
0.01806,0
0.06877,0
0.04434,0
0.04537,0
0.04455,0
0.04003,0
0.04286,0
0.03907,0
0.04757,0
0.01461,0
0.01250,0
0.00999,0
0.00804,0
0.01382,0
0.01018,0
0.01589,0
0.11882,0
0.14811,0
0.09002,0
0.09585,0
0.08120,0
0.07277,0
0.06775,0
0.06822,0
0.07215,0
0.00534,0
0.01218,0
0.01160,0
0.01017,0
0.01520,0
0.01531,0
0.01865,0
0.11882,0
0.14811,0
0.09140,0
0.09624,0
0.08101,0
0.07303,0
0.06887,0
0.06902,0
0.07318,0
0.09852,0
0.06943,0
0.07662,0
0.04430,0
0.04050,0
0.03339,0
0.03253,0
0.03260,0
0.03457,0
0.03992,0
0.00534,0
0.08168,0
0.05595,0
0.04575,0
0.03477,0
0.04292,0
0.04930,0
0.05450,0
0.06138,0
0.02108,0
0.01769,0
0.01540,0
0.01319,0
0.01983,0
0.02548,0
0.02849,0
0.03170,0
0.03220,0
0.03453,0
0.04392,0
0.03065,0
0.02738,0
0.02469,0
0.02557,0
0.02720,0
0.00534,0
0.00655,0
0.06668,0
0.05305,0
0.04174,0
0.04412,0
0.04101,0
0.04146,0
0.04368,0
0.05869,0
0.03453,0
0.04004,0
0.04222,0
0.04014,0
0.03681,0
0.03282,0
0.02963,0
0.02924,0
0.02905,0
0.03885,0
0.01461,0
0.01250,0
0.01012,0
0.00849,0
0.01590,0
0.03408,0
0.03299,0
0.03106,0
0.03190,0
0.03264,0
0.15001,0
0.12112,0
0.10357,0
0.09199,0
0.09554,0
0.11185,0
0.10403,0
0.07469,0
0.07097,0
0.07483,0
0.01461,0
0.01250,0
0.00999,1
0.00804,1
0.01576,1
0.03617,1
0.04767,1
0.05240,1
0.06260,1
0.06855,1
0.07734,1
0.09261,1
0.12660,1
0.05793,1
0.02221,1
0.04280,1
0.05273,1
0.06504,1
0.04851,1
0.05166,1
0.03728,0
0.02818,0
0.01479,0
0.02186,0
0.02031,0
0.01838,0
0.02179,0
0.00534,0
0.00655,0
0.00695,0
0.00705,0
0.01430,0
0.01667,0
0.01928,0
0.02119,0
0.02037,0
0.02287,0
0.01461,0
0.01250,0
0.04096,0
0.03224,0
0.03421,0
0.03103,0
0.02957,0
0.01461,0
0.01806,0
0.01630,0
0.01401,0
0.01649,0
0.01931,0
0.02486,0
0.02518,0
0.02477,0
0.02757,0
0.01461,0
0.01250,0
0.01213,0
0.00958,0
0.01617,0
0.02550,0
0.02599,0
0.02415,0
0.03135,0
0.03889,0
0.10696,0
0.08088,0
0.08145,0
0.05063,0
0.04384,0
0.03573,0
0.03485,0
0.03460,0
0.03607,0
0.04217,0
0.10696,0
0.07386,0
0.05131,0
0.03976,0
0.03713,0
0.03134,0
0.03073,0
0.03021,0
0.03153,0
0.03700,0
0.00534,0
0.00655,0
0.03705,0
0.04112,0
0.04964,0
0.05884,0
0.06061,0
0.06376,0
0.06788,0
0.08874,0
0.04983,0
0.04266,0
0.02531,0
0.03403,0
0.04393,0
0.05698,0
0.05668,0
0.05054,0
0.05937,0
0.03453,0
0.05017,0
0.06027,0
0.05356,0
0.04783,0
0.04464,0
0.03931,0
0.03781,0
0.03661,0
0.03904,0
0.02108,0
0.01501,0
0.01254,0
0.01013,0
0.01347,0
0.01999,0
0.02202,0
0.02332,0
0.02313,0
0.02592,0
0.00534,0
0.00655,0
0.00841,0
0.00806,0
0.01490,0
0.01741,0
0.01907,0
0.02104,0
0.01902,0
0.02548,0
0.01461,0
0.01250,0
0.07393,1
0.13198,1
0.12477,1
0.10762,1
0.12551,1
0.12427,1
0.11223,1
0.10753,1
0.11032,1
0.11558,1
0.05883,0
0.02466,0
0.03275,0
0.04219,0
0.06115,0
0.04597,0
0.03677,0
0.03337,0
0.03351,0
0.03646,0
0.04983,0
0.03538,0
0.01969,0
0.02912,0
0.04038,0
0.05461,0
0.04892,0
0.04306,0
0.05143,0
0.00534,0
0.00813,0
0.00854,0
0.00745,0
0.01610,0
0.02154,0
0.02706,0
0.03526,0
0.03158,0
0.03717,0
0.01461,0
0.01806,0
0.01520,0
0.01235,0
0.03060,0
0.03814,0
0.03951,0
0.03598,0
0.03818,0
0.04608,0
0.01573,1
0.01759,1
0.05936,1
0.05367,1
0.06026,1
0.05669,1
0.05423,1
0.05899,1
0.07748,1
0.00534,0
0.00655,0
0.00841,0
0.00690,0
0.01254,0
0.00937,0
0.01638,0
0.00534,0
0.05884,0
0.03666,0
0.04059,0
0.03119,0
0.03125,0
0.03470,0
0.03766,0
0.04420,0
0.05523,0
0.03453,0
0.04392,0
0.03384,0
0.02298,0
0.02121,0
0.02193,0
0.02671,0
0.05475,0
0.04803,0
0.03519,0
0.03618,0
0.03046,0
0.03159,0
0.03211,0
0.03178,0
0.03303,0
0.03828,0
0.05664,0
0.02351,0
0.02583,0
0.02903,0
0.03120,0
0.02770,0
0.02493,0
0.02537,0
0.02688,0
0.03577,0
0.01461,0
0.01250,0
0.01012,0
0.00849,0
0.01400,0
0.01401,0
0.01649,0
0.00534,0
0.00655,0
0.00655,0
0.00594,0
0.01177,0
0.01498,0
0.01649,0
0.01862,0
0.01818,0
0.02343,0
0.31867,0
0.22116,0
0.18151,0
0.15640,0
0.14237,0
0.13231,0
0.13151,0
0.13079,0
0.13441,0
0.15088,0
0.03664,0
0.02784,0
0.01826,0
0.02292,0
0.02397,0
0.02501,0
0.02879,0
0.02108,0
0.01501,0
0.05420,0
0.03391,0
0.02954,0
0.05406,0
0.04999,0
0.04916,0
0.04808,0
0.05617,0
0.13940,0
0.08675,0
0.05125,0
0.05157,0
0.03307,0
0.02927,0
0.02786,0
0.02726,0
0.03118,0
0.03987,0
0.00534,0
0.00655,0
0.04378,0
0.02760,0
0.02473,0
0.02797,0
0.02586,0
0.02992,0
0.02877,0
0.03881,0
0.05475,0
0.05410,0
0.03467,0
0.04115,0
0.03389,0
0.03387,0
0.03367,0
0.03364,0
0.03449,0
0.04007,0
0.03728,0
0.03222,0
0.01891,0
0.02440,0
0.02651,0
0.02601,0
0.02775,0
0.06672,0
0.02786,0
0.04004,0
0.03720,0
0.03587,0
0.03026,0
0.02523,0
0.02362,0
0.02504,0
0.02997,0
0.00534,0
0.03686,1
0.05398,1
0.04255,1
0.04271,1
0.01461,0
0.01250,0
0.00985,0
0.00844,0
0.01403,0
0.01020,0
0.01605,0
0.10079,0
0.07101,0
0.05300,0
0.04624,0
0.05029,0
0.03994,0
0.03798,0
0.03604,0
0.03770,0
0.04260,0
0.00534,0
0.00655,0
0.00626,0
0.00590,0
0.01364,1
0.02078,1
0.03144,1
0.04398,1
0.05929,1
0.08708,1
0.10146,1
0.10370,1
0.00534,0
0.00655,0
0.00618,0
0.00583,0
0.01190,0
0.01200,0
0.01196,0
0.00534,0
0.00655,0
0.00655,0
0.07326,0
0.05421,0
0.04681,0
0.04792,0
0.05277,0
0.05931,0
0.09601,0
0.02108,0
0.01769,0
0.01686,0
0.01280,0
0.01858,0
0.02774,0
0.02945,0
0.02924,0
0.02949,0
0.03042,0
0.10169,0
0.04153,0
0.02410,0
0.02182,0
0.02384,0
0.02593,0
0.03427,0
0.00534,0
0.00655,0
0.00618,0
0.02000,0
0.02085,0
0.02399,0
0.02350,0
0.02647,0
0.04086,0
0.05999,0
0.05475,0
0.05165,0
0.03484,0
0.03653,0
0.03050,0
0.03021,0
0.03082,0
0.03201,0
0.03431,0
0.04007,0
0.08057,0
0.05830,0
0.03457,0
0.03403,0
0.02959,0
0.03020,0
0.03005,0
0.03000,0
0.03123,0
0.03633,0
0.00534,0
0.00655,0
0.00626,0
0.00590,0
0.02272,0
0.02087,0
0.02853,0
0.03136,0
0.06799,0
0.09826,0
0.00534,0
0.00655,0
0.04860,1
0.05471,1
0.06864,1
0.06481,1
0.05621,1
0.10953,0
0.06015,0
0.06115,0
0.05788,0
0.06195,0
0.05561,0
0.04861,0
0.04403,0
0.04203,0
0.00534,0
0.05884,1
0.03666,1
0.04282,1
0.03276,1
0.03101,1
0.03326,1
0.03815,1
0.04479,1
0.06087,1
0.03728,1
0.04812,1
0.03824,1
0.05756,1
0.05443,1
0.04088,1
0.03278,1
0.03012,1
0.03028,1
0.03490,1
0.01461,0
0.01250,0
0.01012,0
0.00849,0
0.01085,0
0.01774,0
0.02062,0
0.02504,0
0.02379,0
0.02960,0
0.00534,0
0.00655,0
0.03713,1
0.07974,1
0.06979,1
0.07101,1
0.07536,1
0.08084,1
0.08102,1
0.08608,1
0.03453,0
0.03933,0
0.04480,0
0.03806,0
0.03258,0
0.02800,0
0.02645,0
0.02857,0
0.02872,0
0.03249,0
0.02108,0
0.01501,0
0.01204,0
0.00998,0
0.01568,0
0.01892,0
0.01875,0
0.02036,0
0.02019,0
0.02615,0
0.00534,0
0.00655,0
0.00638,0
0.00640,0
0.00921,0
0.01660,0
0.02034,0
0.01988,0
0.01972,0
0.02561,0
0.00534,0
0.00655,0
0.00655,0
0.00686,0
0.01262,0
0.00919,0
0.01517,0
0.02108,0
0.02254,0
0.06679,0
0.05388,0
0.04302,0
0.04627,0
0.04650,0
0.04561,0
0.05725,0
0.11361,1
0.09736,1
0.08694,1
0.08557,1
0.09371,1
0.09749,1
0.10007,1
0.00534,0
0.00655,0
0.00695,0
0.00586,0
0.01187,0
0.00868,0
0.01583,0
0.03091,0
0.04047,0
0.02889,0
0.02516,0
0.02039,0
0.02185,0
0.02572,0
0.00534,0
0.01218,0
0.01424,0
0.01121,0
0.01692,0
0.01724,0
0.01996,0
0.02308,0
0.02219,0
0.02717,0
0.05883,0
0.02466,0
0.03474,0
0.02716,0
0.02688,0
0.02547,0
0.02832,0
0.00534,0
0.03686,1
0.05398,1
0.05651,1
0.04249,1
0.03984,1
0.04082,1
0.04888,1
0.04669,1
0.06672,1
0.14669,1
0.14624,1
0.14153,1
0.13026,1
0.15363,1
0.13540,1
0.10826,1
0.11203,1
0.10935,1
0.00534,0
0.00655,0
0.00626,0
0.00590,0
0.01171,0
0.02029,0
0.02107,0
0.02071,0
0.02238,0
0.02382,0
0.08057,0
0.05724,0
0.03907,0
0.03729,0
0.03170,0
0.03119,0
0.03112,0
0.03088,0
0.03185,0
0.03742,0
0.00534,0
0.00655,0
0.00638,0
0.00549,0
0.01886,0
0.01823,0
0.03172,0
0.03931,0
0.03299,0
0.03455,0
0.05664,0
0.02210,0
0.03039,0
0.05158,0
0.05493,0
0.04294,0
0.04307,0
0.03945,0
0.03824,0
0.04531,0
0.03453,0
0.04358,0
0.05510,0
0.08885,0
0.07656,0
0.05264,0
0.04246,0
0.03821,0
0.03685,0
0.04071,0
0.04983,0
0.03370,0
0.02019,0
0.03011,0
0.03164,0
0.05585,0
0.06389,0
0.06004,0
0.05613,0
0.05580,0
0.10169,0
0.04153,0
0.02410,0
0.02182,0
0.02346,0
0.02566,0
0.03415,0
0.01461,0
0.06537,0
0.05528,0
0.04463,0
0.04111,0
0.03191,0
0.03625,0
0.04041,0
0.04682,0
0.05632,0
0.03091,0
0.04705,0
0.04411,0
0.04078,0
0.03569,0
0.03790,0
0.03425,0
0.03194,0
0.03250,0
0.04195,0
0.00534,0
0.00655,0
0.03957,0
0.04235,0
0.03836,0
0.02913,0
0.08757,1
0.11284,1
0.11106,1
0.11176,1
0.11724,1
0.12772,1
0.03728,0
0.03222,0
0.01891,0
0.02440,0
0.02651,0
0.02601,0
0.02775,0
0.00534,0
0.00655,0
0.00638,0
0.00549,0
0.01272,0
0.01877,0
0.02272,0
0.02513,0
0.02845,0
0.00534,0
0.07984,0
0.08246,0
0.04967,0
0.04410,0
0.03530,0
0.03788,0
0.04149,0
0.04530,0
0.05487,0
0.02108,0
0.02254,0
0.01901,0
0.01558,0
0.01948,0
0.03154,0
0.04010,1
0.03876,1
0.08681,1
0.11739,1
0.10818,1
0.12514,1
0.01461,0
0.01393,0
0.01253,0
0.01782,1
0.04013,1
0.06045,1
0.07239,1
0.10690,1
0.10145,1
0.10077,1
0.13739,1
0.01461,0
0.01250,0
0.00973,0
0.02838,0
0.03105,0
0.03126,0
0.04382,0
0.04464,0
0.03455,0
0.03921,0
0.00534,0
0.00655,0
0.00655,0
0.00594,0
0.01177,0
0.02603,0
0.04342,0
0.03376,0
0.03649,0
0.04095,0
0.00534,0
0.01218,0
0.01424,0
0.01234,0
0.01822,0
0.02551,0
0.02687,0
0.02709,0
0.02739,0
0.02864,0
0.03091,0
0.04047,0
0.04624,0
0.03659,0
0.02876,0
0.02912,0
0.03150,0
0.05364,0
0.14684,0
0.14433,0
0.12446,0
0.11206,0
0.11028,0
0.12537,0
0.11715,0
0.11286,0
0.03728,0
0.02666,0
0.01506,0
0.02672,0
0.03151,0
0.02885,0
0.02678,0
0.02458,0
0.03459,0
0.04256,0
0.02108,0
0.01501,0
0.01501,0
0.01165,0
0.01514,0
0.01898,0
0.01854,0
0.08057,0
0.06012,0
0.03058,0
0.03318,0
0.02802,0
0.02862,0
0.02838,0
0.02902,0
0.03207,0
0.03766,0
0.13770,0
0.06163,0
0.04749,0
0.03492,0
0.03493,0
0.03184,0
0.03131,0
0.03328,0
0.03791,0
0.05346,0
0.09852,0
0.07077,0
0.07644,0
0.04508,0
0.05009,0
0.04433,0
0.04539,0
0.04422,0
0.04494,0
0.04948,0
0.02108,0
0.02254,0
0.01901,0
0.01558,0
0.01948,0
0.02564,0
0.02698,0
0.02836,0
0.02905,0
0.01461,0
0.01250,0
0.00999,0
0.00804,0
0.01576,0
0.02367,0
0.02568,0
0.02416,0
0.02449,0
0.02585,0
0.00534,0
0.01218,0
0.01144,0
0.00996,0
0.01532,0
0.02752,0
0.03476,0
0.03150,0
0.03124,0
0.03139,0
0.02108,0
0.01641,0
0.01520,0
0.01209,0
0.03250,0
0.04166,0
0.04102,0
0.07370,0
0.09969,0
0.11244,0
0.03453,0
0.04004,0
0.04222,0
0.04014,0
0.03681,0
0.04024,0
0.04709,0
0.04521,0
0.04568,0
0.04701,0
0.01461,0
0.01806,0
0.01784,0
0.01383,0
0.01670,0
0.03382,0
0.04835,0
0.03919,0
0.04004,0
0.04533,0
0.03091,0
0.04047,0
0.04624,0
0.03062,0
0.02688,0
0.02741,0
0.03057,0
0.01461,0
0.06537,0
0.05008,0
0.04130,0
0.03629,0
0.03082,0
0.03565,0
0.03885,0
0.04623,0
0.05619,0
0.03091,0
0.03719,0
0.05149,0
0.06306,0
0.04806,0
0.03425,0
0.03359,0
0.03266,0
0.03296,0
0.10079,1
0.07101,1
0.04868,1
0.07509,1
0.09514,1
0.11168,1
0.07459,1
0.07446,1
0.06998,1
0.06855,1
0.06748,1
0.06858,1
0.07361,1
0.08057,0
0.06012,0
0.03527,0
0.03536,0
0.02966,0
0.02906,0
0.02888,0
0.02879,0
0.03876,0
0.04375,0
0.00534,0
0.00655,0
0.00741,0
0.00643,0
0.01205,0
0.01533,0
0.01780,0
0.01957,0
0.01858,0
0.02427,0
0.02108,0
0.01501,0
0.01256,0
0.00978,0
0.03173,1
0.05854,1
0.06241,1
0.07215,1
0.07491,1
0.09125,1
0.03091,0
0.04047,0
0.02896,0
0.02938,0
0.02479,0
0.02639,0
0.02944,0
0.03091,0
0.04047,0
0.02930,0
0.02124,0
0.02023,0
0.02224,0
0.02527,0
0.00534,0
0.00655,0
0.00618,0
0.00583,0
0.01190,0
0.00836,0
0.01589,0
0.00534,0
0.00655,0
0.08766,0
0.06953,0
0.05067,0
0.05260,0
0.04828,0
0.04994,0
0.04856,0
0.08617,0
0.00534,0
0.00813,0
0.01025,0
0.00848,0
0.01188,0
0.01836,0
0.02166,0
0.02193,0
0.02154,0
0.02732,0
0.03728,0
0.02900,0
0.01669,0
0.03257,0
0.03667,0
0.02425,0
0.01778,0
0.01664,0
0.01972,0
0.02782,0
0.00534,0
0.00655,0
0.00655,0
0.00594,0
0.01380,0
0.02229,0
0.02248,0
0.02238,0
0.02620,0
0.02674,0
0.10169,0
0.05868,0
0.03170,0
0.02471,0
0.02439,0
0.02552,0
0.03389,0
0.00534,0
0.00819,0
0.00980,0
0.00902,0
0.01265,0
0.01719,0
0.01940,0
0.02154,0
0.02121,0
0.02654,0
0.00534,0
0.00655,0
0.00695,0
0.00586,0
0.02569,0
0.03102,0
0.03477,0
0.03084,0
0.03404,0
0.04390,0
0.00534,0
0.00655,0
0.00618,0
0.00583,0
0.01190,0
0.00974,0
0.01328,0
0.00534,0
0.00819,0
0.07935,0
0.06245,0
0.04576,0
0.04633,0
0.04301,0
0.04467,0
0.04769,0
0.08307,0
0.00534,0
0.00655,0
0.00655,0
0.00686,0
0.01262,0
0.00919,0
0.01517,0
0.00534,0
0.01218,0
0.01271,0
0.03798,0
0.03999,0
0.03242,0
0.03435,0
0.03629,0
0.03841,0
0.05723,0
0.02108,0
0.01501,0
0.01501,0
0.01165,0
0.01514,0
0.01381,0
0.01766,0
0.03091,0
0.04124,0
0.04192,0
0.03880,0
0.04004,0
0.04424,0
0.04989,0
0.05020,0
0.04972,0
0.05031,0
0.05664,0
0.02210,0
0.03273,0
0.02224,0
0.01726,0
0.02159,0
0.02415,0
0.00534,0
0.05460,1
0.04533,1
0.04619,1
0.03492,1
0.03421,1
0.03818,1
0.04090,1
0.04712,1
0.06221,1
0.06672,0
0.02497,0
0.03603,0
0.02762,0
0.02845,0
0.02674,0
0.02984,0
0.00534,0
0.01218,0
0.01144,0
0.00886,0
0.01618,0
0.03063,0
0.03470,0
0.03332,0
0.03433,0
0.03555,0
0.00534,0
0.00655,0
0.00626,0
0.00681,0
0.01748,0
0.01457,0
0.01784,0
0.01461,0
0.01250,0
0.01065,0
0.00973,0
0.01493,0
0.01711,0
0.01731,0
0.10079,0
0.07101,0
0.04868,0
0.03801,0
0.03852,0
0.03032,0
0.02955,0
0.02988,0
0.03036,0
0.03600,0
0.01461,0
0.01250,0
0.04642,0
0.03611,0
0.03867,0
0.02936,0
0.02984,0
0.00534,0
0.00655,0
0.00695,0
0.00586,0
0.01916,0
0.02164,0
0.03035,0
0.04032,0
0.05311,0
0.07053,0
0.03728,0
0.02818,0
0.01479,0
0.02557,0
0.03863,0
0.05428,0
0.04683,0
0.04209,0
0.05009,0
0.00534,0
0.00819,0
0.04664,0
0.05134,0
0.03226,0
0.02765,0
0.03063,0
0.03417,0
0.03845,0
0.05716,0
0.00534,0
0.00655,0
0.00655,0
0.00686,0
0.01260,0
0.02075,0
0.02090,0
0.02149,0
0.02351,0
0.02497,0
0.00534,0
0.00655,0
0.00638,0
0.00549,0
0.01639,0
0.02011,0
0.01940,0
0.00534,0
0.00655,0
0.00638,0
0.00549,0
0.02546,0
0.04359,0
0.04245,0
0.04210,0
0.04522,0
0.05746,0
0.05883,0
0.02466,0
0.03474,0
0.03545,0
0.02941,0
0.02583,0
0.02822,0
0.00534,0
0.00655,0
0.00655,0
0.04031,0
0.03577,0
0.02705,0
0.03076,0
0.03533,0
0.03702,0
0.05861,0
0.00534,0
0.03831,0
0.03281,0
0.04564,0
0.05474,0
0.04733,0
0.05044,0
0.13197,0
0.09685,0
0.06923,0
0.07623,0
0.07129,0
0.05328,0
0.04312,0
0.05861,0
0.06597,0
0.06591,0
0.00534,0
0.01218,0
0.01160,0
0.01017,0
0.02206,0
0.03411,0
0.03669,0
0.03355,0
0.03651,0
0.04784,0
0.10079,0
0.07373,0
0.07015,0
0.05971,0
0.04722,0
0.04484,0
0.04418,0
0.04760,0
0.05285,0
0.00534,0
0.01218,0
0.01271,0
0.01139,0
0.01754,0
0.03290,0
0.03854,0
0.04096,0
0.04120,0
0.04136,0
0.02108,0
0.07947,0
0.05979,0
0.04861,0
0.05078,0
0.06159,0
0.06167,0
0.06339,0
0.06868,0
0.07696,0
0.10696,0
0.07386,0
0.04925,0
0.03714,0
0.03873,0
0.02934,0
0.02996,0
0.02945,0
0.03182,0
0.03714,0
0.04983,0
0.03348,0
0.01912,0
0.02685,0
0.03399,0
0.02634,0
0.02408,0
0.02642,0
0.02750,0
0.03508,0
0.00534,0
0.00655,0
0.00741,0
0.00643,0
0.01350,0
0.02360,0
0.02353,0
0.02478,0
0.02567,0
0.00534,0
0.00655,0
0.00626,0
0.00681,0
0.01390,0
0.02320,0
0.02347,0
0.02519,0
0.02834,0
0.00534,0
0.01218,0
0.01185,0
0.03419,0
0.02727,0
0.02872,0
0.03168,0
0.03512,0
0.03420,0
0.04395,0
0.05364,0
0.02196,0
0.03332,0
0.02649,0
0.02045,0
0.02263,0
0.02612,0
0.00534,0
0.00813,0
0.00880,0
0.00743,0
0.02704,0
0.03349,0
0.04232,0
0.05593,0
0.06450,0
0.01461,0
0.01806,0
0.01505,0
0.01154,0
0.02774,0
0.02520,0
0.03102,0
0.03206,0
0.04477,0
0.06596,0
0.09357,0
0.16955,0
0.14116,0
0.08129,0
0.05926,0
0.05158,0
0.04731,0
0.04682,0
0.04943,0
0.05966,0
0.02108,0
0.02254,0
0.02009,0
0.01678,0
0.02143,0
0.02349,0
0.02531,0
0.02713,0
0.02568,0
0.02994,0
0.01461,0
0.01250,0
0.00999,0
0.00897,0
0.01458,0
0.01103,0
0.01677,0
0.00534,0
0.00819,0
0.03722,0
0.03101,0
0.03288,0
0.04107,0
0.03882,0
0.03796,0
0.03695,0
0.03672,0
0.00534,0
0.00655,0
0.00741,0
0.00643,0
0.01230,0
0.02999,0
0.02961,0
0.02988,0
0.03030,0
0.03228,0
0.02108,0
0.01501,0
0.06577,0
0.05294,0
0.04177,0
0.04119,0
0.03782,0
0.03894,0
0.03921,0
0.06082,0
0.01461,0
0.01250,0
0.04476,1
0.04166,1
0.05349,1
0.06635,1
0.11938,1
0.09852,0
0.08050,0
0.05316,0
0.04702,0
0.04708,0
0.03737,0
0.03641,0
0.03498,0
0.03505,0
0.04002,0
0.00534,0
0.00655,0
0.03729,0
0.03143,0
0.03320,0
0.02728,0
0.03153,0
0.00534,0
0.01218,0
0.01424,0
0.01121,0
0.01568,0
0.03452,0
0.03373,0
0.03305,0
0.03610,0
0.03905,0
0.00534,0
0.00655,0
0.00618,0
0.00583,0
0.01190,0
0.00836,0
0.01150,0
0.01461,0
0.01250,0
0.01012,0
0.00941,0
0.01475,0
0.01128,0
0.01700,0
0.00534,0
0.00655,0
0.00695,0
0.00586,0
0.01187,0
0.00868,0
0.01257,0
0.05595,0
0.02262,0
0.02688,0
0.03711,0
0.03877,0
0.03125,0
0.02763,0
0.02893,0
0.02852,0
0.03629,0
0.03510,0
0.02986,0
0.01788,0
0.02361,0
0.02283,0
0.02742,0
0.03220,0
0.03091,0
0.04047,0
0.04058,0
0.03154,0
0.02388,0
0.02451,0
0.02839,0
0.04983,1
0.03538,1
0.01920,1
0.02449,1
0.02772,1
0.04703,1
0.05275,1
0.05510,1
0.05062,1
0.00534,0
0.00813,0
0.00880,0
0.00861,0
0.01568,0
0.01806,0
0.01923,0
0.02130,0
0.02066,0
0.02338,0
0.02108,0
0.01501,0
0.01256,0
0.00978,0
0.01312,0
0.01702,0
0.02428,0
0.02621,0
0.02515,0
0.02785,0
0.00534,0
0.00813,0
0.00938,0
0.00795,0
0.01357,0
0.01011,0
0.01310,0
0.00534,0
0.00655,0
0.00638,0
0.00640,0
0.01232,0
0.00918,0
0.01526,0
0.20633,0
0.10211,0
0.07079,0
0.05951,0
0.05136,0
0.04056,0
0.04224,0
0.03091,0
0.05254,0
0.04744,0
0.03621,0
0.03047,0
0.02396,0
0.02208,0
0.02154,0
0.02291,0
0.02633,0
0.10079,0
0.06614,0
0.05095,0
0.04062,0
0.04397,0
0.03282,0
0.03120,0
0.03037,0
0.03179,0
0.03651,0
0.00534,0
0.01218,0
0.01144,0
0.00996,0
0.01754,0
0.02036,0
0.03516,0
0.03818,0
0.03920,0
0.05793,0
0.02221,0
0.03468,0
0.02323,0
0.02484,0
0.02574,0
0.02891,0
0.10169,0
0.04153,0
0.02410,0
0.02720,0
0.02732,0
0.03014,0
0.03805,0
0.10696,0
0.06045,0
0.09061,0
0.11074,0
0.09562,0
0.07740,0
0.07022,0
0.06501,0
0.06148,0
0.06463,0
0.00534,0
0.05349,0
0.03741,0
0.04294,0
0.03317,0
0.03145,0
0.03590,0
0.03864,0
0.04416,0
0.06023,0
0.05793,0
0.02531,0
0.03417,0
0.04377,0
0.06586,0
0.08405,0
0.09033,0
0.08366,0
0.08015,0
0.08738,0
0.10978,1
0.11572,1
0.02108,0
0.02254,0
0.02670,1
0.03923,1
0.05571,1
0.06733,1
0.08058,1
0.10002,1
0.11873,1
0.11993,1
0.13417,1
0.11882,0
0.18875,0
0.10440,0
0.07332,0
0.06629,0
0.05939,0
0.05811,0
0.05794,0
0.06084,0
0.04983,0
0.03348,0
0.01983,0
0.02712,0
0.03236,0
0.04865,0
0.04458,0
0.04029,0
0.04961,0
0.00534,0
0.00655,0
0.00695,0
0.00705,0
0.01275,0
0.00804,1
0.01350,1
0.05793,0
0.02221,0
0.03566,0
0.03419,0
0.03405,0
0.02785,0
0.02302,0
0.02329,0
0.02472,0
0.02969,0
0.00534,0
0.00655,0
0.00841,0
0.00690,0
0.01427,0
0.02250,0
0.03594,0
0.03247,0
0.03487,0
0.11882,0
0.18875,0
0.10438,0
0.07208,0
0.06197,0
0.05528,0
0.05343,0
0.05371,0
0.05654,0
0.01461,0
0.01250,0
0.01099,0
0.00990,0
0.01863,1
0.03647,1
0.05211,1
0.06778,1
0.06404,1
0.11014,0
0.06266,0
0.05561,0
0.04054,0
0.03917,0
0.03563,0
0.03460,0
0.03590,0
0.03978,0
0.04804,0
0.00534,0
0.00655,0
0.00741,0
0.00643,0
0.01230,0
0.01979,0
0.02835,0
0.02857,0
0.02960,0
0.03128,0
0.10696,0
0.06664,0
0.07180,0
0.04413,0
0.03851,0
0.03133,0
0.03112,0
0.03136,0
0.03315,0
0.03870,0
0.00534,0
0.01218,0
0.01424,0
0.01234,0
0.01659,0
0.01312,0
0.01607,0
0.00534,0
0.00655,0
0.00695,0
0.00586,0
0.01187,0
0.00868,0
0.01708,0
0.00534,0
0.00819,0
0.01135,0
0.00884,0
0.01493,0
0.02346,0
0.02672,0
0.02584,0
0.02625,0
0.02665,0
0.03091,0
0.05254,0
0.06948,1
0.05635,1
0.10059,1
0.09345,1
0.10561,1
0.09794,1
0.09613,1
0.09580,1
0.00534,0
0.00655,0
0.07064,1
0.11506,1
0.08562,1
0.06570,1
0.07597,1
0.07825,1
0.08098,1
0.10636,1
0.12522,1
0.00534,0
0.01218,0
0.07451,1
0.07917,1
0.07315,1
0.08685,1
0.08741,1
0.09412,1
0.10578,1
0.11495,1
0.01461,0
0.01250,0
0.00973,0
0.00929,0
0.01587,0
0.02250,0
0.02410,0
0.02499,0
0.02589,0
0.02668,0
0.00534,0
0.00655,0
0.00638,0
0.00640,0
0.01454,0
0.02162,0
0.03311,0
0.03395,0
0.03665,0
0.04806,0
0.00534,0
0.00655,0
0.00841,0
0.00806,0
0.02065,0
0.02257,0
0.03104,0
0.03851,0
0.04590,0
0.06140,0
0.00534,0
0.00819,0
0.00980,0
0.00784,0
0.01424,0
0.02934,0
0.03823,0
0.03395,0
0.03279,0
0.03341,0
0.01461,0
0.01393,0
0.05788,0
0.05079,0
0.05692,0
0.05378,0
0.05137,0
0.06236,0
0.08065,0
0.03728,0
0.02818,0
0.01479,0
0.02271,0
0.03384,0
0.02649,0
0.02527,0
0.02319,0
0.02508,0
0.02885,0
0.00534,0
0.00655,0
0.00841,0
0.00690,0
0.01254,0
0.00937,0
0.01311,0
0.00534,0
0.00655,0
0.00695,0
0.00586,0
0.01167,0
0.02073,0
0.03582,0
0.06897,0
0.10532,0
0.11669,0
0.00534,0
0.00655,0
0.00638,0
0.00549,0
0.01639,0
0.01193,0
0.01813,0
0.00534,0
0.01218,0
0.01144,0
0.00886,0
0.01449,0
0.01457,0
0.01690,0
0.00534,0
0.00655,0
0.00741,0
0.00734,0
0.01429,0
0.02094,0
0.02458,0
0.02405,0
0.02467,0
0.02528,0
0.10696,0
0.07598,0
0.07261,0
0.06080,0
0.04909,0
0.04565,0
0.04479,0
0.04728,0
0.05283,0
0.05595,0
0.02262,0
0.03370,0
0.03588,0
0.03065,0
0.02914,0
0.02410,0
0.02282,0
0.02440,0
0.03392,0
0.00534,0
0.00655,0
0.03729,0
0.03143,0
0.03481,0
0.03325,0
0.03328,0
0.03754,0
0.03475,0
0.03629,0
0.03453,0
0.05017,0
0.04945,0
0.09315,0
0.07903,0
0.05445,0
0.07107,1
0.06588,1
0.06272,1
0.06478,1
0.07014,1
0.08012,1
0.00534,0
0.00655,0
0.00741,0
0.00734,0
0.01304,0
0.01319,0
0.01299,0
0.06672,0
0.02786,0
0.03739,0
0.02559,0
0.02112,0
0.02055,0
0.02325,0
0.00534,0
0.00655,0
0.00695,0
0.00586,0
0.01187,0
0.01344,0
0.01392,0
0.02108,0
0.02254,0
0.02009,0
0.01678,0
0.02006,0
0.02933,0
0.04156,0
0.04020,0
0.04207,0
0.05014,0
0.18201,0
0.10580,0
0.07591,0
0.06317,0
0.05563,0
0.04321,0
0.04421,0
0.02108,0
0.08533,1
0.06128,1
0.06758,1
0.07870,1
0.07800,1
0.08456,1
0.08057,0
0.05830,0
0.03596,0
0.03620,0
0.03074,0
0.02711,0
0.02752,0
0.02861,0
0.03106,0
0.03634,0
0.00534,0
0.00655,0
0.00655,0
0.00594,0
0.01196,0
0.00855,0
0.01461,0
0.00534,0
0.00655,0
0.08121,0
0.06902,0
0.05318,0
0.05397,0
0.04891,0
0.04948,0
0.05268,0
0.08997,0
0.11882,0
0.18875,0
0.10429,0
0.07046,0
0.05911,0
0.05276,0
0.05083,0
0.05161,0
0.05435,0
0.00534,0
0.00819,0
0.00980,0
0.00784,0
0.02407,0
0.02206,0
0.03153,0
0.03918,0
0.03611,0
0.03820,0
0.00534,0
0.00655,0
0.00638,0
0.03593,0
0.04273,0
0.05330,0
0.05511,0
0.05596,0
0.05527,0
0.07526,0
0.05475,0
0.05165,0
0.02987,0
0.03193,0
0.02740,0
0.02795,0
0.02887,0
0.03020,0
0.03272,0
0.03803,0
0.00534,0
0.00655,0
0.00626,0
0.00681,0
0.01456,0
0.02042,0
0.02810,0
0.02468,0
0.02716,0
0.02960,0
0.00534,0
0.00655,0
0.00638,0
0.00640,0
0.01232,0
0.01565,0
0.01972,0
0.00534,0
0.01218,0
0.01172,0
0.00985,0
0.01489,0
0.01831,0
0.02086,0
0.01461,0
0.05753,0
0.04231,0
0.04566,0
0.03475,0
0.03263,0
0.03674,0
0.03932,0
0.04527,0
0.05598,0
0.02108,0
0.01769,0
0.01582,0
0.01327,0
0.01960,0
0.03345,0
0.04103,0
0.03612,0
0.03482,0
0.03503,0
0.00534,0
0.01218,0
0.01172,0
0.00884,0
0.01428,0
0.01152,0
0.01692,0
0.02108,0
0.01769,0
0.01588,0
0.01296,0
0.01893,0
0.02947,0
0.04122,0
0.04294,0
0.04252,0
0.03728,0
0.02542,0
0.01444,0
0.02105,0
0.02031,0
0.01881,0
0.02208,0
0.15617,0
0.16441,0
0.08144,0
0.05339,0
0.04458,0
0.04066,0
0.03942,0
0.04142,0
0.04769,0
0.00534,0
0.01218,0
0.01172,0
0.00884,0
0.02209,0
0.02074,0
0.03427,0
0.04127,0
0.03340,0
0.03547,0
0.05178,1
0.09465,1
0.10054,1
0.12583,1
0.10614,1
0.07890,1
0.06574,1
0.06066,1
0.05714,1
0.05691,1
0.06352,1
0.03728,0
0.03222,0
0.01834,0
0.02390,0
0.03433,0
0.03152,0
0.03397,0
0.01461,0
0.01806,0
0.01630,0
0.01270,0
0.01886,0
0.02770,0
0.02730,0
0.02519,0
0.02557,0
0.02642,0
0.03091,0
0.05254,0
0.04744,0
0.03772,0
0.03186,0
0.02553,0
0.02657,0
0.02482,0
0.02486,0
0.02728,0
0.12715,0
0.06149,0
0.05838,0
0.04411,0
0.04102,0
0.03711,0
0.03582,0
0.03596,0
0.04026,0
0.05558,0
0.03091,0
0.05254,0
0.04744,0
0.03478,0
0.02856,0
0.02291,0
0.02098,0
0.02029,0
0.02172,0
0.02422,0
0.03091,0
0.03719,0
0.04084,0
0.03981,0
0.03567,0
0.03969,0
0.03561,0
0.03307,0
0.03350,0
0.03738,0
0.01461,0
0.01250,0
0.01065,0
0.00973,0
0.01669,0
0.02430,0
0.03996,0
0.03673,0
0.03949,0
0.04368,0
0.03091,0
0.04771,0
0.04081,0
0.02866,0
0.02344,0
0.02460,0
0.02883,0
0.08057,0
0.06012,0
0.03395,0
0.03528,0
0.02791,0
0.02568,0
0.02611,0
0.02644,0
0.02810,0
0.03416,0
0.10696,0
0.06745,0
0.07342,0
0.04678,0
0.04139,0
0.03498,0
0.03423,0
0.03515,0
0.03672,0
0.04199,0
0.00534,0
0.01218,0
0.01160,0
0.01017,0
0.01571,0
0.01671,0
0.01837,0
0.02106,0
0.02078,0
0.02629,0
0.00534,0
0.08168,0
0.08863,0
0.07063,0
0.05554,0
0.06089,0
0.06604,0
0.07296,0
0.07943,0
0.00534,0
0.00655,0
0.00655,0
0.03865,0
0.05482,0
0.06327,0
0.06425,0
0.07890,0
0.08411,0
0.00534,0
0.00655,0
0.00841,0
0.00806,0
0.01340,0
0.01128,0
0.01429,0
0.00534,0
0.00655,0
0.00841,0
0.00690,0
0.01371,0
0.01645,0
0.01699,0
0.02015,0
0.01939,0
0.02509,0
0.00534,0
0.00655,0
0.03957,0
0.04235,0
0.03836,0
0.02913,0
0.03351,0
0.03725,0
0.04190,0
0.05452,0
0.00534,0
0.00813,0
0.00840,0
0.00703,0
0.01474,0
0.02217,0
0.02164,0
0.02326,0
0.02670,0
0.02108,0
0.05183,0
0.05030,0
0.05896,0
0.06123,0
0.05380,0
0.05643,0
0.11134,0
0.07329,0
0.06145,0
0.05410,0
0.05102,0
0.04074,0
0.04254,0
0.00534,0
0.00655,0
0.00695,0
0.00586,0
0.01167,0
0.02073,0
0.04130,0
0.04294,0
0.04555,0
0.05425,0
0.00534,0
0.00655,0
0.00638,0
0.00549,0
0.01134,0
0.01481,0
0.01728,0
0.01900,0
0.01815,0
0.02388,0
0.00534,0
0.03774,1
0.05446,1
0.05831,1
0.05549,1
0.04906,1
0.04861,1
0.06113,1
0.09852,0
0.07671,0
0.05373,0
0.04089,0
0.04063,0
0.03380,0
0.03203,0
0.03113,0
0.03124,0
0.03679,0
0.10169,0
0.05868,0
0.02942,0
0.02331,0
0.02325,0
0.02428,0
0.03311,0
0.00534,0
0.00819,0
0.03472,1
0.04626,1
0.04938,1
0.05114,1
0.06286,1
0.00534,0
0.01218,0
0.01185,0
0.03725,0
0.03029,0
0.03080,0
0.03319,0
0.03894,0
0.03616,0
0.04427,0
0.00534,0
0.00655,0
0.00626,0
0.00681,0
0.01456,0
0.01793,0
0.03339,0
0.03158,0
0.03454,0
0.00534,0
0.00655,0
0.00695,0
0.00586,0
0.01046,0
0.01510,0
0.02149,0
0.02288,0
0.02077,0
0.02719,0
0.13770,0
0.06163,0
0.05194,0
0.03712,0
0.03115,0
0.03083,0
0.03162,0
0.03365,0
0.03831,0
0.05397,0
0.00534,0
0.01218,0
0.01144,0
0.00886,0
0.04401,1
0.05296,1
0.06099,1
0.08221,1
0.08657,1
0.09621,1
0.08872,1
0.00534,0
0.00819,0
0.00905,0
0.00815,0
0.01360,0
0.01036,0
0.01614,0
0.00534,0
0.00655,0
0.00655,0
0.00594,0
0.01196,0
0.01524,0
0.01835,0
0.00534,0
0.00655,0
0.00741,0
0.02681,1
0.05033,1
0.06505,1
0.06814,1
0.06473,1
0.08210,1
0.08872,1
0.13770,0
0.06163,0
0.05194,0
0.03712,0
0.03524,0
0.03226,0
0.03162,0
0.03222,0
0.03691,0
0.05246,0
0.00534,0
0.00655,0
0.03705,0
0.04112,0
0.03792,0
0.03135,0
0.03423,0
0.03917,0
0.04440,0
0.06064,0
0.00534,0
0.01218,0
0.01144,0
0.00996,0
0.01565,0
0.01709,0
0.01951,0
0.02016,0
0.01852,0
0.02524,0
0.03453,0
0.05182,0
0.03939,0
0.03407,0
0.02793,0
0.02809,0
0.03129,0
0.03091,0
0.03588,0
0.03981,0
0.03193,0
0.02923,0
0.02600,0
0.02499,0
0.02444,0
0.02581,0
0.02819,0
0.00534,0
0.00819,0
0.04722,0
0.05177,0
0.03341,0
0.02841,0
0.02985,0
0.03350,0
0.03538,0
0.05555,0
0.00534,0
0.00655,0
0.00841,0
0.00690,0
0.01360,0
0.02231,0
0.02549,0
0.02487,0
0.02536,0
0.02578,0
0.00534,0
0.00655,0
0.04378,0
0.02760,0
0.02975,0
0.03277,0
0.03002,0
0.03106,0
0.03163,0
0.04119,0
0.03453,0
0.04392,0
0.04229,0
0.03367,0
0.03144,0
0.03065,0
0.03250,0
0.00534,0
0.00655,0
0.00638,0
0.00640,0
0.00921,0
0.02580,0
0.04235,0
0.03269,0
0.03381,0
0.03848,0
0.00534,0
0.00655,0
0.00741,0
0.00643,0
0.01242,0
0.00909,0
0.01523,0
0.00534,0
0.01218,0
0.01172,0
0.00985,0
0.01237,0
0.01664,0
0.02285,0
0.02444,0
0.02188,0
0.02752,0
0.00534,0
0.00655,0
0.00655,0
0.00686,0
0.01262,0
0.00943,0
0.01253,0
0.02332,1
0.03141,1
0.03705,1
0.00534,0
0.00819,0
0.00980,0
0.00784,0
0.01371,0
0.01069,0
0.01732,0
0.03453,0
0.04392,0
0.03064,0
0.02884,0
0.02421,0
0.02596,0
0.03007,0
0.00534,0
0.00655,0
0.00655,0
0.02549,0
0.03719,0
0.03560,0
0.04641,0
0.04454,0
0.03504,0
0.03932,0
0.01461,0
0.01393,0
0.01224,0
0.01009,0
0.01536,0
0.01159,0
0.01722,0
0.00534,0
0.00655,0
0.00695,0
0.00705,0
0.01275,0
0.01723,0
0.01776,0
0.05793,0
0.02531,0
0.03851,0
0.04119,0
0.03675,0
0.03075,0
0.02481,0
0.02315,0
0.02347,0
0.02821,0
0.03453,0
0.05017,0
0.04523,0
0.07786,0
0.07084,0
0.04998,0
0.04225,0
0.03855,0
0.03677,0
0.03900,0
0.00534,0
0.00655,0
0.00734,0
0.00638,0
0.01213,0
0.01530,0
0.01677,0
0.01715,0
0.01731,0
0.02050,0
0.03728,0
0.02565,0
0.01491,0
0.02321,0
0.02672,0
0.05698,0
0.05890,0
0.05548,0
0.05244,0
0.05179,0
0.01461,0
0.01250,0
0.05463,0
0.04957,0
0.05889,0
0.05672,0
0.05574,0
0.06598,0
0.08368,0
0.01461,0
0.01403,0
0.01189,0
0.01047,0
0.01277,0
0.01986,0
0.02292,0
0.02371,0
0.02234,0
0.02494,0
0.03728,0
0.02900,0
0.01631,0
0.03125,0
0.03170,0
0.02289,0
0.01799,0
0.01702,0
0.01847,0
0.02397,0
0.01461,0
0.01250,0
0.00973,0
0.00837,0
0.01395,0
0.01683,0
0.01975,0
0.00534,0
0.00813,0
0.00827,0
0.00739,0
0.01313,0
0.01618,0
0.01717,0
0.01754,0
0.01780,0
0.02407,0
0.05664,0
0.02210,0
0.03273,0
0.02224,0
0.02261,0
0.02189,0
0.02422,0
0.06551,0
0.05903,0
0.03769,0
0.03839,0
0.03158,0
0.02735,0
0.02843,0
0.02860,0
0.03162,0
0.03787,0
0.11984,0
0.09236,0
0.05243,0
0.04705,0
0.03479,0
0.03146,0
0.03011,0
0.02990,0
0.03393,0
0.04271,0
0.01461,0
0.01250,0
0.00999,0
0.00804,0
0.01331,0
0.01672,0
0.01811,0
0.01988,0
0.01896,0
0.02488,0
0.00534,0
0.00655,0
0.00695,0
0.00586,0
0.01358,0
0.02177,0
0.03533,0
0.03186,0
0.03434,0
0.00534,0
0.00655,0
0.00618,0
0.00583,0
0.01190,0
0.00974,0
0.01635,0
0.00534,0
0.00813,0
0.00815,0
0.00823,0
0.02213,0
0.02509,0
0.03468,0
0.03916,0
0.03391,0
0.03818,0
0.03453,0
0.05017,0
0.04536,0
0.04688,0
0.04044,0
0.03751,0
0.03103,0
0.02835,0
0.02853,0
0.03086,0
0.01461,0
0.01806,0
0.01531,0
0.01259,0
0.03677,0
0.04772,0
0.05335,0
0.03555,0
0.03184,0
0.03314,0
0.03728,0
0.02900,0
0.01631,0
0.02250,0
0.02326,0
0.02077,0
0.02346,0
0.00534,0
0.00655,0
0.00655,0
0.00594,0
0.01911,0
0.02226,0
0.02906,0
0.03293,0
0.03189,0
0.03525,0
0.05595,0
0.02262,0
0.03214,0
0.04185,0
0.03872,0
0.03446,0
0.03027,0
0.03117,0
0.03066,0
0.03845,0
0.00534,0
0.00655,0
0.00638,0
0.02603,0
0.04577,0
0.05708,0
0.05473,0
0.08277,0
0.08780,0
0.03091,0
0.04047,0
0.02896,0
0.02816,0
0.02360,0
0.02471,0
0.02777,0
0.03664,0
0.03568,0
0.02276,0
0.06622,1
0.07510,1
0.07799,1
0.06845,1
0.07510,1
0.09110,1
0.09722,1
0.00534,0
0.00655,0
0.00695,0
0.00586,0
0.01358,0
0.02326,0
0.02391,0
0.02259,0
0.02312,0
0.02527,0
0.05595,0
0.02262,0
0.03412,0
0.02402,0
0.01964,0
0.02029,0
0.02441,0
0.04983,0
0.14078,1
0.10544,1
0.10223,1
0.09840,1
0.09118,1
0.08275,1
0.03510,0
0.02915,0
0.01642,0
0.02292,0
0.02202,0
0.02270,0
0.02541,0
0.00534,0
0.00655,0
0.00655,0
0.02549,0
0.02874,0
0.02881,0
0.04700,0
0.04173,0
0.03443,0
0.04015,0
0.03728,0
0.02666,0
0.01506,0
0.02547,0
0.03366,0
0.02882,0
0.02642,0
0.02534,0
0.02862,0
0.03048,0
0.02108,0
0.01641,0
0.01750,0
0.01424,0
0.02261,0
0.02566,0
0.02475,0
0.01461,0
0.01250,0
0.00999,0
0.02669,0
0.02349,0
0.02755,0
0.02790,0
0.02969,0
0.04335,0
0.06169,0
0.00534,0
0.00813,0
0.00827,0
0.00739,0
0.01423,0
0.02012,0
0.03581,1
0.07274,1
0.07357,1
0.08098,1
0.09040,1
0.11047,1
0.00534,0
0.07514,0
0.05902,0
0.05367,0
0.05270,0
0.04304,0
0.04360,0
0.04577,0
0.05094,0
0.05981,0
0.05883,0
0.02466,0
0.02683,0
0.02946,0
0.03101,0
0.03191,0
0.02899,0
0.02899,0
0.02919,0
0.03391,0
0.00534,0
0.00655,0
0.00626,0
0.00590,0
0.01201,0
0.01208,0
0.01202,0
0.01461,0
0.01393,0
0.01224,0
0.01102,0
0.01735,0
0.02626,0
0.02606,0
0.02740,0
0.02939,0
0.15001,0
0.12112,0
0.09867,0
0.09376,0
0.09719,0
0.10182,0
0.10093,0
0.07167,0
0.06979,0
0.07359,0
0.03091,0
0.04047,0
0.02889,0
0.01975,0
0.01654,0
0.01857,0
0.02551,0
0.00534,0
0.01218,0
0.01271,0
0.01139,0
0.01725,0
0.01961,0
0.01926,0
0.02026,0
0.02008,0
0.02529,0
0.05768,1
0.09073,1
0.06376,1
0.06331,1
0.04879,1
0.05440,1
0.06761,1
0.06753,1
0.06787,1
0.07280,1
0.08294,1
0.00534,0
0.00655,0
0.00638,0
0.00640,0
0.02516,0
0.03304,0
0.03198,0
0.03266,0
0.03624,0
0.04399,0
0.05364,0
0.02196,0
0.03051,0
0.03802,0
0.04100,0
0.03302,0
0.02988,0
0.02712,0
0.02685,0
0.03488,0
0.00534,0
0.00655,0
0.00626,0
0.00590,0
0.01672,0
0.01211,0
0.01527,0
0.00534,0
0.00655,0
0.00638,0
0.00549,0
0.01155,0
0.02311,0
0.03162,0
0.02659,0
0.02570,0
0.02871,0
0.00534,0
0.00655,0
0.04262,0
0.03473,0
0.03769,0
0.04883,0
0.05700,0
0.04819,0
0.05385,0
0.05936,0
0.00534,0
0.01218,0
0.01271,0
0.01011,0
0.01494,0
0.01217,0
0.01858,0
0.00534,0
0.00655,0
0.00618,0
0.00583,0
0.01190,0
0.01200,0
0.01483,0
0.01461,0
0.01806,0
0.01531,0
0.07018,0
0.05520,0
0.04653,0
0.04896,0
0.05324,0
0.05246,0
0.09042,0
0.02108,0
0.01769,0
0.05595,0
0.05559,0
0.03590,0
0.03378,0
0.03791,0
0.04082,0
0.04402,0
0.06128,0
0.00534,0
0.01218,0
0.01160,0
0.01017,0
0.01703,0
0.02334,0
0.02566,0
0.02500,0
0.02495,0
0.02606,0
0.03728,0
0.02927,0
0.01731,0
0.02274,0
0.02520,0
0.02279,0
0.02503,0
0.00534,0
0.01218,0
0.04966,1
0.04245,1
0.04414,1
0.00534,0
0.00655,0
0.00638,0
0.00549,0
0.02484,0
0.03525,0
0.03374,0
0.03461,0
0.03676,0
0.04006,0
0.00534,0
0.00655,0
0.00618,0
0.00583,0
0.01164,0
0.01480,0
0.01641,0
0.01756,0
0.01896,0
0.02469,0
0.00534,0
0.00655,0
0.00618,0
0.00583,0
0.01190,0
0.00974,0
0.01766,0
0.11984,0
0.08557,0
0.04850,0
0.04328,0
0.03329,0
0.03048,0
0.02938,0
0.03188,0
0.03508,0
0.04266,0
0.02108,0
0.02831,1
0.04437,1
0.05672,1
0.07010,1
0.08383,1
0.07996,1
0.09390,1
0.12660,1
0.14931,1
0.15326,1
0.05595,0
0.02403,0
0.03299,0
0.04241,0
0.06126,0
0.04897,0
0.04001,0
0.03566,0
0.03527,0
0.04341,0
0.00534,0
0.01218,0
0.01185,0
0.01013,0
0.01515,0
0.01157,0
0.01850,0
0.10696,0
0.07386,0
0.04925,0
0.03714,0
0.03845,0
0.03247,0
0.03230,0
0.03200,0
0.03238,0
0.03809,0
0.03728,0
0.02818,0
0.01479,0
0.02557,0
0.03863,0
0.06788,0
0.06715,0
0.05947,0
0.06662,0
0.05664,0
0.02351,0
0.03137,0
0.04169,0
0.04040,0
0.03351,0
0.02905,0
0.02634,0
0.02633,0
0.03424,0
0.09852,0
0.07671,0
0.05753,0
0.04427,0
0.04228,0
0.03573,0
0.03398,0
0.03295,0
0.03296,0
0.03776,0
0.00534,0
0.01218,0
0.01144,0
0.00996,0
0.02001,0
0.02633,0
0.03582,0
0.04435,0
0.03670,0
0.03774,0
0.00534,0
0.00655,0
0.00741,0
0.00643,0
0.01350,0
0.02831,0
0.03354,0
0.03230,0
0.03267,0
0.03269,0
0.01461,0
0.01393,0
0.01253,0
0.01015,0
0.02284,0
0.02503,0
0.03471,0
0.03911,0
0.03341,0
0.03768,0
0.06672,0
0.02786,0
0.04004,0
0.04206,0
0.03788,0
0.03137,0
0.02507,0
0.02335,0
0.02372,0
0.03215,0
0.00534,0
0.00655,0
0.00655,0
0.00594,0
0.01380,0
0.02404,0
0.03825,0
0.04721,0
0.05105,0
0.05426,0
0.00534,0
0.01218,0
0.01172,0
0.00884,0
0.01221,0
0.02650,0
0.04442,0
0.03438,0
0.03564,0
0.04191,0
0.01461,0
0.01393,0
0.01224,0
0.01009,0
0.01519,0
0.01615,0
0.01977,0
0.02013,0
0.02006,0
0.02571,0
0.00534,0
0.00655,0
0.00841,0
0.02641,0
0.02692,0
0.02946,0
0.03845,0
0.04261,0
0.03144,0
0.03554,0
0.03728,0
0.02666,0
0.01440,0
0.02659,0
0.03463,0
0.02914,0
0.02726,0
0.02580,0
0.03243,0
0.03365,0
0.03453,0
0.05017,0
0.04690,0
0.05878,0
0.04718,0
0.03361,0
0.03314,0
0.03077,0
0.03126,0
0.04983,0
0.03485,0
0.01943,0
0.03022,0
0.03411,0
0.02996,0
0.02879,0
0.02798,0
0.03270,0
0.03546,0
0.00534,0
0.00655,0
0.00734,0
0.03440,0
0.03306,0
0.02734,0
0.03051,0
0.03453,0
0.04235,0
0.06424,0
0.00534,0
0.00655,0
0.00741,0
0.02536,0
0.02099,0
0.02539,0
0.02609,0
0.03555,0
0.05087,0
0.06914,0
0.10169,0
0.04153,0
0.02410,0
0.02453,0
0.02615,0
0.02989,0
0.03878,0
0.05664,0
0.02351,0
0.03518,0
0.03280,0
0.03001,0
0.02441,0
0.01907,0
0.01879,0
0.02016,0
0.02591,0
0.12044,0
0.06368,0
0.07384,0
0.05697,0
0.05314,0
0.05229,0
0.05097,0
0.00534,0
0.00813,0
0.00854,0
0.03015,0
0.02406,0
0.02658,0
0.02817,0
0.03305,0
0.04184,0
0.05846,0
0.00534,0
0.01218,0
0.01271,0
0.01139,0
0.01638,1
0.04905,1
0.06433,1
0.08116,1
0.08846,1
0.11571,1
0.13772,1
0.01461,0
0.01393,0
0.01245,0
0.00977,0
0.02517,0
0.02260,0
0.03149,0
0.03673,0
0.04492,0
0.05008,0
0.03728,0
0.02565,0
0.01418,0
0.02561,0
0.03262,0
0.02777,0
0.02615,0
0.02404,0
0.02717,0
0.02861,0
0.00534,0
0.00655,0
0.00655,0
0.00594,0
0.01668,0
0.01222,0
0.01533,0
0.00534,0
0.00655,0
0.00618,0
0.00583,0
0.01190,0
0.00836,0
0.01150,0
0.06672,0
0.02497,0
0.03719,0
0.03983,0
0.03643,0
0.03032,0
0.02412,0
0.02408,0
0.02437,0
0.03276,0
0.00534,0
0.00655,0
0.00741,0
0.00643,0
0.01242,0
0.00881,0
0.01191,0
0.05364,0
0.02196,0
0.03332,0
0.02254,0
0.02317,0
0.02437,0
0.02632,0
0.03453,0
0.05648,0
0.04119,0
0.03541,0
0.03131,0
0.02496,0
0.02379,0
0.02336,0
0.02472,0
0.02713,0
0.03091,0
0.04771,0
0.03806,0
0.02780,0
0.02338,0
0.02432,0
0.02875,0
0.00534,0
0.00655,0
0.00655,0
0.00686,0
0.01262,0
0.02410,0
0.03567,0
0.03179,0
0.03272,0
0.04013,0
0.10079,0
0.07101,0
0.04668,0
0.03560,0
0.04787,0
0.06155,0
0.05780,0
0.05602,0
0.05585,0
0.06008,0
0.00534,0
0.01218,0
0.04030,0
0.03378,0
0.03668,0
0.03665,0
0.03658,0
0.03723,0
0.03859,0
0.03728,0
0.02927,0
0.01731,0
0.02487,0
0.03956,0
0.06860,0
0.07264,0
0.06501,0
0.07631,0
0.14504,0
0.14460,0
0.12004,0
0.07055,0
0.05108,0
0.04485,0
0.04127,0
0.03997,0
0.04265,0
0.05215,0
0.01461,0
0.01806,0
0.01520,0
0.01235,0
0.01691,0
0.02012,0
0.02235,0
0.00534,0
0.01604,1
0.07064,1
0.11366,1
0.08838,1
0.07366,1
0.07350,1
0.07745,1
0.08120,1
0.07517,1
0.08520,1
0.03091,0
0.04047,0
0.04058,0
0.02568,0
0.02002,0
0.02103,0
0.02658,0
0.00534,0
0.00813,0
0.00815,0
0.00732,0
0.01284,0
0.02407,0
0.03223,0
0.02990,0
0.03079,0
0.03149,0
0.03091,0
0.04124,0
0.04306,0
0.04317,0
0.04000,0
0.03744,0
0.03208,0
0.02937,0
0.02949,0
0.03144,0
0.01461,0
0.01806,0
0.01630,0
0.01270,0
0.01687,0
0.02056,0
0.02285,0
0.00534,0
0.00819,0
0.00916,0
0.00763,0
0.01322,0
0.01103,0
0.01731,0
0.00534,0
0.00813,0
0.00815,0
0.00823,0
0.01499,0
0.02124,0
0.03260,0
0.02798,0
0.02809,0
0.02987,0
0.00534,0
0.00655,0
0.00626,0
0.00590,0
0.01201,0
0.00873,0
0.01494,0
0.00534,0
0.06278,0
0.04908,0
0.03938,0
0.03090,0
0.03878,0
0.04552,0
0.05257,0
0.05987,0
0.00534,0
0.00819,0
0.00874,0
0.02173,0
0.02196,0
0.02514,0
0.02689,0
0.03029,0
0.04494,0
0.06306,0
0.01461,0
0.04698,1
0.04014,1
0.05894,1
0.05702,1
0.04646,1
0.04060,1
0.05894,1
0.07364,1
0.03091,0
0.04047,0
0.03239,0
0.02209,0
0.01828,0
0.02031,0
0.02551,0
0.05364,0
0.02356,0
0.03406,0
0.02318,0
0.02591,0
0.02643,0
0.02895,0
0.04983,0
0.04266,0
0.02498,0
0.03840,0
0.03403,0
0.02890,0
0.02430,0
0.02272,0
0.02545,0
0.03002,0
0.03728,0
0.02927,0
0.01731,0
0.02851,0
0.03260,0
0.06233,0
0.06449,0
0.05865,0
0.05603,0
0.05547,0
0.03091,0
0.04047,0
0.02889,0
0.02516,0
0.02239,0
0.02349,0
0.02812,0
0.05793,1
0.02221,1
0.02555,1
0.03653,1
0.04134,1
0.04116,1
0.03554,1
0.03331,1
0.03495,1
0.04329,1
0.00534,0
0.01218,0
0.01271,0
0.01139,0
0.01754,0
0.02682,0
0.03931,0
0.03819,0
0.03931,0
0.02108,0
0.01501,0
0.06323,0
0.03785,0
0.03267,0
0.03427,0
0.03092,0
0.03381,0
0.03288,0
0.04288,0
0.00534,0
0.00655,0
0.00618,0
0.00583,0
0.01190,0
0.01504,0
0.01522,0
0.01461,0
0.01250,0
0.01012,0
0.03048,0
0.02447,0
0.02718,0
0.02665,0
0.03589,0
0.05115,0
0.05764,0
0.00534,0
0.00655,0
0.00618,0
0.00583,0
0.01190,0
0.00974,0
0.01328,0
0.00534,0
0.01218,0
0.01172,0
0.00985,0
0.01489,0
0.01134,0
0.01691,0
0.00534,0
0.00655,0
0.00655,0
0.00686,0
0.01262,0
0.00943,0
0.01253,0
0.03091,0
0.04771,0
0.05673,0
0.03821,0
0.03305,0
0.03256,0
0.03615,0
0.13197,0
0.10972,1
0.09370,1
0.09120,1
0.09143,1
0.08707,1
0.08857,1
0.09248,1
0.10187,1
0.13341,1
0.03091,0
0.04705,0
0.04411,0
0.04078,0
0.03563,0
0.03325,0
0.02768,0
0.02689,0
0.02723,0
0.02972,0
0.03728,0
0.02927,0
0.01731,0
0.02274,0
0.02520,0
0.02504,0
0.02697,0
0.04983,0
0.03370,0
0.02019,0
0.02458,0
0.02555,0
0.02596,0
0.02788,0
0.00534,0
0.00655,0
0.00741,0
0.00643,0
0.01718,0
0.02138,0
0.02508,0
0.06672,0
0.02497,0
0.03719,0
0.03983,0
0.03373,0
0.02772,0
0.02229,0
0.02259,0
0.02310,0
0.03166,0
0.01461,0
0.01403,0
0.01230,0
0.01007,0
0.01631,0
0.03129,0
0.04733,0
0.03734,0
0.03986,0
0.04453,0
0.05364,0
0.02356,0
0.03237,0
0.03803,0
0.04293,0
0.03831,0
0.03517,0
0.03424,0
0.03484,0
0.10696,0
0.06279,0
0.07132,0
0.04390,0
0.03842,0
0.03110,0
0.03080,0
0.03103,0
0.03211,0
0.03860,0
0.08057,0
0.05830,0
0.03457,0
0.03606,0
0.03085,0
0.02725,0
0.02760,0
0.02786,0
0.02921,0
0.03458,0
0.03091,0
0.04124,0
0.04192,0
0.03880,0
0.03864,0
0.04077,0
0.03705,0
0.03491,0
0.03502,0
0.03787,0
0.04983,0
0.03370,0
0.01950,0
0.03020,0
0.03381,0
0.02838,0
0.02747,0
0.02592,0
0.03065,0
0.03321,0
0.03091,0
0.04705,0
0.05594,0
0.06442,0
0.05123,0
0.03702,0
0.03317,0
0.03216,0
0.03359,0
0.00534,0
0.01218,0
0.01160,0
0.00902,0
0.01651,0
0.02318,0
0.02263,0
0.02419,0
0.02746,0
0.11984,0
0.08642,0
0.04824,0
0.04293,0
0.03010,0
0.03061,0
0.02919,0
0.02958,0
0.03259,0
0.04202,0
0.03728,0
0.02818,0
0.01479,0
0.02258,0
0.03257,0
0.02341,0
0.02452,0
0.02326,0
0.02652,0
0.03452,0
0.00534,0
0.00655,0
0.00841,0
0.04517,0
0.05953,0
0.06706,0
0.07007,0
0.08364,0
0.08768,0
0.00534,0
0.05884,0
0.03666,0
0.04282,0
0.03276,0
0.03101,0
0.03525,0
0.03964,0
0.04510,0
0.06105,0
0.00534,0
0.01218,0
0.01271,0
0.01139,0
0.01579,0
0.01332,0
0.01913,0
0.01461,0
0.04326,0
0.03539,0
0.04744,0
0.05331,0
0.04637,0
0.04984,0
0.09852,0
0.07671,0
0.05373,0
0.04745,0
0.05382,0
0.04134,0
0.03870,0
0.03783,0
0.03838,0
0.04256,0
0.00534,0
0.01218,0
0.01144,0
0.04200,1
0.07072,1
0.06890,1
0.00534,0
0.00819,0
0.01002,0
0.00814,0
0.01366,0
0.02231,0
0.02213,0
0.02494,0
0.02611,0
0.00534,0
0.00655,0
0.05079,0
0.04958,0
0.05883,0
0.05711,0
0.05572,0
0.06110,0
0.07899,0
0.47913,0
0.45620,0
0.31225,0
0.23151,0
0.19036,0
0.16338,0
0.14612,0
0.13630,0
0.13235,0
0.15652,0
0.03453,0
0.04392,0
0.04816,0
0.03781,0
0.02976,0
0.02999,0
0.03428,0
0.00534,0
0.00655,0
0.00638,0
0.00640,0
0.00997,0
0.01417,0
0.01876,0
0.02192,0
0.02178,0
0.02498,0
0.00534,0
0.00655,0
0.00741,0
0.00643,0
0.01242,0
0.00909,0
0.01223,0
0.00534,0
0.01218,0
0.01424,0
0.01234,0
0.02869,0
0.03032,0
0.03840,0
0.04366,0
0.03798,0
0.03960,0
0.05664,0
0.02351,0
0.03368,0
0.02632,0
0.02062,0
0.02065,0
0.02346,0
0.00534,0
0.01218,0
0.01271,0
0.01011,0
0.01494,0
0.01217,0
0.01858,0
0.00534,0
0.00655,0
0.00626,0
0.00590,0
0.01201,0
0.01441,0
0.01441,0
0.01461,0
0.01393,0
0.01253,0
0.01015,0
0.02442,0
0.02476,0
0.03344,0
0.04546,0
0.06355,0
0.07871,0
0.12007,0
0.06910,0
0.05234,0
0.04769,0
0.04495,0
0.03623,0
0.03951,0
0.00534,0
0.06776,1
0.07010,1
0.07345,1
0.08480,1
0.10289,1
0.09630,1
0.11361,0
0.05206,0
0.03430,0
0.03060,0
0.03179,0
0.03564,0
0.04280,0
0.03664,0
0.03568,0
0.02241,0
0.03123,0
0.03929,0
0.03293,0
0.03025,0
0.02835,0
0.03077,0
0.03071,0
0.04983,0
0.03348,0
0.01983,0
0.03066,0
0.04550,0
0.03863,0
0.03626,0
0.03287,0
0.03419,0
0.03626,0
0.05793,0
0.02221,0
0.03566,0
0.03419,0
0.03405,0
0.02785,0
0.02302,0
0.02173,0
0.02334,0
0.02843,0
0.03091,0
0.03719,0
0.04292,0
0.03688,0
0.03712,0
0.03534,0
0.03001,0
0.02775,0
0.02825,0
0.03764,0
0.03728,0
0.03222,0
0.01834,0
0.02940,0
0.03345,0
0.06294,0
0.06345,0
0.06215,0
0.05690,0
0.05712,0
0.04983,0
0.03974,0
0.02402,0
0.03288,0
0.03946,0
0.03284,0
0.03080,0
0.02771,0
0.03041,0
0.03217,0
0.00534,0
0.00819,0
0.00874,0
0.00750,0
0.03309,0
0.04389,0
0.05008,0
0.03243,0
0.02876,0
0.03387,0
0.10169,0
0.07149,0
0.04532,0
0.03486,0
0.03240,0
0.03280,0
0.04029,0
0.01461,0
0.01806,0
0.01630,0
0.01270,0
0.01687,0
0.01307,0
0.01951,0
0.00534,0
0.00819,0
0.00905,0
0.00815,0
0.01360,0
0.01682,0
0.01669,0
0.10169,0
0.04753,0
0.02922,0
0.02641,0
0.02760,0
0.02911,0
0.03808,0
0.00534,0
0.00655,0
0.00741,0
0.00643,0
0.01350,0
0.02498,0
0.03921,0
0.05740,0
0.06768,0
0.07546,0
0.03728,0
0.02565,0
0.01491,0
0.02407,0
0.02537,0
0.02308,0
0.02305,0
0.02231,0
0.02580,0
0.03390,0
0.00534,0
0.00655,0
0.00618,0
0.03338,0
0.02626,0
0.02445,0
0.02842,0
0.03599,0
0.03424,0
0.04347,0
0.15617,0
0.16441,0
0.07809,0
0.04897,0
0.04477,0
0.04044,0
0.03843,0
0.04084,0
0.04745,0
0.00534,0
0.00655,0
0.00638,0
0.00549,0
0.02119,0
0.02061,0
0.02957,0
0.03907,0
0.05732,0
0.07115,0
0.10696,0
0.07386,0
0.04925,0
0.03714,0
0.03625,0
0.02963,0
0.02903,0
0.02833,0
0.03031,0
0.03543,0
0.00534,0
0.00655,0
0.00638,0
0.00549,0
0.01134,0
0.01481,0
0.02962,1
0.07011,1
0.08776,1
0.08049,1
0.11735,1
0.13756,0
0.14890,0
0.12235,0
0.06285,0
0.04360,0
0.03757,0
0.03429,0
0.03409,0
0.03720,0
0.04692,0
0.00534,0
0.00655,0
0.00695,0
0.00586,0
0.02569,0
0.03257,0
0.03689,0
0.06613,0
0.08924,0
0.10169,0
0.13770,0
0.06371,0
0.05872,0
0.04306,0
0.03603,0
0.03290,0
0.03227,0
0.03291,0
0.03760,0
0.05323,0
0.03091,0
0.04705,0
0.04757,0
0.03931,0
0.03777,0
0.04093,0
0.03549,0
0.03263,0
0.03192,0
0.03375,0
0.05664,0
0.02210,0
0.03262,0
0.03129,0
0.03356,0
0.02679,0
0.02222,0
0.02140,0
0.02218,0
0.02726,0
0.03728,0
0.02565,0
0.01491,0
0.02701,0
0.05892,1
0.06138,1
0.05997,1
0.05619,1
0.00534,0
0.00655,0
0.04261,0
0.04692,0
0.02870,0
0.02775,0
0.02919,0
0.03238,0
0.03812,0
0.05551,0
0.03091,0
0.04047,0
0.02889,0
0.02687,0
0.02152,0
0.02236,0
0.02526,0
0.02108,0
0.01501,0
0.01501,0
0.01274,0
0.03311,0
0.02955,0
0.04113,0
0.04554,0
0.04073,0
0.04752,0
0.00534,0
0.00655,0
0.00841,0
0.00690,0
0.01371,0
0.01459,0
0.01754,0
0.01938,0
0.01939,0
0.02454,0
0.00534,0
0.01218,0
0.01172,0
0.02779,0
0.02542,0
0.02848,0
0.02942,0
0.03140,0
0.06313,0
0.10045,0
0.02108,0
0.02254,0
0.01866,0
0.05231,0
0.04285,0
0.03481,0
0.03655,0
0.04045,0
0.04441,0
0.06389,0
0.00534,0
0.00655,0
0.00695,0
0.00705,0
0.01744,0
0.01367,0
0.01738,0
0.01461,0
0.01806,0
0.01784,0
0.01499,0
0.01854,0
0.01546,0
0.02126,0
0.01461,0
0.01250,0
0.01099,0
0.03359,0
0.02748,0
0.03109,0
0.03424,0
0.04194,0
0.03983,0
0.04803,0
0.02108,0
0.02254,0
0.01907,0
0.01545,0
0.01812,0
0.02577,0
0.02564,0
0.02700,0
0.02564,0
0.02818,0
0.00534,0
0.14443,1
0.10877,1
0.09103,1
0.07012,1
0.07580,1
0.08169,1
0.08667,1
0.09086,1
0.01461,0
0.01250,0
0.00973,0
0.00929,0
0.01677,0
0.01984,0
0.02189,0
0.02631,0
0.02743,0
0.00534,0
0.01218,0
0.01272,0
0.01072,0
0.01321,0
0.01863,0
0.01978,0
0.02114,0
0.02099,0
0.02722,0
0.00534,0
0.00655,0
0.07644,0
0.06359,0
0.04963,0
0.04986,0
0.04669,0
0.04799,0
0.05155,0
0.08927,0
0.03091,0
0.04705,0
0.05464,0
0.08635,0
0.07604,0
0.05455,0
0.04559,0
0.04132,0
0.03979,0
0.04260,0
0.00534,0
0.00655,0
0.03705,0
0.04112,0
0.04624,0
0.06476,0
0.06590,0
0.06830,0
0.07105,0
0.08505,0
0.00534,0
0.00655,0
0.00626,0
0.03050,0
0.02384,0
0.02608,0
0.02918,0
0.03611,0
0.03438,0
0.04292,0
0.21196,0
0.10890,0
0.07384,0
0.06150,0
0.05438,0
0.04087,0
0.04218,0
0.00534,0
0.00655,0
0.00626,0
0.00681,0
0.01265,0
0.00899,0
0.01213,0
0.00534,0
0.00655,0
0.00626,0
0.00681,0
0.01456,0
0.02278,0
0.02276,0
0.02148,0
0.02111,0
0.02379,0
0.00534,0
0.00655,0
0.00655,0
0.00594,0
0.01177,0
0.02321,0
0.04012,0
0.03169,0
0.03550,0
0.04129,0
0.03091,0
0.04705,0
0.04411,0
0.04266,0
0.03788,0
0.03590,0
0.02997,0
0.02867,0
0.02818,0
0.03152,0
0.01461,0
0.01806,0
0.01531,0
0.01259,0
0.01753,0
0.02655,0
0.02625,0
0.02694,0
0.02712,0
0.02898,0
0.00534,0
0.00655,0
0.00626,0
0.00590,0
0.01171,0
0.02067,0
0.02094,0
0.02426,0
0.02539,0
0.02108,0
0.01501,0
0.05221,0
0.05144,0
0.03261,0
0.02888,0
0.03180,0
0.03494,0
0.03789,0
0.04936,0
0.00534,0
0.00655,0
0.00655,0
0.00686,0
0.00974,0
0.01685,0
0.01953,0
0.04077,1
0.03728,0
0.02927,0
0.01731,0
0.02773,0
0.03884,0
0.03160,0
0.02948,0
0.02687,0
0.03122,0
0.03312,0
0.11913,0
0.06888,0
0.06681,0
0.06998,0
0.08589,0
0.10570,0
0.10409,0
0.09407,0
0.08917,0
0.09738,1
0.03728,0
0.02666,0
0.01440,0
0.02142,0
0.03622,0
0.03327,0
0.03275,0
0.00534,0
0.00655,0
0.04339,0
0.04768,0
0.02991,0
0.02607,0
0.02917,0
0.03277,0
0.03413,0
0.05340,0
0.03728,1
0.09296,1
0.07204,1
0.06694,1
0.05139,1
0.04997,1
0.05474,1
0.06118,1
0.05719,1
0.06883,1
0.07074,1
0.06652,1
0.03664,0
0.02798,0
0.01794,0
0.02781,0
0.03789,0
0.03300,0
0.03126,0
0.02885,0
0.02962,0
0.03344,0
0.03728,0
0.02542,0
0.01504,0
0.02673,0
0.03143,0
0.02772,0
0.02490,0
0.02249,0
0.02353,0
0.02537,0
0.00534,0
0.00655,0
0.00841,0
0.00806,0
0.01490,0
0.01741,0
0.01986,0
0.01995,0
0.01987,0
0.02547,0
0.01461,0
0.01393,0
0.01326,0
0.01163,0
0.01684,0
0.01368,0
0.02060,0
0.00534,0
0.01218,0
0.01185,0
0.01013,0
0.01515,0
0.01546,0
0.01480,0
0.03091,0
0.03719,0
0.04834,0
0.08693,0
0.07366,0
0.05126,0
0.04115,0
0.03716,0
0.03626,0
0.03852,0
0.06672,0
0.02786,0
0.03458,0
0.04038,0
0.04461,0
0.03576,0
0.03061,0
0.02761,0
0.02722,0
0.03498,0
0.03728,0
0.02927,0
0.01731,0
0.02274,0
0.03386,0
0.02821,0
0.02845,0
0.00534,0
0.01218,0
0.01144,0
0.00996,0
0.01507,0
0.01523,0
0.01750,0
0.04983,0
0.03370,0
0.01950,0
0.02434,0
0.02481,0
0.02855,0
0.03015,0
0.00534,0
0.00819,0
0.01135,0
0.00999,0
0.01531,0
0.01282,0
0.01977,0
0.00534,0
0.00819,0
0.00980,0
0.00784,0
0.01371,0
0.00996,0
0.01355,0
0.01461,0
0.01250,0
0.00973,0
0.00929,0
0.01462,0
0.01108,0
0.01391,0
0.05574,0
0.02304,0
0.03062,0
0.04582,0
0.06676,0
0.05007,0
0.03872,0
0.03689,0
0.03675,0
0.04515,0
0.01461,0
0.01403,0
0.01230,0
0.01125,0
0.01799,0
0.02396,0
0.03299,0
0.02799,0
0.02827,0
0.03045,0
0.03453,0
0.04358,0
0.04444,0
0.04247,0
0.03809,0
0.04451,0
0.05504,0
0.05478,0
0.05325,0
0.05386,0
0.15617,0
0.16441,0
0.08144,0
0.05339,0
0.04458,0
0.04066,0
0.04017,0
0.04199,0
0.04592,0
0.00534,0
0.01218,0
0.04256,0
0.03477,0
0.03616,0
0.03509,0
0.03467,0
0.03457,0
0.03225,0
0.03401,0
0.08057,0
0.06012,0
0.03395,0
0.03318,0
0.02861,0
0.02518,0
0.02558,0
0.02596,0
0.02850,0
0.03439,0
0.15364,0
0.11287,0
0.07400,0
0.05943,0
0.04899,0
0.04415,0
0.04117,0
0.04195,0
0.04531,0
0.05336,0
0.00534,0
0.03779,0
0.03288,0
0.04211,0
0.04963,0
0.04502,0
0.04846,0
0.00534,0
0.05884,0
0.03981,0
0.04248,0
0.03270,0
0.03248,0
0.03672,0
0.04081,0
0.04709,0
0.06261,0
0.00534,0
0.00655,0
0.00618,0
0.00674,0
0.01263,0
0.02402,0
0.04285,0
0.03100,0
0.03050,0
0.03746,0
0.05595,1
0.02403,1
0.04376,1
0.05098,1
0.07309,1
0.05040,1
0.05323,1
0.00534,0
0.00655,0
0.00734,0
0.00729,0
0.01307,0
0.01028,0
0.01595,0
0.00534,0
0.01218,0
0.01185,0
0.00910,0
0.01463,0
0.01179,0
0.01419,0
0.03728,0
0.02542,0
0.01504,0
0.02673,0
0.03319,0
0.04855,0
0.04548,0
0.04009,0
0.04893,0
0.15576,0
0.14567,0
0.11845,0
0.06321,0
0.04451,0
0.04276,0
0.03909,0
0.03794,0
0.04084,0
0.04936,0
0.31867,1
0.23153,1
0.19276,1
0.15295,1
0.14830,1
0.14170,1
0.13257,1
0.12410,1
0.12154,1
0.12366,1
0.13770,0
0.06371,0
0.05872,0
0.04306,0
0.04012,0
0.03616,0
0.03493,0
0.03514,0
0.03910,0
0.04986,0
0.05664,0
0.02210,0
0.03273,0
0.03439,0
0.02402,0
0.02147,0
0.02414,0
0.03091,0
0.04705,0
0.05594,0
0.06442,0
0.05185,0
0.03847,0
0.03772,0
0.03621,0
0.03624,0
0.00534,0
0.00655,0
0.00655,0
0.00594,0
0.01196,0
0.00885,0
0.01498,0
0.00534,0
0.05884,0
0.03981,0
0.04248,0
0.03270,0
0.03130,0
0.03568,0
0.03861,0
0.04417,0
0.06021,0
0.00534,0
0.00655,0
0.00741,0
0.00734,0
0.01011,0
0.01552,0
0.01909,0
0.02001,0
0.02010,0
0.02325,0
0.01461,0
0.01250,0
0.00999,0
0.00897,0
0.01458,0
0.01215,0
0.01829,0
0.04983,0
0.03348,0
0.01912,0
0.02511,0
0.03354,0
0.03184,0
0.03207,0
0.01461,0
0.01250,0
0.01099,0
0.00898,0
0.01651,0
0.02705,0
0.03311,0
0.02864,0
0.02995,0
0.03061,0
0.03091,0
0.12488,0
0.11905,0
0.12258,0
0.13527,0
0.11347,0
0.11009,0
0.09813,0
0.09488,0
0.09610,0
0.00534,0
0.00655,0
0.00638,0
0.00640,0
0.01232,0
0.01270,0
0.01542,0
0.00534,0
0.01218,0
0.01271,0
0.01139,0
0.01630,0
0.02507,0
0.02525,0
0.02804,0
0.02870,0
0.02937,0
0.11882,0
0.18875,0
0.10753,0
0.07431,0
0.06377,0
0.05799,0
0.05582,0
0.05695,0
0.06075,0
0.01461,0
0.01806,0
0.01491,0
0.01242,0
0.02650,0
0.02859,0
0.03777,0
0.04356,0
0.03566,0
0.03785,0
0.00534,0
0.01218,0
0.06135,0
0.06317,0
0.07850,0
0.07344,0
0.06796,0
0.06593,0
0.06349,0
0.08178,0
0.00534,0
0.00819,0
0.05551,0
0.03441,0
0.02988,0
0.03243,0
0.02994,0
0.03093,0
0.03139,0
0.04299,0
0.33749,1
0.23433,1
0.18162,1
0.15232,1
0.13707,1
0.12813,1
0.12558,1
0.11783,1
0.11296,1
0.11984,0
0.08642,0
0.04824,0
0.04199,0
0.03231,0
0.03277,0
0.03090,0
0.03053,0
0.03476,0
0.04447,0
0.03091,0
0.05254,0
0.04744,0
0.03772,0
0.03057,0
0.02425,0
0.02207,0
0.02123,0
0.02251,0
0.02492,0
0.00534,0
0.00655,0
0.00618,0
0.00583,0
0.01190,0
0.00974,0
0.01328,0
0.05883,0
0.02466,0
0.03619,0
0.03319,0
0.03313,0
0.02657,0
0.02062,0
0.02009,0
0.02215,0
0.03236,0
0.03091,0
0.05254,0
0.04428,0
0.03404,0
0.03176,0
0.02531,0
0.02699,0
0.02572,0
0.02652,0
0.02874,0
0.03091,0
0.04705,0
0.05594,0
0.08601,0
0.06951,0
0.05564,0
0.05230,0
0.04850,0
0.04946,0
0.10696,0
0.07598,0
0.04418,0
0.03790,0
0.02944,0
0.02914,0
0.03038,0
0.03186,0
0.03898,0
0.00534,0
0.01218,0
0.01424,0
0.03519,0
0.02554,0
0.02311,0
0.02801,0
0.03288,0
0.03404,0
0.04488,0
0.00534,0
0.00655,0
0.00626,0
0.03352,0
0.02686,0
0.02813,0
0.03055,0
0.03169,0
0.03408,0
0.04358,0
0.15617,0
0.20465,0
0.11223,0
0.07731,0
0.06432,0
0.05684,0
0.05310,0
0.05415,0
0.05796,0
0.03728,0
0.03222,0
0.01891,0
0.02440,0
0.03539,0
0.03215,0
0.03154,0
0.03728,0
0.02565,0
0.01491,0
0.03129,0
0.03195,0
0.02211,0
0.01904,0
0.01796,0
0.02138,0
0.02634,0
0.05664,0
0.02210,0
0.03273,0
0.02578,0
0.01995,0
0.02414,0
0.02642,0
0.11126,1
0.07587,1
0.05529,1
0.07894,1
0.07881,1
0.06409,1
0.06293,1
0.07303,1
0.07939,1
0.03091,0
0.04047,0
0.02896,0
0.02185,0
0.01942,0
0.02174,0
0.02505,0
0.02108,0
0.01769,0
0.01849,0
0.01387,0
0.01772,0
0.02755,0
0.04036,0
0.03918,0
0.04163,0
0.04974,0
0.13770,0
0.06371,0
0.05275,0
0.08563,1
0.14284,1
0.12842,1
0.11982,1
0.12453,1
0.11993,1
0.11666,1
0.11602,1
0.12355,1
0.12834,1
0.02108,0
0.01501,0
0.01501,0
0.01274,0
0.01881,0
0.02662,0
0.03467,0
0.03011,0
0.03802,0
0.04518,0
0.00534,0
0.00819,0
0.03878,0
0.05090,0
0.06151,0
0.06953,0
0.09561,0
0.03091,0
0.03588,0
0.04346,0
0.03703,0
0.03278,0
0.02673,0
0.02492,0
0.02527,0
0.02624,0
0.02996,0
0.00534,0
0.01218,0
0.01144,0
0.00996,0
0.01565,0
0.04977,1
0.05744,1
0.06787,1
0.08133,1
0.09473,1
0.11984,0
0.08557,0
0.04993,0
0.04914,0
0.03994,0
0.03669,0
0.03546,0
0.03696,0
0.04103,0
0.04854,0
0.03091,0
0.03719,0
0.04292,0
0.04017,0
0.04689,0
0.04310,0
0.03679,0
0.03365,0
0.03367,0
0.03565,0
0.01461,0
0.01250,0
0.01012,0
0.00849,0
0.01400,0
0.01511,0
0.01781,0
0.03728,0
0.02818,0
0.01479,0
0.02186,0
0.03483,0
0.03274,0
0.03296,0
0.03091,0
0.04705,0
0.05867,0
0.05413,0
0.04938,0
0.05395,0
0.05865,0
0.05533,0
0.05450,0
0.05606,0
0.05364,0
0.02356,0
0.03406,0
0.02479,0
0.02105,0
0.02150,0
0.02562,0
0.00534,0
0.01218,0
0.01144,0
0.01672,1
0.03730,1
0.03499,1
0.05125,1
0.05274,1
0.06842,1
0.08546,1
0.10417,1
0.11054,1
0.12715,0
0.06149,0
0.04809,0
0.03663,0
0.03094,0
0.02894,0
0.02893,0
0.03034,0
0.03533,0
0.05122,0
0.05664,0
0.02351,0
0.03078,0
0.04246,0
0.06336,0
0.07509,0
0.08167,0
0.07894,0
0.07627,0
0.08593,0
0.00534,0
0.00655,0
0.00618,0
0.00583,0
0.01376,0
0.01774,0
0.02016,0
0.02475,0
0.02601,0
0.00534,0
0.00655,0
0.00841,0
0.00806,0
0.01558,0
0.02290,0
0.02287,0
0.02315,0
0.02597,0
0.05595,0
0.02403,0
0.03481,0
0.03216,0
0.02165,0
0.01964,0
0.02172,0
0.08057,0
0.06012,0
0.03395,0
0.03318,0
0.02861,0
0.02518,0
0.02558,0
0.02596,0
0.02727,0
0.03276,0
0.03664,0
0.03263,0
0.02137,0
0.02712,0
0.03373,0
0.02847,0
0.02661,0
0.02451,0
0.02721,0
0.02983,0
0.05364,0
0.02196,0
0.04213,0
0.02864,0
0.02503,0
0.02514,0
0.02879,0
0.01461,0
0.01806,0
0.01520,0
0.01235,0
0.01770,0
0.02052,0
0.02186,0
0.02267,0
0.02138,0
0.02624,0
0.00534,0
0.00655,0
0.00655,0
0.00686,0
0.01262,0
0.01589,0
0.01573,0
0.01829,0
0.01806,0
0.02342,0
0.00534,0
0.01218,0
0.01272,0
0.00965,0
0.01502,0
0.01515,0
0.01452,0
0.00534,0
0.05349,0
0.03741,0
0.04084,0
0.03128,0
0.03153,0
0.03500,0
0.03923,0
0.04539,0
0.06114,0
0.00534,0
0.00655,0
0.03919,0
0.03660,0
0.03108,0
0.03374,0
0.03265,0
0.03394,0
0.03675,0
0.05572,0
0.03091,0
0.03719,0
0.04084,0
0.03835,0
0.03464,0
0.03224,0
0.02774,0
0.02584,0
0.02585,0
0.02927,0
0.00534,0
0.00819,0
0.00980,0
0.00902,0
0.01629,0
0.02365,0
0.02319,0
0.02156,0
0.02508,0
0.00534,0
0.00819,0
0.00980,0
0.00902,0
0.01558,0
0.01813,0
0.01936,0
0.02158,0
0.02073,0
0.02651,0
0.10169,0
0.06179,0
0.03282,0
0.02634,0
0.02583,0
0.02780,0
0.03529,0
0.01461,0
0.01250,0
0.01012,0
0.02713,0
0.02443,0
0.02780,0
0.02857,0
0.03752,0
0.05174,0
0.06920,0
0.02108,0
0.01501,0
0.01256,0
0.00978,0
0.01480,0
0.01257,0
0.01867,0
0.04983,0
0.03974,0
0.02430,0
0.03896,0
0.03645,0
0.02863,0
0.02264,0
0.02265,0
0.02548,0
0.03002,0
0.00534,0
0.00819,0
0.00980,1
0.00784,1
0.01371,1
0.02865,1
0.04113,1
0.05837,1
0.07637,1
0.08799,1
0.21196,0
0.09757,0
0.06437,0
0.05457,0
0.04939,0
0.03762,0
0.03954,0
0.00534,0
0.00655,0
0.00638,0
0.00549,0
0.02407,0
0.02034,0
0.02809,0
0.04113,0
0.07292,0
0.10415,0
0.03664,0
0.08508,0
0.08146,0
0.06074,0
0.06034,0
0.04691,0
0.05192,0
0.13197,1
0.10972,1
0.09964,1
0.10718,1
0.10956,1
0.01461,0
0.01250,0
0.00973,0
0.00837,0
0.01509,0
0.02205,0
0.02518,0
0.02440,0
0.02494,0
0.02559,0
0.01461,0
0.01806,0
0.01619,0
0.01221,0
0.01724,0
0.02528,0
0.02460,0
0.02545,0
0.02717,0
0.00534,0
0.04969,0
0.06344,0
0.04018,0
0.03361,0
0.02739,0
0.03140,0
0.03509,0
0.04198,0
0.05193,0
0.03453,0
0.04358,0
0.05277,0
0.05517,0
0.04973,0
0.04554,0
0.03970,0
0.03646,0
0.03602,0
0.03954,0
0.03453,0
0.04392,0
0.04229,0
0.03257,0
0.02480,0
0.02489,0
0.02726,0
0.10169,1
0.07149,1
0.03889,1
0.03118,1
0.02915,1
0.03091,0
0.03719,0
0.05149,0
0.07429,1
0.06409,1
0.06378,1
0.06264,1
0.06479,1
0.00534,0
0.03831,0
0.03281,0
0.04564,0
0.05474,0
0.04790,0
0.05096,0
0.00534,0
0.00655,0
0.00618,0
0.00583,0
0.01190,0
0.00836,0
0.01451,0
0.02108,0
0.01501,0
0.01254,0
0.01108,0
0.01701,0
0.02193,0
0.02031,0
0.02203,0
0.02132,0
0.02634,0
0.02108,0
0.01769,0
0.01686,0
0.01401,0
0.01580,0
0.02223,0
0.02643,0
0.02840,0
0.02660,0
0.02854,0
0.10169,0
0.07149,0
0.04119,0
0.03252,0
0.03098,0
0.03310,0
0.03949,0
0.05793,0
0.02221,0
0.03566,0
0.03514,0
0.03368,0
0.02793,0
0.02276,0
0.02175,0
0.02252,0
0.03218,0
0.03728,0
0.03222,0
0.01834,0
0.03402,0
0.03076,0
0.02477,0
0.02096,0
0.02126,0
0.02432,0
0.03224,0
0.00534,0
0.00655,0
0.00841,0
0.00806,0
0.01340,0
0.01488,0
0.01801,0
0.00534,0
0.00655,0
0.00618,0
0.00583,0
0.01164,0
0.01480,0
0.01641,0
0.01700,0
0.01718,0
0.02267,0
0.02108,0
0.02254,0
0.01996,0
0.01524,0
0.01920,0
0.02291,0
0.02133,0
0.05595,0
0.02403,0
0.03299,0
0.03586,1
0.04314,1
0.03896,1
0.03541,1
0.03335,1
0.03384,1
0.02108,0
0.01641,0
0.01391,0
0.01241,0
0.01521,0
0.02359,0
0.02474,0
0.02376,0
0.02349,0
0.02630,0
0.00534,0
0.01218,0
0.06712,0
0.10594,0
0.09204,0
0.07956,0
0.07949,0
0.07765,0
0.07959,0
0.09903,0
0.05664,0
0.02210,0
0.03039,0
0.04317,0
0.04552,0
0.04132,0
0.03717,0
0.03472,0
0.03512,0
0.10169,0
0.04473,0
0.02776,0
0.02724,0
0.02860,0
0.03201,0
0.04024,0
0.00534,0
0.00655,0
0.00618,0
0.00674,0
0.02107,0
0.02432,0
0.03372,0
0.04011,0
0.03398,0
0.03751,0
0.09852,1
0.11161,1
0.07462,1
0.05782,1
0.05408,1
0.04427,1
0.04188,1
0.04150,1
0.04140,1
0.04651,1
0.02108,0
0.02254,0
0.01907,0
0.01421,0
0.01826,0
0.01638,0
0.02248,0
0.01461,0
0.01250,0
0.00999,0
0.02199,0
0.02242,0
0.02646,0
0.02819,0
0.03354,0
0.04069,0
0.05735,0
0.13940,1
0.08675,1
0.05151,1
0.06974,1
0.09212,1
0.09927,1
0.09758,1
0.09064,1
0.08627,1
0.08652,1
0.00534,0
0.00655,0
0.04261,0
0.04524,0
0.02731,0
0.02683,0
0.02987,0
0.03340,0
0.03786,0
0.05420,0
0.00534,0
0.00655,0
0.00638,0
0.00640,0
0.01244,0
0.01757,0
0.02032,0
0.02305,0
0.02527,0
0.00534,0
0.01218,0
0.01172,0
0.00985,0
0.01489,0
0.01535,0
0.01467,0
0.00534,0
0.00655,0
0.00618,0
0.00583,0
0.01164,0
0.01480,0
0.01641,0
0.01700,0
0.01718,0
0.02039,0
0.00534,0
0.00813,0
0.01025,0
0.03054,0
0.02721,0
0.03226,0
0.03225,0
0.03827,0
0.04783,0
0.05348,0
0.01461,0
0.01806,0
0.01491,0
0.01242,0
0.01893,0
0.02495,0
0.02750,0
0.02651,0
0.02513,0
0.02766,0
0.03664,0
0.03568,0
0.02241,0
0.02632,0
0.02494,0
0.02535,0
0.02901,0
0.04983,0
0.04266,0
0.02531,0
0.03041,0
0.03949,0
0.03149,0
0.03009,0
0.03091,0
0.03313,0
0.03525,0
0.03510,0
0.02915,0
0.01642,0
0.03158,0
0.03568,0
0.02372,0
0.01754,0
0.01786,0
0.02114,0
0.02902,0
0.00534,0
0.07556,0
0.04916,0
0.05896,0
0.06434,0
0.05417,0
0.05555,0
0.00534,0
0.01218,0
0.01185,0
0.01013,0
0.01515,0
0.01157,0
0.01714,0
0.02108,0
0.01501,0
0.01343,0
0.01048,0
0.01440,0
0.01951,0
0.02326,0
0.00534,0
0.00655,0
0.00695,0
0.02726,0
0.02588,0
0.03154,0
0.03094,0
0.03681,0
0.04712,0
0.06359,0
0.00534,0
0.00655,0
0.00618,0
0.00583,0
0.01376,0
0.02097,0
0.02960,0
0.06518,0
0.10185,0
0.11324,0
0.01461,0
0.01250,0
0.01065,0
0.00855,0
0.01409,0
0.01042,0
0.01732,0
0.00534,0
0.00655,0
0.03729,0
0.03143,0
0.03512,0
0.04440,0
0.04939,0
0.04137,0
0.04052,0
0.04173,0
0.00534,0
0.05884,0
0.03981,0
0.04464,0
0.03433,0
0.02946,0
0.03420,0
0.03804,0
0.04409,0
0.06037,0
0.00534,0
0.01218,0
0.01144,0
0.02750,0
0.02435,0
0.02776,0
0.02596,0
0.03877,0
0.06795,0
0.03664,0
0.03013,0
0.01764,0
0.02517,0
0.03619,0
0.05966,0
0.06218,0
0.05630,0
0.05243,0
0.05330,0
0.13940,0
0.08675,0
0.05125,0
0.05040,0
0.03770,0
0.03758,0
0.03569,0
0.03516,0
0.03814,0
0.04650,0
0.03728,1
0.02818,1
0.01479,1
0.02542,1
0.03474,1
0.02892,1
0.02657,1
0.02509,1
0.03335,1
0.03911,1
0.05928,1
0.06308,1
0.03664,0
0.03263,0
0.02137,0
0.03045,0
0.03786,0
0.03372,0
0.03042,0
0.02935,0
0.03469,0
0.03834,0
0.01461,0
0.01393,0
0.01245,0
0.01069,0
0.01573,0
0.01187,0
0.01726,0
0.01461,0
0.01250,0
0.01065,0
0.00973,0
0.02723,0
0.03015,0
0.03456,0
0.04456,0
0.03999,0
0.04106,0
0.02108,0
0.01501,0
0.01501,0
0.01165,0
0.01768,0
0.02964,0
0.03014,0
0.02849,0
0.02978,0
0.03103,0
0.03091,0
0.05254,0
0.04744,0
0.03621,0
0.03181,0
0.02636,0
0.02702,0
0.02524,0
0.02581,0
0.02868,0
0.00534,0
0.00655,0
0.00655,0
0.00594,0
0.01177,0
0.01322,0
0.01434,0
0.02112,0
0.02048,0
0.02577,0
0.00534,0
0.00813,0
0.01025,0
0.00848,0
0.01406,0
0.01110,0
0.01463,0
0.05574,0
0.11104,0
0.10347,0
0.08730,0
0.09181,0
0.09778,0
0.09607,0
0.09393,0
0.09504,0
0.09427,0
0.00534,0
0.00655,0
0.00841,0
0.00690,0
0.01371,0
0.01459,0
0.01835,0
0.01998,0
0.01975,0
0.02234,0
0.03453,0
0.04358,0
0.04444,0
0.04347,0
0.04008,0
0.03730,0
0.03275,0
0.03009,0
0.03025,0
0.03326,0
0.02108,0
0.01501,0
0.01256,0
0.01074,0
0.01784,0
0.02624,0
0.02494,0
0.02340,0
0.02678,0
0.01461,0
0.01806,0
0.01505,0
0.01154,0
0.01821,0
0.02462,0
0.02666,0
0.02582,0
0.02638,0
0.02768,0
0.04983,0
0.04266,0
0.02531,0
0.02830,0
0.04078,0
0.03939,0
0.03867,0
0.00534,0
0.00655,0
0.00655,0
0.00594,0
0.01380,0
0.02229,0
0.02248,0
0.02097,0
0.02192,0
0.02300,0
0.05664,1
0.02351,1
0.02583,1
0.06206,1
0.10786,1
0.08816,1
0.09574,1
0.14624,1
0.01461,0
0.01250,0
0.00999,0
0.00804,0
0.01481,0
0.02589,0
0.04339,0
0.05324,0
0.05887,0
0.05944,0
0.03091,0
0.11735,0
0.10364,0
0.11693,0
0.09843,0
0.12557,0
0.13847,0
0.12954,0
0.12723,0
0.12488,0
0.03091,0
0.04047,0
0.02889,0
0.01975,0
0.05244,1
0.03419,1
0.03415,1
0.04262,1
0.04724,1
0.05368,1
0.04983,0
0.03485,0
0.02014,0
0.02473,0
0.02343,0
0.02122,0
0.02444,0
0.00534,0
0.01218,0
0.05137,0
0.03351,0
0.02983,0
0.03425,0
0.03192,0
0.03566,0
0.03218,0
0.04506,0
0.01461,0
0.01250,0
0.01065,0
0.00973,0
0.01614,0
0.01846,0
0.02086,0
0.02097,0
0.02054,0
0.02312,0
0.05364,0
0.02356,0
0.02757,0
0.02979,0
0.02998,0
0.02621,0
0.02414,0
0.02489,0
0.02573,0
0.03479,0
0.04983,0
0.03348,0
0.01983,0
0.02806,0
0.03099,0
0.02729,0
0.02357,0
0.02260,0
0.02610,0
0.03400,0
0.00534,0
0.00655,0
0.00741,0
0.00734,0
0.01304,0
0.01038,0
0.01299,0
0.33749,1
0.31040,1
0.25385,1
0.21056,1
0.18486,1
0.16705,1
0.15355,1
0.14541,1
0.15745,1
0.10169,0
0.04753,0
0.03078,0
0.02744,0
0.02930,0
0.03380,0
0.04205,0
0.00534,0
0.00655,0
0.00841,0
0.00806,0
0.01340,0
0.01032,0
0.01380,0
0.05364,0
0.02196,0
0.02628,0
0.03344,0
0.05689,0
0.03963,0
0.03120,0
0.02861,0
0.02950,0
0.03847,0
0.00534,0
0.00655,0
0.00618,0
0.00583,0
0.01190,0
0.00974,0
0.01766,0
0.02108,0
0.02254,0
0.07192,0
0.05742,0
0.04521,0
0.04566,0
0.04192,0
0.04203,0
0.04443,0
0.06046,0
0.00534,0
0.00655,0
0.04252,0
0.04412,0
0.05123,0
0.04936,0
0.04691,0
0.05904,0
0.07706,0
0.00534,0
0.00655,0
0.00734,0
0.00638,0
0.01627,0
0.01798,0
0.02696,0
0.02950,0
0.04239,0
0.04882,0
0.13197,1
0.10972,1
0.09013,1
0.08841,1
0.10148,1
0.05793,0
0.02221,0
0.02712,0
0.04144,0
0.05161,0
0.08048,0
0.08986,0
0.08392,0
0.08078,0
0.09035,0
0.00534,0
0.00819,0
0.00874,0
0.00750,0
0.02055,0
0.02318,0
0.03291,0
0.03913,0
0.03265,0
0.03456,0
0.08057,0
0.06012,0
0.03395,0
0.03528,0
0.02971,0
0.02931,0
0.02903,0
0.02832,0
0.03054,0
0.03561,0
0.01461,0
0.01393,0
0.01245,0
0.00977,0
0.02259,0
0.02099,0
0.03497,0
0.04188,0
0.03477,0
0.03636,0
0.05664,0
0.02351,0
0.03078,0
0.04744,0
0.05535,0
0.04431,0
0.03950,0
0.03595,0
0.03496,0
0.04237,0
0.00534,0
0.00819,0
0.00980,0
0.00902,0
0.01457,0
0.01845,0
0.01866,0
0.17369,1
0.12594,1
0.12868,1
0.11502,1
0.08443,1
0.08646,1
0.08839,1
0.08127,1
0.08110,1
0.07982,1
0.00534,0
0.01218,0
0.08289,1
0.07330,1
0.07395,1
0.08272,1
0.09783,1
0.11778,1
0.11990,1
0.00534,0
0.00819,0
0.00980,0
0.03672,0
0.03371,0
0.03015,0
0.03417,0
0.03597,0
0.03841,0
0.05776,0
0.01461,0
0.01806,0
0.01630,0
0.01270,0
0.01845,0
0.02042,0
0.02153,0
0.02200,0
0.02127,0
0.02399,0
0.00534,0
0.00655,0
0.00734,0
0.02288,0
0.02005,0
0.02459,0
0.02689,0
0.03507,0
0.05263,0
0.06974,0
0.01461,0
0.01806,0
0.01531,0
0.01168,0
0.01653,0
0.01892,0
0.02209,0
0.01461,0
0.01806,0
0.01520,0
0.01235,0
0.01691,0
0.01949,0
0.01854,0
0.06672,0
0.02497,0
0.03719,0
0.03983,0
0.03570,0
0.02996,0
0.02234,0
0.02127,0
0.02292,0
0.03200,0
0.01461,0
0.01393,0
0.01326,0
0.01046,0
0.02692,1
0.03099,1
0.03946,1
0.04003,1
0.04984,1
0.06989,1
0.10696,0
0.10354,0
0.07163,0
0.05585,0
0.05290,0
0.04211,0
0.03976,0
0.03792,0
0.03828,0
0.04233,0
0.00534,0
0.00655,0
0.04261,0
0.04692,0
0.02870,0
0.02530,0
0.02771,0
0.03157,0
0.03636,0
0.05531,0
0.03453,0
0.04392,0
0.03046,0
0.02067,0
0.01733,0
0.01953,0
0.02528,0
0.18312,0
0.14984,0
0.14276,0
0.13504,0
0.12380,0
0.11553,0
0.11252,0
0.11520,0
0.11943,0
0.13637,0
0.00534,0
0.00655,0
0.00638,0
0.00640,0
0.01217,0
0.01394,0
0.01720,0
0.01865,0
0.01842,0
0.02543,0
0.02108,0
0.01501,0
0.01218,0
0.01101,0
0.01795,0
0.02783,0
0.02736,0
0.02675,0
0.03000,0
0.03043,0
0.05883,0
0.02466,0
0.03474,0
0.02323,0
0.01837,0
0.01866,0
0.02276,0
0.00534,0
0.01218,0
0.01424,0
0.01121,0
0.02027,0
0.02627,0
0.02795,0
0.00534,0
0.00655,0
0.00638,0
0.00549,0
0.01167,0
0.01205,0
0.01194,0
0.10696,0
0.06045,0
0.10478,0
0.12907,0
0.10489,0
0.08163,0
0.07336,0
0.06748,0
0.06343,0
0.06621,0
0.02108,0
0.01501,0
0.05221,0
0.05846,0
0.03775,0
0.03666,0
0.03673,0
0.03903,0
0.04422,0
0.06356,0
0.01461,0
0.01806,0
0.04545,0
0.04884,0
0.03977,0
0.03391,0
0.03703,0
0.04140,0
0.04763,0
0.06930,0
0.01461,0
0.01806,0
0.02683,1
0.02411,1
0.02934,1
0.03696,1
0.04000,1
0.03966,1
0.03755,1
0.03618,1
0.03728,0
0.02565,0
0.01491,0
0.02555,0
0.03226,0
0.06291,0
0.06646,0
0.06010,0
0.06765,0
0.05364,0
0.02196,0
0.03332,0
0.03136,0
0.02770,0
0.02421,0
0.02622,0
0.10079,0
0.05785,0
0.03800,0
0.04605,0
0.03711,0
0.03634,0
0.03692,0
0.04005,0
0.04682,0
0.03453,0
0.04358,0
0.04323,0
0.04170,0
0.04144,0
0.04268,0
0.03976,0
0.03746,0
0.03746,0
0.04010,0
0.00534,0
0.00655,0
0.00618,0
0.00583,0
0.01190,0
0.00836,0
0.01150,0
0.10079,0
0.06537,0
0.07111,0
0.04782,0
0.03926,0
0.03203,0
0.03129,0
0.03143,0
0.03232,0
0.03783,0
0.03453,0
0.05648,0
0.04933,0
0.03566,0
0.02933,0
0.02242,0
0.02105,0
0.02074,0
0.02224,0
0.02481,0
0.01461,0
0.01393,0
0.01245,0
0.03096,0
0.02860,0
0.03203,0
0.03482,0
0.04649,0
0.07651,0
0.10487,0
0.01461,0
0.01250,0
0.01065,0
0.00855,0
0.01409,0
0.01100,0
0.01461,0
0.01461,0
0.01250,0
0.00985,0
0.00936,0
0.01470,0
0.01687,0
0.01655,0
0.00534,0
0.00819,0
0.04017,0
0.04092,0
0.03285,0
0.03731,0
0.03513,0
0.03496,0
0.03682,0
0.05833,0
0.00534,0
0.01218,0
0.01424,0
0.01121,0
0.01375,0
0.01994,0
0.02302,0
0.02489,0
0.02356,0
0.02602,0
0.03728,0
0.02666,0
0.01440,0
0.03029,0
0.03449,0
0.02378,0
0.01939,0
0.02163,0
0.02284,0
0.03035,0
0.03453,0
0.04392,0
0.04816,0
0.03191,0
0.02577,0
0.02653,0
0.04015,0
0.00534,0
0.00655,0
0.03681,0
0.04200,0
0.02505,0
0.02247,0
0.02610,0
0.03023,0
0.03525,0
0.04531,0
0.01461,0
0.01250,0
0.01065,0
0.00973,0
0.01294,0
0.02976,0
0.04712,0
0.03592,0
0.03852,0
0.04333,0
0.03728,0
0.02542,0
0.01504,0
0.02513,0
0.03346,0
0.03023,0
0.02827,0
0.02627,0
0.03408,0
0.03673,0
0.00534,0
0.00655,0
0.00626,0
0.00590,0
0.02209,0
0.02170,0
0.02827,0
0.02990,0
0.04271,0
0.06025,0
0.03453,0
0.04358,0
0.04285,0
0.08998,0
0.07809,0
0.05255,0
0.04800,0
0.04409,0
0.04248,0
0.04531,0
0.00534,0
0.00655,0
0.04378,0
0.02760,0
0.02975,0
0.03112,0
0.02853,0
0.03201,0
0.02913,0
0.04254,0
0.00534,0
0.00655,0
0.00655,0
0.00686,0
0.00974,0
0.02363,0
0.04153,0
0.03104,0
0.03239,0
0.03844,0
0.00534,0
0.00819,0
0.01135,0
0.00884,0
0.01841,0
0.01488,0
0.02096,0
0.04983,0
0.03974,0
0.02430,0
0.03896,0
0.04008,0
0.02833,0
0.02194,0
0.02044,0
0.02302,0
0.02775,0
0.00534,0
0.00655,0
0.00638,0
0.00549,0
0.01167,0
0.00860,0
0.01176,0
0.00534,0
0.01218,0
0.01160,0
0.01017,0
0.01520,0
0.01231,0
0.01764,0
0.18201,0
0.10580,0
0.07242,0
0.06076,0
0.05461,0
0.04209,0
0.04322,0
0.00534,0
0.00819,0
0.03722,0
0.03101,0
0.03468,0
0.03961,0
0.04989,0
0.04879,0
0.04563,0
0.05029,0
0.00534,0
0.00655,0
0.00741,0
0.00643,0
0.01242,0
0.00881,0
0.01630,0
0.05763,0
0.02341,0
0.03416,0
0.02426,0
0.02547,0
0.05462,1
0.05470,1
0.05547,1
0.06023,1
0.02108,0
0.02254,0
0.01848,0
0.01400,0
0.02067,0
0.02553,0
0.02647,0
0.02950,0
0.03084,0
0.01461,0
0.01250,0
0.01012,0
0.00941,0
0.01475,0
0.02248,0
0.02355,0
0.02286,0
0.02384,0
0.02561,0
0.00534,0
0.01218,0
0.01185,0
0.00910,0
0.01625,0
0.02286,0
0.02528,0
0.02451,0
0.02481,0
0.02608,0
0.01461,0
0.01250,0
0.00999,0
0.00897,0
0.01671,0
0.02296,0
0.02220,0
0.02549,0
0.02650,0
0.01461,0
0.01806,0
0.01531,0
0.01168,0
0.01689,0
0.01968,0
0.02129,0
0.02088,0
0.02021,0
0.02600,0
0.00534,0
0.01218,0
0.01272,0
0.03028,0
0.03930,0
0.03721,0
0.05253,0
0.04928,0
0.03882,0
0.04251,0
0.00534,0
0.00655,0
0.00741,0
0.00734,0
0.01295,0
0.01452,0
0.01677,0
0.01967,0
0.01917,0
0.02444,0
0.00534,0
0.00655,0
0.00734,0
0.00638,0
0.01348,0
0.02339,0
0.02348,0
0.02525,0
0.02740,0
0.00534,0
0.00655,0
0.00618,0
0.00583,0
0.01164,0
0.01279,0
0.01712,0
0.01798,0
0.01833,0
0.02168,0
0.02108,0
0.01501,0
0.01204,0
0.00998,0
0.01568,0
0.01892,0
0.01875,0
0.02036,0
0.02019,0
0.02541,0
0.00534,0
0.01218,0
0.01160,0
0.01017,0
0.02438,0
0.02689,0
0.03630,0
0.04204,0
0.03567,0
0.03726,0
0.00534,0
0.00655,0
0.04261,0
0.04524,0
0.02731,0
0.02428,0
0.03781,0
0.04130,0
0.04261,0
0.06185,0
0.03091,0
0.03719,0
0.04879,0
0.07809,0
0.06923,0
0.06062,1
0.05288,1
0.04848,1
0.04663,1
0.04775,1
0.05475,0
0.05410,0
0.02977,0
0.03347,0
0.02788,0
0.02804,0
0.02858,0
0.02978,0
0.03228,0
0.03813,0
0.00534,0
0.01218,0
0.01144,0
0.00996,0
0.01565,0
0.01865,0
0.01787,0
0.01854,0
0.01863,0
0.02183,0
0.01461,0
0.01403,0
0.01230,0
0.01007,0
0.01631,0
0.01698,0
0.02011,0
0.02326,0
0.02186,0
0.02424,0
0.00534,0
0.00655,0
0.04262,0
0.03473,0
0.03654,0
0.03412,0
0.03670,0
0.01461,0
0.01250,0
0.00973,0
0.00837,0
0.01582,0
0.02489,0
0.02553,0
0.02440,0
0.02478,0
0.02638,0
0.00534,0
0.00819,0
0.00916,0
0.02789,0
0.03037,0
0.03019,0
0.03775,0
0.03869,0
0.03347,0
0.03857,0
0.01461,0
0.01250,0
0.04069,0
0.04451,0
0.02716,0
0.02406,0
0.02610,0
0.02998,0
0.03628,0
0.05440,0
0.00534,0
0.00655,0
0.00741,0
0.00643,0
0.00917,0
0.01622,0
0.01802,0
0.02052,0
0.01811,0
0.02484,0
0.00534,0
0.04240,0
0.03755,0
0.04071,0
0.03052,0
0.02963,0
0.03438,0
0.03777,0
0.04345,0
0.05898,0
0.00534,0
0.00655,0
0.00618,0
0.00674,0
0.01254,0
0.00923,0
0.01242,0
0.05364,0
0.02356,0
0.03596,0
0.03331,0
0.03216,0
0.02842,0
0.02423,0
0.02287,0
0.02338,0
0.02838,0
0.00534,0
0.01218,0
0.05680,0
0.04974,0
0.05726,0
0.05292,0
0.05145,0
0.05651,0
0.07520,0
0.00534,0
0.06367,0
0.05069,0
0.05732,0
0.06321,0
0.05496,0
0.05643,0
0.00534,0
0.00655,0
0.00618,0
0.00583,0
0.01376,0
0.02222,0
0.02179,0
0.02113,0
0.02896,0
0.03993,0
0.00534,0
0.01218,0
0.01271,0
0.03388,0
0.02466,0
0.02569,0
0.02919,0
0.03683,0
0.03630,0
0.04525,0
0.00534,0
0.00655,0
0.00695,0
0.00586,0
0.01187,0
0.01344,0
0.01679,0
0.03728,0
0.02666,0
0.01440,0
0.03029,0
0.03449,0
0.02378,0
0.01939,0
0.02163,0
0.02284,0
0.03011,0
0.02108,0
0.06222,0
0.03856,0
0.04321,0
0.03338,0
0.03192,0
0.03634,0
0.03984,0
0.04608,0
0.06189,0
0.00534,0
0.01218,0
0.01424,0
0.01121,0
0.01692,0
0.01755,0
0.02058,0
0.02189,0
0.02129,0
0.02610,0
0.00534,0
0.01218,0
0.01160,0
0.01017,0
0.01520,0
0.01175,0
0.01447,0
0.17230,0
0.15452,0
0.15375,0
0.13859,0
0.12713,0
0.12381,0
0.12392,0
0.13351,0
0.12200,0
0.13061,0
0.03091,0
0.04047,0
0.02930,0
0.02124,0
0.01819,0
0.02056,0
0.02575,0
0.00534,0
0.00655,0
0.00638,0
0.00640,0
0.01454,0
0.02244,0
0.02280,0
0.02155,0
0.02334,0
0.02558,0
0.05664,0
0.02351,0
0.03137,0
0.04378,0
0.04594,0
0.04126,0
0.03733,0
0.03612,0
0.03530,0
0.00534,0
0.00655,0
0.00618,0
0.00674,0
0.01380,0
0.02074,0
0.02414,0
0.02398,0
0.02788,0
0.02965,0
0.03728,0
0.08298,1
0.08256,1
0.06921,1
0.05985,1
0.04745,1
0.05604,1
0.05275,1
0.06101,1
0.07218,1
0.00534,0
0.00655,0
0.04378,0
0.02622,0
0.02995,0
0.03324,0
0.03070,0
0.03487,0
0.03275,0
0.04117,0
0.02108,0
0.01769,0
0.01588,0
0.01199,0
0.01666,0
0.01389,0
0.01639,0
0.01461,0
0.01250,0
0.01065,0
0.00855,0
0.01549,0
0.02492,0
0.02540,0
0.02399,0
0.02312,0
0.02618,0
0.02108,0
0.01501,0
0.01204,0
0.03312,0
0.03459,0
0.03474,0
0.04537,0
0.04706,0
0.03455,0
0.03965,0
0.01461,0
0.01393,0
0.01340,0
0.04903,1
0.05908,1
0.07767,1
0.08054,1
0.09115,1
0.03728,0
0.02542,0
0.01504,0
0.02513,0
0.03279,0
0.04953,0
0.04751,0
0.04209,0
0.05170,0
0.00534,0
0.00655,0
0.00841,0
0.03133,0
0.02606,0
0.03099,0
0.03019,0
0.03906,0
0.05543,0
0.06278,0
0.15001,0
0.12112,0
0.10057,0
0.09501,0
0.09641,0
0.09877,0
0.09841,0
0.07067,0
0.06815,0
0.07208,0
0.10696,0
0.07598,0
0.04418,0
0.03685,0
0.02757,0
0.02760,0
0.02901,0
0.03049,0
0.03780,0
0.10696,0
0.22536,1
0.20119,1
0.27362,1
0.23129,1
0.18157,1
0.15983,1
0.14501,1
0.13494,1
0.13358,1
0.00534,0
0.01218,0
0.01424,0
0.01121,0
0.01566,0
0.01211,0
0.01863,0
0.00534,0
0.09232,1
0.07902,1
0.06518,1
0.05789,1
0.07294,1
0.07184,1
0.07355,1
0.07898,1
0.13875,1
0.10169,0
0.04473,0
0.02776,0
0.02455,0
0.02532,0
0.02938,0
0.03701,0
0.05364,0
0.02356,0
0.03406,0
0.03290,0
0.02323,0
0.02311,0
0.02559,0
0.09852,0
0.07041,0
0.07651,0
0.04236,0
0.04057,0
0.03509,0
0.03416,0
0.03312,0
0.03591,0
0.04206,0
0.00534,0
0.01218,0
0.05574,0
0.06828,1
0.07059,1
0.07351,1
0.07610,1
0.09648,1
0.00534,0
0.01218,0
0.01144,0
0.00886,0
0.01471,0
0.02811,1
0.04515,1
0.04975,1
0.05338,1
0.05787,1
0.08057,0
0.05724,0
0.03907,0
0.04451,0
0.03519,0
0.03204,0
0.03353,0
0.03262,0
0.03473,0
0.03971,0
0.00534,0
0.01218,0
0.01160,0
0.00902,0
0.02235,0
0.02102,0
0.03407,0
0.03957,0
0.03211,0
0.03673,0
0.03664,0
0.03263,0
0.02166,0
0.03027,0
0.03479,0
0.03077,0
0.02766,0
0.02498,0
0.02817,0
0.03017,0
0.00534,0
0.01218,0
0.01424,0
0.04516,0
0.04395,0
0.03299,0
0.03605,0
0.03641,0
0.04366,0
0.06254,0
0.01461,0
0.01250,0
0.00985,0
0.00936,0
0.02816,0
0.03577,0
0.03431,0
0.03309,0
0.03356,0
0.04454,0
0.02108,0
0.02254,0
0.01996,0
0.01633,0
0.02049,0
0.03481,0
0.04787,0
0.03904,0
0.03777,0
0.04305,0
0.03453,0
0.05017,0
0.04536,0
0.04100,0
0.03590,0
0.04688,0
0.05256,0
0.05031,0
0.05004,0
0.05206,0
0.06672,0
0.02786,0
0.03739,0
0.02685,0
0.03082,0
0.02932,0
0.03153,0
0.00534,0
0.00655,0
0.00638,0
0.03814,1
0.04089,1
0.10066,1
0.10236,1
0.11887,1
0.11201,1
0.12865,1
0.13869,1
0.12964,1
0.00534,0
0.01218,0
0.01160,0
0.00902,0
0.01459,0
0.01113,0
0.01393,0
0.10696,0
0.07386,0
0.04925,0
0.04261,0
0.04594,0
0.03629,0
0.03601,0
0.03557,0
0.04441,0
0.04889,0
0.03453,0
0.05648,0
0.04563,0
0.03653,0
0.03119,0
0.02533,0
0.02738,0
0.02563,0
0.02595,0
0.02908,0
0.00534,0
0.00819,0
0.01002,0
0.00814,0
0.01574,0
0.02362,0
0.02370,0
0.02235,0
0.02323,0
0.02499,0
0.00534,0
0.00655,0
0.00626,0
0.00681,0
0.01390,0
0.02902,0
0.03357,0
0.03235,0
0.03325,0
0.03341,0
0.01461,0
0.01250,0
0.00999,0
0.00804,0
0.01331,0
0.01489,0
0.01730,0
0.01911,0
0.02013,0
0.02342,0
0.00534,0
0.01218,0
0.01424,0
0.01121,0
0.01692,0
0.01724,0
0.02140,0
0.02199,0
0.02185,0
0.02701,0
0.03453,0
0.05017,0
0.04839,0
0.03932,0
0.03779,0
0.03610,0
0.03054,0
0.02949,0
0.02964,0
0.03153,0
0.00534,0
0.00655,0
0.00655,0
0.00594,0
0.01196,0
0.00855,0
0.01160,0
0.02108,0
0.01641,0
0.01432,0
0.01120,0
0.01586,0
0.01360,0
0.01954,0
0.03728,0
0.02565,0
0.01491,0
0.02701,0
0.04224,0
0.03691,0
0.03387,0
0.03185,0
0.03684,0
0.03870,0
0.00534,0
0.00655,0
0.03957,0
0.04235,0
0.03517,0
0.02961,0
0.03525,0
0.03919,0
0.04538,0
0.05834,0
0.01461,0
0.01806,0
0.01784,0
0.01383,0
0.03180,0
0.03932,0
0.04016,0
0.03533,0
0.03516,0
0.04385,0
0.05664,0
0.02351,0
0.03137,0
0.03628,0
0.05823,0
0.03987,0
0.03240,0
0.03112,0
0.03041,0
0.03924,0
0.00534,0
0.01218,0
0.01172,0
0.00884,0
0.01428,0
0.01065,0
0.01772,0
0.00534,0
0.00655,0
0.00741,0
0.00643,0
0.01242,0
0.01255,0
0.01529,0
0.00534,0
0.01218,0
0.01270,0
0.01086,0
0.01616,0
0.01719,0
0.02129,0
0.02273,0
0.02194,0
0.02703,0
0.00534,0
0.01218,0
0.01172,0
0.00884,0
0.01653,0
0.02451,0
0.02348,0
0.02266,0
0.02393,0
0.02490,0
0.00534,0
0.00655,0
0.00638,0
0.00549,0
0.01272,0
0.01986,0
0.02170,0
0.02295,0
0.02414,0
0.02599,0
0.00534,0
0.01218,0
0.01424,0
0.01121,0
0.01566,0
0.01957,0
0.02304,0
0.03453,0
0.04358,0
0.04444,0
0.04347,0
0.04008,0
0.04291,0
0.05656,0
0.05330,0
0.05236,0
0.05406,0
0.00534,0
0.00655,0
0.00618,0
0.00674,0
0.01380,0
0.02182,0
0.02517,0
0.02566,0
0.02593,0
0.02716,0
0.00534,0
0.00655,0
0.00841,0
0.00690,0
0.02638,0
0.03306,0
0.03658,0
0.03719,0
0.03951,0
0.04196,0
0.10169,0
0.07149,0
0.04119,0
0.03252,0
0.03233,0
0.03248,0
0.04016,0
0.02108,0
0.01769,0
0.05652,0
0.05597,0
0.03708,0
0.03448,0
0.03585,0
0.03845,0
0.04342,0
0.06008,0
0.00534,0
0.00655,0
0.00655,0
0.00594,0
0.01911,0
0.01846,0
0.03154,0
0.03926,0
0.03192,0
0.03602,0
0.02108,0
0.01501,0
0.01501,0
0.01165,0
0.01724,0
0.02723,0
0.02954,0
0.02867,0
0.02986,0
0.03095,0
0.03453,0
0.05017,0
0.05295,0
0.08862,0
0.07902,0
0.05364,0
0.04307,0
0.03871,0
0.03711,0
0.03878,0
0.05883,0
0.02309,0
0.03085,0
0.03850,0
0.04111,0
0.03293,0
0.02794,0
0.02622,0
0.02677,0
0.03042,0
0.10169,0
0.04153,0
0.02554,0
0.02282,0
0.02562,0
0.02904,0
0.03761,0
0.10169,0
0.04473,0
0.03423,0
0.02849,0
0.03077,0
0.03170,0
0.04015,0
0.02108,0
0.02254,0
0.02168,0
0.01664,0
0.01965,0
0.02668,0
0.02892,0
0.02978,0
0.03148,0
0.10696,0
0.07386,0
0.04925,0
0.03714,0
0.03869,0
0.02963,0
0.02880,0
0.02821,0
0.03060,0
0.03597,0
0.00534,0
0.00655,0
0.00638,0
0.00549,0
0.01167,0
0.01205,0
0.01483,0
0.00534,0
0.00813,0
0.00880,0
0.02736,0
0.02777,0
0.02998,0
0.04073,0
0.03809,0
0.03254,0
0.04090,0
0.00534,0
0.01218,0
0.01272,0
0.00965,0
0.01231,0
0.01930,0
0.02166,0
0.02138,0
0.02088,0
0.02617,0
0.10169,0
0.04153,0
0.02410,0
0.02182,0
0.02516,0
0.02917,0
0.03816,0
0.08057,0
0.06012,0
0.03527,0
0.03344,0
0.03470,1
0.11732,1
0.08981,1
0.08145,1
0.08183,1
0.08543,1
0.08985,1
0.08057,0
0.06012,0
0.03395,0
0.03318,0
0.02861,0
0.02848,0
0.02836,0
0.02828,0
0.03062,0
0.03628,0
0.03091,0
0.04047,0
0.02889,0
0.01975,0
0.01863,0
0.01992,0
0.02528,0
0.00534,0
0.00655,0
0.00841,0
0.00806,0
0.01490,0
0.01741,0
0.03163,1
0.04961,1
0.06156,1
0.06805,1
0.10169,0
0.07149,0
0.03889,0
0.03118,0
0.02981,0
0.03206,0
0.03990,0
0.00534,0
0.01218,0
0.01271,0
0.01011,0
0.01960,0
0.01561,0
0.02208,0
0.00534,0
0.01218,0
0.01144,0
0.00996,0
0.02959,0
0.03619,0
0.03501,0
0.06386,0
0.07118,0
0.00534,0
0.00819,0
0.00980,0
0.00784,0
0.01500,0
0.02270,0
0.03564,0
0.03549,0
0.03822,0
0.04609,0
0.00534,0
0.00655,0
0.00638,0
0.00640,0
0.01454,0
0.02244,0
0.02223,0
0.02175,0
0.02128,0
0.02453,0
0.00534,0
0.00655,0
0.04538,1
0.05513,1
0.05759,1
0.05015,1
0.04427,1
0.05481,1
0.00534,0
0.00655,0
0.00626,0
0.00681,0
0.01456,0
0.02278,0
0.02276,0
0.02148,0
0.02253,0
0.02429,0
0.10696,0
0.07598,0
0.04418,0
0.03363,0
0.02480,0
0.02488,0
0.02642,0
0.02853,0
0.03568,0
0.01461,0
0.05445,0
0.07024,0
0.04616,0
0.03842,0
0.03005,0
0.03417,0
0.03677,0
0.04338,0
0.05272,0
0.01461,0
0.01806,0
0.01619,0
0.01221,0
0.01932,0
0.02787,0
0.02693,0
0.02692,0
0.02845,0
0.03040,0
0.05475,0
0.05410,0
0.03317,0
0.03560,0
0.02956,0
0.02939,0
0.03105,0
0.03205,0
0.03442,0
0.04010,0
0.00534,0
0.01218,0
0.01270,0
0.01086,0
0.02412,0
0.02135,0
0.02828,0
0.02936,0
0.04308,0
0.06088,0
0.00534,0
0.00655,0
0.00638,0
0.02454,0
0.02134,0
0.02443,0
0.02420,0
0.03192,0
0.06206,0
0.00534,0
0.05349,0
0.03414,0
0.03894,0
0.02970,0
0.02908,0
0.03363,0
0.03819,0
0.04382,0
0.05261,0
0.00534,0
0.00655,0
0.05483,0
0.04635,0
0.03792,0
0.04119,0
0.03848,0
0.03866,0
0.04019,0
0.06315,0
0.01461,0
0.01806,0
0.06539,0
0.04176,0
0.03867,0
0.03111,0
0.03547,0
0.04138,0
0.04944,0
0.07739,0
0.10169,0
0.06644,0
0.03754,0
0.02956,0
0.02838,0
0.02997,0
0.03689,0
0.00534,0
0.00655,0
0.00695,0
0.00586,0
0.01187,0
0.00868,0
0.01257,0
0.03091,0
0.04047,0
0.04676,0
0.03007,0
0.02353,0
0.02416,0
0.02866,0
0.03091,0
0.05254,0
0.04428,0
0.03404,0
0.03033,0
0.02403,0
0.02250,0
0.02208,0
0.02346,0
0.02700,0
0.10169,0
0.06644,0
0.04113,0
0.03175,0
0.03115,0
0.03083,0
0.03773,0
0.00534,0
0.01218,0
0.01172,0
0.00985,0
0.01489,0
0.01280,0
0.02004,0
0.00534,0
0.00655,0
0.00695,0
0.00586,0
0.02647,0
0.02409,0
0.03205,0
0.03314,0
0.04508,0
0.05122,0
0.00534,0
0.00655,0
0.00618,0
0.00583,0
0.00879,0
0.01578,0
0.01896,0
0.01916,0
0.01913,0
0.02454,0
0.03453,0
0.05648,0
0.04563,0
0.03344,0
0.03047,0
0.02522,0
0.02331,0
0.02258,0
0.02323,0
0.02798,0
0.03510,0
0.03007,0
0.01860,0
0.02545,0
0.03450,0
0.05113,0
0.04546,0
0.04087,0
0.05044,0
0.01461,0
0.01250,0
0.00985,0
0.00844,0
0.01584,0
0.01947,0
0.02177,0
0.02447,0
0.02651,0
0.05793,0
0.02221,0
0.03273,0
0.04180,0
0.04286,0
0.03450,0
0.02869,0
0.02595,0
0.02586,0
0.03368,0
0.03728,0
0.02818,0
0.01479,0
0.02542,0
0.03295,0
0.04893,0
0.04500,0
0.03956,0
0.04837,0
0.00534,0
0.04490,0
0.03602,0
0.04558,0
0.05232,0
0.04616,0
0.04953,0
0.05793,0
0.02221,0
0.03166,0
0.04395,0
0.06812,0
0.05343,0
0.04302,0
0.03916,0
0.03875,0
0.04689,0
0.01461,0
0.01806,0
0.01505,0
0.01263,0
0.01705,0
0.01321,0
0.01854,0
0.11984,0
0.08557,0
0.04850,0
0.04174,0
0.03309,0
0.03035,0
0.02931,0
0.03022,0
0.03433,0
0.04383,0
0.03728,0
0.02666,0
0.01506,0
0.02285,0
0.03061,0
0.02707,0
0.02554,0
0.02503,0
0.02939,0
0.03142,0
0.02108,0
0.01501,0
0.01218,0
0.01101,0
0.01795,0
0.02313,0
0.02471,0
0.02898,0
0.02975,0
0.03510,0
0.02627,0
0.01598,0
0.02448,0
0.03229,0
0.02360,0
0.02131,0
0.02022,0
0.02361,0
0.02850,0
0.00534,0
0.00655,0
0.00841,0
0.00690,0
0.01360,0
0.02195,0
0.03374,0
0.02935,0
0.02946,0
0.03132,0
0.10169,0
0.07149,0
0.03889,0
0.03118,0
0.02981,0
0.03302,0
0.04071,0
0.05664,0
0.02351,0
0.02665,0
0.04419,0
0.07131,0
0.06360,0
0.05781,0
0.05450,0
0.05275,0
0.05595,1
0.02262,1
0.03370,1
0.06641,1
0.04276,1
0.04264,1
0.04805,1
0.09562,1
0.08338,1
0.08547,1
0.05595,0
0.02403,0
0.03618,0
0.03778,0
0.03217,0
0.02625,0
0.02148,0
0.02205,0
0.02269,0
0.03224,0
0.00534,0
0.00655,0
0.00695,0
0.00586,0
0.02569,0
0.03450,0
0.03487,0
0.05088,0
0.06693,0
0.08302,0
0.05595,0
0.02403,0
0.02825,0
0.02967,0
0.03206,0
0.03027,0
0.02747,0
0.02616,0
0.02669,0
0.03173,0
0.00534,0
0.00655,0
0.00638,0
0.02555,0
0.02889,0
0.02923,0
0.04760,0
0.04147,0
0.03189,0
0.03939,0
0.10696,0
0.06851,0
0.05347,0
0.04234,0
0.04486,0
0.03394,0
0.03498,0
0.03329,0
0.03377,0
0.03909,0
0.00534,0
0.06278,0
0.04908,0
0.04317,0
0.03327,0
0.03920,0
0.04572,0
0.05290,0
0.06110,0
0.00534,0
0.00655,0
0.00626,0
0.00590,0
0.01171,0
0.02975,0
0.03006,0
0.02944,0
0.03108,0
0.03294,0
0.03664,0
0.03090,0
0.01918,0
0.02391,0
0.02314,0
0.02377,0
0.02792,0
0.00534,0
0.00655,0
0.05260,0
0.03186,0
0.03257,0
0.03608,0
0.03273,0
0.03579,0
0.03451,0
0.04356,0
0.12715,0
0.05980,0
0.05193,0
0.03816,0
0.03719,0
0.03383,0
0.03295,0
0.03341,0
0.03798,0
0.05346,0
0.00534,0
0.01218,0
0.01144,0
0.00886,0
0.01660,0
0.02334,0
0.02259,0
0.02394,0
0.02578,0
0.10079,0
0.07373,0
0.04269,0
0.03411,0
0.02732,0
0.02766,0
0.02928,0
0.03316,0
0.04032,0
0.00534,0
0.00655,0
0.05549,0
0.05073,0
0.04094,0
0.04756,0
0.04772,0
0.04633,0
0.05969,0
0.00534,0
0.00655,0
0.00655,0
0.02595,0
0.02260,0
0.02520,0
0.02550,0
0.03555,0
0.04912,0
0.06635,0
0.00534,0
0.01218,0
0.05372,0
0.05466,0
0.03715,0
0.03298,0
0.04428,0
0.04664,0
0.04937,0
0.06453,0
0.01461,0
0.01806,0
0.01491,0
0.01142,0
0.01680,0
0.01791,0
0.02052,0
0.02292,0
0.02150,0
0.02412,0
0.03091,0
0.03588,0
0.03981,0
0.03364,0
0.03120,0
0.03911,1
0.04690,1
0.04883,1
0.04966,1
0.05293,1
0.06108,1
0.09953,1
0.10133,1
0.01461,0
0.08336,0
0.05671,0
0.04723,0
0.03608,0
0.04156,0
0.04763,0
0.05482,0
0.06202,0
0.03453,0
0.04358,0
0.04444,0
0.04347,0
0.04008,0
0.03695,0
0.03158,0
0.02881,0
0.02915,0
0.03240,0
0.00534,0
0.00655,0
0.00841,0
0.04508,1
0.05815,1
0.07137,1
0.08346,1
0.09430,1
0.10011,1
0.10182,1
0.10169,0
0.04153,0
0.02410,0
0.02182,0
0.02384,0
0.02593,0
0.03530,0
0.01461,0
0.01250,0
0.01012,0
0.00849,0
0.01388,0
0.02552,0
0.03331,0
0.03036,0
0.02867,0
0.03075,0
0.03091,0
0.05254,0
0.04744,0
0.03621,0
0.03181,0
0.02636,0
0.02379,0
0.02401,0
0.02498,0
0.02738,0
0.08057,0
0.06012,0
0.03395,0
0.04042,0
0.03386,0
0.02976,0
0.02955,0
0.02901,0
0.03008,0
0.03598,0
0.03728,0
0.02818,0
0.01479,0
0.03002,0
0.03453,0
0.02513,0
0.01981,0
0.01807,0
0.02087,0
0.02858,0
0.11134,1
0.06419,1
0.05768,1
0.05072,1
0.06292,1
0.06419,1
0.06802,1
0.15001,0
0.12112,0
0.09778,0
0.09189,0
0.09379,0
0.10509,0
0.10252,0
0.07224,0
0.06846,0
0.07270,0
0.06672,0
0.02786,0
0.03739,0
0.02598,0
0.02277,0
0.02250,0
0.02632,0
0.00534,0
0.01218,0
0.01424,0
0.01234,0
0.01893,0
0.02601,0
0.04011,0
0.06780,0
0.09557,0
0.10953,0
0.21196,1
0.11690,1
0.07803,1
0.06410,1
0.05947,1
0.04524,1
0.00534,0
0.00655,0
0.00741,0
0.00643,0
0.01718,0
0.01288,0
0.02065,0
0.01461,0
0.01250,0
0.01099,0
0.00990,0
0.01534,0
0.02272,0
0.02378,0
0.02704,0
0.02842,0
0.03019,0
0.01461,0
0.01806,0
0.01505,0
0.01154,0
0.01663,0
0.02882,0
0.03501,0
0.02945,0
0.02875,0
0.03122,0
0.09852,0
0.07671,0
0.05373,0
0.04089,0
0.04415,0
0.03519,0
0.03310,0
0.03179,0
0.03161,0
0.03693,0
0.02108,0
0.01501,0
0.01254,0
0.01108,0
0.01803,0
0.03654,0
0.04773,0
0.05091,0
0.05513,0
0.06658,0
0.00534,0
0.01218,0
0.01172,0
0.00985,0
0.01521,0
0.03191,0
0.03247,0
0.03218,0
0.03453,0
0.03724,0
0.04983,0
0.04266,0
0.02531,0
0.02830,0
0.04191,0
0.03451,0
0.03419,0
0.03453,0
0.05017,0
0.05604,0
0.07964,0
0.07104,0
0.05074,0
0.04217,0
0.03974,0
0.03837,0
0.04234,0
0.03728,0
0.02818,0
0.01519,0
0.03136,0
0.03569,0
0.02368,0
0.01726,0
0.01616,0
0.01932,0
0.02430,0
0.05475,0
0.05410,0
0.03317,0
0.03350,0
0.02970,0
0.03128,0
0.03302,0
0.03313,0
0.03413,0
0.03991,0
0.00534,0
0.00655,0
0.00655,0
0.00594,0
0.01172,0
0.02974,0
0.02919,0
0.02942,0
0.03003,0
0.03138,0
0.00534,0
0.00655,0
0.00695,0
0.00705,0
0.02620,0
0.02505,0
0.03318,0
0.03437,0
0.04532,0
0.06187,0
0.00534,0
0.01218,0
0.01271,0
0.01139,0
0.01754,0
0.02682,0
0.04572,1
0.06432,1
0.09189,1
0.11171,1
0.11697,1
0.03091,0
0.04047,0
0.03239,0
0.02209,0
0.02039,0
0.02156,0
0.02688,0
0.00534,0
0.00655,0
0.00655,0
0.00686,0
0.00974,0
0.02363,0
0.03955,0
0.03043,0
0.03243,0
0.03871,0
0.10169,0
0.04153,0
0.02554,0
0.02854,0
0.02913,0
0.03029,0
0.03897,0
0.06672,0
0.02497,0
0.02841,0
0.03808,0
0.04506,0
0.04030,0
0.03471,0
0.03196,0
0.03218,0
0.01461,0
0.01250,0
0.00999,0
0.02771,0
0.02297,0
0.02665,0
0.02892,0
0.03043,0
0.04282,0
0.06064,0
0.00534,0
0.00655,0
0.00841,0
0.03456,0
0.02420,0
0.02476,0
0.02829,0
0.03566,0
0.03516,0
0.04399,0
0.03728,1
0.02900,1
0.01631,1
0.02615,1
0.03751,1
0.05684,1
0.06750,1
0.06828,1
0.08313,1
0.09309,1
0.03091,0
0.04124,0
0.04479,0
0.09292,0
0.07744,0
0.05370,0
0.04478,0
0.04334,0
0.04168,0
0.04538,0
0.01461,0
0.01250,0
0.01065,0
0.00973,0
0.01669,0
0.02394,0
0.02383,0
0.02513,0
0.02675,0
0.00534,0
0.00655,0
0.00638,0
0.00640,0
0.01353,0
0.02153,0
0.03278,0
0.03392,0
0.03649,0
0.04800,0
0.00534,0
0.00655,0
0.00638,0
0.06317,0
0.05089,0
0.04278,0
0.04439,0
0.04993,0
0.05834,0
0.09265,0
0.05883,0
0.02466,0
0.03205,0
0.03806,0
0.06144,0
0.04253,0
0.03281,0
0.03031,0
0.03128,0
0.04046,0
0.00534,0
0.00655,0
0.03729,0
0.03143,0
0.03320,0
0.02728,0
0.03153,0
0.04983,0
0.03485,0
0.02014,0
0.02473,0
0.03817,0
0.03728,0
0.03704,0
0.00534,0
0.01218,0
0.01185,0
0.01013,0
0.01515,0
0.01157,0
0.01413,0
0.03453,0
0.03933,0
0.04480,0
0.03806,0
0.03208,0
0.02601,0
0.02783,0
0.02622,0
0.02642,0
0.02955,0
0.09852,0
0.08450,0
0.07935,0
0.06522,0
0.05122,0
0.04823,0
0.04713,0
0.04709,0
0.05352,0
0.00534,0
0.00655,0
0.00655,0
0.00594,0
0.01196,0
0.00855,0
0.01160,0
0.00534,0
0.00655,0
0.00626,0
0.00590,0
0.01181,0
0.01485,0
0.01633,0
0.01849,0
0.01816,0
0.02122,0
0.13940,0
0.08675,0
0.05125,0
0.07118,0
0.07076,0
0.06163,0
0.05734,0
0.05555,0
0.05777,0
0.06319,0
0.00534,0
0.00655,0
0.03496,0
0.02905,0
0.03333,0
0.04021,0
0.04024,0
0.04065,0
0.03883,0
0.03868,0
0.05793,0
0.02531,0
0.02823,0
0.03854,0
0.03708,0
0.03263,0
0.02757,0
0.02595,0
0.02641,0
0.03502,0
0.09852,0
0.12664,1
0.09474,1
0.08287,1
0.10424,1
0.11322,1
0.11202,1
0.10860,1
0.10092,1
0.10158,1
0.03728,0
0.03222,0
0.01834,0
0.02940,0
0.03392,0
0.02982,0
0.02713,0
0.02444,0
0.02709,0
0.02946,0
0.05664,0
0.02210,0
0.03262,0
0.03546,0
0.03172,0
0.02762,0
0.02271,0
0.02139,0
0.02192,0
0.03056,0
0.00534,0
0.00655,0
0.06288,0
0.08119,0
0.06574,0
0.06019,0
0.06012,0
0.06251,0
0.06720,0
0.08928,0
0.01461,0
0.01806,0
0.01619,0
0.01221,0
0.01692,0
0.01692,0
0.01602,0
0.03664,0
0.03013,0
0.01800,0
0.02716,0
0.03606,0
0.02979,0
0.02711,0
0.02599,0
0.02855,0
0.03126,0
0.01461,0
0.01250,0
0.00985,0
0.00844,0
0.01095,0
0.01776,0
0.01906,0
0.02147,0
0.02054,0
0.02348,0
0.03453,0
0.20311,1
0.16913,1
0.15428,1
0.14738,1
0.12232,1
0.11108,1
0.10589,1
0.10396,1
0.01461,0
0.05753,0
0.04045,0
0.04285,0
0.03300,0
0.02897,0
0.03364,0
0.03716,0
0.04380,0
0.05532,0
0.01461,0
0.01806,0
0.01491,0
0.01142,0
0.01680,0
0.01791,0
0.02052,0
0.02292,0
0.02150,0
0.02635,0
0.00534,0
0.01218,0
0.01144,0
0.00886,0
0.01660,0
0.02658,0
0.04697,0
0.06505,0
0.07672,1
0.09196,1
0.11521,1
0.12067,1
0.00534,0
0.00655,0
0.00618,0
0.00583,0
0.01190,0
0.00865,0
0.01487,0
0.04983,0
0.03370,0
0.01950,0
0.02434,0
0.03701,0
0.03491,0
0.03502,0
0.00534,0
0.01218,0
0.04847,0
0.04757,0
0.05873,0
0.05554,0
0.05489,0
0.06633,0
0.08419,0
0.00534,0
0.00655,0
0.00626,0
0.00590,0
0.01181,0
0.01485,0
0.01497,0
0.01619,0
0.01656,0
0.01987,0
0.01461,0
0.01250,0
0.01012,0
0.00849,0
0.02488,0
0.02257,0
0.03051,0
0.03206,0
0.04308,0
0.05954,0
0.09435,0
0.16955,0
0.14253,0
0.10108,0
0.10902,0
0.09454,0
0.08612,0
0.08134,0
0.08038,0
0.08570,0
0.00534,0
0.00655,0
0.00655,0
0.00594,0
0.01196,0
0.01220,0
0.01497,0
0.00534,0
0.00655,0
0.00626,0
0.02644,0
0.02179,0
0.02589,0
0.02526,0
0.03135,0
0.04151,0
0.05950,0
0.00534,0
0.00655,0
0.00618,0
0.00583,0
0.01376,0
0.02093,0
0.02070,0
0.01955,0
0.02332,0
0.11486,1
0.06575,1
0.04818,1
0.03816,1
0.03942,1
0.05763,1
0.06420,1
0.06305,1
0.06336,1
0.06278,1
0.00534,0
0.00655,0
0.00638,0
0.00640,0
0.01353,0
0.01982,0
0.03144,0
0.03399,1
0.07230,1
0.09523,1
0.10311,1
0.03091,0
0.04705,0
0.04659,0
0.08048,0
0.07997,0
0.09055,0
0.08280,0
0.07683,0
0.07455,0
0.00534,0
0.00655,0
0.00638,0
0.00640,0
0.01217,0
0.01364,0
0.01873,0
0.02047,0
0.01993,0
0.02509,0
0.00534,0
0.00655,0
0.00638,0
0.00640,0
0.01232,0
0.00918,0
0.01229,0
0.04983,0
0.03348,0
0.01912,0
0.02753,0
0.03360,0
0.02818,0
0.02745,0
0.02574,0
0.02892,0
0.03190,0
0.01461,0
0.01250,0
0.00999,0
0.00804,0
0.01481,0
0.02252,0
0.02582,0
0.02641,0
0.02675,0
0.02769,0
0.00534,0
0.00655,0
0.06668,0
0.05299,0
0.04196,0
0.04175,0
0.03893,0
0.03973,0
0.03972,0
0.05860,0
0.10696,0
0.07386,0
0.04925,0
0.03714,0
0.03926,0
0.03080,0
0.02991,0
0.02926,0
0.03082,0
0.03625,0
0.00534,0
0.00655,0
0.00626,0
0.00681,0
0.01265,0
0.00931,0
0.01247,0
0.02108,0
0.02254,0
0.01907,0
0.01421,0
0.02457,0
0.02980,0
0.03430,0
0.04427,0
0.03707,0
0.04075,0
0.03091,0
0.04047,0
0.02930,0
0.02124,0
0.01819,0
0.02056,0
0.02458,0
0.09852,0
0.08450,0
0.05288,0
0.03833,0
0.02792,0
0.02755,0
0.02878,0
0.03124,0
0.03824,0
0.02108,0
0.01501,0
0.01346,0
0.01160,0
0.01747,0
0.02227,0
0.02210,0
0.02305,0
0.02206,0
0.02471,0
0.12375,0
0.11521,0
0.11574,0
0.12809,0
0.08909,0
0.06908,0
0.05961,0
0.05901,0
0.06188,0
0.06398,0
0.03453,0
0.03933,0
0.04480,0
0.03806,0
0.03208,0
0.02601,0
0.02441,0
0.02359,0
0.02431,0
0.02780,0
0.02108,0
0.02254,0
0.01901,0
0.01558,0
0.02153,0
0.02914,0
0.04295,0
0.04158,0
0.04251,0
0.05000,0
0.01461,0
0.01806,0
0.01618,0
0.03923,0
0.03800,0
0.03140,0
0.03438,0
0.03733,0
0.04436,0
0.06646,0
0.00534,0
0.01218,0
0.01160,0
0.00902,0
0.01478,0
0.01778,0
0.01719,0
0.01810,0
0.01664,0
0.02032,0
0.11240,0
0.11946,0
0.09657,0
0.09157,0
0.08434,0
0.06929,0
0.07066,0
0.07335,0
0.07601,0
0.08240,0
0.00534,0
0.01218,0
0.01160,0
0.00902,0
0.02207,0
0.02187,0
0.03000,0
0.03664,0
0.04604,0
0.06253,0
0.03091,0
0.04047,0
0.02930,0
0.02677,0
0.02222,0
0.02358,0
0.02919,0
0.03453,0
0.05648,0
0.04933,0
0.03867,0
0.03265,0
0.02509,0
0.02330,0
0.02564,0
0.02655,0
0.03028,0
0.00534,0
0.00655,0
0.00655,0
0.00686,0
0.01260,0
0.01915,0
0.02843,0
0.02469,0
0.02664,0
0.02905,0
0.00534,0
0.01218,0
0.01172,0
0.00884,0
0.01428,0
0.01770,0
0.02131,0
0.02108,0
0.01501,0
0.01346,0
0.01067,0
0.01768,0
0.02761,0
0.02742,0
0.02513,0
0.02540,0
0.02674,0
0.03664,0
0.03013,0
0.01800,0
0.03342,0
0.03720,0
0.02729,0
0.02003,0
0.01853,0
0.02132,0
0.02907,0
0.00534,0
0.01218,0
0.01160,0
0.01017,0
0.02438,0
0.02808,0
0.03742,0
0.04159,0
0.03520,0
0.03898,0
0.00534,0
0.00655,0
0.00626,0
0.00590,0
0.01201,0
0.00834,0
0.01456,0
0.00534,0
0.01218,0
0.01160,0
0.01017,0
0.01520,0
0.01638,0
0.01597,0
0.01461,0
0.01250,0
0.01213,0
0.00958,0
0.01926,0
0.01469,0
0.02128,0
0.05364,0
0.02356,0
0.03406,0
0.02417,0
0.02017,0
0.02254,0
0.02663,0
0.00534,0
0.03831,0
0.03281,0
0.04406,0
0.05140,0
0.04495,0
0.04845,0
0.00534,0
0.00655,0
0.00841,0
0.00806,0
0.01166,0
0.01614,0
0.02060,0
0.02176,0
0.02179,0
0.02461,0
0.00534,0
0.00655,0
0.00841,0
0.00690,0
0.01360,0
0.02112,0
0.03223,0
0.02710,0
0.02750,0
0.02757,0
0.11134,1
0.06419,1
0.05654,1
0.04983,1
0.06207,1
0.05595,0
0.02262,0
0.03111,0
0.03832,0
0.04312,0
0.03317,0
0.02853,0
0.02575,0
0.02621,0
0.02963,0
0.08057,0
0.05724,0
0.03751,0
0.03681,0
0.03144,0
0.03121,0
0.03384,0
0.03325,0
0.03392,0
0.03884,0
0.11913,0
0.06888,0
0.07341,0
0.06349,0
0.05706,0
0.04611,0
0.03830,0
0.03511,0
0.03390,0
0.04172,0
0.00534,0
0.00655,0
0.00841,0
0.00806,0
0.01340,0
0.01796,0
0.02138,0
0.12715,0
0.06149,0
0.05257,0
0.03881,0
0.03655,0
0.03336,0
0.03251,0
0.03327,0
0.03738,0
0.05282,0
0.00534,0
0.00655,0
0.00626,0
0.00681,0
0.01265,0
0.01574,0
0.01885,0
0.03091,0
0.04124,0
0.04291,0
0.05962,0
0.05088,0
0.03580,0
0.03250,0
0.03088,0
0.03122,0
0.00534,0
0.01218,0
0.01172,0
0.03452,0
0.02750,0
0.02892,0
0.03148,0
0.03811,0
0.03653,0
0.04489,0
0.03453,0
0.04392,0
0.04229,0
0.02685,0
0.02105,0
0.02182,0
0.02651,0
0.01461,0
0.01806,0
0.01505,0
0.01263,0
0.01705,0
0.01707,0
0.01624,0
0.40063,0
0.28363,0
0.21994,0
0.16902,0
0.14428,0
0.12810,0
0.11605,0
0.11070,0
0.10870,0
0.13112,0
0.04983,0
0.03370,0
0.01950,0
0.02967,0
0.03637,0
0.03192,0
0.03026,0
0.02806,0
0.03142,0
0.03398,0
0.02538,1
0.01694,1
0.01692,1
0.04766,1
0.04481,1
0.04848,1
0.05226,1
0.06192,1
0.08807,1
0.00534,0
0.00655,0
0.00618,0
0.00583,0
0.01190,0
0.00974,0
0.01635,0
0.03728,0
0.02818,0
0.01479,0
0.02557,0
0.03355,0
0.03002,0
0.02775,0
0.02681,0
0.03095,0
0.03278,0
0.10169,0
0.04753,0
0.03078,0
0.02744,0
0.02821,0
0.03273,0
0.04093,0
0.03091,0
0.05254,0
0.06948,1
0.09384,1
0.11212,1
0.10388,1
0.10333,1
0.09807,1
0.09258,1
0.09194,1
0.05793,0
0.02221,0
0.03566,0
0.03419,0
0.03331,0
0.02946,0
0.02268,0
0.02164,0
0.02202,0
0.02758,0
0.00534,0
0.00655,0
0.00618,0
0.00583,0
0.02635,0
0.04000,0
0.04563,0
0.02919,0
0.02749,0
0.03395,0
0.00534,0
0.00819,0
0.00916,0
0.00763,0
0.01312,0
0.01646,0
0.01758,0
0.01959,0
0.01885,0
0.02188,0
0.00534,0
0.00655,0
0.00618,0
0.00583,0
0.01164,0
0.01480,0
0.03062,1
0.05038,1
0.06611,1
0.03091,1
0.04047,1
0.05701,1
0.06137,1
0.09328,1
0.09541,1
0.09510,1
0.10169,0
0.07149,0
0.04119,0
0.03252,0
0.03098,0
0.03102,0
0.03878,0
0.01461,0
0.01806,0
0.01531,0
0.01259,0
0.01783,0
0.02065,0
0.02192,0
0.02117,0
0.02072,0
0.02655,0
0.10169,0
0.04473,0
0.02776,0
0.02455,0
0.02642,0
0.02868,0
0.03735,0
0.00534,0
0.00655,0
0.00638,0
0.00640,0
0.01232,0
0.00985,0
0.01672,0
0.03091,0
0.04705,0
0.05594,0
0.06442,0
0.05123,0
0.03702,0
0.03317,0
0.03094,0
0.03173,0
0.01461,0
0.01250,0
0.00985,0
0.00844,0
0.01584,0
0.03406,0
0.03272,0
0.03095,0
0.03119,0
0.03234,0
0.01461,0
0.01403,0
0.01160,0
0.00983,0
0.01508,0
0.01243,0
0.02002,0
0.03453,0
0.04392,0
0.03046,0
0.02589,0
0.02102,0
0.02225,0
0.02800,0
0.10079,0
0.07373,0
0.07015,0
0.07392,0
0.08106,0
0.07655,0
0.07321,0
0.07225,0
0.07602,0
0.09852,0
0.07681,0
0.07827,0
0.04394,0
0.03930,0
0.03458,0
0.03382,0
0.03376,0
0.03452,0
0.04075,0
0.00534,0
0.01218,0
0.01271,0
0.01011,0
0.01697,0
0.02457,0
0.03705,0
0.03665,0
0.03867,0
0.00534,0
0.01218,0
0.04494,0
0.04806,0
0.04170,0
0.03324,0
0.03707,0
0.04014,0
0.04636,0
0.06317,0
0.00534,0
0.00655,0
0.00695,0
0.00586,0
0.01167,0
0.02188,0
0.02291,0
0.02311,0
0.02705,0
0.02918,0
0.03664,0
0.02798,0
0.01726,0
0.02812,0
0.03850,0
0.06304,0
0.06598,0
0.06138,0
0.06580,0
0.06947,0
0.03453,0
0.04358,0
0.04444,0
0.04347,0
0.04709,0
0.04329,0
0.03666,0
0.03330,0
0.03292,0
0.03575,0
0.10169,0
0.07149,0
0.03889,0
0.03118,0
0.02915,0
0.02952,0
0.03803,0
0.00534,0
0.01218,0
0.01172,0
0.00884,0
0.01433,0
0.02240,0
0.02192,0
0.02237,0
0.02353,0
0.02544,0
0.00534,0
0.00655,0
0.00741,0
0.00734,0
0.01319,0
0.02134,0
0.02130,0
0.02711,0
0.03931,0
0.11984,0
0.08642,0
0.04824,0
0.04263,0
0.03146,0
0.03201,0
0.03048,0
0.03086,0
0.03461,0
0.04320,0
0.00534,0
0.00819,0
0.00980,0
0.00784,0
0.01311,0
0.02273,0
0.02331,0
0.02423,0
0.02608,0
0.00534,0
0.00655,0
0.00841,0
0.00690,0
0.01427,0
0.02250,0
0.02272,0
0.02369,0
0.02612,0
0.00534,0
0.03649,0
0.02974,0
0.04363,0
0.05015,0
0.04405,0
0.04750,0
0.01461,0
0.01250,0
0.04314,0
0.05364,0
0.06607,0
0.07448,0
0.09956,0
0.05883,1
0.02466,1
0.03474,1
0.04771,1
0.05521,1
0.06030,1
0.06102,1
0.00534,0
0.00655,0
0.00695,0
0.02991,0
0.02487,0
0.02947,0
0.03083,0
0.03735,0
0.06678,0
0.10377,0
0.03453,0
0.05648,0
0.04119,0
0.03630,0
0.03101,0
0.02522,0
0.02777,0
0.02611,0
0.02689,0
0.03000,0
0.04983,0
0.03538,0
0.01920,0
0.02449,0
0.03318,0
0.02808,0
0.02930,0
0.05595,0
0.02262,0
0.03214,0
0.03776,0
0.04266,0
0.03761,0
0.03466,0
0.03269,0
0.03244,0
0.10696,0
0.07386,0
0.05131,0
0.03976,0
0.03994,0
0.03190,0
0.03200,0
0.03132,0
0.03191,0
0.03728,0
0.00534,0
0.00655,0
0.00695,0
0.00586,0
0.01167,0
0.01935,0
0.03943,0
0.04417,0
0.04805,0
0.05719,0
0.03091,0
0.04705,0
0.05393,0
0.07735,0
0.06413,0
0.05693,0
0.06900,0
0.06594,0
0.06313,0
0.06517,0
0.00534,0
0.01218,0
0.01185,0
0.01013,0
0.01702,0
0.03091,0
0.03325,0
0.03379,0
0.03390,0
0.03485,0
0.14504,0
0.14460,0
0.11864,0
0.06684,0
0.04887,0
0.04280,0
0.03962,0
0.03935,0
0.04248,0
0.05102,0
0.12007,1
0.07899,1
0.09030,1
0.09347,1
0.09420,1
0.08634,1
0.08487,1
0.02108,0
0.02254,0
0.02168,0
0.01664,0
0.01945,0
0.01646,0
0.02378,0
0.10169,0
0.05868,0
0.02942,0
0.02331,0
0.02325,0
0.02642,0
0.03385,0
0.05793,0
0.02531,0
0.03417,0
0.03730,0
0.04338,0
0.03823,0
0.03499,0
0.03283,0
0.03344,0
0.03728,0
0.02565,0
0.01418,0
0.02200,0
0.02252,0
0.02340,0
0.02694,0
0.05664,0
0.02210,0
0.03262,0
0.03068,0
0.03028,0
0.02665,0
0.02291,0
0.02170,0
0.02232,0
0.03195,0
0.00534,0
0.00655,0
0.04145,0
0.04991,0
0.06412,0
0.07268,0
0.09764,0
0.05664,0
0.02210,0
0.03262,0
0.03546,0
0.03273,0
0.02610,0
0.02117,0
0.02012,0
0.02188,0
0.02701,0
0.00534,0
0.00655,0
0.00618,0
0.00674,0
0.01254,0
0.01264,0
0.01543,0
0.05883,0
0.02466,0
0.03619,0
0.03319,0
0.03313,0
0.02762,0
0.02344,0
0.02221,0
0.02289,0
0.03166,0
0.00534,0
0.00655,0
0.00741,0
0.00734,0
0.01741,0
0.02328,0
0.03271,0
0.04035,0
0.03428,0
0.03563,0
0.00534,0
0.00655,0
0.00638,0
0.00640,0
0.01353,0
0.02028,0
0.02406,0
0.02356,0
0.02408,0
0.02533,0
0.01461,0
0.01250,0
0.01065,0
0.00973,0
0.01493,0
0.01907,0
0.02331,0
0.02108,0
0.01769,0
0.01540,0
0.01319,0
0.01983,0
0.03336,0
0.04088,0
0.03666,0
0.03802,0
0.03814,0
0.03453,0
0.04022,1
0.07940,1
0.08015,1
0.09282,1
0.06881,1
0.05342,1
0.04838,1
0.04614,1
0.05127,1
0.05895,1
0.03728,1
0.03222,1
0.01834,1
0.03545,1
0.05618,1
0.03649,1
0.04049,1
0.09852,0
0.07572,0
0.08076,0
0.04632,0
0.04240,0
0.03378,0
0.03253,0
0.03164,0
0.03336,0
0.03962,0
0.00534,0
0.00819,0
0.01135,0
0.00884,0
0.01375,0
0.02285,0
0.03571,0
0.03554,0
0.03788,0
0.04533,0
0.00534,0
0.00655,0
0.00695,0
0.04392,0
0.05575,0
0.06437,0
0.06586,0
0.07936,0
0.08025,0
0.03728,0
0.02565,0
0.01418,0
0.02332,0
0.03038,0
0.04723,0
0.04481,0
0.03980,0
0.04929,0
0.00534,0
0.00655,0
0.05538,0
0.03890,0
0.03801,0
0.03056,0
0.03442,0
0.04098,0
0.04866,0
0.07489,0
0.02108,0
0.01501,0
0.01218,0
0.01007,0
0.03141,0
0.03957,0
0.04511,0
0.04428,0
0.04356,0
0.05219,0
0.00534,0
0.00655,0
0.00695,0
0.00586,0
0.01187,0
0.00938,0
0.01759,0
0.10079,0
0.07101,0
0.04668,0
0.03560,0
0.03846,0
0.02766,0
0.02701,0
0.02672,0
0.02827,0
0.03381,0
0.11984,0
0.08642,0
0.05830,0
0.05143,0
0.03605,0
0.03214,0
0.03033,0
0.02971,0
0.03361,0
0.04319,0
0.00534,0
0.01218,0
0.01185,0
0.00910,0
0.01822,0
0.02435,0
0.02953,0
0.03988,0
0.03471,0
0.03878,0
0.00534,0
0.00655,0
0.00638,0
0.00549,0
0.00835,0
0.01561,0
0.01887,0
0.02062,0
0.01985,0
0.02276,0
0.00534,0
0.00655,0
0.00638,0
0.00640,0
0.01244,0
0.02082,0
0.03238,0
0.03318,0
0.03597,0
0.04464,0
0.10169,0
0.04473,0
0.02776,0
0.02455,0
0.02642,0
0.03062,0
0.03891,0
0.00534,0
0.01218,0
0.03843,1
0.05333,1
0.04035,1
0.03607,1
0.04254,1
0.04238,1
0.05902,1
0.06905,1
0.00534,0
0.01218,0
0.01185,0
0.00910,0
0.01451,0
0.02275,0
0.02300,0
0.02233,0
0.02376,0
0.02507,0
0.01461,0
0.01250,0
0.00973,0
0.03305,0
0.02563,0
0.02403,0
0.02834,0
0.03651,0
0.03543,0
0.04451,0
0.00534,0
0.01218,0
0.01172,0
0.00884,0
0.01428,0
0.01098,0
0.01672,0
0.03728,0
0.02927,0
0.01731,0
0.08280,1
0.08004,1
0.06122,1
0.06578,1
0.06475,1
0.03728,0
0.02666,0
0.01440,0
0.02142,0
0.02106,0
0.01997,0
0.02308,0
0.03091,0
0.03452,0
0.04499,0
0.03761,0
0.03507,0
0.02902,0
0.02688,0
0.02572,0
0.02665,0
0.02870,0
0.01461,0
0.01806,0
0.01630,0
0.01270,0
0.01845,0
0.01860,0
0.02072,0
0.02228,0
0.02001,0
0.02327,0
0.10696,0
0.07598,0
0.04418,0
0.03516,0
0.02508,0
0.02516,0
0.02658,0
0.02814,0
0.03448,0
0.03728,0
0.02542,0
0.01444,0
0.02105,0
0.03621,0
0.03516,0
0.03468,0
0.04983,0
0.03538,0
0.01920,0
0.02449,0
0.02505,0
0.02521,0
0.02874,0
0.03728,0
0.02666,0
0.01440,0
0.02142,0
0.02031,0
0.01867,0
0.02200,0
0.00534,0
0.01218,0
0.01424,0
0.01121,0
0.01692,0
0.01755,0
0.01832,0
0.02063,0
0.02031,0
0.02317,0
0.00534,0
0.00813,0
0.00938,0
0.00795,0
0.01345,0
0.01896,0
0.03400,0
0.03193,0
0.03497,0
0.00534,0
0.00655,0
0.00695,0
0.00586,0
0.01167,0
0.02188,0
0.02240,0
0.02286,0
0.02396,0
0.02855,0
0.00534,0
0.05884,0
0.03981,0
0.04248,0
0.03270,0
0.03130,0
0.03568,0
0.03990,0
0.04524,0
0.06114,0
0.01461,0
0.01403,0
0.01201,0
0.00996,0
0.01703,0
0.02503,0
0.02423,0
0.02345,0
0.03088,0
0.03874,0
0.10169,0
0.04153,0
0.02410,0
0.02182,0
0.02516,0
0.02718,0
0.03650,0
0.10918,1
0.06809,1
0.04447,1
0.03815,1
0.02958,1
0.02968,1
0.03098,1
0.03242,1
0.03889,1
0.10696,0
0.07386,0
0.05131,0
0.03976,0
0.03713,0
0.03134,0
0.03073,0
0.02981,0
0.03044,0
0.03615,0
0.10169,0
0.07149,0
0.03889,0
0.03420,0
0.03157,0
0.03159,0
0.03880,0
0.10696,0
0.07386,0
0.04925,0
0.03714,0
0.03873,0
0.02934,0
0.02872,0
0.02794,0
0.02953,0
0.03514,0
0.00534,0
0.01218,0
0.01271,0
0.01139,0
0.01579,0
0.01956,0
0.01903,0
0.03091,0
0.05254,0
0.04428,0
0.03546,0
0.03039,0
0.02458,0
0.02600,0
0.02444,0
0.02517,0
0.02760,0
0.04983,0
0.03538,0
0.01969,0
0.02761,0
0.03487,0
0.02701,0
0.02253,0
0.02151,0
0.02473,0
0.03281,0
0.03728,0
0.02818,0
0.01519,0
0.02193,0
0.02101,0
0.02575,0
0.02919,0
0.00534,0
0.00655,0
0.00618,0
0.00583,0
0.01164,0
0.01480,0
0.01730,0
0.01758,0
0.01748,0
0.02271,0
0.00534,0
0.01218,0
0.04380,0
0.04486,0
0.03410,0
0.03651,0
0.03367,0
0.03344,0
0.03557,0
0.05625,0
0.00534,0
0.01218,0
0.01271,0
0.01011,0
0.01619,0
0.03042,0
0.04636,0
0.03703,0
0.03567,0
0.04082,0
0.00534,0
0.00655,0
0.00655,0
0.02549,0
0.02874,0
0.02910,0
0.04043,0
0.03757,0
0.03207,0
0.03966,0
0.00534,0
0.00655,0
0.00638,0
0.00549,0
0.01134,0
0.01276,0
0.01820,0
0.01848,0
0.01847,0
0.02155,0
0.00534,0
0.00655,0
0.00695,0
0.00705,0
0.02632,0
0.03778,1
0.03929,1
0.04603,1
0.04814,1
0.05578,1
0.08605,1
0.12081,1
0.14655,1
0.00534,0
0.00655,0
0.00841,0
0.04227,0
0.03761,0
0.03033,0
0.03362,0
0.03687,0
0.03932,0
0.05740,0
0.10169,0
0.04153,0
0.02410,0
0.02182,0
0.02384,0
0.02593,0
0.03427,0
0.00534,0
0.00819,0
0.00980,0
0.00902,0
0.02620,0
0.02413,0
0.03745,0
0.04504,0
0.03797,0
0.04101,0
0.00534,0
0.00655,0
0.00741,0
0.00643,0
0.01242,0
0.01556,0
0.01563,0
0.00534,0
0.01218,0
0.06001,0
0.03799,0
0.08623,1
0.08542,1
0.08844,1
0.08930,1
0.09406,1
0.10380,1
0.13192,1
0.16884,1
0.00534,0
0.00655,0
0.05830,0
0.07682,0
0.07864,0
0.07235,0
0.06960,0
0.08131,0
0.10720,0
0.00534,0
0.00655,0
0.00741,0
0.03917,0
0.03161,0
0.03382,0
0.03641,0
0.04323,0
0.04111,0
0.04938,0
0.00534,0
0.07533,0
0.07750,0
0.04682,0
0.04990,0
0.06523,0
0.06344,0
0.06329,0
0.06628,0
0.07440,0
0.01461,0
0.01393,0
0.01253,0
0.01109,0
0.01611,0
0.02617,0
0.03744,0
0.05692,0
0.06361,0
0.06394,0
0.00534,0
0.00655,0
0.03919,0
0.03896,0
0.03130,0
0.03430,0
0.03273,0
0.03388,0
0.03502,0
0.05245,0
0.11913,0
0.06576,0
0.06631,0
0.06363,0
0.04834,0
0.04177,0
0.04141,0
0.03728,0
0.02818,0
0.01479,0
0.02675,0
0.03902,0
0.03574,0
0.03510,0
0.19749,0
0.14327,0
0.12636,0
0.11629,0
0.11630,0
0.11716,0
0.10819,0
0.13500,0
0.15797,0
0.15142,0
0.05664,0
0.02210,0
0.03039,0
0.04317,0
0.06961,0
0.06258,0
0.05624,0
0.05284,0
0.05127,0
0.00534,0
0.00819,0
0.01001,0
0.00903,0
0.01662,0
0.02584,0
0.03228,0
0.02788,0
0.02740,0
0.02990,0
0.11984,0
0.08642,0
0.04913,0
0.04626,0
0.03694,0
0.03361,0
0.03259,0
0.03420,0
0.03767,0
0.04559,0
0.11134,0
0.07329,0
0.05370,0
0.04826,0
0.04861,0
0.03753,0
0.03973,0
0.00534,0
0.00819,0
0.00874,0
0.04016,0
0.05600,0
0.06303,0
0.06913,0
0.08298,0
0.08480,0
0.05595,0
0.17256,0
0.13854,0
0.11352,0
0.11237,0
0.11439,0
0.10277,0
0.09685,0
0.09726,0
0.09670,0
0.02108,0
0.07947,0
0.06042,0
0.04959,0
0.04445,0
0.03586,0
0.03956,0
0.04225,0
0.04877,0
0.05765,0
0.06672,0
0.02786,0
0.03537,0
0.04525,0
0.04817,0
0.04152,0
0.03660,0
0.03376,0
0.03424,0
0.05364,0
0.02356,0
0.03406,0
0.02709,0
0.02695,0
0.02552,0
0.02833,0
0.01461,0
0.01250,0
0.04476,0
0.05347,0
0.06693,0
0.07453,0
0.09965,0
0.00534,0
0.01218,0
0.01144,0
0.00886,0
0.01660,0
0.02334,0
0.02259,0
0.02394,0
0.02578,0
0.01461,0
0.01250,0
0.00999,0
0.00804,0
0.01331,0
0.01463,0
0.01735,0
0.02026,0
0.01949,0
0.02258,0
0.00534,0
0.03686,1
0.05383,1
0.05758,1
0.05426,1
0.04943,1
0.05733,1
0.06256,1
0.07979,1
0.07528,1
0.00534,0
0.00655,0
0.00618,0
0.00583,0
0.02533,0
0.02160,0
0.02893,0
0.03845,0
0.05708,0
0.06775,0
0.02108,0
0.01501,0
0.01218,0
0.01101,0
0.01573,0
0.01328,0
0.01628,0
0.00534,0
0.00655,0
0.00655,0
0.00686,0
0.01386,0
0.02713,0
0.03596,0
0.03000,0
0.03055,0
0.03050,0
0.10079,0
0.07773,0
0.08060,0
0.05479,0
0.04374,0
0.03678,0
0.03583,0
0.03495,0
0.03710,0
0.04317,0
0.00534,0
0.00655,0
0.00741,0
0.03768,0
0.05136,0
0.06160,0
0.06139,0
0.07662,0
0.08052,0
0.02108,0
0.01501,0
0.01218,0
0.01101,0
0.02124,0
0.01862,0
0.02538,0
0.00534,0
0.01218,0
0.01160,0
0.00902,0
0.01651,0
0.03479,0
0.03239,0
0.03107,0
0.03031,0
0.03272,0
0.00534,0
0.00655,0
0.00638,0
0.07252,0
0.05525,0
0.04567,0
0.04660,0
0.05175,0
0.05291,0
0.09055,0
0.00534,0
0.01218,0
0.04494,0
0.04737,0
0.04784,0
0.04513,0
0.04670,0
0.05063,0
0.05538,0
0.07763,0
0.00534,0
0.01218,0
0.05301,0
0.05606,0
0.03626,0
0.03473,0
0.03670,0
0.03867,0
0.03961,0
0.05084,0
0.00534,0
0.01218,0
0.01144,0
0.00996,0
0.01565,0
0.03185,0
0.04176,0
0.03512,0
0.03662,0
0.04197,0
0.00534,0
0.00819,0
0.00980,0
0.00902,0
0.01558,0
0.01813,0
0.02019,0
0.02049,0
0.02006,0
0.02278,0
0.06672,0
0.02786,0
0.03739,0
0.02598,0
0.02277,0
0.02250,0
0.02632,0
0.00534,0
0.07533,0
0.07856,0
0.05353,0
0.04272,0
0.03414,0
0.03681,0
0.03791,0
0.04384,0
0.05332,0
0.01461,0
0.01806,0
0.08932,0
0.07079,0
0.05515,0
0.05727,0
0.05375,0
0.05504,0
0.05372,0
0.08818,0
0.00534,0
0.00655,0
0.00618,0
0.00583,0
0.01376,0
0.02425,0
0.03175,0
0.02742,0
0.02839,0
0.02972,0
0.01461,0
0.01250,0
0.01099,0
0.00990,0
0.01746,0
0.02411,0
0.03768,0
0.03590,0
0.03506,0
0.04497,0
0.01461,0
0.01250,0
0.00999,0
0.00897,0
0.01458,0
0.01454,0
0.01408,0
0.00534,0
0.00655,0
0.00638,0
0.00549,0
0.01167,0
0.00860,0
0.01476,0
0.10079,0
0.05785,0
0.03800,0
0.03242,0
0.02372,0
0.02454,0
0.02628,0
0.02847,0
0.03505,0
0.00534,0
0.00655,0
0.00695,0
0.00586,0
0.01187,0
0.01651,0
0.02019,0
0.04983,0
0.03538,0
0.01920,0
0.03352,0
0.03719,0
0.02526,0
0.02424,0
0.02389,0
0.02639,0
0.03398,0
0.01461,0
0.01806,0
0.01630,0
0.01270,0
0.03114,0
0.03884,0
0.04406,0
0.07163,0
0.07797,0
0.03728,0
0.06907,0
0.05098,0
0.05485,0
0.05923,0
0.05095,0
0.04777,0
0.04335,0
0.04421,0
0.04526,0
0.06672,1
0.07677,1
0.07839,1
0.08914,1
0.07688,1
0.06488,1
0.06638,1
0.03728,0
0.03222,0
0.01891,0
0.02440,0
0.03911,0
0.03609,0
0.03652,0
0.01461,0
0.01250,0
0.01213,0
0.00958,0
0.01476,0
0.01173,0
0.01964,0
0.03091,0
0.03719,0
0.05113,0
0.05105,0
0.04794,0
0.04996,0
0.06035,0
0.05650,0
0.05534,0
0.05561,0
0.00534,0
0.01218,0
0.01185,0
0.00910,0
0.01479,0
0.01784,0
0.01876,0
0.02054,0
0.01978,0
0.02497,0
0.00534,0
0.00819,0
0.00916,0
0.00763,0
0.03749,0
0.04651,0
0.05152,0
0.03424,0
0.03064,0
0.03495,0
0.10169,0
0.04252,0
0.02748,0
0.02482,0
0.02820,0
0.03282,0
0.04117,0
0.10696,0
0.06851,0
0.04969,0
0.03887,0
0.04241,0
0.03232,0
0.03192,0
0.03101,0
0.03228,0
0.03698,0
0.03728,0
0.02565,0
0.01418,0
0.02332,0
0.03038,0
0.04723,0
0.04463,0
0.04031,0
0.04841,0
0.01461,0
0.01806,0
0.01520,0
0.01145,0
0.01676,0
0.01953,0
0.02039,0
0.02014,0
0.01961,0
0.02491,0
0.05793,0
0.02531,0
0.03851,0
0.03719,0
0.03725,0
0.03140,0
0.02588,0
0.02441,0
0.02477,0
0.02952,0
0.03453,0
0.04392,0
0.03065,0
0.02738,0
0.02273,0
0.02437,0
0.02831,0
0.10696,0
0.10354,0
0.07323,0
0.05785,0
0.05542,0
0.04374,0
0.04232,0
0.04015,0
0.04046,0
0.04483,0
0.10696,0
0.06851,0
0.05347,0
0.04234,0
0.05155,0
0.05918,0
0.05706,0
0.05544,0
0.05532,0
0.05944,0
0.11361,0
0.05372,0
0.03654,0
0.03133,0
0.03179,0
0.03538,0
0.04387,0
0.00534,0
0.00655,0
0.00841,0
0.00690,0
0.01371,0
0.02884,0
0.04144,0
0.03573,0
0.03537,0
0.04116,0
0.02108,0
0.01501,0
0.01346,0
0.01160,0
0.01604,0
0.01406,0
0.02014,0
0.00534,0
0.00813,0
0.01025,0
0.00848,0
0.01465,0
0.02401,0
0.02760,0
0.02822,0
0.03201,0
0.03274,0
0.00534,0
0.01218,0
0.01185,0
0.05703,1
0.08288,1
0.08164,1
0.09011,1
0.09226,1
0.09893,1
0.12137,1
0.16256,1
0.17196,1
0.00534,0
0.01218,0
0.01272,0
0.01072,0
0.01618,0
0.01920,0
0.02066,0
0.02017,0
0.01976,0
0.02560,0
0.06672,1
0.02497,1
0.03603,1
0.06965,1
0.07280,1
0.08107,1
0.07639,1
0.00534,0
0.00655,0
0.00655,0
0.03865,0
0.06345,1
0.05816,1
0.05467,1
0.06348,1
0.07188,1
0.09672,1
0.11715,1
0.13176,1
0.00534,0
0.01218,0
0.01172,0
0.00884,0
0.01428,0
0.01469,0
0.01800,0
0.03453,0
0.05017,0
0.04536,0
0.04292,0
0.03797,0
0.03466,0
0.02956,0
0.02707,0
0.02752,0
0.02960,0
0.10169,0
0.05868,0
0.03170,0
0.02471,0
0.02439,0
0.02644,0
0.03372,0
0.10079,0
0.07101,0
0.04868,0
0.04328,0
0.04738,0
0.03861,0
0.03702,0
0.03651,0
0.03659,0
0.04176,0
0.00534,0
0.01218,0
0.01424,0
0.01234,0
0.01798,0
0.02037,0
0.02203,0
0.02350,0
0.02239,0
0.02774,0
0.00534,0
0.00655,0
0.00638,0
0.00640,0
0.02516,0
0.03589,0
0.03377,0
0.03206,0
0.03461,0
0.04242,0
0.01461,0
0.01393,0
0.01253,0
0.01015,0
0.01640,0
0.02275,0
0.03310,0
0.02712,0
0.02847,0
0.02974,0
0.00534,0
0.01218,0
0.01172,0
0.00985,0
0.01489,0
0.01160,0
0.01854,0
0.00534,0
0.01218,0
0.01160,0
0.00902,0
0.01448,0
0.02107,0
0.02956,0
0.02509,0
0.02562,0
0.03657,1
0.05072,1
0.06167,1
0.00534,0
0.00655,0
0.00695,0
0.00705,0
0.01275,0
0.01414,0
0.01451,0
0.00534,0
0.01218,0
0.01271,0
0.01011,0
0.01494,0
0.01741,0
0.02021,0
0.02108,0
0.01501,0
0.01501,0
0.01165,0
0.01724,0
0.03418,0
0.05055,0
0.03934,0
0.03715,0
0.04219,0
0.19062,1
0.17757,1
0.16748,1
0.13410,1
0.11442,1
0.10986,1
0.10420,1
0.10053,1
0.10126,1
0.13388,1
0.00534,0
0.00813,0
0.00827,0
0.00739,0
0.01314,0
0.01610,0
0.01917,0
0.02108,0
0.01501,0
0.01218,0
0.01007,0
0.01708,0
0.02369,0
0.04260,0
0.04203,0
0.04096,0
0.05630,0
0.00534,0
0.00655,0
0.00695,0
0.00586,0
0.02262,0
0.02117,0
0.03366,0
0.04207,0
0.03564,0
0.03686,0
0.00534,0
0.00655,0
0.00626,0
0.00590,0
0.01672,0
0.01211,0
0.01829,0
0.15617,0
0.20465,0
0.11441,0
0.07593,0
0.06301,0
0.05551,0
0.05212,0
0.05312,0
0.05559,0
0.03728,0
0.03222,0
0.01891,0
0.02440,0
0.03492,0
0.03239,0
0.03195,0
0.02108,0
0.01769,0
0.01582,0
0.01327,0
0.01770,0
0.02689,0
0.02748,0
0.02611,0
0.03333,0
0.04070,0
0.00534,0
0.05078,0
0.06793,0
0.04468,0
0.03730,0
0.03069,0
0.03434,0
0.03832,0
0.04333,0
0.05265,0
0.00534,0
0.01218,0
0.01271,0
0.01139,0
0.01725,0
0.01750,0
0.02243,0
0.02427,0
0.02326,0
0.02574,0
0.10169,0
0.05868,0
0.03170,0
0.02471,0
0.02573,0
0.02787,0
0.03589,0
0.05883,0
0.02309,0
0.03085,0
0.03991,0
0.04703,0
0.04482,0
0.03894,0
0.03625,0
0.03547,0
0.09674,0
0.06255,0
0.05290,0
0.04819,0
0.04782,0
0.03817,0
0.04099,0
0.00534,0
0.01218,0
0.01144,0
0.00886,0
0.01618,0
0.03063,0
0.03250,0
0.03313,0
0.03384,0
0.03359,0
0.10169,1
0.09346,1
0.08442,1
0.08360,1
0.10861,1
0.11069,1
0.11204,1
0.05364,0
0.02196,0
0.03332,0
0.02352,0
0.01942,0
0.02010,0
0.02422,0
0.01461,0
0.01806,0
0.01630,0
0.03202,0
0.03139,0
0.03339,0
0.04127,0
0.04573,0
0.03363,0
0.03918,0
0.14491,0
0.09578,0
0.06889,0
0.07768,0
0.07092,0
0.05338,0
0.04130,0
0.06076,0
0.07078,0
0.07122,0
0.03091,0
0.05254,0
0.04744,0
0.03621,0
0.03047,0
0.02508,0
0.02596,0
0.02424,0
0.02433,0
0.02744,0
0.08057,0
0.06012,0
0.03395,0
0.04042,0
0.03386,0
0.02976,0
0.02955,0
0.02941,0
0.03048,0
0.03628,0
0.00534,0
0.00655,0
0.00618,0
0.02540,0
0.02868,0
0.02892,0
0.04282,0
0.04306,0
0.03247,0
0.03734,0
0.00534,0
0.00655,0
0.00734,0
0.02623,0
0.03643,0
0.03494,0
0.05199,0
0.04749,0
0.03755,0
0.03946,0
0.01461,0
0.01250,0
0.00999,0
0.00804,0
0.01382,0
0.01389,0
0.01636,0
0.01461,0
0.01250,0
0.00985,0
0.00844,0
0.01584,0
0.02304,0
0.03433,0
0.03473,0
0.03706,0
0.04874,0
0.02108,0
0.02254,0
0.01848,0
0.03161,0
0.03465,0
0.03417,0
0.04397,0
0.04736,0
0.03420,0
0.03705,0
0.02108,0
0.02603,1
0.04228,1
0.06444,1
0.06176,1
0.06815,1
0.07394,1
0.06778,1
0.07555,1
0.03664,0
0.03090,0
0.01918,0
0.03321,0
0.03707,0
0.02702,0
0.02153,0
0.01969,0
0.02239,0
0.02687,0
0.01461,0
0.01806,0
0.01619,0
0.01318,0
0.03173,0
0.04496,0
0.05120,0
0.03258,0
0.03002,0
0.03585,0
0.00534,0
0.01218,0
0.01271,0
0.01139,0
0.03007,0
0.03607,0
0.04064,0
0.03864,0
0.03757,0
0.04198,0
0.00534,0
0.00655,0
0.00655,0
0.00686,0
0.01262,0
0.01586,0
0.01989,0
0.01461,0
0.04269,0
0.03543,0
0.04598,0
0.05113,0
0.04563,0
0.04914,0
0.03091,0
0.03719,0
0.04164,0
0.05729,0
0.04469,0
0.03209,0
0.02948,0
0.02771,0
0.02964,0
0.05793,0
0.02531,0
0.03606,0
0.03508,0
0.02966,0
0.02619,0
0.02859,0
0.00534,0
0.01218,0
0.01270,0
0.00976,0
0.01708,0
0.02359,0
0.02279,0
0.02447,0
0.02678,0
0.00534,0
0.00655,0
0.00655,0
0.00594,0
0.01196,0
0.00885,0
0.01498,0
0.00534,0
0.00655,0
0.00626,0
0.00681,0
0.01456,0
0.03377,1
0.04198,1
0.06722,1
0.07585,1
0.10238,1
0.13596,1
0.16026,1
0.16551,1
0.00534,0
0.00819,0
0.01001,0
0.00903,0
0.01449,0
0.01608,0
0.01868,0
0.01937,0
0.01919,0
0.02448,0
0.03453,0
0.04004,0
0.04222,0
0.03865,0
0.03448,0
0.03397,0
0.03281,0
0.03144,0
0.03245,0
0.03562,0
0.03728,0
0.02666,0
0.01506,0
0.03162,0
0.03578,0
0.02622,0
0.01915,0
0.01925,0
0.01962,0
0.02787,0
0.02108,0
0.01769,0
0.01686,0
0.03924,1
0.03159,1
0.04975,1
0.05854,1
0.06522,1
0.09264,1
0.11242,1
0.00534,0
0.00655,0
0.00695,0
0.00586,0
0.01358,0
0.02476,0
0.03986,0
0.05862,0
0.06044,0
0.06273,0
0.00534,0
0.01218,0
0.01271,0
0.04370,0
0.03965,0
0.03186,0
0.03528,0
0.03846,0
0.04033,0
0.06244,0
0.04983,0
0.03538,0
0.01920,0
0.02449,0
0.03679,0
0.03106,0
0.03190,0
0.03091,0
0.04615,1
0.07246,1
0.06806,1
0.09388,1
0.09064,1
0.08553,1
0.08799,1
0.09266,1
0.00534,0
0.00819,0
0.00874,0
0.00750,0
0.02706,0
0.03636,0
0.03507,0
0.03319,0
0.03559,0
0.04544,0
0.00534,0
0.01218,0
0.01271,0
0.01011,0
0.01305,0
0.01927,0
0.02246,0
0.02452,0
0.02312,0
0.02790,0
0.05664,0
0.02210,0
0.03039,0
0.05158,0
0.05493,0
0.04294,0
0.04160,0
0.03859,0
0.03750,0
0.04491,0
0.00534,0
0.00655,0
0.00626,0
0.00681,0
0.01277,0
0.01377,0
0.01759,0
0.01815,0
0.01888,0
0.02230,0
0.00534,0
0.00655,0
0.00626,0
0.00590,0
0.01672,0
0.01211,0
0.01527,0
0.01461,0
0.01806,0
0.01491,0
0.01142,0
0.02965,0
0.02538,0
0.03312,0
0.03335,0
0.06617,0
0.09860,0
0.05595,0
0.02262,0
0.03412,0
0.02402,0
0.02729,0
0.02610,0
0.02928,0
0.09852,0
0.06855,0
0.07585,0
0.06452,0
0.04986,0
0.04693,0
0.04582,0
0.04542,0
0.05138,0
0.00534,0
0.00655,0
0.00841,0
0.00690,0
0.01360,0
0.03075,0
0.03516,0
0.03372,0
0.03215,0
0.03386,0
0.00534,0
0.01218,0
0.01185,0
0.00910,0
0.01181,0
0.01894,0
0.02118,0
0.02103,0
0.02078,0
0.02382,0
0.02108,0
0.01501,0
0.01254,0
0.01013,0
0.01570,0
0.04136,1
0.05264,1
0.08902,1
0.09043,1
0.13153,1
0.11570,1
0.01461,0
0.01250,0
0.00999,0
0.00804,0
0.01382,0
0.01688,0
0.01971,0
0.10696,0
0.06851,0
0.05347,0
0.04810,0
0.05402,0
0.04278,0
0.04140,0
0.03907,0
0.04745,0
0.05099,0
0.00534,0
0.08678,0
0.06643,0
0.05425,0
0.05935,0
0.06819,0
0.06583,0
0.06539,0
0.07002,0
0.07655,0
0.03091,0
0.04124,0
0.05279,0
0.08727,0
0.07344,0
0.05360,0
0.04381,0
0.03962,0
0.03875,0
0.04083,0
0.01461,0
0.01250,0
0.00985,0
0.00936,0
0.01600,0
0.02264,0
0.02575,0
0.02492,0
0.02387,0
0.02647,0
0.03728,0
0.02542,0
0.01444,0
0.03059,0
0.03459,0
0.02370,0
0.01779,0
0.01818,0
0.02138,0
0.02924,0
0.09852,0
0.08050,0
0.05506,0
0.04183,0
0.04930,0
0.06280,0
0.05935,0
0.05761,0
0.05849,0
0.06180,0
0.00534,0
0.00655,0
0.00626,0
0.00590,0
0.01201,0
0.00873,0
0.01494,0
0.00534,0
0.00655,0
0.06668,0
0.06542,0
0.08559,0
0.08147,0
0.07615,0
0.07141,0
0.07109,0
0.08428,0
0.00534,0
0.01218,0
0.01160,0
0.00902,0
0.01624,0
0.02533,0
0.02519,0
0.02608,0
0.02648,0
0.00534,0
0.00655,0
0.00618,0
0.00583,0
0.01190,0
0.01504,0
0.01522,0
0.00534,0
0.00655,0
0.00741,0
0.01982,0
0.02059,0
0.02481,0
0.02672,0
0.03665,0
0.06920,0
0.09832,0
0.05364,0
0.02196,0
0.03332,0
0.02352,0
0.02510,0
0.02656,0
0.02989,0
0.00534,0
0.00655,0
0.00841,0
0.02989,0
0.02607,0
0.03097,0
0.02942,0
0.03934,0
0.07136,0
0.09783,0
0.00534,0
0.00655,0
0.00618,0
0.00674,0
0.01255,0
0.02099,0
0.02108,0
0.02279,0
0.02479,0
0.03728,0
0.03222,0
0.01834,0
0.02581,0
0.04010,0
0.06907,0
0.07304,0
0.06642,0
0.07761,0
0.00534,0
0.00655,0
0.00741,0
0.00643,0
0.01242,0
0.00909,0
0.01523,0
0.00534,0
0.00655,0
0.00695,0
0.00705,0
0.01275,0
0.01414,0
0.01738,0
0.03453,0
0.05017,0
0.04839,0
0.03932,0
0.03779,0
0.03545,0
0.02929,0
0.02816,0
0.02764,0
0.03168,0
0.03453,0
0.05648,0
0.04933,0
0.03867,0
0.03134,0
0.02495,0
0.02618,0
0.02449,0
0.02476,0
0.02685,0
0.33749,0
0.26865,0
0.21436,0
0.17660,0
0.15596,0
0.14463,0
0.14008,0
0.13396,0
0.14023,0
0.00534,0
0.00655,0
0.00841,0
0.02641,0
0.02692,0
0.02946,0
0.03845,0
0.04261,0
0.03372,0
0.03715,0
0.00534,0
0.01218,0
0.01172,0
0.00884,0
0.01428,0
0.01065,0
0.01334,0
0.01461,0
0.01250,0
0.01095,0
0.03743,0
0.02984,0
0.02749,0
0.03050,0
0.03254,0
0.03457,0
0.04712,0
0.00534,0
0.00655,0
0.00695,0
0.03323,0
0.02325,0
0.02417,0
0.02810,0
0.02979,0
0.03135,0
0.04274,0
0.00534,0
0.00655,0
0.00626,0
0.00590,0
0.01171,0
0.02975,0
0.03006,0
0.02944,0
0.03007,0
0.03130,0
0.05364,0
0.02356,0
0.03237,0
0.04505,0
0.04728,0
0.03945,0
0.03457,0
0.03199,0
0.03262,0
0.09852,0
0.08450,0
0.05288,0
0.04222,0
0.03081,0
0.03030,0
0.03129,0
0.03313,0
0.04055,0
0.10696,0
0.07598,0
0.04418,0
0.03363,0
0.02480,0
0.02488,0
0.02642,0
0.02815,0
0.03538,0
0.00534,0
0.01218,0
0.04051,0
0.05229,0
0.06485,0
0.07115,0
0.12527,0
0.00534,0
0.00655,0
0.00695,0
0.00586,0
0.02769,0
0.04158,0
0.04623,0
0.03046,0
0.03232,0
0.03779,0
0.01461,0
0.01393,0
0.01245,0
0.00977,0
0.01602,0
0.02267,0
0.02420,0
0.02530,0
0.02589,0
0.02748,0
0.03453,0
0.05648,0
0.04933,0
0.03730,0
0.03265,0
0.02714,0
0.02773,0
0.02590,0
0.02640,0
0.03044,0
0.00534,0
0.00655,0
0.00638,0
0.03593,1
0.03213,1
0.02280,1
0.02347,1
0.03406,1
0.04454,1
0.05848,1
0.09882,1
0.03728,0
0.09118,1
0.08754,1
0.07449,1
0.07403,1
0.10839,1
0.11425,1
0.10649,1
0.10522,1
0.03728,0
0.02900,0
0.01621,0
0.02340,0
0.02416,0
0.02148,0
0.02405,0
0.00534,0
0.00655,0
0.00695,0
0.00586,0
0.01187,0
0.01599,0
0.01633,0
0.03728,0
0.02818,0
0.01479,0
0.03002,0
0.02893,0
0.02153,0
0.01808,0
0.01727,0
0.01843,0
0.02725,0
0.03510,0
0.02915,0
0.01642,0
0.02649,0
0.04001,0
0.06917,0
0.06655,0
0.06288,0
0.06974,0
0.00534,0
0.00655,0
0.00618,0
0.02540,0
0.03571,0
0.03410,0
0.04520,0
0.04582,0
0.03347,0
0.03590,0
0.05364,0
0.02356,0
0.03237,0
0.03803,0
0.04293,0
0.03708,0
0.03518,0
0.03333,0
0.03415,0
0.01461,0
0.01403,0
0.01174,0
0.00991,0
0.02018,0
0.01534,0
0.02115,0
0.12007,0
0.06910,0
0.04940,0
0.04462,0
0.05789,0
0.04646,0
0.04915,0
0.00534,0
0.00655,0
0.05260,0
0.03186,0
0.03377,0
0.03537,0
0.03136,0
0.03175,0
0.03162,0
0.04164,0
0.00534,0
0.00655,0
0.00841,0
0.06666,0
0.05645,0
0.04507,0
0.04680,0
0.05142,0
0.05235,0
0.08741,0
0.00534,0
0.00655,0
0.00695,0
0.00586,0
0.01292,0
0.02145,0
0.03453,0
0.02910,0
0.02816,0
0.03120,0
0.00534,0
0.00655,0
0.00841,0
0.00806,0
0.01469,0
0.02302,0
0.03603,0
0.03633,0
0.03789,0
0.04112,0
0.04983,1
0.04266,1
0.02531,1
0.02830,1
0.02815,1
0.02796,1
0.01461,0
0.01250,0
0.04069,0
0.04451,0
0.02716,0
0.02406,0
0.02670,0
0.03093,0
0.03599,0
0.05514,0
0.05664,0
0.02351,0
0.03137,0
0.04378,0
0.06998,0
0.06787,0
0.07159,0
0.06721,0
0.06580,0
0.06672,0
0.02497,0
0.03396,0
0.04320,0
0.04495,0
0.03831,0
0.03829,0
0.03534,0
0.03464,0
0.03727,0
0.00534,0
0.00655,0
0.00841,0
0.00690,0
0.01427,0
0.02383,0
0.02448,0
0.02403,0
0.02505,0
0.02912,0
0.06551,0
0.05619,0
0.03268,0
0.03414,0
0.02882,0
0.02553,0
0.02843,0
0.02963,0
0.03332,0
0.03885,0
0.00534,0
0.00655,0
0.00618,0
0.00583,0
0.01164,0
0.02313,0
0.04232,0
0.03237,0
0.03347,0
0.03897,0
0.00534,0
0.00819,0
0.00905,0
0.00815,0
0.01158,0
0.01910,0
0.02141,0
0.02120,0
0.01950,0
0.02563,0
0.05364,0
0.02196,0
0.03051,0
0.04217,0
0.06450,0
0.05327,0
0.04270,0
0.04015,0
0.03950,0
0.04730,0
0.02108,0
0.02254,0
0.05702,0
0.06379,0
0.05497,0
0.04298,0
0.04536,0
0.04842,0
0.05212,0
0.06383,0
0.04983,0
0.03485,0
0.02014,0
0.03531,0
0.03860,0
0.02716,0
0.02582,0
0.02389,0
0.02618,0
0.03368,0
0.01461,0
0.01250,0
0.00999,0
0.00804,0
0.01331,0
0.01489,0
0.01821,0
0.02081,0
0.01965,0
0.02233,0
0.00534,0
0.00655,0
0.00626,0
0.00590,0
0.01181,0
0.01315,0
0.01422,0
0.01703,0
0.01868,0
0.02219,0
0.03728,0
0.02927,0
0.01782,0
0.02329,0
0.02493,0
0.02884,0
0.03008,0
0.05793,0
0.12058,0
0.13301,0
0.13953,0
0.13593,0
0.15954,0
0.13878,0
0.10991,0
0.11118,0
0.10874,0
0.00534,0
0.00655,0
0.00618,0
0.00583,0
0.02581,0
0.03410,0
0.03456,0
0.03431,0
0.03644,0
0.04703,0
0.03728,0
0.02818,0
0.01519,0
0.02193,0
0.02101,0
0.01901,0
0.02230,0
0.00534,0
0.00655,0
0.00638,0
0.00640,0
0.01217,0
0.01364,0
0.01873,0
0.02047,0
0.01993,0
0.02509,0
0.01461,0
0.01393,0
0.04289,0
0.03422,0
0.03508,0
0.02868,0
0.03437,0
0.00534,0
0.05884,0
0.04159,0
0.04511,0
0.03324,0
0.03318,0
0.03709,0
0.03987,0
0.04631,0
0.06178,0
0.01461,0
0.01250,0
0.00999,0
0.00897,0
0.01417,0
0.01763,0
0.01869,0
0.02018,0
0.01947,0
0.02241,0
0.03091,1
0.04047,1
0.04803,1
0.07101,1
0.07188,1
0.06803,1
0.06800,1
0.06252,1
0.06574,1
0.00534,0
0.00819,0
0.00980,0
0.00902,0
0.02842,0
0.02545,0
0.03182,0
0.03343,0
0.06896,0
0.09899,0
0.00534,0
0.00655,0
0.00695,0
0.00586,0
0.01187,0
0.00868,0
0.01708,0
0.03091,0
0.04124,0
0.04191,0
0.07804,0
0.07301,0
0.05174,0
0.04409,0
0.04178,0
0.04037,0
0.04318,0
0.02108,0
0.01501,0
0.01256,0
0.00978,0
0.01706,0
0.02787,0
0.02832,0
0.03013,0
0.02907,0
0.03094,0
0.00534,0
0.01218,0
0.01272,0
0.03960,0
0.03554,0
0.02544,0
0.02858,0
0.03307,0
0.03465,0
0.05489,0
0.05793,0
0.02221,0
0.03566,0
0.03901,0
0.03526,0
0.02969,0
0.02387,0
0.02391,0
0.02507,0
0.02977,0
0.00534,0
0.00655,0
0.00734,0
0.00638,0
0.01244,0
0.01364,0
0.01366,0
0.05793,0
0.02221,0
0.03166,0
0.04712,0
0.05211,0
0.04460,0
0.03917,0
0.03636,0
0.03655,0
0.00534,0
0.00655,0
0.00626,0
0.00590,0
0.01364,0
0.01991,0
0.02870,0
0.02743,0
0.02818,0
0.02938,0
0.00534,0
0.00655,0
0.00695,0
0.00586,0
0.01292,0
0.02145,0
0.03453,0
0.02967,0
0.02946,0
0.03132,0
0.05595,0
0.02403,0
0.03481,0
0.03781,0
0.03202,0
0.02833,0
0.02983,0
0.02108,0
0.02254,0
0.02009,0
0.01678,0
0.04266,1
0.01461,0
0.01250,0
0.00973,0
0.00929,0
0.01462,0
0.01551,0
0.01825,0
0.03091,0
0.04047,0
0.04058,0
0.03154,0
0.02388,0
0.02444,0
0.02647,0
0.00534,0
0.01218,0
0.01271,0
0.01011,0
0.01645,0
0.02241,0
0.03827,0
0.04739,0
0.04623,0
0.00534,0
0.00655,0
0.00655,0
0.00594,0
0.01177,0
0.01292,0
0.01721,0
0.01796,0
0.01839,0
0.02173,0
0.09852,0
0.08050,0
0.05316,0
0.04546,0
0.04859,0
0.03869,0
0.03685,0
0.03531,0
0.03691,0
0.04185,0
0.09852,0
0.06972,0
0.07362,0
0.04388,0
0.03844,0
0.03172,0
0.03125,0
0.03145,0
0.03328,0
0.03882,0
0.00534,0
0.00819,0
0.04722,0
0.04954,0
0.03192,0
0.03148,0
0.03283,0
0.03626,0
0.04075,0
0.05743,0
0.00534,0
0.00819,0
0.01002,0
0.00814,0
0.01366,0
0.02231,0
0.02213,0
0.02381,0
0.02622,0
0.00534,0
0.00813,0
0.00840,0
0.04071,0
0.03146,0
0.03185,0
0.03452,0
0.04079,0
0.03950,0
0.04806,0
0.00534,0
0.00655,0
0.00638,0
0.00549,0
0.01272,0
0.01877,0
0.03484,0
0.03863,0
0.03764,0
0.01461,0
0.01250,0
0.00985,0
0.00936,0
0.01600,0
0.02698,0
0.03847,0
0.05209,0
0.05713,0
0.05671,0
0.05664,0
0.02210,0
0.03273,0
0.02312,0
0.01893,0
0.01965,0
0.02271,0
0.03453,0
0.05648,0
0.04563,0
0.03523,0
0.03118,0
0.02628,0
0.02392,0
0.02428,0
0.02591,0
0.02908,0
0.08057,0
0.05830,0
0.03596,0
0.03620,0
0.02899,0
0.02990,0
0.02999,0
0.03074,0
0.03308,0
0.03868,0
0.00534,0
0.01218,0
0.01160,0
0.01017,0
0.01742,0
0.03528,0
0.03353,0
0.03174,0
0.03184,0
0.03291,0
0.00534,0
0.00655,0
0.00655,0
0.00594,0
0.01196,0
0.00855,0
0.01461,0
0.05793,0
0.02531,0
0.03417,0
0.04606,0
0.06395,0
0.05043,0
0.04043,0
0.03604,0
0.03485,0
0.04305,0
0.11913,1
0.06576,1
0.06508,1
0.06474,1
0.06409,1
0.05374,1
0.04628,1
0.05889,1
0.00534,0
0.00655,0
0.00741,0
0.00643,0
0.01242,0
0.00881,0
0.01191,0
0.10169,0
0.04753,0
0.02922,0
0.03174,0
0.03202,0
0.03585,0
0.04291,0
0.00534,0
0.00655,0
0.00638,0
0.00549,0
0.01272,0
0.01986,0
0.02170,0
0.02295,0
0.02349,0
0.02569,0
0.02108,0
0.01501,0
0.04635,0
0.04997,0
0.03173,0
0.02805,0
0.02961,0
0.03348,0
0.03833,0
0.05718,0
0.03728,0
0.02565,0
0.01491,0
0.02236,0
0.03763,0
0.03571,0
0.03520,0
0.00534,0
0.00655,0
0.00638,0
0.02603,0
0.04577,0
0.05708,0
0.05948,0
0.07444,0
0.07837,0
0.01461,0
0.01806,0
0.01784,0
0.01383,0
0.01914,0
0.02742,0
0.02976,0
0.03039,0
0.03708,0
0.04701,0
0.03453,0
0.04392,0
0.04417,0
0.02884,0
0.02878,0
0.02912,0
0.03277,0
0.03091,0
0.05254,0
0.04744,0
0.03478,0
0.02856,0
0.02291,0
0.02509,0
0.02346,0
0.02432,0
0.02655,0
0.00534,0
0.00819,0
0.00916,0
0.00763,0
0.01112,0
0.01847,0
0.02103,0
0.02112,0
0.01927,0
0.02539,0
0.00534,0
0.01218,0
0.05137,0
0.03351,0
0.02983,0
0.03253,0
0.03017,0
0.03375,0
0.03245,0
0.04224,0
0.03728,0
0.02666,0
0.01440,0
0.02659,0
0.03958,0
0.05331,0
0.05348,0
0.04754,0
0.05656,0
0.04983,0
0.04266,0
0.02531,0
0.02830,0
0.03752,0
0.03372,0
0.03351,0
0.00534,0
0.01218,0
0.07396,0
0.09049,0
0.07764,0
0.06601,0
0.06387,0
0.06532,0
0.06951,0
0.09142,0
0.01461,0
0.01250,0
0.04314,0
0.05206,0
0.06523,0
0.07474,0
0.12750,0
0.05574,0
0.02456,0
0.03432,0
0.02541,0
0.02704,0
0.02622,0
0.02820,0
0.10169,0
0.04252,0
0.02748,0
0.02482,0
0.02697,0
0.03177,0
0.03905,0
0.00534,0
0.00813,0
0.00880,0
0.00743,0
0.02704,0
0.03349,0
0.03749,0
0.06690,0
0.09230,0
0.11006,0
0.00534,0
0.01218,0
0.01160,0
0.00902,0
0.01459,0
0.01770,0
0.01740,0
0.02108,0
0.01501,0
0.08079,0
0.11292,0
0.09272,0
0.07948,0
0.07643,0
0.07575,0
0.07721,0
0.09870,0
0.02108,0
0.01501,0
0.01204,0
0.01090,0
0.01373,0
0.03099,0
0.03922,0
0.03487,0
0.03718,0
0.04339,0
0.05883,1
0.02466,1
0.02683,1
0.03458,1
0.03323,1
0.02793,1
0.02416,1
0.03506,1
0.04500,1
0.01461,0
0.01250,0
0.00999,0
0.00897,0
0.01417,0
0.01763,0
0.01736,0
0.01787,0
0.01789,0
0.02337,0
0.01461,0
0.01250,0
0.00999,0
0.00804,0
0.01481,0
0.02108,0
0.03080,0
0.02691,0
0.02832,0
0.02973,0
0.00534,0
0.00655,0
0.00841,0
0.00806,0
0.01340,0
0.01032,0
0.01704,0
0.05595,1
0.02403,1
0.03299,1
0.03761,1
0.05914,1
0.06664,1
0.06998,1
0.11300,1
0.12461,1
0.11851,1
0.02108,0
0.01769,0
0.01527,0
0.01310,0
0.02925,0
0.02780,0
0.03660,0
0.04631,0
0.07974,0
0.11043,0
0.00534,0
0.00655,0
0.00695,0
0.00705,0
0.01489,0
0.02649,0
0.03421,0
0.02932,0
0.02925,0
0.03054,0
0.06672,0
0.02786,0
0.03739,0
0.03582,0
0.03246,0
0.02818,0
0.03010,0
0.00534,0
0.00655,0
0.00841,0
0.00690,0
0.01360,0
0.02303,0
0.02868,0
0.02899,0
0.02883,0
0.02920,0
0.00534,0
0.00655,0
0.00655,0
0.00594,0
0.02224,1
0.02180,1
0.03040,1
0.08258,1
0.10754,1
0.14105,1
0.01461,0
0.01806,0
0.01630,0
0.01270,0
0.01692,0
0.02864,0
0.04234,1
0.05870,1
0.06199,1
0.04983,0
0.03538,0
0.01969,0
0.02912,0
0.03438,0
0.02885,0
0.02662,0
0.02411,0
0.02859,0
0.03114,0
0.05793,0
0.02221,0
0.03166,0
0.03853,0
0.04300,0
0.03365,0
0.03409,0
0.03317,0
0.03266,0
0.04060,0
0.00534,0
0.00655,0
0.00618,0
0.02029,0
0.02602,0
0.02627,0
0.03897,0
0.03954,0
0.03130,0
0.04027,0
0.00534,0
0.00655,0
0.00638,0
0.00549,0
0.01272,0
0.01986,0
0.02342,0
0.02339,0
0.02731,0
0.02943,0
0.11882,0
0.14811,0
0.07551,0
0.04786,0
0.04146,0
0.03801,0
0.03789,0
0.04063,0
0.04595,0
0.10079,0
0.06353,0
0.06927,0
0.04128,0
0.03463,0
0.02811,0
0.02824,0
0.02876,0
0.03006,0
0.03591,0
0.03728,0
0.02565,0
0.01491,0
0.02236,0
0.03295,0
0.03029,0
0.03010,0
0.00534,0
0.00655,0
0.00638,0
0.00640,0
0.01232,0
0.01270,0
0.01253,0
0.05664,1
0.02210,1
0.04239,1
0.06728,1
0.07702,1
0.07122,1
0.07510,1
0.00534,0
0.00655,0
0.04378,0
0.02622,0
0.02475,0
0.02783,0
0.02632,0
0.02887,0
0.02956,0
0.03831,0
0.13770,0
0.06371,0
0.04828,0
0.03562,0
0.03542,0
0.03204,0
0.03238,0
0.03316,0
0.03734,0
0.05269,0
0.00534,0
0.01218,0
0.01424,0
0.01234,0
0.01893,0
0.02796,0
0.02804,0
0.02806,0
0.03037,0
0.03216,0
0.03453,0
0.05648,0
0.04933,0
0.03730,0
0.03129,0
0.02585,0
0.02664,0
0.02489,0
0.02549,0
0.02896,0
0.00534,0
0.00655,0
0.00741,0
0.00734,0
0.01304,0
0.00945,0
0.01250,0
0.03728,0
0.02542,0
0.01504,0
0.02127,0
0.03735,0
0.03572,0
0.03521,0
0.00534,0
0.00819,0
0.04104,0
0.05262,0
0.06240,0
0.06899,0
0.09538,0
0.00534,0
0.01218,0
0.01160,0
0.01017,0
0.01571,0
0.02655,0
0.04262,0
0.03371,0
0.03527,0
0.04110,0
0.41957,1
0.33654,1
0.26759,1
0.23202,1
0.18726,1
0.18213,1
0.15623,1
0.14178,1
0.13259,1
0.14715,1
0.13982,1
0.13420,1
0.13121,1
0.03728,0
0.02927,0
0.01731,0
0.02274,0
0.03839,0
0.03706,0
0.03590,0
0.00534,0
0.03831,0
0.03662,0
0.04824,0
0.05218,0
0.04671,0
0.05033,0
0.00534,0
0.00655,0
0.00618,0
0.00583,0
0.01302,0
0.01905,0
0.02290,0
0.02202,0
0.02570,0
0.03728,0
0.06640,0
0.04879,0
0.05117,0
0.05338,0
0.04194,0
0.03614,0
0.03462,0
0.03590,0
0.03953,0
0.00534,0
0.00655,0
0.00734,0
0.00729,0
0.01432,0
0.02358,0
0.02362,0
0.02510,0
0.02682,0
0.05595,0
0.02262,0
0.02688,0
0.04540,0
0.04854,0
0.05054,0
0.06505,0
0.06235,0
0.06063,0
0.00534,0
0.01218,0
0.01160,0
0.00902,0
0.01651,0
0.02652,0
0.03739,0
0.05896,0
0.06895,0
0.07650,0
0.03453,1
0.04392,1
0.03065,1
0.02738,1
0.02469,1
0.02557,1
0.02427,1
0.03244,1
0.03113,1
0.01461,0
0.01250,0
0.04251,0
0.04419,0
0.03945,0
0.03095,0
0.03394,0
0.03790,0
0.04437,0
0.05745,0
0.02108,0
0.01501,0
0.01256,0
0.00978,0
0.01628,0
0.02515,0
0.02595,0
0.02676,0
0.02734,0
0.02852,0
0.03091,0
0.03588,0
0.04346,0
0.03573,0
0.03287,0
0.02762,0
0.02556,0
0.02581,0
0.02730,0
0.03087,0
0.05371,1
0.04653,1
0.05573,1
0.04431,1
0.04459,1
0.04265,1
0.04344,1
0.04053,1
0.04835,1
0.03728,0
0.02666,0
0.01440,0
0.03029,0
0.03449,0
0.02528,0
0.01863,0
0.01722,0
0.02032,0
0.02501,0
0.00534,0
0.00655,0
0.00626,0
0.00681,0
0.01265,0
0.01270,0
0.01548,0
0.10696,0
0.06620,0
0.07598,0
0.04450,0
0.04110,0
0.03541,0
0.03485,0
0.03425,0
0.03600,0
0.04217,0
0.41957,1
0.29594,1
0.21951,1
0.17062,1
0.14811,1
0.14281,1
0.13433,1
0.12737,1
0.00534,0
0.01218,0
0.03778,0
0.05116,0
0.06490,0
0.07497,0
0.09916,0
0.00534,0
0.00819,0
0.01135,0
0.00884,0
0.01437,0
0.01165,0
0.01906,0
0.10696,0
0.07386,0
0.05131,0
0.03976,0
0.03994,0
0.03190,0
0.03362,0
0.03232,0
0.04096,0
0.04576,0
0.00534,0
0.00813,0
0.00938,0
0.00795,0
0.02694,0
0.03664,0
0.04212,0
0.04218,0
0.04509,0
0.04836,0
0.03728,0
0.02666,0
0.01506,0
0.02285,0
0.03686,0
0.05175,0
0.04632,0
0.04072,0
0.05000,0
0.01461,0
0.01250,0
0.01012,0
0.00849,0
0.01372,0
0.01511,0
0.01740,0
0.02037,0
0.01963,0
0.02257,0
0.05793,1
0.02221,1
0.03566,1
0.03419,1
0.03405,1
0.02785,1
0.02302,1
0.02538,1
0.03551,1
0.03936,1
0.05272,1
0.01461,0
0.01250,0
0.01099,0
0.03937,0
0.03471,0
0.02522,0
0.02890,0
0.03346,0
0.03582,0
0.05099,0
0.00534,0
0.01218,0
0.01172,0
0.00985,0
0.01489,0
0.01160,0
0.01429,0
0.00534,0
0.00655,0
0.00638,0
0.00640,0
0.01232,0
0.00894,0
0.01495,0
0.00534,0
0.00813,0
0.00827,0
0.00739,0
0.01423,0
0.02012,0
0.02399,0
0.02640,0
0.02864,0
0.03728,0
0.02900,0
0.01496,1
0.02422,1
0.07932,1
0.07653,1
0.07257,1
0.00534,0
0.00655,0
0.00618,0
0.00583,0
0.03161,0
0.04281,0
0.04886,0
0.03157,0
0.02814,0
0.03334,0
0.00534,0
0.07464,0
0.05558,0
0.07871,1
0.08993,1
0.08891,1
0.08954,1
0.09272,1
0.09988,1
0.10681,1
0.03091,0
0.04047,0
0.04624,0
0.03659,0
0.02876,0
0.02864,0
0.03321,0
0.13770,0
0.06163,0
0.05777,0
0.03989,0
0.03457,0
0.03405,0
0.03276,0
0.03586,0
0.04055,0
0.05182,0
0.03091,0
0.03452,0
0.04127,0
0.03545,0
0.03482,0
0.02915,0
0.03056,0
0.02878,0
0.02987,0
0.03188,0
0.03091,0
0.04047,0
0.04624,0
0.03062,0
0.02476,0
0.02563,0
0.02905,0
0.00534,0
0.01218,0
0.01272,0
0.00965,0
0.04667,1
0.05526,1
0.08821,1
0.08268,1
0.09033,1
0.09720,1
0.05574,0
0.05630,1
0.05501,1
0.07306,1
0.07390,1
0.06170,1
0.05258,1
0.05150,1
0.04941,1
0.05578,1
0.03510,0
0.02760,0
0.01600,0
0.02715,0
0.03896,0
0.04933,0
0.07076,0
0.06626,0
0.06673,0
0.06786,0
0.03728,0
0.02927,0
0.01731,0
0.02487,0
0.03208,0
0.02729,0
0.02559,0
0.02355,0
0.02784,0
0.02894,0
0.02108,0
0.01501,0
0.04886,0
0.04047,0
0.04500,0
0.04543,0
0.04846,0
0.00534,0
0.01218,0
0.01185,0
0.01013,0
0.01515,0
0.01546,0
0.01765,0
0.05364,1
0.07380,1
0.10392,1
0.08979,1
0.08880,1
0.07816,1
0.07020,1
0.06435,1
0.07443,1
0.07874,1
0.03728,0
0.02565,0
0.01491,0
0.02236,0
0.02406,0
0.02419,0
0.02759,0
0.03728,0
0.02900,0
0.01669,0
0.03257,0
0.03282,0
0.02279,0
0.01767,0
0.01827,0
0.02185,0
0.02681,0
0.00534,0
0.00655,0
0.00626,0
0.00590,0
0.02272,0
0.02087,0
0.02922,0
0.04305,0
0.07440,0
0.10248,0
0.00534,0
0.00655,0
0.00741,0
0.00643,0
0.01205,0
0.01355,0
0.01616,0
0.01936,0
0.01866,0
0.02389,0
0.02108,0
0.01501,0
0.01204,0
0.00998,0
0.01568,0
0.02087,0
0.02185,0
0.02290,0
0.02173,0
0.02416,0
0.00534,0
0.00819,0
0.00916,0
0.00763,0
0.01513,0
0.03336,0
0.03177,0
0.03058,0
0.02944,0
0.03225,0
0.03664,0
0.03568,0
0.02241,0
0.02632,0
0.02712,0
0.02478,1
0.03065,1
0.11984,0
0.08557,0
0.04850,0
0.06284,0
0.07171,0
0.06564,0
0.06018,0
0.05718,0
0.05982,0
0.06623,0
0.05793,0
0.02531,0
0.03606,0
0.02467,0
0.02048,0
0.02005,0
0.02391,0
0.00534,0
0.04240,0
0.03564,0
0.04240,0
0.03194,0
0.03082,0
0.03571,0
0.03993,0
0.04518,0
0.06104,0
0.00534,0
0.00655,0
0.00841,0
0.00690,0
0.02829,0
0.04203,0
0.04659,0
0.03193,0
0.02952,0
0.03520,0
0.00534,0
0.01218,0
0.01424,0
0.04518,1
0.07272,1
0.06689,1
0.00534,0
0.00655,0
0.00655,0
0.00594,0
0.01196,0
0.00855,0
0.01599,0
0.02108,0
0.02254,0
0.01866,0
0.01437,0
0.01852,0
0.02293,0
0.02583,0
0.01461,0
0.01806,0
0.01491,0
0.01142,0
0.01635,0
0.01276,0
0.01531,0
0.02108,0
0.02254,0
0.01866,0
0.01573,0
0.01947,0
0.02689,0
0.04682,1
0.05586,1
0.06481,1
0.07663,1
0.10946,1
0.14058,1
0.03091,0
0.03588,0
0.04346,0
0.03573,0
0.03140,0
0.02619,0
0.02433,0
0.02347,0
0.02397,0
0.02867,0
0.03664,0
0.03013,0
0.01800,0
0.02311,0
0.03931,0
0.03584,0
0.03537,0
0.00534,0
0.00655,0
0.00741,0
0.00734,0
0.01429,0
0.02377,0
0.03640,0
0.03442,0
0.03638,0
0.05475,0
0.05165,0
0.03332,0
0.03613,0
0.03034,0
0.02726,0
0.02958,0
0.02968,0
0.03256,0
0.03804,0
0.02108,0
0.02254,0
0.01848,0
0.01400,0
0.03565,0
0.04281,0
0.04899,0
0.03165,0
0.03143,0
0.03716,0
0.01461,0
0.01250,0
0.01065,0
0.00973,0
0.01493,0
0.01138,0
0.01473,0
0.02108,0
0.01501,0
0.01204,0
0.00998,0
0.02947,0
0.02577,0
0.03298,0
0.03789,0
0.04565,0
0.06494,0
0.03091,0
0.05254,0
0.04744,0
0.03478,0
0.02991,0
0.02420,0
0.02212,0
0.02260,0
0.02434,0
0.02696,0
0.10696,0
0.07598,0
0.07261,0
0.06080,0
0.04909,0
0.04565,0
0.04320,0
0.04456,0
0.05071,0
0.05574,0
0.02456,0
0.03236,0
0.03755,0
0.04253,0
0.04435,0
0.05751,0
0.05442,0
0.05357,0
0.00534,0
0.01218,0
0.01271,0
0.01011,0
0.01494,0
0.01937,0
0.01930,0
0.06672,1
0.02497,1
0.03396,1
0.04503,1
0.04778,1
0.04144,1
0.03555,1
0.00534,0
0.00655,0
0.00638,0
0.00549,0
0.01167,0
0.00830,0
0.01439,0
0.00534,0
0.02365,1
0.04185,1
0.05341,1
0.06721,1
0.07842,1
0.07193,1
0.12065,1
0.12257,1
0.00534,0
0.03686,1
0.04967,1
0.06460,1
0.06844,1
0.06015,1
0.05410,1
0.06382,1
0.00534,0
0.01218,0
0.01272,0
0.00965,0
0.01508,0
0.02149,0
0.03002,0
0.02661,0
0.02762,0
0.02941,0
0.01461,0
0.01806,0
0.01618,0
0.01233,0
0.01680,0
0.01998,0
0.01928,0
0.03091,0
0.03452,0
0.04127,0
0.03680,0
0.03466,0
0.02814,0
0.03084,0
0.02881,0
0.02993,0
0.03405,0
0.00534,0
0.00655,0
0.04525,0
0.04459,0
0.05163,0
0.04951,0
0.04884,0
0.06051,0
0.07891,0
0.03091,0
0.03588,0
0.03981,0
0.03193,0
0.02889,0
0.02401,0
0.02644,0
0.02513,0
0.02599,0
0.02918,0
0.03728,0
0.02565,0
0.01418,0
0.02332,0
0.03663,0
0.05178,0
0.04721,0
0.04149,0
0.05024,0
0.00534,0
0.00655,0
0.00638,0
0.00549,0
0.00907,0
0.02403,0
0.04220,0
0.03234,0
0.03192,0
0.03963,0
0.06672,0
0.02497,0
0.03396,0
0.04280,0
0.04338,0
0.03502,0
0.03081,0
0.02802,0
0.02835,0
0.03616,0
0.13770,0
0.06163,0
0.05777,0
0.04237,0
0.03555,0
0.03271,0
0.03327,0
0.03399,0
0.03872,0
0.05459,0
0.00534,0
0.01218,0
0.01185,0
0.00910,0
0.01463,0
0.01715,0
0.01953,0
0.00534,0
0.00819,0
0.00905,0
0.00723,0
0.01282,0
0.01632,0
0.01841,0
0.01838,0
0.01791,0
0.02314,0
0.05475,0
0.05410,0
0.03317,0
0.03339,0
0.02833,0
0.02529,0
0.02638,0
0.02723,0
0.02995,0
0.03609,0
0.03664,0
0.03568,0
0.02241,0
0.02632,0
0.02494,0
0.02269,0
0.02691,0
0.02108,0
0.02254,0
0.07026,0
0.04323,0
0.03810,0
0.03849,0
0.03546,0
0.03916,0
0.03701,0
0.04634,0
0.10696,0
0.10354,0
0.07323,0
0.06549,0
0.06213,0
0.04875,0
0.04809,0
0.04472,0
0.04360,0
0.04724,0
0.00534,0
0.00655,0
0.00638,0
0.00549,0
0.01363,0
0.02375,0
0.03112,0
0.02710,0
0.02929,0
0.02968,0
0.03091,0
0.04047,0
0.02889,0
0.02516,0
0.02039,0
0.02228,0
0.02646,0
0.00534,0
0.00655,0
0.00626,0
0.00681,0
0.03157,0
0.02957,0
0.03609,0
0.03760,0
0.07297,0
0.10294,0
0.00534,0
0.00655,0
0.00618,0
0.00583,0
0.01664,0
0.01249,0
0.01866,0
0.00534,0
0.01218,0
0.01160,0
0.01017,0
0.01520,0
0.01231,0
0.01892,0
0.00534,0
0.01218,0
0.01172,0
0.00884,0
0.01147,0
0.01571,0
0.02125,0
0.02336,0
0.02252,0
0.02553,0
0.00534,0
0.00655,0
0.00655,0
0.00686,0
0.01718,0
0.01885,0
0.02769,0
0.03049,0
0.04216,0
0.05934,0
0.08193,1
0.12536,1
0.14170,1
0.10447,1
0.08337,1
0.07610,1
0.07010,1
0.06669,1
0.06771,1
0.07989,1
0.00534,0
0.05884,0
0.04159,0
0.04313,0
0.03289,0
0.02829,0
0.03126,0
0.03475,0
0.04177,0
0.05062,0
0.03664,0
0.02798,0
0.01726,0
0.03209,0
0.03248,0
0.02510,0
0.02475,0
0.02293,0
0.02595,0
0.03040,0
0.03728,1
0.02818,1
0.01479,1
0.05826,1
0.11082,1
0.12086,1
0.10160,1
0.09145,1
0.09892,1
0.10103,1
0.00534,0
0.01218,0
0.01144,0
0.00886,0
0.01449,0
0.01762,0
0.02030,0
0.01461,0
0.01806,0
0.01531,0
0.01168,0
0.01689,0
0.01968,0
0.02041,0
0.02029,0
0.01990,0
0.02523,0
0.00534,0
0.00655,0
0.00655,0
0.00594,0
0.01177,0
0.01498,0
0.01738,0
0.01754,0
0.01752,0
0.02050,0
0.03510,0
0.02915,0
0.01642,0
0.03158,0
0.03184,0
0.02332,0
0.01981,0
0.01999,0
0.02348,0
0.02823,0
0.00534,0
0.00655,0
0.00618,0
0.00583,0
0.00879,0
0.01414,0
0.01809,0
0.01942,0
0.01943,0
0.02489,0
0.11134,0
0.07329,0
0.05370,0
0.04952,0
0.05001,0
0.03914,0
0.04183,0
0.00534,0
0.00655,0
0.00841,0
0.00690,0
0.01427,0
0.02383,0
0.02447,0
0.02419,0
0.02679,0
0.02916,0
0.00534,0
0.01218,0
0.01272,0
0.01072,0
0.02941,0
0.03881,0
0.03692,0
0.03467,0
0.03704,0
0.03973,0
0.14504,0
0.14460,0
0.12047,0
0.06119,0
0.04244,0
0.03672,0
0.03373,0
0.03436,0
0.03728,0
0.04793,0
0.00534,0
0.00655,0
0.00841,0
0.00806,0
0.01340,0
0.01796,0
0.02138,0
0.01461,0
0.01806,0
0.01784,0
0.01499,0
0.02025,0
0.02216,0
0.02284,0
0.04131,1
0.00534,0
0.01218,0
0.01172,0
0.00884,0
0.01428,0
0.01065,0
0.01635,0
0.01461,0
0.01806,0
0.01784,0
0.03302,0
0.03907,0
0.03861,0
0.04503,0
0.04852,0
0.03854,0
0.04084,0
0.00534,0
0.00655,0
0.03760,1
0.05168,1
0.07359,1
0.08349,1
0.10763,1
0.03453,0
0.05182,0
0.03933,0
0.03270,0
0.02632,0
0.02698,0
0.03031,0
0.00534,0
0.00655,0
0.00741,0
0.00643,0
0.01242,0
0.01255,0
0.01240,0
0.00534,0
0.00655,0
0.00741,0
0.00734,0
0.01755,0
0.02134,0
0.02050,0
0.00534,0
0.00819,0
0.00905,0
0.00723,0
0.01282,0
0.01632,0
0.01753,0
0.01945,0
0.01856,0
0.02156,0
0.03728,0
0.02900,0
0.01631,0
0.02250,0
0.02326,0
0.02375,0
0.02726,0
0.00534,0
0.00655,0
0.00638,0
0.00549,0
0.01167,0
0.00830,0
0.01439,0
0.00534,0
0.05884,0
0.03981,0
0.04248,0
0.03270,0
0.02840,0
0.03307,0
0.03806,0
0.04410,0
0.06039,0
0.00534,0
0.00655,0
0.00638,0
0.00640,0
0.02516,0
0.03589,0
0.03148,0
0.06483,0
0.08910,0
0.10067,0
0.00534,0
0.03779,0
0.03705,0
0.04816,0
0.05554,0
0.05003,0
0.05317,0
0.00534,0
0.01218,0
0.01271,0
0.01139,0
0.01754,0
0.02682,0
0.02698,0
0.02903,0
0.02953,0
0.08057,0
0.06012,0
0.03058,0
0.03105,0
0.02690,0
0.02715,0
0.02717,0
0.02683,0
0.02813,0
0.03349,0
0.00534,0
0.01218,0
0.01424,0
0.01234,0
0.01692,0
0.02881,0
0.03683,0
0.03046,0
0.03044,0
0.03096,0
0.00534,0
0.00655,0
0.00655,0
0.00686,0
0.01386,0
0.02185,0
0.02516,0
0.02604,0
0.03015,0
0.03105,0
0.00534,0
0.01218,0
0.01272,0
0.01072,0
0.01823,0
0.03562,0
0.03352,0
0.03228,0
0.03270,0
0.03384,0
0.00534,0
0.00819,0
0.00874,0
0.00842,0
0.01381,0
0.01107,0
0.01640,0
0.00534,0
0.00819,0
0.00905,0
0.00815,0
0.01596,0
0.02352,0
0.02379,0
0.02251,0
0.02335,0
0.02433,0
0.12715,0
0.05980,0
0.04738,0
0.03592,0
0.03572,0
0.03273,0
0.03213,0
0.03380,0
0.03797,0
0.05348,0
0.00534,0
0.00655,0
0.00841,0
0.00806,0
0.01558,0
0.02515,0
0.02640,0
0.02535,0
0.02554,0
0.02694,0
0.00534,0
0.00655,0
0.00626,0
0.00590,0
0.01201,0
0.01441,0
0.01738,0
0.02108,0
0.01501,0
0.01218,0
0.01007,0
0.01711,0
0.02604,0
0.02508,0
0.02653,0
0.02949,0
0.13770,0
0.06163,0
0.05194,0
0.03712,0
0.03524,0
0.03226,0
0.03267,0
0.03425,0
0.03871,0
0.05407,0
0.03091,0
0.07706,1
0.11430,1
0.07771,1
0.06283,1
0.05026,1
0.04765,1
0.04520,1
0.05320,1
0.03091,0
0.03719,0
0.05149,0
0.06306,0
0.06323,0
0.07769,0
0.07348,0
0.06897,0
0.06680,0
0.01461,0
0.01250,0
0.01065,0
0.00973,0
0.01493,0
0.01231,0
0.01840,0
0.00534,0
0.00655,0
0.00841,0
0.00806,0
0.01490,0
0.01562,0
0.01906,0
0.02194,0
0.02118,0
0.02584,0
0.01461,0
0.01403,0
0.01384,0
0.01114,0
0.01740,0
0.02713,0
0.02826,0
0.02708,0
0.02660,0
0.02772,0
0.03453,0
0.05017,0
0.06027,0
0.05356,0
0.04783,0
0.04376,0
0.03775,0
0.03473,0
0.03478,0
0.03761,0
0.03728,0
0.02927,0
0.01731,0
0.02274,0
0.02520,0
0.02906,0
0.03021,0
0.00534,0
0.03915,1
0.03459,1
0.04220,1
0.03841,1
0.04128,1
0.10169,0
0.07149,0
0.04119,0
0.03252,0
0.03233,0
0.03290,0
0.04054,0
0.00534,0
0.00655,0
0.00638,0
0.00549,0
0.01167,0
0.00830,0
0.01580,0
0.00534,0
0.00819,0
0.01135,0
0.00884,0
0.01569,0
0.02504,0
0.02538,0
0.02398,0
0.02506,0
0.02591,0
0.00534,0
0.00655,0
0.00638,0
0.00549,0
0.01167,0
0.00860,0
0.01603,0
0.11882,0
0.14811,0
0.07551,0
0.04786,0
0.04020,0
0.03689,0
0.03555,0
0.03866,0
0.04500,0
0.13770,0
0.05738,0
0.04495,0
0.03304,0
0.03356,0
0.03256,0
0.03202,0
0.03267,0
0.03701,0
0.05262,0
0.05793,0
0.02221,0
0.03566,0
0.03419,0
0.03125,0
0.02613,0
0.02186,0
0.02077,0
0.02160,0
0.02677,0
0.10696,0
0.07386,0
0.04925,0
0.03714,0
0.03773,0
0.02837,0
0.02770,0
0.02817,0
0.02868,0
0.03373,0
0.03453,0
0.04358,0
0.04285,0
0.08998,0
0.07704,0
0.05192,0
0.04301,0
0.03894,0
0.03771,0
0.04069,0
0.00534,0
0.00655,0
0.00638,0
0.00549,0
0.01479,0
0.02171,0
0.03126,0
0.03697,0
0.03385,0
0.03704,0
0.01461,0
0.01806,0
0.01784,0
0.04134,0
0.03018,0
0.02666,0
0.03064,0
0.03822,0
0.03815,0
0.04766,0
0.00534,0
0.00655,0
0.04261,0
0.05220,0
0.03251,0
0.03203,0
0.03311,0
0.03608,0
0.04035,0
0.05893,0
0.00534,0
0.00655,0
0.00695,0
0.00586,0
0.01187,0
0.00938,0
0.01313,0
0.05883,0
0.02466,0
0.03619,0
0.03319,0
0.03313,0
0.02657,0
0.02062,0
0.02009,0
0.02127,0
0.03064,0
0.00534,0
0.00655,0
0.03705,0
0.04112,0
0.03826,0
0.02898,0
0.03223,0
0.03731,0
0.04258,0
0.05475,0
0.01461,0
0.01250,0
0.00973,0
0.00837,0
0.01395,0
0.01021,0
0.01738,0
0.00534,0
0.01218,0
0.01144,0
0.04160,1
0.06331,1
0.05809,1
0.06854,1
0.06231,1
0.04983,0
0.03485,0
0.01943,0
0.03022,0
0.03496,0
0.05042,0
0.04708,0
0.04255,0
0.05001,0
0.00534,0
0.00655,0
0.00695,0
0.04686,1
0.05721,1
0.05789,1
0.06271,1
0.06875,1
0.03453,0
0.04004,0
0.04881,0
0.08170,0
0.10790,0
0.09954,0
0.08957,0
0.08405,0
0.08015,0
0.07871,0
0.00534,0
0.00655,0
0.03957,0
0.04219,0
0.04395,0
0.03591,0
0.03864,0
0.04266,0
0.04744,0
0.06102,0
0.01461,0
0.01250,0
0.01012,0
0.04271,0
0.03888,0
0.02930,0
0.03229,0
0.03441,0
0.03640,0
0.05534,0
0.00534,0
0.00655,0
0.00655,0
0.00594,0
0.01307,0
0.01975,0
0.02964,0
0.02585,0
0.02518,0
0.02818,0
0.02108,0
0.02254,0
0.01848,0
0.01400,0
0.01893,0
0.02043,0
0.02366,0
0.02534,0
0.02411,0
0.02998,0
0.01461,0
0.01250,0
0.01065,0
0.00855,0
0.01409,0
0.01100,0
0.01461,0
0.03510,0
0.02915,0
0.01642,0
0.02628,0
0.03593,0
0.03023,0
0.02759,0
0.02481,0
0.02975,0
0.03071,0
0.00534,0
0.00819,0
0.03878,0
0.04867,0
0.06280,0
0.07235,0
0.09702,0
0.00534,0
0.00655,0
0.00638,0
0.00640,0
0.01353,0
0.02124,0
0.02481,0
0.02555,0
0.02661,0
0.02709,0
0.00534,0
0.01218,0
0.01172,0
0.00884,0
0.01221,0
0.01625,0
0.02195,0
0.02245,0
0.02255,0
0.02808,0
0.00534,0
0.04108,1
0.03531,1
0.04613,1
0.04832,1
0.04185,1
0.04134,1
0.07300,1
0.08002,1
0.00534,0
0.08678,1
0.06736,1
0.05479,1
0.05153,1
0.04070,1
0.05032,1
0.05307,1
0.05774,1
0.06639,1
0.01461,0
0.01806,0
0.01531,0
0.01259,0
0.01966,0
0.02709,0
0.02578,0
0.02470,0
0.02568,0
0.02655,0
0.03728,0
0.02818,0
0.01519,0
0.03136,0
0.03569,0
0.02461,0
0.01954,0
0.01807,0
0.02086,0
0.02563,0
0.03728,0
0.03222,0
0.01891,0
0.02440,0
0.02651,0
0.02367,0
0.02578,0
0.00534,0
0.01218,0
0.06135,0
0.04771,0
0.03959,0
0.04262,0
0.04038,0
0.03962,0
0.04101,0
0.06406,0
0.14504,0
0.15112,0
0.11869,0
0.06035,0
0.04158,0
0.03609,0
0.03331,0
0.03464,0
0.03775,0
0.04815,0
0.00534,0
0.00655,0
0.00638,0
0.00640,0
0.01217,0
0.01572,0
0.01701,0
0.01876,0
0.01838,0
0.02366,0
0.00534,0
0.00655,0
0.00618,0
0.00583,0
0.01302,0
0.02311,0
0.02331,0
0.02425,0
0.02657,0
0.01461,0
0.01250,0
0.01065,0
0.00973,0
0.03205,0
0.02667,0
0.03422,0
0.03397,0
0.04532,0
0.06164,0
0.00534,0
0.01218,0
0.01172,0
0.00985,0
0.01489,0
0.01134,0
0.01828,0
0.00534,0
0.05884,0
0.04159,0
0.04313,0
0.03289,0
0.03111,0
0.03363,0
0.03805,0
0.04423,0
0.05979,0
0.00534,0
0.01218,0
0.01272,0
0.04099,0
0.05660,0
0.06567,0
0.06717,0
0.08183,0
0.08693,0
0.03091,0
0.04124,0
0.05128,0
0.05488,0
0.04953,0
0.04475,0
0.03812,0
0.03831,0
0.03768,0
0.04022,0
0.02108,0
0.01769,0
0.04850,0
0.06003,0
0.07289,0
0.07967,0
0.12819,0
0.03728,0
0.02927,0
0.01782,0
0.02804,0
0.04040,0
0.06115,0
0.06316,0
0.05925,0
0.05946,0
0.05895,0
0.01461,0
0.01806,0
0.01619,0
0.01221,0
0.01867,0
0.02770,0
0.03941,0
0.04091,0
0.04060,0
0.03453,0
0.05182,0
0.05946,0
0.04438,0
0.03449,0
0.03327,0
0.03653,0
0.00534,0
0.00655,0
0.04145,0
0.05507,0
0.06859,0
0.07635,0
0.12902,0
0.01461,0
0.01806,0
0.01520,0
0.01235,0
0.01867,0
0.02565,0
0.02760,0
0.02885,0
0.02943,0
0.03048,0
0.13770,0
0.06371,0
0.04828,0
0.03562,0
0.03542,0
0.03204,0
0.03238,0
0.03287,0
0.03710,0
0.05250,0
0.01461,0
0.01250,0
0.00973,0
0.00837,0
0.01359,0
0.01495,0
0.01732,0
0.02320,0
0.02066,0
0.02640,0
0.15364,0
0.12159,0
0.07366,0
0.06379,0
0.04772,0
0.04203,0
0.03918,0
0.03768,0
0.04014,0
0.04717,0
0.01461,0
0.01250,0
0.05662,1
0.03496,1
0.03484,1
0.03577,1
0.06615,1
0.06513,1
0.07208,1
0.12025,1
0.03728,0
0.02666,0
0.01440,0
0.03029,0
0.02869,0
0.02277,0
0.01922,0
0.01837,0
0.02177,0
0.03002,0
0.10169,0
0.04153,0
0.02554,0
0.02282,0
0.02451,0
0.02640,0
0.03463,0
0.00534,0
0.05884,0
0.04159,0
0.04313,0
0.03289,0
0.03111,0
0.03518,0
0.03861,0
0.04469,0
0.05549,0
0.03091,0
0.04705,0
0.05262,0
0.07194,0
0.08458,0
0.07795,0
0.07049,0
0.06591,0
0.06358,0
0.06474,0
0.03091,0
0.04047,0
0.02896,0
0.02816,0
0.02360,0
0.02548,0
0.02965,0
0.02108,0
0.01501,0
0.05221,0
0.05322,0
0.03396,0
0.03231,0
0.03547,0
0.03858,0
0.04227,0
0.05957,0
0.15576,0
0.15158,0
0.11855,0
0.06132,0
0.04209,0
0.03820,0
0.03486,0
0.03586,0
0.03874,0
0.04893,0
0.05664,0
0.02210,0
0.03262,0
0.03546,0
0.03172,0
0.02684,0
0.02370,0
0.02414,0
0.02458,0
0.02953,0
0.00534,0
0.00819,0
0.05648,0
0.04960,0
0.05721,0
0.05303,0
0.04961,0
0.05554,0
0.07485,0
0.05664,0
0.02351,0
0.03368,0
0.03748,0
0.03127,0
0.02789,0
0.03020,0
0.05883,0
0.02466,0
0.03474,0
0.02427,0
0.02783,0
0.03046,0
0.03280,0
0.03453,0
0.05648,0
0.04933,0
0.03566,0
0.03069,0
0.02490,0
0.02618,0
0.02456,0
0.02524,0
0.02833,0
0.02108,0
0.02254,0
0.07026,0
0.04432,0
0.03787,0
0.03907,0
0.03535,0
0.03761,0
0.03583,0
0.04508,0
0.00534,0
0.00655,0
0.00841,0
0.00690,0
0.01254,0
0.01012,0
0.01693,0
0.00534,0
0.00655,0
0.00626,0
0.00590,0
0.01201,0
0.01512,0
0.01528,0
0.01461,0
0.01806,0
0.01630,0
0.01401,0
0.02012,0
0.02828,0
0.02794,0
0.02946,0
0.02899,0
0.03029,0
0.09852,0
0.08050,0
0.05506,0
0.04183,0
0.04311,0
0.03226,0
0.03213,0
0.03200,0
0.03301,0
0.03761,0
0.00534,0
0.01218,0
0.01424,0
0.01121,0
0.02302,0
0.02471,0
0.03291,0
0.03523,0
0.07096,0
0.10010,0
0.00534,0
0.00655,0
0.00695,0
0.00705,0
0.01275,0
0.00963,0
0.01325,0
0.00534,0
0.00655,0
0.00638,0
0.00549,0
0.01167,0
0.01315,0
0.01615,0
0.02108,0
0.02254,0
0.02168,0
0.01784,0
0.02200,0
0.02417,0
0.02506,0
0.02697,0
0.02575,0
0.02796,0
0.00534,0
0.08168,0
0.05595,0
0.04543,0
0.03650,0
0.04426,0
0.04990,0
0.05558,0
0.06197,0
0.00534,0
0.00655,0
0.03496,0
0.02905,0
0.03315,0
0.02943,0
0.03272,0
0.03436,0
0.03199,0
0.03377,0
0.00534,0
0.00655,0
0.03974,0
0.04824,0
0.06006,0
0.07098,0
0.11951,0
0.11882,0
0.18875,0
0.10440,0
0.07624,0
0.06540,0
0.05933,0
0.05749,0
0.05828,0
0.06203,0
0.00534,0
0.00655,0
0.00695,0
0.00705,0
0.01275,0
0.00963,0
0.01773,0
0.05364,0
0.02356,0
0.03596,0
0.03791,0
0.03387,0
0.02837,0
0.02134,0
0.02348,0
0.02416,0
0.03294,0
0.01461,0
0.01403,0
0.01174,0
0.00991,0
0.01503,0
0.02022,0
0.03539,0
0.03672,0
0.03800,0
0.10696,0
0.06620,0
0.07598,0
0.04877,0
0.04325,0
0.03856,0
0.03978,0
0.04070,0
0.04348,0
0.04862,0
0.02108,0
0.01501,0
0.06577,0
0.05119,0
0.03979,0
0.04037,0
0.03686,0
0.03793,0
0.04063,0
0.05808,0
0.00534,0
0.01218,0
0.01271,0
0.01011,0
0.01494,0
0.01217,0
0.01538,0
0.00534,0
0.01218,0
0.01172,0
0.00985,0
0.01521,0
0.02346,0
0.03740,0
0.03536,0
0.03502,0
0.05065,0
0.00534,0
0.00655,0
0.00841,0
0.00690,0
0.01229,0
0.02575,1
0.04595,1
0.05706,1
0.06254,1
0.08290,1
0.12511,1
0.15326,1
0.10696,0
0.06017,0
0.03978,0
0.03497,0
0.02653,0
0.02709,0
0.02883,0
0.03268,0
0.03898,0
0.11984,0
0.08642,0
0.04913,0
0.04959,0
0.03726,0
0.03367,0
0.03238,0
0.03446,0
0.03835,0
0.04703,0
0.03453,0
0.05017,0
0.04536,0
0.04100,0
0.03572,0
0.03976,0
0.03451,0
0.03203,0
0.03226,0
0.03411,0
0.02108,0
0.01641,0
0.01497,0
0.01306,0
0.01922,0
0.02859,0
0.04107,0
0.04210,0
0.04229,0
0.03728,0
0.02666,0
0.01506,0
0.02672,0
0.03477,0
0.02934,0
0.02703,0
0.02427,0
0.03250,0
0.04078,0
0.00534,0
0.01218,0
0.01185,0
0.00910,0
0.02918,0
0.03828,0
0.03696,0
0.03628,0
0.03617,0
0.04232,0
0.00534,0
0.01218,0
0.01172,0
0.00985,0
0.01489,0
0.01535,0
0.01467,0
0.00534,0
0.01218,0
0.03136,1
0.02810,1
0.03140,1
0.02837,1
0.03397,1
0.03902,1
0.03654,1
0.04148,1
0.01461,0
0.01250,0
0.00985,0
0.00844,0
0.01387,0
0.02253,0
0.02258,0
0.03105,0
0.04292,0
0.00534,0
0.03649,0
0.02974,0
0.04184,0
0.05181,0
0.04492,0
0.04836,0
0.00534,0
0.00655,0
0.05260,0
0.03186,0
0.02772,0
0.03105,0
0.02892,0
0.03311,0
0.03187,0
0.04092,0
0.00534,0
0.00655,0
0.00655,0
0.03811,0
0.02963,0
0.02722,0
0.03097,0
0.03865,0
0.03770,0
0.04430,0
0.05793,0
0.02221,0
0.03468,0
0.03944,0
0.03292,0
0.03107,0
0.03305,0
0.00534,0
0.01218,0
0.01272,0
0.00965,0
0.01525,0
0.01659,0
0.01702,0
0.02064,0
0.01961,0
0.02256,0
0.02108,0
0.01501,0
0.01501,0
0.01165,0
0.01768,0
0.02964,0
0.03077,0
0.02922,0
0.03011,0
0.03039,0
0.10079,0
0.07101,0
0.04668,0
0.03560,0
0.03435,0
0.02817,0
0.02777,0
0.02709,0
0.02924,0
0.03451,0
0.05793,0
0.02531,0
0.02889,0
0.04208,0
0.06240,0
0.08650,0
0.08786,0
0.08104,0
0.07767,0
0.08479,0
0.01461,0
0.01250,0
0.01012,0
0.00849,0
0.02094,0
0.02099,0
0.02926,0
0.03150,0
0.04343,0
0.06100,0
0.00534,0
0.01218,0
0.01271,0
0.01139,0
0.01579,0
0.01694,0
0.02055,0
0.01461,0
0.01250,0
0.01213,0
0.01074,0
0.03000,0
0.02663,0
0.03390,0
0.03502,0
0.04616,0
0.06301,0
0.00534,0
0.01218,0
0.01172,0
0.00985,0
0.01541,0
0.01868,0
0.01927,0
0.01902,0
0.01903,0
0.02214,0
0.03453,0
0.04358,0
0.05472,0
0.06554,0
0.05052,0
0.03571,0
0.03334,0
0.03230,0
0.03255,0
0.10169,0
0.07149,0
0.04532,0
0.03486,0
0.03240,0
0.03314,0
0.04058,0
0.00534,0
0.00655,0
0.00741,0
0.00643,0
0.02567,0
0.03306,0
0.03715,0
0.05184,0
0.05666,0
0.04983,0
0.03485,0
0.02014,0
0.03013,0
0.03472,0
0.05007,0
0.04874,0
0.04352,0
0.05255,0
0.00534,0
0.00655,0
0.00618,0
0.02000,0
0.02085,0
0.02399,0
0.02530,0
0.03187,0
0.04242,0
0.04925,0
0.05793,0
0.02221,0
0.03166,0
0.04387,0
0.06749,0
0.04859,0
0.03844,0
0.03529,0
0.03524,0
0.04389,0
0.10079,1
0.07373,1
0.04269,1
0.03411,1
0.02732,1
0.02766,1
0.02920,1
0.03087,1
0.04611,1
0.03453,0
0.05648,0
0.04933,0
0.03730,0
0.03265,0
0.02714,0
0.02852,0
0.02651,0
0.02701,0
0.03105,0
0.10169,0
0.04252,0
0.02627,0
0.02407,0
0.02640,0
0.02940,0
0.03825,0
0.00534,0
0.05884,0
0.03981,0
0.04464,0
0.03433,0
0.03230,0
0.03636,0
0.03936,0
0.04556,0
0.06146,0
0.06355,1
0.07837,1
0.07991,1
0.08486,1
0.09214,1
0.09952,1
0.08867,1
0.13750,1
0.13621,1
0.00534,0
0.00819,0
0.00905,0
0.00723,0
0.01500,0
0.02171,0
0.03069,0
0.02888,0
0.02961,0
0.03105,0
0.03091,0
0.04705,0
0.04411,0
0.04078,0
0.03563,0
0.03135,0
0.02761,0
0.02582,0
0.02659,0
0.02930,0
0.03091,0
0.03588,0
0.03981,0
0.03503,0
0.03111,0
0.02544,0
0.02411,0
0.02343,0
0.02533,0
0.02932,0
0.00534,0
0.00655,0
0.00655,0
0.00594,0
0.01172,0
0.02097,0
0.02110,0
0.02977,0
0.04177,0
0.00534,0
0.01218,0
0.01172,0
0.00985,0
0.01489,0
0.01642,0
0.01983,0
0.03728,0
0.02818,0
0.01479,0
0.02186,0
0.02336,0
0.02319,0
0.02550,0
0.00534,0
0.03649,0
0.02974,0
0.04363,0
0.05030,0
0.04374,0
0.05106,0
0.03091,0
0.05254,0
0.04744,0
0.03621,0
0.03181,0
0.02521,0
0.02319,0
0.02547,0
0.02570,0
0.03015,0
0.00534,0
0.01218,0
0.01424,0
0.01121,0
0.01761,0
0.02178,0
0.02422,0
0.02650,0
0.02864,0
0.14563,0
0.14182,0
0.15149,0
0.13679,0
0.12374,0
0.11914,0
0.12119,0
0.12309,0
0.11563,0
0.12314,0
0.01461,0
0.01403,0
0.01286,0
0.01139,0
0.01647,0
0.02370,0
0.02371,0
0.02420,0
0.02461,0
0.02569,0
0.03091,1
0.04047,1
0.02930,1
0.02124,1
0.03470,1
0.00534,0
0.00813,0
0.01025,0
0.00964,0
0.04013,0
0.04936,0
0.05349,0
0.03552,0
0.03418,0
0.03734,0
0.04983,0
0.03538,0
0.01920,0
0.02738,0
0.04376,0
0.03786,0
0.03624,0
0.03361,0
0.03649,0
0.03941,0
0.03091,0
0.05254,0
0.04428,0
0.03546,0
0.03039,0
0.02458,0
0.02256,0
0.02180,0
0.02244,0
0.02502,0
0.00534,0
0.01218,0
0.01272,0
0.03523,0
0.02824,0
0.02968,0
0.03246,0
0.03871,0
0.03582,0
0.04390,0
0.00534,0
0.00655,0
0.00638,0
0.00549,0
0.00907,0
0.01642,0
0.01838,0
0.01920,0
0.01937,0
0.02250,0
0.01461,0
0.01250,0
0.01012,0
0.00849,0
0.02784,0
0.03494,0
0.03439,0
0.03140,0
0.03433,0
0.03728,0
0.00534,0
0.01218,0
0.01160,0
0.00902,0
0.01624,0
0.02289,0
0.02500,0
0.02439,0
0.02505,0
0.02565,0
0.00534,0
0.00655,0
0.00638,0
0.00640,0
0.01217,0
0.01394,0
0.01720,0
0.01807,0
0.01813,0
0.02338,0
0.03091,0
0.04705,0
0.05867,0
0.05329,0
0.05460,0
0.04926,0
0.04132,0
0.03753,0
0.03685,0
0.04524,0
0.10079,0
0.05877,0
0.06916,0
0.04031,0
0.03818,0
0.02904,0
0.02857,0
0.02977,0
0.03164,0
0.03799,0
0.01461,0
0.05753,0
0.04045,0
0.04499,0
0.03480,0
0.03005,0
0.03476,0
0.04030,0
0.04652,0
0.06236,0
0.03091,0
0.04047,0
0.02930,0
0.02124,0
0.01819,0
0.02014,0
0.02339,0
0.00534,0
0.00655,0
0.00638,0
0.03593,0
0.04535,0
0.06413,0
0.06384,0
0.06045,0
0.06040,0
0.08102,0
0.03728,0
0.03222,0
0.01834,0
0.04146,1
0.05933,1
0.07409,1
0.06931,1
0.07230,1
0.11122,1
0.14223,1
0.14682,1
0.14948,1
0.00534,0
0.00819,0
0.05885,0
0.04461,0
0.04714,0
0.05717,0
0.05992,0
0.06360,0
0.06954,0
0.07835,0
0.03091,0
0.04047,0
0.03239,0
0.02209,0
0.02039,0
0.02156,0
0.02644,0
0.00534,0
0.00655,0
0.00655,0
0.00686,0
0.01386,0
0.01961,0
0.02323,0
0.03238,0
0.04403,0
0.03664,0
0.02784,0
0.01777,0
0.02812,0
0.03616,0
0.03006,0
0.04294,1
0.04345,1
0.10169,0
0.04252,0
0.02748,0
0.02747,0
0.02909,0
0.03371,0
0.04178,0
0.05763,1
0.02341,1
0.03108,1
0.04016,1
0.04692,1
0.05096,1
0.05764,1
0.05426,1
0.05370,1
0.05076,1
0.00534,0
0.00655,0
0.00638,0
0.00640,0
0.01232,0
0.01565,0
0.01573,0
0.00534,0
0.00655,0
0.00626,0
0.02533,0
0.03567,0
0.03380,0
0.04945,0
0.04656,0
0.03481,0
0.03731,0
0.01461,0
0.01806,0
0.01630,0
0.01270,0
0.01846,0
0.02405,0
0.02810,0
0.02957,0
0.03124,0
0.21196,0
0.11690,0
0.08130,0
0.06659,0
0.05982,0
0.04617,0
0.04682,0
0.08057,0
0.05830,0
0.03596,0
0.03620,0
0.02899,0
0.03066,0
0.03042,0
0.03049,0
0.03279,0
0.03835,0
0.00534,0
0.00655,0
0.00626,0
0.02020,0
0.03415,0
0.03299,0
0.04331,0
0.04544,0
0.03125,0
0.03567,0
0.00534,0
0.00655,0
0.00695,0
0.00586,0
0.01358,0
0.02177,0
0.03533,0
0.03530,0
0.03623,0
0.00534,0
0.00655,0
0.00618,0
0.00583,0
0.01664,0
0.01249,0
0.01569,0
0.00534,0
0.01218,0
0.01144,0
0.00886,0
0.01449,0
0.01070,0
0.01646,0
0.00534,0
0.00655,0
0.00655,0
0.00594,0
0.01380,0
0.02111,0
0.03392,0
0.03088,0
0.03351,0
0.01461,0
0.08336,0
0.05671,0
0.04723,0
0.03608,0
0.04412,0
0.05658,0
0.06164,0
0.06888,0
0.05664,0
0.02351,0
0.02665,0
0.04419,0
0.07131,0
0.06360,0
0.05781,0
0.05323,0
0.05166,0
0.00534,0
0.00655,0
0.00638,0
0.00640,0
0.01217,0
0.01572,0
0.01790,0
0.01768,0
0.01773,0
0.02073,0
0.00534,0
0.04969,0
0.06741,0
0.04283,0
0.03612,0
0.02910,0
0.03323,0
0.03565,0
0.04113,0
0.05058,0
0.00534,0
0.00655,0
0.00626,0
0.00590,0
0.01171,0
0.02029,0
0.02107,0
0.02446,0
0.02620,0
0.02823,0
0.00534,0
0.01218,0
0.01271,0
0.02479,0
0.02642,0
0.03176,0
0.03435,0
0.03760,0
0.04954,0
0.06699,0
0.02108,0
0.01501,0
0.01254,0
0.01108,0
0.01760,0
0.02848,0
0.02809,0
0.03006,0
0.03110,0
0.01461,0
0.01250,0
0.00999,0
0.00897,0
0.01940,0
0.01447,0
0.02030,0
0.00534,0
0.01218,0
0.01271,0
0.01139,0
0.01579,0
0.01241,0
0.01992,0
0.03091,0
0.03588,0
0.03981,0
0.03503,0
0.03672,0
0.03016,0
0.03253,0
0.03040,0
0.03144,0
0.03323,0
0.00534,0
0.00813,0
0.00827,0
0.00831,0
0.01381,0
0.01674,0
0.01975,0
0.03091,0
0.03719,0
0.04084,0
0.03835,0
0.03427,0
0.03770,0
0.03336,0
0.03107,0
0.03168,0
0.03570,0
0.03091,0
0.04047,0
0.02889,0
0.02516,0
0.02039,0
0.02185,0
0.02473,0
0.06672,0
0.02497,0
0.03719,0
0.03983,0
0.03643,0
0.03032,0
0.02412,0
0.02408,0
0.02437,0
0.02906,0
0.00534,0
0.00819,0
0.00905,0
0.00723,0
0.01290,0
0.01319,0
0.01289,0
0.00534,0
0.00655,0
0.03729,0
0.03143,0
0.03512,0
0.03954,0
0.05345,0
0.04878,0
0.05032,0
0.05678,0
0.00534,0
0.00655,0
0.04261,0
0.04524,0
0.02731,0
0.02785,0
0.02904,0
0.03217,0
0.03793,0
0.05762,0
0.00534,0
0.00655,0
0.00626,0
0.00590,0
0.01364,0
0.01767,0
0.03301,0
0.03117,0
0.03415,0
0.03728,0
0.02927,0
0.01782,0
0.02804,0
0.03551,0
0.05181,0
0.04735,0
0.04239,0
0.05020,0
0.00534,0
0.00655,0
0.00626,0
0.02644,0
0.02179,0
0.02589,0
0.02783,0
0.03935,0
0.05833,0
0.00534,0
0.06367,0
0.05069,0
0.05808,0
0.06285,0
0.05394,0
0.05558,0
0.00534,0
0.00655,0
0.00618,0
0.00583,0
0.02635,0
0.03325,0
0.04232,0
0.02588,0
0.02690,0
0.03302,0
0.00534,0
0.04240,0
0.03564,0
0.04240,0
0.03194,0
0.03082,0
0.03571,0
0.03911,0
0.04454,0
0.06040,0
0.10169,0
0.06644,0
0.03550,0
0.02831,0
0.02738,0
0.02807,0
0.03551,0
0.11984,0
0.08642,0
0.04824,0
0.04199,0
0.03231,0
0.02927,0
0.02834,0
0.02852,0
0.03209,0
0.04199,0
0.00534,0
0.00819,0
0.01135,0
0.00999,0
0.02833,0
0.03704,0
0.03730,0
0.03490,0
0.03700,0
0.04748,0
0.05883,0
0.02466,0
0.02783,0
0.03790,0
0.04426,0
0.04815,0
0.06080,0
0.05976,0
0.05819,0
0.01461,0
0.01393,0
0.01326,0
0.01046,0
0.01595,0
0.01223,0
0.01877,0
0.10696,0
0.10354,0
0.07323,0
0.05785,0
0.05496,0
0.04469,0
0.04196,0
0.03964,0
0.04014,0
0.04460,0
0.03728,0
0.02666,0
0.01440,0
0.03029,0
0.03449,0
0.02378,0
0.01785,0
0.01671,0
0.02002,0
0.02799,0
0.03728,0
0.02818,0
0.01479,0
0.02186,0
0.03593,0
0.03315,0
0.03285,0
0.13756,0
0.14371,0
0.16772,0
0.12005,0
0.09378,0
0.08425,0
0.07670,0
0.07423,0
0.07502,0
0.08151,0
0.00534,0
0.01218,0
0.04494,0
0.04806,0
0.04222,0
0.03348,0
0.03677,0
0.03977,0
0.04397,0
0.05735,0
0.05664,0
0.02210,0
0.02339,0
0.03240,0
0.02892,0
0.02470,0
0.02170,0
0.02099,0
0.02200,0
0.02730,0
0.00534,0
0.00655,0
0.00655,0
0.00686,0
0.01262,0
0.00919,0
0.01655,0
0.00534,0
0.06315,0
0.04887,0
0.04063,0
0.03779,0
0.03059,0
0.03329,0
0.03805,0
0.04427,0
0.05358,0
0.01461,0
0.01806,0
0.01491,0
0.02708,0
0.03099,0
0.03087,0
0.04221,0
0.04273,0
0.03420,0
0.03943,0
0.01461,0
0.04326,0
0.03871,0
0.04985,0
0.05401,0
0.04887,0
0.05654,0
0.00534,0
0.01218,0
0.01185,0
0.04204,0
0.05747,0
0.06626,0
0.06323,0
0.07897,0
0.07959,0
0.01461,0
0.01250,0
0.03859,0
0.02987,0
0.03677,0
0.02935,0
0.03432,0
0.00534,0
0.01218,0
0.06135,0
0.05077,0
0.04135,0
0.04108,0
0.03821,0
0.03778,0
0.04143,0
0.06054,0
0.01461,0
0.01250,0
0.01065,0
0.00855,0
0.02945,0
0.04334,0
0.04895,0
0.03268,0
0.02955,0
0.03092,0
0.00534,0
0.01218,0
0.01271,0
0.04762,0
0.05884,0
0.06672,0
0.06783,0
0.08195,0
0.08158,0
0.00534,0
0.06776,1
0.10178,1
0.12731,1
0.11372,1
0.10924,1
0.11100,1
0.18343,0
0.09533,0
0.06571,0
0.05719,0
0.05091,0
0.03854,0
0.04074,0
0.00534,0
0.05884,0
0.03981,0
0.05012,0
0.03834,0
0.03593,0
0.03797,0
0.04068,0
0.04683,0
0.06272,0
0.00534,0
0.01910,1
0.03915,1
0.04987,1
0.06597,1
0.05864,1
0.07114,1
0.11724,1
0.12426,1
0.00534,0
0.00655,0
0.00741,0
0.02487,0
0.02164,0
0.02531,0
0.02615,0
0.03235,0
0.04009,0
0.05674,0
0.00534,0
0.00655,0
0.00638,0
0.00640,0
0.01232,0
0.00918,0
0.01229,0
0.06672,0
0.02786,0
0.04004,0
0.04206,0
0.03788,0
0.03047,0
0.02437,0
0.02279,0
0.02325,0
0.02803,0
0.04983,0
0.15414,0
0.11742,0
0.09108,0
0.08092,0
0.07454,0
0.07444,0
0.07658,0
0.07475,0
0.07772,0
0.00534,0
0.00655,0
0.00741,0
0.00734,0
0.01429,0
0.02049,0
0.03187,0
0.02614,0
0.02521,0
0.02794,0
0.00534,0
0.00655,0
0.00638,0
0.00549,0
0.01363,0
0.02194,0
0.02168,0
0.02114,0
0.02191,0
0.02424,0
0.00534,0
0.00655,0
0.00841,0
0.04517,0
0.05669,0
0.06590,0
0.06176,0
0.07632,0
0.07731,0
0.12715,1
0.05980,1
0.05193,1
0.03816,1
0.03201,1
0.02990,1
0.02901,1
0.04231,1
0.06830,1
0.00534,0
0.00655,0
0.00638,0
0.05871,1
0.07338,1
0.08267,1
0.08288,1
0.09800,1
0.10637,1
0.00534,0
0.00655,0
0.03496,0
0.05590,0
0.04406,0
0.04375,0
0.04546,0
0.05122,0
0.04950,0
0.05630,0
0.05475,0
0.05410,0
0.02977,0
0.03347,0
0.02788,0
0.02804,0
0.02986,0
0.02952,0
0.03208,0
0.03796,0
0.00534,0
0.01218,0
0.01185,0
0.00910,0
0.01463,0
0.01179,0
0.01419,0
0.00534,0
0.01218,0
0.01271,0
0.01011,0
0.01645,0
0.02982,0
0.03835,0
0.03112,0
0.03882,0
0.04851,0
0.00534,0
0.00655,0
0.00841,0
0.00690,0
0.01254,0
0.01418,0
0.01741,0
0.00534,0
0.01218,0
0.01271,0
0.01139,0
0.01579,0
0.01332,0
0.01913,0
0.00534,0
0.00655,0
0.00841,0
0.00806,0
0.01340,0
0.01796,0
0.01837,0
0.10169,0
0.04252,0
0.02748,0
0.02482,0
0.02697,0
0.03078,0
0.03819,0
0.03453,0
0.05017,0
0.04839,0
0.03932,0
0.03779,0
0.03741,0
0.03267,0
0.03140,0
0.03130,0
0.03339,0
0.01461,0
0.01806,0
0.01619,0
0.01221,0
0.01692,0
0.01987,0
0.01926,0
0.05664,0
0.02210,0
0.03262,0
0.03129,0
0.03356,0
0.02785,0
0.02310,0
0.02211,0
0.02377,0
0.03258,0
0.00534,0
0.00819,0
0.05359,1
0.04375,1
0.07136,1
0.08547,1
0.09405,1
0.08607,1
0.08070,1
0.07617,1
0.01461,0
0.01806,0
0.01784,0
0.01383,0
0.01914,0
0.02673,0
0.03699,0
0.07335,0
0.10134,0
0.11172,0
0.00534,0
0.00813,0
0.03776,0
0.04994,0
0.04131,0
0.03517,0
0.03878,0
0.04293,0
0.04753,0
0.06347,0
0.00534,0
0.00655,0
0.00655,0
0.00594,0
0.01380,0
0.01998,0
0.02762,0
0.02490,0
0.02750,0
0.03017,0
0.00534,0
0.00655,0
0.00638,0
0.00549,0
0.01167,0
0.00969,0
0.01321,0
0.08057,0
0.05830,0
0.03457,0
0.03606,0
0.03085,0
0.02725,0
0.02760,0
0.02862,0
0.02995,0
0.03537,0
0.05793,0
0.02531,0
0.02889,0
0.04489,0
0.07308,0
0.06564,0
0.05857,0
0.05369,0
0.05228,0
0.00534,0
0.01218,0
0.01160,0
0.04022,0
0.05947,0
0.05571,0
0.05418,0
0.06215,0
0.09187,0
0.11181,0
0.03664,0
0.02784,0
0.01826,0
0.02292,0
0.02529,0
0.02558,0
0.02903,0
0.00534,0
0.01218,0
0.01144,0
0.02362,0
0.02324,0
0.02545,0
0.02695,0
0.03780,0
0.07043,0
0.09993,0
0.01461,0
0.01250,0
0.01012,0
0.00941,0
0.01475,0
0.03606,1
0.02108,0
0.01501,0
0.01256,0
0.00978,0
0.01542,0
0.01888,0
0.03538,1
0.05286,1
0.04808,1
0.04847,1
0.05664,0
0.02351,0
0.03137,0
0.04378,0
0.04594,0
0.03916,0
0.03389,0
0.03128,0
0.03121,0
0.40063,0
0.28363,0
0.21878,0
0.17000,0
0.14384,0
0.12836,0
0.11741,0
0.11212,0
0.11063,0
0.12132,0
0.03091,0
0.04705,0
0.05594,0
0.06442,0
0.05210,0
0.03862,0
0.03508,0
0.03318,0
0.03332,0
0.00534,0
0.00655,0
0.00841,0
0.00690,0
0.01254,0
0.01727,0
0.02080,0
0.02108,0
0.02254,0
0.06145,0
0.03994,0
0.03461,0
0.03655,0
0.03324,0
0.03580,0
0.03412,0
0.04124,0
0.00534,0
0.01218,0
0.01424,0
0.03519,0
0.02554,0
0.02767,0
0.03099,0
0.03903,0
0.03835,0
0.04440,0
0.02108,0
0.01641,0
0.04182,0
0.03360,0
0.03712,0
0.03746,0
0.03638,0
0.03738,0
0.03413,0
0.03774,0
0.03091,0
0.04705,0
0.05867,0
0.05413,0
0.04938,0
0.04487,0
0.03939,0
0.03595,0
0.03571,0
0.03818,0
0.00534,0
0.00655,0
0.00734,0
0.00638,0
0.01348,0
0.02707,0
0.03502,0
0.02996,0
0.02901,0
0.03103,0
0.05364,0
0.02356,0
0.02750,0
0.03735,0
0.03888,0
0.03215,0
0.02771,0
0.02638,0
0.02634,0
0.03430,0
0.03453,0
0.04392,0
0.03065,0
0.02213,0
0.02094,0
0.02228,0
0.02523,0
0.00534,0
0.00813,0
0.00880,0
0.00743,0
0.02889,0
0.04218,0
0.04619,0
0.04554,0
0.04781,0
0.06007,0
0.00534,0
0.01218,0
0.01271,0
0.01011,0
0.01645,0
0.02843,0
0.03815,0
0.05777,1
0.06123,1
0.17230,0
0.15452,0
0.14556,0
0.13109,0
0.12704,0
0.14169,0
0.12465,0
0.09502,0
0.09882,0
0.09827,0
0.01461,0
0.01250,0
0.00973,0
0.00837,0
0.01582,0
0.02286,0
0.03556,0
0.03721,0
0.03731,0
0.01461,0
0.01250,0
0.00985,0
0.00936,0
0.01463,0
0.01598,0
0.01788,0
0.02055,0
0.02014,0
0.02316,0
0.00534,0
0.00819,0
0.00888,0
0.00850,0
0.01396,0
0.01048,0
0.01631,0
0.00534,0
0.00655,0
0.00638,0
0.00549,0
0.01134,0
0.01276,0
0.01707,0
0.01778,0
0.01810,0
0.02450,0
0.00534,0
0.00655,0
0.00626,0
0.04116,0
0.04890,0
0.06758,0
0.06570,0
0.06506,0
0.06937,0
0.08673,0
0.04983,0
0.03538,0
0.01920,0
0.02449,0
0.02277,0
0.02348,0
0.02624,0
0.01461,0
0.01250,0
0.00973,0
0.04222,0
0.04662,0
0.06016,0
0.06054,0
0.05964,0
0.06094,0
0.07750,0
0.10079,0
0.06425,0
0.07531,0
0.04035,0
0.03559,0
0.03164,0
0.03148,0
0.03194,0
0.03299,0
0.03941,0
0.00534,0
0.01218,0
0.02341,1
0.02165,1
0.04699,1
0.06608,1
0.07080,1
0.06850,1
0.08870,1
0.11170,1
0.00534,0
0.00819,0
0.00916,0
0.00763,0
0.01984,0
0.03208,0
0.04005,0
0.05610,0
0.06452,0
0.02108,0
0.01501,0
0.01254,0
0.04504,0
0.06755,0
0.06478,0
0.06658,0
0.07010,0
0.08655,0
0.06672,0
0.02786,0
0.03739,0
0.03921,0
0.03436,0
0.03132,0
0.03268,0
0.03453,0
0.05017,0
0.06027,0
0.05356,0
0.04783,0
0.04135,0
0.03751,0
0.03502,0
0.03511,0
0.03812,0
0.01461,0
0.01250,0
0.01213,0
0.03965,1
0.06429,1
0.06144,1
0.06217,1
0.06137,1
0.07571,1
0.13770,0
0.06163,0
0.04749,0
0.03492,0
0.03377,0
0.03115,0
0.03180,0
0.03282,0
0.03755,0
0.04620,0
0.08057,0
0.05724,0
0.03907,0
0.03933,0
0.03294,0
0.03215,0
0.03185,0
0.03148,0
0.03342,0
0.03877,0
0.03453,1
0.05178,1
0.04787,1
0.06888,1
0.10239,1
0.10022,1
0.09616,1
0.00534,0
0.01218,0
0.01272,0
0.00965,0
0.01730,0
0.02381,0
0.02281,0
0.02414,0
0.02597,0
0.00534,0
0.00655,0
0.00626,0
0.00590,0
0.01171,0
0.02067,0
0.02094,0
0.02283,0
0.02632,0
0.03510,0
0.02915,0
0.01642,0
0.03158,0
0.03184,0
0.02332,0
0.01822,0
0.01720,0
0.02109,0
0.02610,0
0.00534,0
0.00655,0
0.00841,0
0.03133,0
0.02606,0
0.03099,0
0.02900,0
0.04160,0
0.06016,0
0.00534,0
0.00655,0
0.00626,0
0.02020,0
0.03415,0
0.03262,0
0.04407,0
0.04162,0
0.03425,0
0.03787,0
0.11014,0
0.06266,0
0.05051,0
0.03817,0
0.03640,0
0.03549,0
0.03574,0
0.03609,0
0.04061,0
0.05608,0
0.05595,0
0.02262,0
0.02540,0
0.02764,0
0.03026,0
0.02796,0
0.02281,0
0.02262,0
0.02384,0
0.02956,0
0.00534,0
0.00655,0
0.00638,0
0.00640,0
0.01353,0
0.02028,0
0.02226,0
0.02355,0
0.02287,0
0.02597,0
0.00534,0
0.00655,0
0.00841,0
0.04659,1
0.05878,1
0.09419,1
0.10529,1
0.10910,1
0.11146,1
0.11244,1
0.00534,0
0.00655,0
0.00655,0
0.00686,0
0.02612,0
0.03663,0
0.03350,0
0.04834,0
0.05608,0
0.05664,0
0.02351,0
0.03518,0
0.03280,0
0.03273,0
0.02611,0
0.02226,0
0.02123,0
0.02167,0
0.03073,0
0.01461,0
0.01250,0
0.05762,0
0.04686,0
0.03755,0
0.03952,0
0.03656,0
0.03764,0
0.04077,0
0.05766,0
0.11913,0
0.06888,0
0.06392,0
0.05884,0
0.05741,0
0.04771,0
0.04083,0
0.03762,0
0.03764,0
0.04539,0
0.18343,0
0.10241,0
0.06946,0
0.05838,0
0.05299,0
0.04061,0
0.04160,0
0.01461,0
0.01393,0
0.01209,0
0.01001,0
0.02969,0
0.04283,0
0.04946,0
0.03130,0
0.03051,0
0.03537,0
0.00534,0
0.00655,0
0.00695,0
0.00586,0
0.01187,0
0.01651,0
0.02019,0
0.00534,0
0.01218,0
0.01172,0
0.00884,0
0.01433,0
0.02098,0
0.02892,0
0.02542,0
0.02623,0
0.02859,0
0.15617,0
0.20465,0
0.11473,0
0.07801,0
0.06494,0
0.05832,0
0.05478,0
0.05565,0
0.05944,0
0.03728,0
0.02900,0
0.01669,0
0.02648,0
0.03172,0
0.02822,0
0.02514,0
0.02268,0
0.02648,0
0.02865,0
0.08057,0
0.06012,0
0.03527,0
0.03536,0
0.02966,0
0.02599,0
0.02627,0
0.02658,0
0.02892,0
0.03472,0
0.05664,0
0.02210,0
0.03262,0
0.03129,0
0.03356,0
0.02679,0
0.02222,0
0.02290,0
0.02355,0
0.03225,0
0.00534,0
0.00655,0
0.00618,0
0.00583,0
0.01165,1
0.01740,1
0.04330,1
0.05228,1
0.06008,1
0.08306,1
0.10563,1
0.10711,1
0.03664,0
0.02784,0
0.01777,0
0.02821,0
0.03021,0
0.03024,0
0.03169,0
0.00534,0
0.00655,0
0.00841,0
0.00690,0
0.01254,0
0.01673,0
0.01991,0
0.12007,0
0.06910,0
0.05595,0
0.04996,0
0.04878,0
0.03942,0
0.04241,0
0.00534,0
0.00655,0
0.01428,1
0.03322,1
0.05490,1
0.05580,1
0.05909,1
0.07219,1
0.08707,1
0.09470,1
0.12392,1
0.00534,0
0.00655,0
0.00618,0
0.00583,0
0.01164,0
0.01480,0
0.01641,0
0.01865,0
0.01813,0
0.02340,0
0.05793,0
0.02221,0
0.03566,0
0.03419,0
0.03331,0
0.02946,0
0.02467,0
0.02306,0
0.02348,0
0.03211,0
0.05793,0
0.02221,0
0.03566,0
0.03419,0
0.03331,0
0.03262,0
0.02748,0
0.02564,0
0.02681,0
0.03158,0
0.05793,0
0.02221,0
0.02712,0
0.03712,0
0.06067,1
0.04616,1
0.04593,1
0.04708,1
0.00534,0
0.00655,0
0.00626,0
0.00590,0
0.01201,0
0.00834,0
0.01155,0
0.09852,0
0.07572,0
0.07890,0
0.04669,0
0.04400,0
0.03681,0
0.03553,0
0.03607,0
0.03660,0
0.04186,0
0.03728,0
0.02818,0
0.01479,0
0.02186,0
0.02336,0
0.02319,0
0.02685,0
0.13940,0
0.08675,0
0.05125,0
0.05244,0
0.03698,0
0.03279,0
0.03101,0
0.03108,0
0.03471,0
0.04401,0
0.08057,0
0.05830,0
0.03596,0
0.03435,0
0.02965,0
0.02617,0
0.02814,0
0.02848,0
0.03006,0
0.03529,0
0.01461,0
0.01806,0
0.01630,0
0.01270,0
0.01845,0
0.03216,0
0.05035,0
0.03755,0
0.03746,0
0.04176,0
0.05793,0
0.02221,0
0.03566,0
0.03419,0
0.03125,0
0.02717,0
0.02264,0
0.02139,0
0.02212,0
0.03095,0
0.04983,1
0.03538,1
0.04788,1
0.05935,1
0.05312,1
0.04195,1
0.04431,1
0.05475,0
0.05410,0
0.03467,0
0.03389,0
0.02855,0
0.02933,0
0.02964,0
0.03016,0
0.04020,0
0.04541,0
0.00534,0
0.01218,0
0.01144,0
0.00886,0
0.01180,0
0.01884,0
0.02204,0
0.02349,0
0.02202,0
0.02685,0
0.00534,0
0.02231,1
0.02411,1
0.02049,1
0.02563,1
0.02672,1
0.02786,1
0.03099,1
0.03121,1
0.03630,1
0.03728,0
0.02542,0
0.01504,0
0.03182,0
0.03585,0
0.02459,0
0.01827,0
0.01717,0
0.02020,0
0.02507,0
0.01461,0
0.01806,0
0.01505,0
0.01154,0
0.01630,0
0.01641,0
0.01845,0
0.10169,0
0.05868,0
0.02942,0
0.02331,0
0.02325,0
0.02543,0
0.03402,0
0.04920,1
0.04698,1
0.06299,1
0.07418,1
0.05686,1
0.04275,1
0.03807,1
0.03575,1
0.03604,1
0.03728,0
0.02565,0
0.01418,0
0.02701,0
0.04152,0
0.03722,0
0.03561,0
0.03272,0
0.04214,0
0.05238,0
0.02108,0
0.01501,0
0.01256,0
0.01074,0
0.01665,0
0.02168,0
0.02161,0
0.02249,0
0.02164,0
0.02735,0
0.05364,0
0.02196,0
0.03051,0
0.03863,0
0.06457,0
0.04683,0
0.03719,0
0.03437,0
0.03365,0
0.04265,0
0.03091,0
0.03588,0
0.04346,0
0.03573,0
0.03140,0
0.02619,0
0.02433,0
0.02347,0
0.02522,0
0.02851,0
0.03728,0
0.03222,0
0.01834,0
0.02940,0
0.03392,0
0.02982,0
0.02713,0
0.02778,0
0.02807,0
0.03128,0
0.10953,0
0.06015,0
0.06176,0
0.06223,0
0.05439,0
0.04677,0
0.04562,0
0.05595,0
0.18474,0
0.15228,0
0.12261,0
0.11898,0
0.12243,0
0.10666,0
0.10230,0
0.10217,0
0.10074,0
0.01461,0
0.01250,0
0.00973,0
0.00929,0
0.01462,0
0.01444,0
0.01694,0
0.00534,0
0.00655,0
0.00695,0
0.00586,0
0.01304,0
0.01568,0
0.01857,0
0.01925,0
0.01893,0
0.02455,0
0.00534,0
0.01218,0
0.01160,0
0.01017,0
0.01520,0
0.01231,0
0.01764,0
0.00534,0
0.01218,0
0.06186,0
0.04547,0
0.03738,0
0.03008,0
0.03825,0
0.04360,0
0.05071,0
0.06110,0
0.03510,0
0.02627,0
0.01598,0
0.03209,0
0.02949,0
0.02533,0
0.02239,0
0.02238,0
0.02528,0
0.02968,0
0.04983,0
0.04266,0
0.02498,0
0.03840,0
0.03588,0
0.02680,0
0.02185,0
0.02418,0
0.02578,0
0.03347,0
0.03453,0
0.04392,0
0.04919,0
0.03678,0
0.02840,0
0.02842,0
0.03009,0
0.06672,0
0.02786,0
0.03739,0
0.02559,0
0.02112,0
0.02055,0
0.02469,0
0.05664,0
0.02210,0
0.03273,0
0.03103,0
0.02060,0
0.01876,0
0.02168,0
0.00534,0
0.00655,0
0.00618,0
0.00583,0
0.01164,0
0.01480,0
0.01641,0
0.01865,0
0.01670,0
0.02017,0
0.02108,0
0.01501,0
0.01501,0
0.01165,0
0.03438,0
0.04319,0
0.04607,0
0.03178,0
0.03028,0
0.03682,0
0.05793,0
0.02531,0
0.03324,0
0.03920,0
0.04353,0
0.03559,0
0.03259,0
0.03045,0
0.02910,0
0.03671,0
0.00534,0
0.00655,0
0.00655,0
0.00686,0
0.05548,1
0.06191,1
0.05955,1
0.07147,1
0.08019,1
0.10106,1
0.09991,1
0.09843,1
0.10052,1
0.02108,0
0.01501,0
0.01256,0
0.01074,0
0.02900,1
0.04794,1
0.05297,1
0.05720,1
0.06224,1
0.07228,1
0.10044,1
0.12022,1
0.00534,0
0.00655,0
0.05058,1
0.05235,1
0.06131,1
0.05525,1
0.05775,1
0.06056,1
0.06812,1
0.10432,1
0.05364,0
0.02356,0
0.03237,0
0.03570,0
0.05575,0
0.03984,0
0.03219,0
0.02993,0
0.03092,0
0.04016,0
0.00534,0
0.00819,0
0.00905,0
0.00815,0
0.01360,0
0.01618,0
0.01987,0
0.00534,0
0.00655,0
0.00734,0
0.00638,0
0.07321,1
0.07227,1
0.07082,1
0.08082,1
0.08877,1
0.08494,1
0.12333,1
0.00534,0
0.01218,0
0.01160,0
0.00902,0
0.01478,0
0.01778,0
0.01947,0
0.02096,0
0.02006,0
0.02502,0
0.05664,1
0.07261,1
0.06091,1
0.05951,1
0.07271,1
0.08544,1
0.08458,1
0.03728,0
0.02818,0
0.01479,0
0.02186,0
0.02249,0
0.02302,0
0.02518,0
0.02108,0
0.07947,0
0.05979,0
0.04861,0
0.04359,0
0.03395,0
0.03798,0
0.04081,0
0.04661,0
0.05623,0
0.00534,0
0.00819,0
0.00905,0
0.00723,0
0.01290,0
0.01956,0
0.02787,0
0.02431,0
0.02585,0
0.02816,0
0.03728,0
0.02818,0
0.01479,0
0.02186,0
0.02249,0
0.02302,0
0.02518,0
0.00534,0
0.01218,0
0.01271,0
0.01139,0
0.01725,0
0.01961,0
0.02066,0
0.02090,0
0.02071,0
0.02658,0
0.00534,0
0.00655,0
0.00841,0
0.00806,0
0.01490,0
0.01562,0
0.01906,0
0.02030,0
0.02026,0
0.02514,0
0.00534,0
0.07984,1
0.08298,1
0.05142,1
0.04638,1
0.07088,1
0.09259,1
0.08752,1
0.08818,1
0.09522,1
0.00534,0
0.00813,0
0.00815,0
0.00732,0
0.03265,1
0.03453,0
0.05017,0
0.06027,0
0.05432,0
0.04955,0
0.05080,0
0.05631,0
0.05352,0
0.05207,0
0.05408,0
0.00534,0
0.06278,0
0.04908,0
0.04389,0
0.03436,0
0.04273,0
0.04808,0
0.05514,0
0.06390,0
0.08057,0
0.05724,0
0.03394,0
0.03687,0
0.03099,0
0.03144,0
0.03117,0
0.03082,0
0.03175,0
0.03677,0
0.00534,0
0.01218,0
0.01160,0
0.00902,0
0.01286,0
0.01995,0
0.02302,0
0.02276,0
0.02227,0
0.02736,0
0.01461,0
0.01250,0
0.01213,0
0.00958,0
0.01617,0
0.02389,0
0.03891,0
0.05423,0
0.06571,0
0.08092,0
0.00534,0
0.00655,0
0.00655,0
0.00686,0
0.01262,0
0.02682,0
0.04403,0
0.03378,0
0.03643,0
0.04125,0
0.03091,0
0.03719,0
0.04292,0
0.03688,0
0.03712,0
0.03461,0
0.02956,0
0.02750,0
0.02829,0
0.03143,0
0.06551,0
0.05222,0
0.03817,0
0.04565,0
0.03512,0
0.03218,0
0.03322,0
0.03376,0
0.03522,0
0.04061,0
0.00534,0
0.00655,0
0.00626,0
0.00681,0
0.01265,0
0.01270,0
0.01653,0
0.01461,0
0.01250,0
0.04476,0
0.05221,0
0.06605,0
0.07399,0
0.09368,0
0.03728,0
0.02666,0
0.01440,0
0.02297,0
0.03043,0
0.02525,0
0.02389,0
0.02326,0
0.02794,0
0.03145,0
0.00534,0
0.01218,0
0.01160,0
0.00902,0
0.01448,0
0.02435,0
0.02395,0
0.02485,0
0.02567,0
0.02724,0
0.01461,0
0.06821,0
0.04472,0
0.05591,0
0.06102,0
0.05183,0
0.05358,0
0.05664,0
0.02210,0
0.03039,0
0.04109,0
0.03979,0
0.03304,0
0.02962,0
0.02700,0
0.02734,0
0.03539,0
0.00534,0
0.00655,0
0.00618,0
0.02061,0
0.02086,0
0.02385,0
0.02553,0
0.03823,0
0.06766,0
0.00534,0
0.03831,0
0.03662,0
0.04824,0
0.05271,0
0.04731,0
0.05066,0
0.00534,0
0.01218,0
0.03778,0
0.05116,0
0.06255,0
0.07247,0
0.09122,0
0.00534,0
0.01218,0
0.01144,0
0.00886,0
0.01180,0
0.01884,0
0.02204,0
0.02177,0
0.02106,0
0.02612,0
0.00534,0
0.00813,0
0.00854,0
0.00837,0
0.01379,0
0.01047,0
0.01640,0
0.00534,0
0.00655,0
0.00638,0
0.02045,0
0.02646,0
0.02698,0
0.04061,0
0.04218,0
0.03083,0
0.03421,0
0.05883,0
0.02309,0
0.03391,0
0.02438,0
0.02595,0
0.02527,0
0.02843,0
0.00534,0
0.00655,0
0.00695,0
0.00586,0
0.01187,0
0.00971,0
0.01307,0
0.00534,0
0.07134,0
0.10779,0
0.13266,0
0.09989,0
0.08080,0
0.07673,0
0.07415,0
0.07745,0
0.08407,0
0.03091,0
0.04047,0
0.02889,0
0.01975,0
0.01654,0
0.01900,0
0.02327,0
0.10696,0
0.07386,0
0.05131,0
0.03976,0
0.06010,1
0.08151,1
0.05778,1
0.06482,1
0.07129,1
0.07167,1
0.07286,1
0.09813,1
0.10522,1
0.00534,0
0.00655,0
0.00618,0
0.00583,0
0.01190,0
0.00836,0
0.01451,0
0.00534,0
0.00655,0
0.00695,0
0.00705,0
0.01489,0
0.03377,0
0.03328,0
0.03225,0
0.03659,0
0.03813,0
0.03728,0
0.02927,0
0.01731,0
0.03350,0
0.03568,0
0.02494,0
0.02388,0
0.02190,0
0.02439,0
0.02888,0
0.03453,0
0.05017,0
0.04536,0
0.04100,0
0.03572,0
0.03253,0
0.02727,0
0.02649,0
0.02694,0
0.03002,0
0.04983,0
0.04266,0
0.02531,0
0.03344,0
0.05005,0
0.04150,0
0.04163,0
0.01461,0
0.01806,0
0.01531,0
0.01168,0
0.01653,0
0.01266,0
0.01803,0
0.03091,0
0.04047,0
0.04624,0
0.03767,0
0.03498,0
0.03390,0
0.03784,0
0.00534,0
0.05349,0
0.03925,0
0.04851,1
0.07605,1
0.07915,1
0.07433,1
0.07062,1
0.07378,1
0.08280,1
0.00534,0
0.01218,0
0.01185,0
0.00910,0
0.01670,0
0.02485,0
0.02368,0
0.02269,0
0.02436,0
0.02562,0
0.05664,0
0.02210,0
0.03039,0
0.04263,0
0.06331,0
0.04384,0
0.03442,0
0.03152,0
0.03169,0
0.04061,0
0.00534,0
0.00655,0
0.00618,0
0.00583,0
0.01903,0
0.02220,0
0.02792,0
0.03552,0
0.03074,0
0.03609,0
0.10169,0
0.04153,0
0.02554,0
0.02282,0
0.02357,0
0.02781,0
0.03681,0
0.00534,0
0.01218,0
0.01271,0
0.01139,0
0.01826,0
0.02800,0
0.04743,0
0.06483,0
0.06858,0
0.06896,0
0.00534,1
0.00655,1
0.00638,1
0.04351,1
0.05325,1
0.07283,1
0.07058,1
0.07438,1
0.07937,1
0.00534,0
0.00655,0
0.00626,0
0.00681,0
0.01390,0
0.02085,0
0.02231,0
0.02346,0
0.02465,0
0.02552,0
0.08057,0
0.06012,0
0.03527,0
0.03536,0
0.02787,0
0.02556,0
0.02753,0
0.02775,0
0.02933,0
0.03516,0
0.00534,0
0.00819,0
0.00905,0
0.00723,0
0.02611,0
0.03304,0
0.03293,0
0.03259,0
0.03954,0
0.04881,0
0.00534,0
0.00655,0
0.05260,0
0.03186,0
0.02772,0
0.03105,0
0.02892,0
0.03311,0
0.03062,0
0.04140,0
0.05364,0
0.02356,0
0.03596,0
0.03791,0
0.03387,0
0.02933,0
0.02405,0
0.02415,0
0.02439,0
0.02911,0
0.03453,1
0.04392,1
0.03046,1
0.04063,1
0.06340,1
0.06806,1
0.06631,1
0.03728,0
0.02818,0
0.01479,0
0.02186,0
0.03483,0
0.03274,0
0.03296,0
0.10953,0
0.06015,0
0.06071,0
0.06569,0
0.07671,0
0.09111,0
0.09316,0
0.08420,0
0.08043,0
0.08609,0
0.03091,0
0.03588,0
0.03981,0
0.03364,0
0.03276,0
0.02775,0
0.02601,0
0.02511,0
0.02679,0
0.02893,0
0.05364,0
0.02196,0
0.03346,0
0.03142,0
0.03188,0
0.02675,0
0.02246,0
0.02134,0
0.02303,0
0.03197,0
0.01461,0
0.01250,0
0.01065,0
0.00973,0
0.01493,0
0.01194,0
0.01848,0
0.00534,0
0.01218,0
0.06135,0
0.04803,0
0.03997,0
0.04020,0
0.03816,0
0.03825,0
0.03962,0
0.05932,0
0.03728,0
0.03222,0
0.01834,0
0.02390,0
0.03896,0
0.03572,0
0.03454,0
0.00534,0
0.00655,0
0.04796,0
0.08583,0
0.07150,0
0.05879,0
0.05850,0
0.06215,0
0.06699,0
0.08888,0
0.00534,0
0.00655,0
0.00841,0
0.00690,0
0.02341,0
0.02180,0
0.03420,0
0.04248,0
0.03377,0
0.03584,0
0.00534,0
0.00655,0
0.00638,0
0.00640,0
0.01217,0
0.01572,0
0.01790,0
0.02210,0
0.02126,0
0.02622,0
0.00534,0
0.00819,0
0.00888,0
0.00757,0
0.01321,0
0.01046,0
0.01303,0
0.00534,0
0.06315,0
0.04786,0
0.03968,0
0.03583,0
0.02913,0
0.03402,0
0.03869,0
0.04483,0
0.05324,0
0.01461,0
0.01250,0
0.00985,0
0.00844,0
0.01403,0
0.01020,0
0.01605,0
0.03091,0
0.04047,0
0.02930,0
0.02830,0
0.02326,0
0.02437,0
0.02848,0
0.15001,0
0.13561,0
0.10868,0
0.10038,0
0.10238,0
0.11231,0
0.10867,0
0.07363,0
0.07036,0
0.07466,0
0.03664,0
0.03263,0
0.02166,0
0.02952,0
0.03571,0
0.02716,0
0.02762,0
0.02584,0
0.02831,0
0.03602,0
0.00534,0
0.00655,0
0.00638,0
0.00549,0
0.01272,0
0.01877,0
0.02272,0
0.02241,0
0.02554,0
0.03728,0
0.02900,0
0.01631,0
0.02250,0
0.03227,0
0.02989,0
0.03144,0
0.10079,0
0.05785,0
0.03800,0
0.03242,0
0.02372,0
0.02454,0
0.02568,0
0.03067,0
0.03776,0
0.00534,0
0.00655,0
0.00618,0
0.00583,0
0.01190,0
0.00836,0
0.01451,0
0.00534,0
0.00819,0
0.00905,0
0.00815,0
0.01360,0
0.01682,0
0.02073,0
0.00534,0
0.00819,0
0.00888,0
0.00757,0
0.01505,0
0.09056,1
0.09715,1
0.12930,1
0.13390,1
0.12667,1
0.03453,0
0.04392,0
0.04417,0
0.03600,0
0.02766,0
0.02767,0
0.03208,0
0.03510,0
0.26786,0
0.22995,0
0.13657,0
0.10473,0
0.10255,0
0.10432,0
0.11377,0
0.12218,0
0.11748,0
0.00534,0
0.00655,0
0.00638,0
0.00549,0
0.01272,0
0.02000,0
0.03095,0
0.02839,0
0.03036,0
0.03266,0
0.00534,0
0.00655,0
0.00655,0
0.00686,0
0.01471,0
0.02090,0
0.03220,0
0.03712,0
0.04137,0
0.05324,0
0.01461,0
0.01250,0
0.00973,0
0.00837,0
0.01884,0
0.01389,0
0.01980,0
0.03728,0
0.02818,0
0.04521,1
0.05289,1
0.06706,1
0.07838,1
0.10437,1
0.10511,1
0.12567,1
0.14179,1
0.16941,1
0.16400,1
0.00534,0
0.00819,0
0.00905,0
0.00815,0
0.01375,0
0.01723,0
0.01903,0
0.02031,0
0.01937,0
0.02442,0
0.00534,0
0.00655,0
0.00741,0
0.00643,0
0.01242,0
0.00881,0
0.01191,0
0.03091,0
0.04705,0
0.04411,0
0.04664,0
0.04038,0
0.03451,0
0.03107,0
0.02903,0
0.02954,0
0.03202,0
0.03091,0
0.04047,0
0.02889,0
0.02516,0
0.02039,0
0.02185,0
0.02473,0
0.10696,0
0.06948,0
0.07436,0
0.04783,0
0.04102,0
0.03361,0
0.03321,0
0.03332,0
0.03425,0
0.04059,0
0.00534,0
0.00655,0
0.04378,0
0.02760,0
0.02473,0
0.02874,0
0.02702,0
0.03171,0
0.03057,0
0.04045,0
0.03664,1
0.03013,1
0.01764,1
0.02330,1
0.03666,1
0.03082,1
0.03422,1
0.03728,0
0.03796,1
0.02997,1
0.03562,1
0.04718,1
0.06078,1
0.06360,1
0.05980,1
0.06418,1
0.07159,1
0.09852,0
0.08450,0
0.05288,0
0.05368,0
0.04189,0
0.03977,0
0.03971,0
0.04222,0
0.04850,0
0.10169,0
0.05868,0
0.02942,0
0.02331,0
0.02325,0
0.02737,0
0.03569,0
0.10169,0
0.06644,0
0.03550,0
0.03396,0
0.03204,0
0.03186,0
0.03890,0
0.05574,1
0.02304,1
0.06524,1
0.08279,1
0.04987,1
0.04744,1
0.05152,1
0.05110,1
0.07360,1
0.08378,1
0.02108,0
0.01501,0
0.01256,0
0.00978,0
0.01480,0
0.01337,0
0.01721,0
0.04983,0
0.03348,0
0.01912,0
0.03380,0
0.03150,0
0.02692,0
0.02264,0
0.02504,0
0.02612,0
0.03056,0
0.03728,0
0.02900,0
0.01631,0
0.02402,0
0.03215,0
0.02596,0
0.02095,0
0.01977,0
0.02311,0
0.03108,0
0.03728,0
0.02927,0
0.01731,0
0.02274,0
0.02227,0
0.02072,0
0.02363,0
0.00534,0
0.00655,0
0.00638,0
0.00549,0
0.01134,0
0.02310,0
0.04247,0
0.03174,0
0.03299,0
0.03847,0
0.00534,0
0.00655,0
0.01232,1
0.01090,1
0.01789,1
0.02061,1
0.03551,1
0.03694,1
0.03930,1
0.00534,0
0.00655,0
0.00655,0
0.02549,0
0.02874,0
0.02910,0
0.04043,0
0.04096,0
0.03084,0
0.03735,0
0.13770,0
0.06163,0
0.05777,0
0.04237,0
0.04078,0
0.03663,0
0.03538,0
0.03658,0
0.04039,0
0.05567,0
0.00534,0
0.00655,0
0.00655,0
0.00594,0
0.01196,0
0.00885,0
0.01199,0
0.03091,0
0.03719,0
0.04164,0
0.05729,0
0.04765,0
0.03550,0
0.03262,0
0.03123,0
0.03168,0
0.00534,0
0.00655,0
0.03368,1
0.04372,1
0.04602,1
0.04829,1
0.06080,1
0.00534,0
0.00655,0
0.00695,0
0.00705,0
0.01275,0
0.01026,0
0.01698,0
0.01461,0
0.01806,0
0.01491,0
0.01142,0
0.01635,0
0.01247,0
0.01488,0
0.03453,0
0.04392,0
0.03384,0
0.02298,0
0.01905,0
0.02032,0
0.02525,0
0.00534,0
0.01218,0
0.01272,0
0.01072,0
0.01746,0
0.02602,0
0.02557,0
0.02808,0
0.02876,0
0.02108,0
0.05075,0
0.03771,0
0.04798,0
0.05237,0
0.04523,0
0.04911,0
0.06672,1
0.12589,1
0.09751,1
0.07738,1
0.06914,1
0.08009,1
0.08465,1
0.00534,0
0.01218,0
0.01424,0
0.01234,0
0.04088,0
0.05205,0
0.05745,0
0.05782,0
0.06773,0
0.08668,0
0.05595,0
0.02403,0
0.03481,0
0.02367,0
0.01850,0
0.01880,0
0.02308,0
0.00534,0
0.00655,0
0.00626,0
0.00590,0
0.01171,0
0.02175,0
0.02293,0
0.02287,0
0.02375,0
0.02536,0
0.02108,0
0.01501,0
0.01256,0
0.00978,0
0.01542,0
0.02073,0
0.02190,0
0.02549,0
0.02404,0
0.02862,0
0.03728,0
0.02542,0
0.02916,1
0.04597,1
0.04880,1
0.04683,1
0.06688,1
0.07417,1
0.10817,1
0.13173,1
0.13658,1
0.13959,1
0.03091,1
0.03719,1
0.05149,1
0.08376,1
0.08084,1
0.09005,1
0.08225,1
0.07597,1
0.00534,0
0.01218,0
0.01272,0
0.01072,0
0.01562,0
0.01688,0
0.01926,0
0.00534,0
0.07514,0
0.05902,0
0.04816,0
0.04242,0
0.03442,0
0.03710,0
0.03956,0
0.04525,0
0.05454,0
0.02108,0
0.01501,0
0.01346,0
0.01067,0
0.01306,0
0.02161,0
0.02406,0
0.02321,0
0.02256,0
0.02753,0
0.00534,0
0.01218,0
0.01160,0
0.01017,0
0.01571,0
0.01876,0
0.01916,0
0.01904,0
0.01931,0
0.02480,0
0.03091,0
0.05254,0
0.03980,0
0.03443,0
0.03055,0
0.02562,0
0.02711,0
0.02683,0
0.02808,0
0.03022,0
0.13770,0
0.06163,0
0.05194,0
0.03712,0
0.03115,0
0.02898,0
0.02891,0
0.03138,0
0.03629,0
0.04520,0
0.01461,0
0.01403,0
0.01189,0
0.00955,0
0.01593,0
0.02363,0
0.02690,0
0.02733,0
0.03423,0
0.04656,0
0.05475,0
0.04803,0
0.03704,0
0.03689,0
0.02900,0
0.03049,0
0.03137,0
0.03180,0
0.03421,0
0.03996,0
0.05793,0
0.02221,0
0.02712,0
0.03828,0
0.04093,0
0.03223,0
0.02942,0
0.02803,0
0.02835,0
0.03689,0
0.00534,0
0.00655,0
0.00638,0
0.00640,0
0.01454,0
0.02244,0
0.02280,0
0.02155,0
0.02225,0
0.02391,0
0.09852,0
0.08050,0
0.05957,0
0.05068,0
0.05270,0
0.04242,0
0.04007,0
0.03903,0
0.04025,0
0.04489,0
0.01461,0
0.01806,0
0.01520,0
0.01235,0
0.01954,0
0.02539,0
0.02410,0
0.02691,0
0.02777,0
0.11913,1
0.06576,1
0.06631,1
0.06356,1
0.10676,1
0.08986,1
0.08165,1
0.00534,0
0.00819,0
0.01135,0
0.00884,0
0.01493,0
0.02426,0
0.02754,0
0.02791,0
0.02810,0
0.02819,0
0.00534,0
0.01218,0
0.01172,0
0.00985,0
0.01669,0
0.02239,0
0.03338,0
0.02822,0
0.03640,0
0.04854,0
0.03091,1
0.04124,1
0.04306,1
0.04317,1
0.04000,1
0.03621,1
0.03193,1
0.02954,1
0.00534,0
0.00655,0
0.00695,0
0.00705,0
0.01401,0
0.02232,0
0.02566,0
0.02504,0
0.02595,0
0.02656,0
0.05595,0
0.02262,0
0.03214,0
0.04506,0
0.04703,0
0.04073,0
0.03665,0
0.03415,0
0.03464,0
0.05364,0
0.02196,0
0.02628,0
0.04514,0
0.04840,0
0.04707,0
0.04457,0
0.04278,0
0.04309,0
0.10169,0
0.04753,0
0.03078,0
0.02744,0
0.02793,0
0.02941,0
0.03848,0
0.03728,0
0.02565,0
0.01491,0
0.02236,0
0.02322,0
0.02722,0
0.02861,0
0.00534,0
0.00655,0
0.00841,0
0.00690,0
0.01427,0
0.02538,0
0.04951,0
0.06685,0
0.07010,0
0.07011,0
0.00534,0
0.06776,1
0.06012,1
0.07815,1
0.06876,1
0.07133,1
0.07508,1
0.08320,1
0.07524,1
0.00534,0
0.01218,0
0.01144,0
0.00996,0
0.02037,0
0.02076,0
0.02244,0
0.03728,0
0.02542,0
0.01504,0
0.02286,0
0.04040,0
0.03624,0
0.03455,0
0.03205,0
0.03576,0
0.03894,0
0.01461,0
0.01806,0
0.01520,0
0.01145,0
0.02160,0
0.01627,0
0.02165,0
0.02108,0
0.01501,0
0.01343,0
0.01159,0
0.01530,0
0.01414,0
0.02230,0
0.08057,0
0.05830,0
0.03457,0
0.04123,0
0.03493,0
0.03087,0
0.03082,0
0.03147,0
0.03271,0
0.03851,0
0.00534,0
0.01218,0
0.01271,0
0.01011,0
0.01494,0
0.01623,0
0.01885,0
0.00534,0
0.00819,0
0.00916,0
0.00856,0
0.01405,0
0.01530,0
0.01879,0
0.03805,1
0.05016,1
0.06660,1
0.10162,1
0.10502,1
0.00534,0
0.06367,0
0.04230,0
0.05170,0
0.05626,0
0.04734,0
0.05003,0
0.01461,0
0.01250,0
0.00999,0
0.00897,0
0.01671,0
0.02416,0
0.02446,0
0.02297,0
0.02368,0
0.02465,0
0.00534,0
0.00819,0
0.00874,0
0.02100,0
0.02186,0
0.02464,0
0.02606,0
0.02907,0
0.04193,0
0.05999,0
0.05883,0
0.02309,0
0.02660,0
0.03488,0
0.05800,0
0.04202,0
0.03344,0
0.03024,0
0.03043,0
0.03905,0
0.03091,0
0.04047,0
0.04624,0
0.03659,0
0.03458,0
0.03404,0
0.03462,0
0.00534,0
0.00655,0
0.00626,0
0.00590,0
0.01181,0
0.02330,0
0.04234,0
0.03065,0
0.03005,0
0.03703,0
0.10079,0
0.06614,0
0.05095,0
0.04062,0
0.04397,0
0.03282,0
0.03120,0
0.03037,0
0.03134,0
0.03671,0
0.00534,0
0.00655,0
0.00841,0
0.00690,0
0.01254,0
0.00937,0
0.01311,0
0.00534,0
0.00655,0
0.03974,0
0.05267,0
0.06630,0
0.07645,0
0.10010,0
0.03453,0
0.03933,0
0.03666,0
0.03226,0
0.03084,0
0.02608,0
0.02864,0
0.02727,0
0.02737,0
0.02952,0
0.00534,0
0.00655,0
0.00618,0
0.00583,0
0.01164,0
0.01480,0
0.01641,0
0.01865,0
0.01813,0
0.02340,0
0.11984,0
0.08557,0
0.04850,0
0.04129,0
0.03325,0
0.03061,0
0.02962,0
0.03143,0
0.03560,0
0.04436,0
0.00534,0
0.05349,0
0.03925,0
0.04158,0
0.03030,0
0.03025,0
0.03471,0
0.03749,0
0.04321,0
0.05910,0
0.03728,0
0.02900,0
0.01583,0
0.02680,0
0.03974,0
0.05381,0
0.04824,0
0.04234,0
0.05088,0
0.01461,0
0.01393,0
0.01245,0
0.04245,1
0.05960,1
0.07381,1
0.06635,1
0.00534,0
0.06315,0
0.04786,0
0.03968,0
0.03569,0
0.02913,0
0.03376,0
0.03871,0
0.04539,0
0.05458,0
0.03091,0
0.04705,0
0.04473,0
0.07699,0
0.06670,0
0.04622,0
0.04018,0
0.03707,0
0.03651,0
0.03880,0
0.31867,0
0.21798,0
0.16570,0
0.14271,0
0.13003,0
0.12295,0
0.12381,0
0.12391,0
0.12372,0
0.14288,0
0.00534,0
0.00655,0
0.00695,0
0.03323,0
0.02325,0
0.02417,0
0.02810,0
0.03216,0
0.03246,0
0.04278,0
0.03728,0
0.06907,0
0.05147,0
0.05518,0
0.05645,0
0.04800,0
0.04409,0
0.03984,0
0.04035,0
0.04184,0
0.00534,0
0.00655,0
0.00638,0
0.00640,0
0.01232,0
0.01033,0
0.01678,0
0.03453,0
0.04004,0
0.04218,0
0.05734,0
0.04747,0
0.03557,0
0.03389,0
0.03304,0
0.03380,0
0.03453,0
0.05648,0
0.04933,0
0.03730,0
0.03129,0
0.02585,0
0.02336,0
0.02238,0
0.02414,0
0.02636,0
0.05364,0
0.02356,0
0.03237,0
0.04216,0
0.06108,0
0.04263,0
0.03529,0
0.03319,0
0.03313,0
0.04162,0
0.00534,0
0.01218,0
0.03778,0
0.04767,0
0.06169,0
0.07234,0
0.09674,0
0.00534,0
0.01218,0
0.01271,0
0.01011,0
0.01697,0
0.02346,0
0.04043,0
0.04053,0
0.04072,0
0.05110,0
0.00534,0
0.01218,0
0.01272,0
0.00965,0
0.01502,0
0.01515,0
0.01736,0
0.00534,0
0.00655,0
0.00695,0
0.00586,0
0.01187,0
0.01651,0
0.01719,0
0.00534,0
0.00655,0
0.03521,1
0.04169,1
0.06513,1
0.06798,1
0.07067,1
0.10512,1
0.12709,1
0.05595,0
0.02403,0
0.03618,0
0.03778,0
0.03482,0
0.02798,0
0.02264,0
0.02145,0
0.02212,0
0.03079,0
0.00534,0
0.04969,0
0.06741,0
0.04092,0
0.03202,0
0.02611,0
0.03072,0
0.03412,0
0.04095,0
0.05056,0
0.03453,0
0.03933,0
0.04480,0
0.03688,0
0.03368,0
0.02838,0
0.02630,0
0.02647,0
0.02729,0
0.03028,0
0.01461,0
0.01393,0
0.01209,0
0.01001,0
0.01512,0
0.01640,0
0.01838,0
0.01964,0
0.01922,0
0.02548,0
0.15576,0
0.15158,0
0.12215,0
0.06597,0
0.05833,0
0.05073,0
0.04643,0
0.04437,0
0.04693,0
0.05482,0
0.05364,0
0.02196,0
0.03151,0
0.04184,0
0.03976,0
0.03448,0
0.03733,0
0.03437,0
0.03406,0
0.04171,0
0.13756,0
0.14808,0
0.16851,0
0.12704,0
0.09910,0
0.08922,0
0.08238,0
0.07960,0
0.07971,0
0.08565,0
0.01461,0
0.01403,0
0.01286,0
0.04410,0
0.03437,0
0.03434,0
0.03710,0
0.04268,0
0.04081,0
0.04896,0
0.03091,0
0.04047,0
0.02930,0
0.02677,0
0.02415,0
0.02521,0
0.02717,0
0.03453,0
0.03933,0
0.04480,0
0.03806,0
0.03208,0
0.02601,0
0.02783,0
0.02622,0
0.02642,0
0.02888,0
0.05364,0
0.02356,0
0.02750,0
0.03783,0
0.04432,0
0.04125,0
0.03761,0
0.03651,0
0.03672,0
0.03091,0
0.04047,0
0.03239,0
0.02743,0
0.02416,0
0.02483,0
0.02722,0
0.03664,0
0.03568,0
0.02276,0
0.03125,0
0.03751,0
0.05238,0
0.04680,0
0.04205,0
0.04656,0
0.00534,0
0.07514,0
0.05902,0
0.04816,0
0.04383,0
0.03571,0
0.03904,0
0.04130,0
0.04748,0
0.05546,0
0.00534,0
0.00655,0
0.00618,0
0.00583,0
0.01190,0
0.00974,0
0.01635,0
0.03728,0
0.02818,0
0.01519,0
0.02193,0
0.03722,0
0.03571,0
0.03515,0
0.03728,0
0.03222,0
0.01834,0
0.02390,0
0.02380,0
0.02510,0
0.02705,0
0.15364,0
0.12159,0
0.07366,0
0.06225,0
0.04607,0
0.04059,0
0.03757,0
0.04768,0
0.04994,0
0.05812,0
0.03091,0
0.04124,0
0.04291,0
0.05962,0
0.04823,0
0.03506,0
0.03197,0
0.03015,0
0.03191,0
0.00534,0
0.00819,0
0.00980,0
0.00902,0
0.01629,0
0.02634,0
0.04096,0
0.05145,0
0.06012,0
0.06094,0
0.00534,0
0.00655,0
0.05720,0
0.03600,0
0.03123,0
0.03325,0
0.03013,0
0.03115,0
0.03231,0
0.04328,0
0.00534,0
0.00655,0
0.00655,0
0.00594,0
0.01172,0
0.02027,0
0.02029,0
0.02475,0
0.02410,0
0.02710,0
0.00534,0
0.00655,0
0.00626,0
0.01975,1
0.02789,1
0.02972,1
0.03134,1
0.03472,1
0.03477,1
0.00534,0
0.00655,0
0.00695,0
0.00705,0
0.01275,0
0.00963,0
0.01325,0
0.01461,0
0.08336,0
0.05671,0
0.04727,0
0.03577,0
0.04142,0
0.04864,0
0.05540,0
0.06265,0
0.03091,0
0.03719,0
0.05113,0
0.05060,0
0.04644,0
0.04089,0
0.03639,0
0.03526,0
0.03527,0
0.03696,0
0.00534,0
0.00655,0
0.00638,0
0.03394,0
0.02461,0
0.02849,0
0.03158,0
0.03333,0
0.03486,0
0.04617,0
0.03453,0
0.05017,0
0.05232,0
0.08833,0
0.09807,0
0.09024,0
0.08114,0
0.07484,0
0.07057,0
0.07014,0
0.00534,0
0.00655,0
0.00841,0
0.03133,0
0.02606,0
0.03045,0
0.02928,0
0.03874,0
0.05373,0
0.07113,0
0.00534,0
0.00655,0
0.00626,0
0.00681,0
0.01265,0
0.01574,0
0.01585,0
0.00534,0
0.03831,1
0.03281,1
0.04221,1
0.06557,1
0.06513,1
0.06768,1
0.00534,0
0.00655,0
0.00626,0
0.00590,0
0.01308,0
0.02048,0
0.03236,0
0.02708,0
0.02771,0
0.02948,0
0.00534,0
0.00655,0
0.00638,0
0.00640,0
0.01217,0
0.01572,0
0.01701,0
0.01876,0
0.01838,0
0.02141,0
0.03091,0
0.04771,0
0.05079,0
0.03891,0
0.03561,0
0.03402,0
0.03533,0
0.01461,0
0.01806,0
0.01531,0
0.01259,0
0.01783,0
0.02065,0
0.02101,0
0.02058,0
0.02040,0
0.02577,0
0.15617,0
0.16441,0
0.07809,0
0.04897,0
0.04477,0
0.04044,0
0.03992,0
0.04206,0
0.04648,0
0.03091,0
0.04047,0
0.02889,0
0.02516,0
0.02609,0
0.02720,0
0.02943,0
0.00534,0
0.00819,0
0.00905,0
0.00723,0
0.01282,0
0.02415,0
0.04378,0
0.03264,0
0.03371,0
0.03936,0
0.03091,1
0.04124,1
0.05128,1
0.05494,1
0.04850,1
0.05220,1
0.04662,1
0.04288,1
0.04201,1
0.00534,0
0.00655,0
0.00626,0
0.00590,0
0.03191,0
0.04292,0
0.04879,0
0.03085,0
0.02957,0
0.03388,0
0.00534,0
0.01218,0
0.01172,0
0.00985,0
0.01489,0
0.01280,0
0.02004,0
0.10169,0
0.07149,0
0.03889,0
0.03118,0
0.02981,0
0.03055,0
0.03872,0
0.03091,0
0.05254,0
0.04744,0
0.03772,0
0.03186,0
0.02553,0
0.02657,0
0.02482,0
0.02544,0
0.02749,0
0.00534,0
0.00655,0
0.04261,0
0.05220,0
0.03211,0
0.03197,0
0.03385,0
0.03699,0
0.04128,0
0.05971,0
0.00534,0
0.00655,0
0.00618,0
0.00674,0
0.01254,0
0.00923,0
0.01538,0
0.03091,0
0.04124,0
0.04306,0
0.04317,0
0.04000,0
0.03665,0
0.03130,0
0.02856,0
0.02891,0
0.03098,0
0.05595,0
0.02403,0
0.03618,0
0.03329,0
0.03212,0
0.02753,0
0.02358,0
0.02239,0
0.02260,0
0.03236,0
0.01461,0
0.01250,0
0.01213,0
0.00958,0
0.01224,0
0.02963,0
0.04718,0
0.03600,0
0.03447,0
0.04022,0
0.05793,1
0.02221,1
0.03468,1
0.02461,1
0.03379,1
0.04491,1
0.05582,1
0.00534,0
0.01218,0
0.01271,0
0.01011,0
0.01494,0
0.01239,0
0.01537,0
0.03091,0
0.03452,0
0.04499,0
0.03761,0
0.03507,0
0.02902,0
0.03113,0
0.03204,0
0.03208,0
0.03394,0
0.03091,0
0.04705,0
0.04411,0
0.04266,0
0.03788,0
0.03570,0
0.03194,0
0.02974,0
0.03011,0
0.03337,0
0.05883,0
0.02309,0
0.03365,0
0.03588,0
0.03048,0
0.02578,0
0.02113,0
0.02010,0
0.02091,0
0.02601,0
0.00534,0
0.08678,0
0.06643,0
0.05868,0
0.05534,0
0.04734,0
0.04903,0
0.05035,0
0.05581,0
0.06414,0
0.00534,0
0.01218,0
0.01424,0
0.01234,0
0.01659,0
0.01312,0
0.01607,0
0.03453,0
0.03760,0
0.04608,0
0.04021,0
0.03571,0
0.02875,0
0.03027,0
0.02835,0
0.02840,0
0.03180,0
0.00534,0
0.00655,0
0.00695,0
0.00586,0
0.01304,0
0.01568,0
0.01780,0
0.01869,0
0.01862,0
0.02452,0
0.10079,0
0.07101,0
0.05300,0
0.04057,0
0.05165,0
0.06461,0
0.06040,0
0.05834,0
0.05686,0
0.06093,0
0.00534,0
0.00655,0
0.00638,0
0.00549,0
0.01272,0
0.01877,0
0.02272,0
0.02492,0
0.02687,0
0.00534,0
0.00655,0
0.00695,0
0.03323,0
0.02325,0
0.02106,0
0.02619,0
0.03432,0
0.03326,0
0.04250,0
0.00534,0
0.01218,0
0.01172,0
0.00884,0
0.01428,0
0.01469,0
0.01692,0
0.13770,0
0.06163,0
0.05194,0
0.03480,0
0.03461,0
0.03192,0
0.03071,0
0.03372,0
0.03848,0
0.04961,0
0.00534,0
0.00819,0
0.04743,0
0.03202,0
0.02866,0
0.03379,0
0.03185,0
0.03326,0
0.03351,0
0.04163,0
0.00534,0
0.00655,0
0.03957,0
0.04235,0
0.03884,0
0.03142,0
0.03427,0
0.03897,0
0.04418,0
0.06049,0
0.10079,0
0.05785,0
0.03800,0
0.03100,0
0.02337,0
0.02429,0
0.02611,0
0.03104,0
0.03725,0
0.03728,0
0.03222,0
0.01891,0
0.02440,0
0.03492,0
0.03239,0
0.03195,0
0.00534,0
0.00813,0
0.00880,0
0.00861,0
0.01568,0
0.01806,0
0.02005,0
0.02022,0
0.02000,0
0.02568,0
0.10169,0
0.04153,0
0.02410,0
0.02182,0
0.02384,0
0.02702,0
0.03515,0
0.04983,1
0.03370,1
0.04584,1
0.05730,1
0.05206,1
0.04556,1
0.04762,1
0.01461,0
0.01250,0
0.04069,0
0.04616,0
0.02856,0
0.02855,0
0.03098,0
0.03434,0
0.03874,0
0.05690,0
0.00534,0
0.00655,0
0.00741,0
0.00643,0
0.01230,0
0.02053,0
0.02063,0
0.02173,0
0.02557,0
0.02900,0
0.03664,0
0.02798,0
0.01726,0
0.02348,0
0.02252,0
0.02351,0
0.02619,0
0.05595,1
0.10443,1
0.11205,1
0.11853,1
0.09509,1
0.07477,1
0.07757,1
0.07940,1
0.07945,1
0.10169,0
0.07149,0
0.04119,0
0.03556,0
0.03349,0
0.03439,0
0.04073,0
0.03728,0
0.06640,0
0.06198,1
0.07407,1
0.06829,1
0.06145,1
0.05378,1
0.04891,1
0.04925,1
0.05413,1
0.05883,0
0.02309,0
0.03391,0
0.02259,0
0.02312,0
0.02624,0
0.02883,0
0.03728,0
0.02818,0
0.01519,0
0.02548,0
0.03720,0
0.05393,0
0.07484,0
0.07092,0
0.07009,0
0.07080,0
0.00534,0
0.00655,0
0.00841,0
0.00806,0
0.02557,0
0.02384,0
0.03194,0
0.04010,0
0.03702,0
0.04155,0
0.03728,0
0.02565,0
0.01418,0
0.02998,0
0.03437,0
0.02269,0
0.01707,0
0.01605,0
0.01937,0
0.02747,0
0.00534,0
0.01218,0
0.01160,0
0.00902,0
0.01459,0
0.01467,0
0.01697,0
0.01461,0
0.01250,0
0.01099,0
0.00898,0
0.01651,0
0.02332,0
0.03591,0
0.03749,0
0.03759,0
0.03664,0
0.02916,0
0.01828,0
0.02753,0
0.03580,0
0.03001,0
0.02759,0
0.02637,0
0.02858,0
0.03113,0
0.00534,0
0.01218,0
0.01185,0
0.01013,0
0.01515,0
0.01157,0
0.01413,0
0.00534,0
0.06367,0
0.04230,0
0.05400,0
0.05775,0
0.04761,0
0.05030,0
0.00534,0
0.01218,0
0.01272,0
0.00965,0
0.01508,0
0.02339,0
0.03567,0
0.03738,0
0.03766,0
0.00534,0
0.01218,0
0.01144,0
0.00886,0
0.01449,0
0.01162,0
0.01407,0
0.00534,0
0.00819,0
0.00905,0
0.00723,0
0.01282,0
0.01429,0
0.01819,0
0.02045,0
0.01972,0
0.02286,0
0.00534,0
0.00655,0
0.00618,0
0.00583,0
0.00879,0
0.01414,0
0.01809,0
0.02118,0
0.02041,0
0.02338,0
0.00534,0
0.01218,0
0.01160,0
0.00902,0
0.01459,0
0.01770,0
0.02140,0
0.02108,0
0.01501,0
0.05420,0
0.03391,0
0.03461,0
0.03569,0
0.03186,0
0.03461,0
0.03313,0
0.04226,0
0.00534,0
0.01218,0
0.01185,0
0.00910,0
0.01479,0
0.01583,0
0.01941,0
0.01986,0
0.01997,0
0.02554,0
0.05364,0
0.02356,0
0.03596,0
0.03791,0
0.03479,0
0.02795,0
0.02416,0
0.02301,0
0.02368,0
0.02871,0
0.03091,0
0.05254,0
0.04428,0
0.03404,0
0.03033,0
0.02549,0
0.02318,0
0.02230,0
0.02413,0
0.02649,0
0.15576,0
0.15158,0
0.11790,0
0.06576,0
0.04715,0
0.04109,0
0.03774,0
0.03787,0
0.04086,0
0.05110,0
0.00534,0
0.00655,0
0.00638,0
0.00549,0
0.01134,0
0.01481,0
0.01507,0
0.01615,0
0.03209,1
0.08086,1
0.11913,1
0.14643,1
0.17424,1
0.00534,0
0.00655,0
0.00626,0
0.00681,0
0.01456,0
0.02002,0
0.02755,0
0.02477,0
0.02589,0
0.02849,0
0.00534,0
0.01218,0
0.01271,0
0.01011,0
0.02961,0
0.02658,0
0.03253,0
0.03369,0
0.04567,0
0.06319,0
0.04983,0
0.04266,0
0.02498,0
0.03375,0
0.03975,0
0.03283,0
0.03071,0
0.02802,0
0.03065,0
0.03336,0
0.05664,0
0.02351,0
0.03368,0
0.02272,0
0.02333,0
0.02449,0
0.02656,0
0.00534,0
0.01218,0
0.01172,0
0.00884,0
0.01591,0
0.02119,0
0.02461,0
0.02628,0
0.02811,0
0.03091,0
0.03588,0
0.04346,0
0.03405,0
0.02930,0
0.02395,0
0.02258,0
0.02197,0
0.02395,0
0.02648,0
0.00534,0
0.01218,0
0.01271,0
0.01011,0
0.01494,0
0.01217,0
0.01858,0
0.10169,0
0.04753,0
0.03746,0
0.03140,0
0.03204,0
0.03352,0
0.04068,0
0.14563,1
0.13330,1
0.10479,1
0.12027,1
0.07529,1
0.06025,1
0.07704,1
0.07375,1
0.07587,1
0.08439,1
0.00534,0
0.00655,0
0.00655,0
0.00686,0
0.01262,0
0.00943,0
0.01253,0
0.00534,0
0.00655,0
0.00618,0
0.00583,0
0.01302,0
0.02848,0
0.04668,0
0.08207,0
0.11249,0
0.12942,0
0.01461,0
0.01250,0
0.00999,0
0.00804,0
0.01941,1
0.02451,1
0.03465,1
0.04092,1
0.04114,1
0.21196,0
0.10890,0
0.07384,0
0.06200,0
0.05712,0
0.04387,0
0.04516,0
0.00534,0
0.00655,0
0.00741,0
0.00734,0
0.01304,0
0.01550,0
0.01933,0
0.00534,0
0.00655,0
0.00734,0
0.00638,0
0.01229,0
0.01888,0
0.02814,0
0.02464,0
0.02537,0
0.02759,0
0.01461,0
0.01250,0
0.01213,0
0.00958,0
0.01224,0
0.01886,0
0.02091,0
0.02370,0
0.02240,0
0.02716,0
0.03453,0
0.05648,0
0.04119,0
0.03316,0
0.03046,0
0.02520,0
0.02711,0
0.02693,0
0.02820,0
0.03112,0
0.01461,0
0.01806,0
0.01630,0
0.01401,0
0.01951,0
0.01967,0
0.02227,0
0.02485,0
0.02339,0
0.02797,0
0.03091,0
0.03588,0
0.04346,0
0.03405,0
0.02930,0
0.02395,0
0.02681,0
0.02522,0
0.02539,0
0.02996,0
0.05883,0
0.02466,0
0.04318,0
0.03160,0
0.03242,0
0.03041,0
0.03281,0
0.01461,0
0.07906,0
0.05159,0
0.06102,0
0.06362,0
0.05317,0
0.05499,0
0.03091,0
0.05254,0
0.04744,0
0.03772,0
0.03186,0
0.02553,0
0.02725,0
0.02667,0
0.02718,0
0.02934,0
0.00534,0
0.00655,0
0.00655,0
0.00686,0
0.01262,0
0.00919,0
0.01655,0
0.00534,0
0.01218,0
0.01424,0
0.01234,0
0.02869,0
0.03032,0
0.03840,0
0.04524,0
0.03853,0
0.04466,0
0.01461,0
0.01250,0
0.00999,0
0.00804,0
0.01382,0
0.01018,0
0.01589,0
0.01461,0
0.01250,0
0.00999,0
0.00804,0
0.01382,0
0.01018,0
0.01589,0
0.01461,0
0.01403,0
0.01201,0
0.01089,0
0.02074,1
0.01743,1
0.01961,1
0.11126,0
0.07576,0
0.05420,0
0.05772,0
0.05938,0
0.04827,0
0.04386,0
0.06262,0
0.07063,0
0.07158,0
0.10696,0
0.06045,0
0.09168,0
0.10580,0
0.10498,0
0.11180,0
0.10191,0
0.09439,0
0.09006,0
0.09069,0
0.00534,0
0.00655,0
0.00741,0
0.00643,0
0.01718,0
0.01321,0
0.01605,0
0.00534,0
0.00655,0
0.00638,0
0.00640,0
0.01454,0
0.01986,0
0.02753,0
0.02338,0
0.02542,0
0.02759,0
0.03453,0
0.05017,0
0.04536,0
0.04100,0
0.03572,0
0.03362,0
0.02794,0
0.02574,0
0.02651,0
0.02909,0
0.00534,0
0.01218,0
0.04030,0
0.03378,0
0.03433,0
0.02819,0
0.03007,0
0.20592,1
0.14722,1
0.12868,1
0.15910,1
0.12341,1
0.10418,1
0.09644,1
0.09912,1
0.10681,1
0.12854,1
0.00534,0
0.08678,0
0.07278,0
0.05826,0
0.05269,0
0.04288,0
0.04549,0
0.04914,0
0.05480,0
0.06305,0
0.00534,0
0.00655,0
0.00626,0
0.00681,0
0.01265,0
0.00899,0
0.01511,0
0.00534,0
0.00655,0
0.00626,0
0.00590,0
0.01364,0
0.02078,0
0.02074,0
0.02953,0
0.04162,0
0.02108,0
0.02254,0
0.01996,0
0.01633,0
0.03494,0
0.04154,0
0.03898,0
0.05404,0
0.06167,0
0.00534,0
0.01218,0
0.01185,0
0.01013,0
0.01761,0
0.02375,0
0.03600,0
0.03609,0
0.03686,0
0.05271,1
0.04638,1
0.05587,1
0.05101,1
0.03744,1
0.03234,1
0.03140,1
0.03736,1
0.04379,1
0.01461,0
0.01250,0
0.05762,0
0.04584,0
0.03564,0
0.03924,0
0.03685,0
0.03622,0
0.03738,0
0.05733,0
0.13770,0
0.06371,0
0.05275,0
0.03776,0
0.03683,0
0.03305,0
0.03214,0
0.03457,0
0.03884,0
0.05395,0
0.03728,0
0.02927,0
0.01782,0
0.02883,0
0.03368,0
0.02978,0
0.02671,0
0.02408,0
0.02724,0
0.02908,0
0.00534,0
0.01218,0
0.01271,0
0.01139,0
0.01579,0
0.01332,0
0.02036,0
0.02108,0
0.07895,0
0.05559,0
0.06394,0
0.06672,0
0.05761,0
0.05959,0
0.00534,0
0.00655,0
0.00626,0
0.00590,0
0.02272,0
0.02087,0
0.02922,0
0.03964,0
0.05758,0
0.07341,0
0.05664,0
0.02351,0
0.03137,0
0.04197,0
0.06018,0
0.04877,0
0.03915,0
0.03512,0
0.03478,0
0.04304,0
0.01461,0
0.01393,0
0.01245,0
0.00977,0
0.02815,0
0.03748,0
0.03473,0
0.05010,0
0.05947,0
0.06672,0
0.18307,0
0.14856,0
0.12017,0
0.11831,0
0.12118,0
0.10822,0
0.10701,0
0.10671,0
0.10476,0
0.13940,0
0.08675,0
0.05151,0
0.05518,0
0.04098,0
0.03984,0
0.03749,0
0.03749,0
0.04015,0
0.04743,0
0.04983,0
0.04266,0
0.02531,0
0.03943,0
0.04075,0
0.02901,0
0.02251,0
0.02092,0
0.02347,0
0.03130,0
0.00534,0
0.00655,0
0.00655,0
0.00686,0
0.01260,0
0.02117,0
0.02127,0
0.02316,0
0.02661,0
0.03453,0
0.05648,0
0.04563,0
0.03653,0
0.03260,0
0.02660,0
0.02772,0
0.02735,0
0.02790,0
0.02964,0
0.00534,0
0.01218,0
0.04030,0
0.03243,0
0.03342,0
0.03898,0
0.03710,0
0.03597,0
0.03731,0
0.11240,1
0.13331,1
0.10120,1
0.09060,1
0.13356,1
0.13293,1
0.13963,1
0.14335,1
0.14040,1
0.13529,1
0.01461,0
0.01250,0
0.00985,0
0.00936,0
0.01470,0
0.01752,0
0.02038,0
0.05595,0
0.02262,0
0.03214,0
0.04228,0
0.04077,0
0.03358,0
0.02956,0
0.02690,0
0.02679,0
0.03476,0
0.01461,0
0.01250,0
0.01095,0
0.00897,0
0.01409,0
0.01718,0
0.01844,0
0.01856,0
0.01840,0
0.02150,0
0.03091,0
0.04705,0
0.04473,0
0.08591,0
0.06953,0
0.04610,0
0.03757,0
0.03408,0
0.03331,0
0.03538,0
0.10696,0
0.08088,0
0.08145,0
0.05197,0
0.04417,0
0.03580,0
0.03491,0
0.03468,0
0.03580,0
0.04109,0
0.00534,0
0.00655,0
0.00618,0
0.00583,0
0.02581,0
0.03410,0
0.03592,0
0.03445,0
0.03733,0
0.04443,0
0.05883,0
0.02309,0
0.03391,0
0.02364,0
0.01941,0
0.02399,0
0.02778,0
0.03664,0
0.02798,0
0.01726,0
0.03209,0
0.03630,0
0.02484,0
0.02057,0
0.01911,0
0.02205,0
0.02997,0
0.00534,0
0.00655,0
0.00841,0
0.00690,0
0.02638,0
0.03306,0
0.03841,0
0.03409,0
0.03637,0
0.03896,0
0.00534,0
0.00655,0
0.00741,0
0.00643,0
0.01718,0
0.01418,0
0.01754,0
0.08057,0
0.05830,0
0.03457,0
0.03606,0
0.03085,0
0.02725,0
0.02760,0
0.02786,0
0.03047,0
0.03638,0
0.00534,0
0.03914,1
0.03367,1
0.04588,1
0.04597,1
0.07543,1
0.08373,1
0.11266,1
0.11035,1
0.00534,0
0.00655,0
0.00841,0
0.00690,0
0.01427,0
0.02250,0
0.02272,0
0.03110,0
0.04292,0
0.00534,0
0.00819,0
0.00905,0
0.00815,0
0.01465,0
0.02107,0
0.03085,0
0.02722,0
0.03272,0
0.04525,0
0.02108,0
0.02254,0
0.01907,0
0.01545,0
0.01917,0
0.02724,0
0.03600,0
0.03138,0
0.03886,0
0.05088,0
0.00534,0
0.00655,0
0.00695,0
0.00705,0
0.01295,0
0.02247,0
0.04094,1
0.05167,1
0.08082,1
0.08131,1
0.08284,1
0.08541,1
0.11351,1
0.03453,0
0.04392,0
0.03046,0
0.02767,0
0.02225,0
0.02322,0
0.02582,0
0.00534,0
0.00819,0
0.00874,0
0.00750,0
0.01310,0
0.01415,0
0.01812,0
0.00534,0
0.00655,0
0.05260,0
0.03186,0
0.02772,0
0.03049,0
0.02799,0
0.02943,0
0.03070,0
0.04183,0
0.05364,0
0.02356,0
0.03237,0
0.03570,0
0.05770,0
0.03805,0
0.03059,0
0.02924,0
0.02960,0
0.03824,0
0.01461,0
0.01250,0
0.01012,0
0.00849,0
0.01388,0
0.02215,0
0.03673,0
0.03479,0
0.03716,0
0.04063,0
0.00534,0
0.00655,0
0.00695,0
0.00705,0
0.01275,0
0.00963,0
0.01649,0
0.10169,0
0.04153,0
0.02410,0
0.02182,0
0.02516,0
0.03020,0
0.03907,0
0.05664,0
0.02351,0
0.03137,0
0.04378,0
0.04594,0
0.03945,0
0.03437,0
0.03180,0
0.03216,0
0.05664,0
0.02210,0
0.03039,0
0.04317,0
0.04552,0
0.04816,0
0.06034,0
0.05668,0
0.05547,0
0.02108,0
0.09852,1
0.11841,1
0.10498,1
0.09062,1
0.09041,1
0.09724,1
0.09998,1
0.12092,1
0.02108,0
0.01501,0
0.01256,0
0.00978,0
0.01480,0
0.01402,0
0.01643,0
0.01461,0
0.01250,0
0.00973,0
0.00929,0
0.01677,0
0.02308,0
0.03163,0
0.02751,0
0.03024,0
0.03281,0
0.00534,0
0.01218,0
0.01185,0
0.04769,1
0.08096,1
0.08659,1
0.09016,1
0.09166,1
0.08326,1
0.09037,1
0.10375,1
0.00534,0
0.01218,0
0.01160,0
0.01017,0
0.01535,0
0.02315,0
0.02300,0
0.02590,0
0.02693,0
0.00534,0
0.00819,0
0.00916,0
0.00763,0
0.01312,0
0.01475,0
0.01683,0
0.01992,0
0.01773,0
0.02364,0
0.05793,0
0.02221,0
0.03468,0
0.03414,0
0.02476,0
0.02223,0
0.02478,0
0.02108,0
0.01501,0
0.01501,0
0.05120,0
0.06198,0
0.06949,0
0.07346,0
0.08628,0
0.08970,0
0.05574,0
0.02456,0
0.02773,0
0.03772,0
0.03808,0
0.03245,0
0.02738,0
0.02691,0
0.02643,0
0.03492,0
0.01461,0
0.01250,0
0.04794,0
0.03060,0
0.03202,0
0.06399,1
0.07161,1
0.07443,1
0.08326,1
0.11252,1
0.13247,1
0.17133,1
0.00534,0
0.01218,0
0.01144,0
0.06340,0
0.05240,0
0.04210,0
0.04450,0
0.04691,0
0.05073,0
0.08591,0
0.00534,0
0.00819,0
0.00916,0
0.00763,0
0.01322,0
0.00965,0
0.01547,0
0.00534,0
0.00813,0
0.00880,0
0.00743,0
0.01441,0
0.01708,0
0.01933,0
0.01991,0
0.01948,0
0.02513,0
0.10169,0
0.06644,0
0.03550,0
0.02831,0
0.02738,0
0.02794,0
0.03544,0
0.00534,0
0.00655,0
0.00638,0
0.00640,0
0.00921,0
0.01660,0
0.01940,0
0.02092,0
0.02037,0
0.02558,0
0.05664,0
0.02210,0
0.03273,0
0.03670,0
0.03306,0
0.02878,0
0.03066,0
0.00534,0
0.01218,0
0.06135,0
0.05024,0
0.03976,0
0.03972,0
0.03729,0
0.03693,0
0.04406,0
0.06360,0
0.10953,0
0.06015,0
0.05607,0
0.06013,0
0.05911,0
0.04960,0
0.04038,0
0.03640,0
0.03574,0
0.04280,0
0.00534,0
0.00655,0
0.00741,0
0.00643,0
0.01441,0
0.03256,0
0.03107,0
0.03071,0
0.03389,0
0.03669,0
0.00534,0
0.00655,0
0.00841,0
0.00690,0
0.01360,0
0.02120,0
0.03284,0
0.02853,0
0.02961,0
0.03094,0
0.13756,0
0.15534,0
0.14809,0
0.11245,0
0.09019,0
0.08240,0
0.07621,0
0.07339,0
0.07561,0
0.08367,0
0.02108,0
0.01501,0
0.01256,0
0.01074,0
0.03709,0
0.04779,0
0.05259,0
0.03516,0
0.03315,0
0.03693,0
0.05574,0
0.02304,0
0.03062,0
0.03908,0
0.03972,0
0.03415,0
0.03601,0
0.03373,0
0.03371,0
0.04184,0
0.11984,0
0.08642,0
0.04824,0
0.04206,0
0.03021,0
0.02722,0
0.02627,0
0.02607,0
0.02955,0
0.03940,0
0.01461,0
0.01806,0
0.01505,0
0.01154,0
0.01686,0
0.01961,0
0.01881,0
0.02117,0
0.02020,0
0.02542,0
0.05364,0
0.02356,0
0.03237,0
0.04243,0
0.04136,0
0.03405,0
0.02891,0
0.02622,0
0.02617,0
0.03408,0
0.06672,0
0.02497,0
0.02841,0
0.04537,0
0.04948,0
0.04172,0
0.03793,0
0.03809,0
0.03792,0
0.05574,0
0.02304,0
0.03385,0
0.03661,0
0.03274,0
0.02855,0
0.02334,0
0.02193,0
0.02336,0
0.02829,0
0.09852,0
0.07708,0
0.08071,0
0.04840,0
0.05039,0
0.04434,0
0.04235,0
0.04201,0
0.04294,0
0.04841,0
0.03091,0
0.04047,0
0.04624,0
0.03062,0
0.02476,0
0.02515,0
0.03153,0
0.00534,0
0.00655,0
0.00618,0
0.00583,0
0.01302,0
0.02820,0
0.03061,0
0.03161,0
0.03036,0
0.03129,0
0.09852,0
0.08450,0
0.07935,0
0.06589,0
0.05080,0
0.05049,0
0.04892,0
0.04830,0
0.05390,0
0.00534,0
0.00655,0
0.00626,0
0.00681,0
0.01265,0
0.01505,0
0.01499,0
0.03091,0
0.04705,0
0.04757,0
0.04309,0
0.04082,0
0.03828,0
0.03281,0
0.03154,0
0.03167,0
0.03465,0
0.00534,0
0.00655,0
0.00626,0
0.00590,0
0.01201,0
0.00873,0
0.01194,0
0.00534,0
0.00813,0
0.00815,0
0.00732,0
0.01767,0
0.01347,0
0.01658,0
0.05574,0
0.02456,0
0.03432,0
0.02361,0
0.01875,0
0.01894,0
0.02332,0
0.05664,0
0.02351,0
0.03137,0
0.04197,0
0.05752,0
0.08369,0
0.08669,0
0.08171,0
0.07816,0
0.08518,0
0.00534,0
0.00819,0
0.05194,0
0.05000,0
0.05649,0
0.05399,0
0.05149,0
0.05686,0
0.07536,0
0.09852,0
0.08450,0
0.07935,0
0.06647,0
0.05325,0
0.04991,0
0.04878,0
0.05064,0
0.05564,0
0.02108,0
0.01501,0
0.04055,0
0.03259,0
0.03242,0
0.03380,0
0.03531,0
0.00534,0
0.00655,0
0.00841,0
0.00690,0
0.01229,0
0.01874,0
0.02259,0
0.02438,0
0.02554,0
0.00534,0
0.00655,0
0.00638,0
0.00549,0
0.01167,0
0.00860,0
0.01476,0
0.06672,0
0.02786,0
0.03739,0
0.03493,0
0.02440,0
0.02157,0
0.02447,0
0.00534,0
0.01218,0
0.01424,0
0.03519,0
0.02554,0
0.02631,0
0.02995,0
0.03714,0
0.03573,0
0.04417,0
0.01461,0
0.01250,0
0.00999,0
0.00804,0
0.02734,0
0.04520,0
0.04384,0
0.04447,0
0.04417,0
0.05478,0
0.13770,0
0.06163,0
0.04877,0
0.03803,0
0.03267,0
0.03251,0
0.03146,0
0.03286,0
0.03785,0
0.05408,0
0.00534,0
0.05349,0
0.03741,0
0.04084,0
0.03128,0
0.03042,0
0.03496,0
0.03795,0
0.04361,0
0.05977,0
0.10079,0
0.05785,0
0.03800,0
0.03308,0
0.02519,0
0.02594,0
0.02701,0
0.02891,0
0.03640,0
0.01461,0
0.01250,0
0.01213,0
0.00958,0
0.01423,0
0.02494,0
0.02647,0
0.02680,0
0.03405,0
0.03571,0
0.00534,0
0.01218,0
0.01160,0
0.00902,0
0.02235,0
0.02102,0
0.03407,0
0.03784,0
0.03418,0
0.03616,0
0.10169,0
0.04473,0
0.02776,0
0.02455,0
0.02642,0
0.02976,0
0.03819,0
0.00534,0
0.00655,0
0.00626,0
0.00590,0
0.03315,0
0.05425,0
0.05733,0
0.05697,0
0.06870,0
0.07236,0
0.05883,1
0.02466,1
0.03619,1
0.03319,1
0.03041,1
0.02593,1
0.02228,1
0.02126,1
0.02253,1
0.02661,1
0.04137,1
0.00534,0
0.01218,0
0.01185,0
0.00910,0
0.01479,0
0.01622,0
0.01803,0
0.02089,0
0.02015,0
0.02537,0
0.01461,0
0.01250,0
0.04013,0
0.04305,0
0.03734,0
0.02945,0
0.03381,0
0.03859,0
0.04336,0
0.05583,0
0.03453,0
0.04358,0
0.05277,0
0.05517,0
0.04973,0
0.04352,0
0.03930,0
0.03665,0
0.03567,0
0.03777,0
0.01461,0
0.01250,0
0.00999,0
0.02850,0
0.03124,0
0.03144,0
0.04947,0
0.04393,0
0.03401,0
0.04015,0
0.03091,0
0.03719,0
0.05149,0
0.06306,0
0.05209,0
0.03765,0
0.03531,0
0.03334,0
0.03551,0
0.00534,0
0.00813,0
0.00827,0
0.00831,0
0.01401,0
0.01709,0
0.01778,0
0.01784,0
0.01831,0
0.02462,0
0.00534,0
0.00819,0
0.01002,0
0.00907,0
0.02545,0
0.02159,0
0.02909,0
0.02973,0
0.06607,0
0.09640,0
0.00534,0
0.01218,0
0.01160,0
0.04374,0
0.03954,0
0.02933,0
0.03151,0
0.03634,0
0.04379,0
0.06583,0
0.01461,0
0.01250,0
0.01012,0
0.00849,0
0.01590,0
0.02304,0
0.02248,0
0.02558,0
0.02608,0
0.00534,0
0.00813,0
0.05647,0
0.04750,0
0.03813,0
0.04127,0
0.03854,0
0.03693,0
0.03761,0
0.06108,0
0.03510,0
0.02627,0
0.01598,0
0.03209,0
0.03574,0
0.02367,0
0.02269,0
0.02094,0
0.02371,0
0.03145,0
0.10169,0
0.04753,0
0.02922,0
0.02641,0
0.02760,0
0.03111,0
0.03978,0
0.00534,0
0.00655,0
0.00618,0
0.00674,0
0.01254,0
0.01039,0
0.01689,0
0.05793,0
0.02531,0
0.03606,0
0.04044,0
0.03355,0
0.03160,0
0.03271,0
0.01461,0
0.01250,0
0.00999,0
0.00804,0
0.01331,0
0.01672,0
0.01676,0
0.01927,0
0.01835,0
0.02431,0
0.04983,0
0.03370,0
0.01950,0
0.02434,0
0.03701,0
0.03491,0
0.03502,0
0.08057,0
0.06012,0
0.03058,0
0.03105,0
0.02690,0
0.02774,0
0.02770,0
0.02771,0
0.03009,0
0.03581,0
0.03453,0
0.04358,0
0.04444,0
0.04247,0
0.03809,0
0.03618,0
0.03188,0
0.02972,0
0.03030,0
0.03365,0
0.03453,0
0.05648,0
0.04933,0
0.03867,0
0.03265,0
0.02624,0
0.02724,0
0.02546,0
0.02664,0
0.02962,0
0.04983,0
0.03485,0
0.01943,0
0.03022,0
0.04215,0
0.06109,0
0.06386,0
0.05759,0
0.06345,0
0.06990,0
0.00534,0
0.00819,0
0.03472,1
0.04675,1
0.08130,1
0.07390,1
0.06616,1
0.06466,1
0.05855,1
0.05906,1
0.01461,0
0.01806,0
0.01630,0
0.01270,0
0.01687,0
0.01428,0
0.02123,0
0.09852,0
0.08050,0
0.05316,0
0.04702,0
0.04694,0
0.03574,0
0.03393,0
0.03279,0
0.03398,0
0.03845,0
0.10079,0
0.05785,0
0.03800,0
0.03274,0
0.02642,0
0.02736,0
0.02784,0
0.02989,0
0.03682,0
0.01461,0
0.01250,0
0.01012,0
0.00849,0
0.01515,0
0.02210,0
0.02354,0
0.02441,0
0.02355,0
0.02663,0
0.05793,1
0.02221,1
0.04280,1
0.05273,1
0.07304,1
0.05714,1
0.05747,1
0.00534,0
0.01218,0
0.01271,0
0.01011,0
0.01494,0
0.01217,0
0.01979,0
0.05750,1
0.07126,1
0.07660,1
0.07852,1
0.08650,1
0.09291,1
0.08341,1
0.10222,1
0.10492,1
0.03728,0
0.02565,0
0.01491,0
0.02555,0
0.03299,0
0.02980,0
0.02801,0
0.02609,0
0.03015,0
0.03350,0
0.01461,0
0.01806,0
0.01784,0
0.01499,0
0.01854,0
0.01947,0
0.02157,0
0.03728,0
0.02927,0
0.01731,0
0.02274,0
0.02227,0
0.02072,0
0.02497,0
0.00534,0
0.00655,0
0.00841,0
0.00690,0
0.01721,0
0.01343,0
0.01730,0
0.00534,0
0.00655,0
0.00655,0
0.03811,0
0.02963,0
0.03175,0
0.03444,0
0.03828,0
0.03836,0
0.04814,0
0.05883,1
0.02466,1
0.03205,1
0.06272,1
0.08140,1
0.07762,1
0.07130,1
0.06610,1
0.06403,1
0.08259,1
0.05793,0
0.02221,0
0.02712,0
0.03712,0
0.04458,0
0.03895,0
0.03721,0
0.03633,0
0.03758,0
0.00534,0
0.00655,0
0.00695,0
0.00586,0
0.01167,0
0.02073,0
0.03138,0
0.06719,0
0.10295,0
0.12003,0
0.00534,0
0.05078,0
0.06793,0
0.04242,0
0.03624,0
0.02941,0
0.03331,0
0.03617,0
0.04279,0
0.05288,0
0.00534,0
0.00655,0
0.00695,0
0.00586,0
0.01292,0
0.03034,0
0.03599,0
0.03879,0
0.04221,0
0.05354,0
0.05595,0
0.02262,0
0.03111,0
0.04004,0
0.04729,0
0.04862,0
0.06117,0
0.05732,0
0.05652,0
0.00534,0
0.00655,0
0.03957,0
0.04235,0
0.03517,0
0.02961,0
0.03273,0
0.03778,0
0.04415,0
0.05716,0
0.00534,0
0.01218,0
0.01144,0
0.00996,0
0.01565,0
0.02898,0
0.04576,0
0.03434,0
0.03498,0
0.03975,0
0.03728,0
0.02666,0
0.01506,0
0.03162,0
0.03209,0
0.02331,0
0.01985,0
0.01865,0
0.02202,0
0.03006,0
0.01461,0
0.01250,0
0.00999,0
0.02266,0
0.02238,0
0.02540,0
0.02748,0
0.03941,0
0.07165,0
0.10764,0
0.09674,0
0.07304,0
0.05461,0
0.04941,0
0.04582,0
0.03558,0
0.04244,0
0.10696,0
0.06620,0
0.07435,0
0.04149,0
0.03744,0
0.03268,0
0.03219,0
0.03246,0
0.03523,0
0.04059,0
0.00534,0
0.00813,0
0.06821,0
0.05449,0
0.04366,0
0.04418,0
0.04110,0
0.04053,0
0.04114,0
0.06474,0
0.08057,0
0.06012,0
0.03395,0
0.03318,0
0.02861,0
0.02518,0
0.02558,0
0.02596,0
0.02839,0
0.03429,0
0.01461,0
0.01250,0
0.04013,0
0.04305,0
0.04020,0
0.03035,0
0.03517,0
0.03964,0
0.04559,0
0.06212,0
0.00534,0
0.01218,0
0.01270,0
0.01086,0
0.01616,0
0.01761,0
0.03195,1
0.05095,1
0.00534,0
0.00655,0
0.00655,0
0.02549,0
0.02874,0
0.02881,0
0.04052,0
0.03924,0
0.03407,0
0.03852,0
0.15364,0
0.11287,0
0.07400,0
0.08030,1
0.09031,1
0.08331,1
0.11271,1
0.11436,1
0.10924,1
0.10771,1
0.10748,1
0.11218,1
0.03728,0
0.02927,0
0.01782,0
0.02329,0
0.02295,0
0.02121,0
0.02404,0
0.03453,0
0.05017,0
0.06027,0
0.05356,0
0.04783,0
0.04312,0
0.03676,0
0.03360,0
0.03346,0
0.03603,0
0.05883,0
0.02309,0
0.03365,0
0.03588,0
0.03312,0
0.02745,0
0.02227,0
0.02104,0
0.02268,0
0.03142,0
0.03728,0
0.02666,0
0.01440,0
0.03029,0
0.03449,0
0.02528,0
0.01863,0
0.01722,0
0.02032,0
0.02501,0
0.03728,0
0.02927,0
0.01731,0
0.02607,0
0.03226,0
0.02520,0
0.02264,0
0.02127,0
0.02435,0
0.03234,0
0.04983,1
0.03485,1
0.12619,1
0.11029,1
0.09603,1
0.10359,1
0.11991,1
0.00534,0
0.00655,0
0.00626,0
0.00681,0
0.01265,0
0.01505,0
0.01499,0
0.05883,0
0.02309,0
0.03365,0
0.03588,0
0.03048,0
0.02481,0
0.02037,0
0.02232,0
0.02302,0
0.03152,0
0.01461,0
0.01403,0
0.01189,0
0.00955,0
0.01688,0
0.02556,0
0.02609,0
0.02522,0
0.02661,0
0.02860,0
0.09852,0
0.11161,0
0.07462,0
0.06258,0
0.06156,0
0.07444,1
0.08288,1
0.08430,1
0.08429,1
0.08512,1
0.08982,1
0.09776,1
0.05883,0
0.02309,0
0.03391,0
0.03473,0
0.03083,0
0.02672,0
0.02891,0
0.02108,0
0.01501,0
0.01204,0
0.00998,0
0.01471,0
0.02033,0
0.01967,0
0.00534,0
0.08168,0
0.05595,0
0.04376,0
0.03349,0
0.04099,0
0.05422,0
0.06077,0
0.06796,0
0.00534,0
0.00813,0
0.00880,0
0.00861,0
0.03954,0
0.04893,0
0.04863,0
0.03630,0
0.03571,0
0.03978,0
0.00534,0
0.00655,0
0.04145,0
0.05705,0
0.07013,0
0.07744,0
0.09668,0
0.05574,0
0.02304,0
0.03152,0
0.04196,0
0.03826,0
0.03353,0
0.03539,0
0.03234,0
0.03169,0
0.03923,0
0.06672,0
0.02497,0
0.03603,0
0.02762,0
0.02845,0
0.02674,0
0.02963,0
0.00534,0
0.01218,0
0.01144,0
0.00886,0
0.01449,0
0.01762,0
0.02133,0
0.00534,0
0.00655,0
0.03957,0
0.04970,0
0.04543,0
0.03614,0
0.03843,0
0.04185,0
0.04788,0
0.06984,0
0.00534,0
0.00819,0
0.00980,0
0.00902,0
0.01457,0
0.01094,0
0.01746,0
0.00534,0
0.00655,0
0.03919,0
0.04191,0
0.03180,0
0.03435,0
0.03224,0
0.03093,0
0.03375,0
0.05122,0
0.00534,0
0.00655,0
0.00638,0
0.00549,0
0.01363,0
0.02194,0
0.02168,0
0.02205,0
0.02597,0
0.02962,0
0.01461,0
0.01806,0
0.01531,0
0.01259,0
0.01718,0
0.02018,0
0.02250,0
0.11361,0
0.08488,0
0.04827,0
0.03792,0
0.03504,0
0.03755,0
0.04451,0
0.08057,0
0.06012,0
0.03527,0
0.04861,1
0.05475,1
0.05996,1
0.06495,1
0.07418,1
0.08242,1
0.00534,0
0.00655,0
0.04945,0
0.05662,0
0.06858,0
0.07958,0
0.09752,0
0.00534,0
0.06315,0
0.04786,0
0.03968,0
0.03390,0
0.02885,0
0.03381,0
0.03860,0
0.04572,0
0.05522,0
0.05763,0
0.02341,0
0.06567,1
0.08290,1
0.05050,1
0.04801,1
0.05260,1
0.05325,1
0.00534,0
0.00655,0
0.00655,0
0.03066,0
0.02349,0
0.02554,0
0.02900,0
0.03601,0
0.03438,0
0.04285,0
0.00534,0
0.00655,0
0.00626,0
0.00590,0
0.01201,0
0.01512,0
0.01528,0
0.00534,0
0.00819,0
0.00916,0
0.00856,0
0.01396,0
0.01030,0
0.01307,0
0.05883,0
0.02309,0
0.02455,0
0.03274,0
0.03206,0
0.02690,0
0.02323,0
0.02227,0
0.02310,0
0.03197,0
0.00534,0
0.03774,1
0.05446,1
0.06247,1
0.09576,1
0.09018,1
0.07998,1
0.00534,0
0.01218,0
0.01185,0
0.03725,0
0.03029,0
0.03224,0
0.03451,0
0.04094,0
0.03837,0
0.04645,0
0.02108,0
0.02254,0
0.02009,0
0.01560,0
0.02102,0
0.04090,0
0.03933,0
0.03612,0
0.03455,0
0.03615,0
0.00534,0
0.00655,0
0.00841,0
0.00690,0
0.01427,0
0.02462,0
0.02618,0
0.02548,0
0.02595,0
0.02725,0
0.10169,0
0.07149,0
0.04119,0
0.03252,0
0.03098,0
0.03102,0
0.03878,0
0.10169,0
0.04153,0
0.02554,0
0.02545,0
0.02786,0
0.02976,0
0.03842,0
0.03091,0
0.04705,0
0.04659,0
0.05889,0
0.04762,0
0.03368,0
0.03161,0
0.02998,0
0.03036,0
0.00534,0
0.00655,0
0.00626,0
0.03050,0
0.02384,0
0.02608,0
0.02890,0
0.03613,0
0.03382,0
0.04465,0
0.01461,0
0.01806,0
0.01491,0
0.04534,0
0.04092,0
0.03020,0
0.03266,0
0.03494,0
0.03676,0
0.05840,0
0.00534,0
0.00819,0
0.01001,0
0.00811,0
0.02683,0
0.03395,0
0.03495,0
0.06357,0
0.09051,0
0.10680,0
0.00534,0
0.01218,0
0.01185,0
0.01013,0
0.01515,0
0.01184,0
0.01749,0
0.02108,0
0.01501,0
0.04980,0
0.05887,0
0.07461,0
0.07207,0
0.06738,0
0.06614,0
0.06309,0
0.07752,0
0.05664,0
0.02210,0
0.03039,0
0.03573,0
0.05713,0
0.03697,0
0.02880,0
0.02680,0
0.02778,0
0.03168,0
0.01461,0
0.07256,0
0.09069,0
0.12456,0
0.08964,0
0.07232,0
0.07023,0
0.06796,0
0.07153,0
0.07880,0
0.04983,0
0.03370,0
0.02019,0
0.03011,0
0.03427,0
0.02887,0
0.02769,0
0.02603,0
0.03042,0
0.03329,0
0.00534,0
0.00655,0
0.00695,0
0.00586,0
0.01358,0
0.01837,0
0.02163,0
0.02410,0
0.02759,0
0.02108,0
0.09276,0
0.07046,0
0.06473,0
0.05690,0
0.04523,0
0.04710,0
0.04866,0
0.05403,0
0.06221,0
0.03728,0
0.02818,0
0.01519,0
0.02193,0
0.02101,0
0.01901,0
0.02230,0
0.00534,0
0.00813,0
0.00840,0
0.00795,0
0.01355,0
0.01003,0
0.01286,0
0.00534,0
0.00655,0
0.00741,0
0.00734,0
0.01531,0
0.02307,0
0.02327,0
0.02329,0
0.02592,0
0.02849,0
0.00534,0
0.00655,0
0.00638,0
0.00549,0
0.01639,0
0.01193,0
0.01813,0
0.00534,0
0.00655,0
0.00618,0
0.00674,0
0.01254,0
0.01371,0
0.01378,0
0.03091,0
0.04124,0
0.04306,0
0.04317,0
0.04000,0
0.03759,0
0.03390,0
0.03150,0
0.03128,0
0.03432,0
0.00534,0
0.00655,0
0.03681,0
0.04118,0
0.02590,0
0.02675,0
0.03056,0
0.03399,0
0.03939,0
0.05664,0
0.00534,0
0.00655,0
0.04378,0
0.02760,0
0.02473,0
0.02874,0
0.02697,0
0.03151,0
0.02991,0
0.03670,0
0.02108,0
0.02254,0
0.01996,0
0.01524,0
0.01920,0
0.01614,0
0.01857,0
0.00534,0
0.00655,0
0.00741,0
0.00643,0
0.01230,0
0.01907,0
0.02872,0
0.02807,0
0.02782,0
0.02948,0
0.01461,0
0.01250,0
0.00999,0
0.00804,0
0.01891,0
0.01378,0
0.01969,0
0.03728,0
0.02927,0
0.01731,0
0.02851,0
0.04046,0
0.04684,0
0.06504,0
0.06435,0
0.06710,0
0.06736,0
0.02108,0
0.02254,0
0.02952,1
0.04414,1
0.05876,1
0.05511,1
0.06845,1
0.09297,1
0.10152,1
0.06672,0
0.02497,0
0.03304,0
0.03967,0
0.04443,0
0.03490,0
0.02811,0
0.02579,0
0.02635,0
0.03461,0
0.05664,1
0.02210,1
0.02959,1
0.05481,1
0.04968,1
0.03928,1
0.04032,1
0.08532,1
0.10354,1
0.09886,1
0.00534,0
0.00655,0
0.00638,0
0.00549,0
0.01134,0
0.01300,0
0.01656,0
0.01776,0
0.01762,0
0.02357,0
0.00534,0
0.01218,0
0.01424,0
0.04301,0
0.03130,0
0.02770,0
0.03192,0
0.03956,0
0.03797,0
0.04696,0
0.00534,0
0.00655,0
0.00626,0
0.00590,0
0.01308,0
0.02040,0
0.02174,0
0.02300,0
0.02418,0
0.02855,0
0.00534,0
0.00819,0
0.00980,0
0.00784,0
0.02780,0
0.02522,0
0.03170,0
0.03267,0
0.04404,0
0.06090,0
0.05475,0
0.05410,0
0.07123,1
0.10427,1
0.10982,1
0.10756,1
0.09753,1
0.09316,1
0.08978,1
0.09164,1
0.03453,0
0.05017,0
0.04536,0
0.04100,0
0.03572,0
0.03947,0
0.05061,0
0.04924,0
0.04845,0
0.04951,0
0.00534,0
0.00655,0
0.00695,0
0.00705,0
0.01275,0
0.00963,0
0.01773,0
0.01461,0
0.01250,0
0.00999,0
0.00897,0
0.01417,0
0.01583,0
0.01790,0
0.02053,0
0.01984,0
0.02586,0
0.03091,0
0.04047,0
0.04058,0
0.03154,0
0.02388,0
0.02451,0
0.03015,0
0.05475,0
0.05165,0
0.03484,0
0.03653,0
0.03050,0
0.02727,0
0.02830,0
0.02989,0
0.03153,0
0.03711,0
0.00534,0
0.01218,0
0.01160,0
0.00902,0
0.02235,0
0.02102,0
0.03407,0
0.04120,0
0.03478,0
0.03634,0
0.08057,0
0.05830,0
0.03596,0
0.03464,0
0.03113,0
0.03144,0
0.03145,0
0.03139,0
0.03229,0
0.03792,0
0.03728,0
0.02900,0
0.01583,0
0.02334,0
0.02124,0
0.01913,0
0.02249,0
0.10169,0
0.04153,0
0.03146,0
0.03205,0
0.03139,0
0.03378,0
0.04083,0
0.03091,1
0.04124,1
0.04306,1
0.04228,1
0.03728,1
0.03966,1
0.03501,1
0.03247,1
0.04019,1
0.04564,1
0.00534,0
0.00655,0
0.00638,0
0.03705,0
0.05344,0
0.06327,0
0.05993,0
0.08756,0
0.09461,0
0.01461,0
0.01806,0
0.04784,0
0.04989,0
0.04412,0
0.03478,0
0.03703,0
0.04022,0
0.04608,0
0.06788,0
0.00534,0
0.00819,0
0.01135,0
0.00884,0
0.01493,0
0.02346,0
0.02672,0
0.02584,0
0.02602,0
0.02706,0
0.00534,0
0.00655,0
0.05079,0
0.04958,0
0.05664,0
0.05429,0
0.04981,0
0.06118,0
0.08844,0
0.10169,0
0.04252,0
0.02748,0
0.02482,0
0.02697,0
0.02926,0
0.03705,0
0.01461,0
0.01806,0
0.01491,0
0.01242,0
0.01957,0
0.03703,0
0.03521,0
0.03317,0
0.03302,0
0.03403,0
0.11882,1
0.14811,1
0.07038,1
0.04411,1
0.05681,1
0.06529,1
0.07685,1
0.08541,1
0.01461,0
0.01250,0
0.00985,0
0.00844,0
0.01584,0
0.02268,0
0.03560,0
0.03212,0
0.03462,0
0.00534,0
0.00655,0
0.00734,0
0.00729,0
0.01307,0
0.00937,0
0.01685,0
0.05574,0
0.02304,0
0.03062,0
0.03908,0
0.03916,0
0.03506,1
0.03742,1
0.03456,1
0.03439,1
0.04246,1
0.03728,0
0.06640,0
0.04913,0
0.04864,0
0.06025,0
0.05426,0
0.05060,0
0.00534,0
0.00819,0
0.00905,0
0.03641,0
0.02893,0
0.02629,0
0.03001,0
0.03741,0
0.03722,0
0.04658,0
0.05793,0
0.02221,0
0.02712,0
0.03528,0
0.05922,0
0.03956,0
0.03045,0
0.02972,0
0.03066,0
0.03979,0
0.03664,0
0.03013,0
0.01800,0
0.02606,0
0.03390,0
0.02566,0
0.02281,0
0.02158,0
0.02462,0
0.03250,0
0.00534,0
0.00813,0
0.01025,0
0.00848,0
0.02432,0
0.02640,0
0.03476,0
0.04184,0
0.03312,0
0.03724,0
0.11984,0
0.08642,0
0.04824,0
0.04199,0
0.03231,0
0.02927,0
0.02834,0
0.02940,0
0.03357,0
0.04241,0
0.06672,0
0.02497,0
0.03396,0
0.03807,0
0.04353,0
0.03828,0
0.03378,0
0.03143,0
0.03220,0
0.01461,0
0.01250,0
0.00973,0
0.00837,0
0.01359,0
0.02994,0
0.04494,0
0.03392,0
0.03493,0
0.03964,0
0.00534,0
0.01218,0
0.01271,0
0.04370,0
0.03965,0
0.03186,0
0.03468,0
0.03591,0
0.03799,0
0.05703,0
0.03728,0
0.02900,0
0.01631,0
0.02631,0
0.03122,0
0.02848,0
0.02706,0
0.02629,0
0.03163,0
0.03532,0
0.03091,0
0.04705,0
0.04659,0
0.05889,0
0.04835,0
0.03618,0
0.03443,0
0.03278,0
0.03416,0
0.03453,0
0.12909,1
0.09469,1
0.07125,1
0.05775,1
0.05480,1
0.05261,1
0.05164,1
0.10696,0
0.06851,0
0.04969,0
0.03887,0
0.05329,0
0.06520,0
0.06078,0
0.05721,0
0.05695,0
0.06038,0
0.41957,1
0.33654,1
0.25512,1
0.21389,1
0.19646,1
0.18693,1
0.16578,1
0.15582,1
0.15599,1
0.15081,1
0.01461,0
0.01250,0
0.00985,0
0.00844,0
0.02097,0
0.02097,0
0.02956,0
0.04418,0
0.07556,0
0.10151,0
0.03728,0
0.02666,0
0.01440,0
0.02142,0
0.03116,0
0.02623,0
0.02993,0
0.00534,0
0.00655,0
0.00741,0
0.00643,0
0.00917,0
0.01342,0
0.01815,0
0.01944,0
0.01965,0
0.02607,0
0.00534,0
0.00655,0
0.00638,0
0.02386,0
0.02129,0
0.02660,0
0.02794,0
0.02897,0
0.06291,0
0.10030,0
0.00534,0
0.01218,0
0.01160,0
0.01017,0
0.01742,0
0.03528,0
0.03301,0
0.03171,0
0.03321,0
0.03514,0
0.00534,0
0.00655,0
0.00626,0
0.00681,0
0.01059,0
0.02539,0
0.04275,0
0.03166,0
0.03336,0
0.04009,0
0.10079,0
0.07373,0
0.04269,0
0.03621,0
0.02707,0
0.02741,0
0.02894,0
0.03362,0
0.03983,0
0.01461,0
0.01806,0
0.01505,0
0.01263,0
0.01705,0
0.01351,0
0.01593,0
0.10696,0
0.06279,0
0.06964,0
0.04328,0
0.03765,0
0.03368,0
0.03383,0
0.03324,0
0.03456,0
0.04109,0
0.03453,1
0.04358,1
0.05277,1
0.05517,1
0.04973,1
0.04691,1
0.04111,1
0.03802,1
0.03768,1
0.04049,1
0.00534,0
0.00655,0
0.00655,0
0.00594,0
0.00883,0
0.01418,0
0.01911,0
0.02011,0
0.01985,0
0.02274,0
0.00534,0
0.00655,0
0.00618,0
0.00674,0
0.01255,0
0.01900,0
0.03051,0
0.03594,0
0.03666,0
0.05296,0
0.00534,0
0.00819,0
0.00905,0
0.00723,0
0.01500,0
0.02609,0
0.03259,0
0.02689,0
0.02951,0
0.03112,0
0.15364,0
0.12159,0
0.07378,0
0.06713,0
0.05224,0
0.04635,0
0.04289,0
0.04211,0
0.04439,0
0.05317,0
0.00534,0
0.00655,0
0.00626,0
0.03872,1
0.06109,1
0.05915,1
0.06380,1
0.05645,1
0.05519,1
0.00534,0
0.00819,0
0.00874,0
0.02842,0
0.02301,0
0.02548,0
0.02544,0
0.03319,0
0.06287,0
0.00534,0
0.00655,0
0.00655,0
0.00686,0
0.02637,0
0.03347,0
0.04183,0
0.02548,0
0.02564,0
0.03339,0
0.00534,0
0.00655,0
0.00655,0
0.00594,0
0.01196,0
0.00885,0
0.01498,0
0.00534,0
0.01218,0
0.01271,0
0.01011,0
0.01494,0
0.01141,0
0.01806,0
0.05793,0
0.02221,0
0.03273,0
0.03681,0
0.04301,0
0.03926,0
0.03432,0
0.03176,0
0.03221,0
0.00534,0
0.07134,0
0.11191,0
0.13715,0
0.11737,0
0.09676,0
0.08842,0
0.08641,0
0.08678,0
0.09222,0
0.00534,0
0.00655,0
0.00655,0
0.00594,0
0.01177,0
0.02321,0
0.04012,0
0.03126,0
0.03320,0
0.03909,0
0.00534,0
0.00655,0
0.00741,0
0.00643,0
0.01441,0
0.02139,0
0.02092,0
0.02274,0
0.02469,0
0.00534,0
0.01218,0
0.01424,0
0.01234,0
0.01798,0
0.02037,0
0.02125,0
0.02129,0
0.01958,0
0.02618,0
0.01461,0
0.01250,0
0.09115,0
0.07475,0
0.05575,0
0.05518,0
0.05045,0
0.05166,0
0.04996,0
0.08504,0
0.00534,0
0.01218,0
0.01271,0
0.01011,0
0.01506,0
0.02450,0
0.02412,0
0.02388,0
0.02476,0
0.02652,0
0.02108,0
0.01501,0
0.01254,0
0.03482,0
0.03039,0
0.03419,0
0.03291,0
0.03785,0
0.04735,0
0.06471,0
0.00534,0
0.00819,0
0.00888,0
0.00757,0
0.01321,0
0.00944,0
0.01684,0
0.10748,1
0.09346,1
0.09587,1
0.06415,1
0.05047,1
0.07178,1
0.06829,1
0.00534,0
0.00819,0
0.00905,0
0.02791,0
0.03052,0
0.03099,0
0.04641,0
0.04239,0
0.03189,0
0.03542,0
0.03091,0
0.05254,0
0.04744,0
0.03772,0
0.03057,0
0.02425,0
0.02616,0
0.02436,0
0.02510,0
0.02753,0
0.00534,0
0.00819,0
0.01135,0
0.00884,0
0.01375,0
0.02113,0
0.04047,0
0.07323,0
0.10457,0
0.12356,0
0.05664,0
0.02351,0
0.03078,0
0.03795,0
0.04191,0
0.03342,0
0.02966,0
0.03047,0
0.03015,0
0.03769,0
0.03091,0
0.04771,0
0.03765,0
0.03183,0
0.02556,0
0.02563,0
0.02727,0
0.03091,0
0.04047,0
0.02930,0
0.02124,0
0.01819,0
0.02014,0
0.02532,0
0.12715,0
0.06149,0
0.05257,0
0.03881,0
0.03655,0
0.03336,0
0.03178,0
0.03270,0
0.03732,0
0.04824,0
0.00534,0
0.00655,0
0.00655,0
0.00686,0
0.02452,0
0.02112,0
0.02817,0
0.03740,0
0.05268,0
0.06782,0
0.00534,0
0.00655,0
0.00741,0
0.00734,0
0.01531,0
0.02390,0
0.02668,0
0.02732,0
0.03011,0
0.03189,0
0.05664,0
0.02210,0
0.03262,0
0.03546,0
0.03273,0
0.02702,0
0.02191,0
0.02229,0
0.02282,0
0.03145,0
0.00534,0
0.01218,0
0.06135,0
0.05024,0
0.03976,0
0.04041,0
0.03772,0
0.03862,0
0.03848,0
0.05672,0
0.00534,0
0.00819,0
0.00980,0
0.02268,0
0.02350,0
0.02871,0
0.02903,0
0.04118,0
0.05992,0
0.00534,0
0.00655,0
0.04145,0
0.05271,0
0.06579,0
0.07215,0
0.09753,0
0.00534,0
0.01218,0
0.01160,0
0.01017,0
0.01742,0
0.02630,0
0.02562,0
0.02560,0
0.02481,0
0.02759,0
0.11984,0
0.08642,0
0.04824,0
0.04450,0
0.03173,0
0.02848,0
0.02751,0
0.02728,0
0.03149,0
0.04047,0
0.00534,0
0.00655,0
0.00626,0
0.00681,0
0.01390,0
0.02085,0
0.02532,0
0.02521,0
0.02421,0
0.02558,0
0.00534,0
0.00655,0
0.00841,0
0.00806,0
0.01558,0
0.02290,0
0.02287,0
0.03130,0
0.03969,0
0.00534,0
0.00655,0
0.00741,0
0.00643,0
0.01350,0
0.02150,0
0.03278,0
0.03394,0
0.03653,0
0.04066,0
0.00534,0
0.00813,0
0.00840,0
0.00703,0
0.01474,0
0.02470,0
0.03598,0
0.04978,0
0.05139,0
0.05420,0
0.00534,0
0.00655,0
0.00695,0
0.00586,0
0.01358,0
0.01837,0
0.03454,0
0.03596,0
0.03714,0
0.03453,0
0.05648,0
0.04563,0
0.03653,0
0.03260,0
0.02660,0
0.02772,0
0.02605,0
0.02632,0
0.02930,0
0.03728,0
0.02666,0
0.01506,0
0.02408,0
0.03236,0
0.02631,0
0.02123,0
0.02013,0
0.02326,0
0.02800,0
0.03091,0
0.03719,0
0.04084,0
0.03835,0
0.03464,0
0.03314,0
0.02931,0
0.02750,0
0.02822,0
0.03251,0
0.13770,0
0.05738,0
0.04643,0
0.03615,0
0.03127,0
0.02954,0
0.03075,0
0.03189,0
0.03663,0
0.04828,0
0.00534,0
0.00655,0
0.00695,0
0.00705,0
0.01275,0
0.01672,0
0.02089,0
0.00534,0
0.00819,0
0.03878,0
0.04715,0
0.05952,0
0.07032,0
0.09458,0
0.05883,0
0.02309,0
0.03391,0
0.02654,0
0.02047,0
0.02063,0
0.02483,0
0.00534,0
0.00655,0
0.00638,0
0.00640,0
0.03532,0
0.04085,0
0.04764,0
0.03038,0
0.02933,0
0.03341,0
0.00534,0
0.01218,0
0.01172,0
0.00884,0
0.01221,0
0.01771,0
0.02099,0
0.02200,0
0.02189,0
0.02724,0
0.05793,0
0.02221,0
0.03566,0
0.03514,0
0.03649,0
0.03074,0
0.02480,0
0.02342,0
0.02491,0
0.03352,0
0.00534,0
0.00813,0
0.01025,0
0.00964,0
0.01490,0
0.01142,0
0.01472,0
0.00534,0
0.01218,0
0.01424,0
0.01234,0
0.01893,0
0.02723,0
0.02702,0
0.02489,0
0.02371,0
0.02642,0
0.13940,0
0.08675,0
0.05125,0
0.05244,0
0.03698,0
0.03447,0
0.03230,0
0.03340,0
0.03700,0
0.04534,0
0.18343,0
0.08528,0
0.05659,0
0.04888,0
0.04621,0
0.03455,0
0.04060,0
0.01461,0
0.01393,0
0.01340,0
0.01067,0
0.01568,0
0.01692,0
0.01889,0
0.02170,0
0.01891,0
0.02225,0
0.05574,0
0.02304,0
0.03348,0
0.02674,0
0.02078,0
0.02089,0
0.02365,0
0.00534,0
0.01218,0
0.05574,0
0.04706,0
0.03840,0
0.04219,0
0.04244,0
0.04257,0
0.04969,0
0.17960,0
0.13111,0
0.13123,0
0.11061,0
0.09307,0
0.11186,0
0.12158,0
0.11198,0
0.10874,0
0.10622,0
0.05664,0
0.02210,0
0.02545,0
0.03372,0
0.05726,0
0.03799,0
0.02986,0
0.02867,0
0.02913,0
0.03794,0
0.00534,0
0.00655,0
0.03957,0
0.04970,0
0.04424,0
0.03452,0
0.03985,0
0.04388,0
0.04909,0
0.06564,0
0.03091,0
0.04047,0
0.04058,0
0.03154,0
0.02606,0
0.02634,0
0.03007,0
0.00534,0
0.01218,0
0.01271,0
0.01139,0
0.01826,0
0.02846,0
0.03582,0
0.02915,0
0.02964,0
0.03091,0
0.04983,0
0.03538,0
0.01969,0
0.02761,0
0.03487,0
0.02587,0
0.02666,0
0.02655,0
0.02924,0
0.03367,0
0.01461,0
0.07906,0
0.05706,0
0.06462,0
0.07024,0
0.06095,0
0.06203,0
0.02108,0
0.01501,0
0.01218,0
0.01101,0
0.01707,0
0.02927,0
0.04630,0
0.03563,0
0.03451,0
0.04110,0
0.01461,0
0.01250,0
0.05762,0
0.06041,0
0.08111,0
0.07547,0
0.07066,0
0.06732,0
0.06422,0
0.08610,0
0.00534,0
0.00655,0
0.08316,0
0.07127,0
0.05322,0
0.05358,0
0.04877,0
0.05049,0
0.05056,0
0.08554,0
0.01461,0
0.01250,0
0.00999,0
0.00804,0
0.01331,0
0.01489,0
0.01730,0
0.02022,0
0.01933,0
0.02225,0
0.02108,0
0.01501,0
0.01343,0
0.01048,0
0.01490,0
0.07573,1
0.09149,1
0.10869,1
0.11376,1
0.03091,0
0.04047,0
0.03239,0
0.02916,0
0.02321,0
0.02398,0
0.02685,0
0.01461,0
0.01393,0
0.01224,0
0.01009,0
0.01536,0
0.01118,0
0.01684,0
0.01461,0
0.01250,0
0.00999,0
0.00897,0
0.01558,0
0.02207,0
0.02581,0
0.02499,0
0.02547,0
0.02607,0
0.00534,0
0.01218,0
0.01424,0
0.01234,0
0.02106,0
0.01720,0
0.02021,0
0.00534,0
0.01218,0
0.01185,0
0.01013,0
0.01761,0
0.02537,0
0.02472,0
0.02312,0
0.02382,0
0.02399,0
0.00534,0
0.00813,0
0.01025,0
0.00964,0
0.01490,0
0.01715,0
0.01726,0
0.00534,0
0.01218,0
0.01424,0
0.01234,0
0.01659,0
0.01385,0
0.02095,0
0.01461,0
0.01250,0
0.01213,0
0.01074,0
0.02027,0
0.01635,0
0.01919,0
0.01461,0
0.01250,0
0.01065,0
0.00973,0
0.01614,0
0.03320,0
0.04893,0
0.03523,0
0.03420,0
0.03974,0
0.12715,0
0.05980,0
0.04738,0
0.03592,0
0.03459,0
0.03204,0
0.03162,0
0.03234,0
0.03675,0
0.05260,0
0.01461,0
0.01403,0
0.01201,0
0.00996,0
0.01703,0
0.02096,0
0.02298,0
0.02527,0
0.02723,0
0.00534,0
0.05773,1
0.06321,1
0.10430,1
0.10062,1
0.07675,1
0.06674,1
0.06256,1
0.05980,1
0.05975,1
0.06673,1
0.05475,0
0.05165,0
0.03484,0
0.03653,0
0.03050,0
0.03116,0
0.03137,0
0.03186,0
0.03410,0
0.03975,0
0.00534,0
0.00655,0
0.00638,0
0.00549,0
0.01363,0
0.02086,0
0.02049,0
0.02256,0
0.02511,0
0.00534,0
0.00655,0
0.00655,0
0.00594,0
0.01196,0
0.00885,0
0.01199,0
0.00534,0
0.05349,0
0.03741,0
0.04109,0
0.03280,0
0.03235,0
0.03682,0
0.04099,0
0.04642,0
0.06267,0
0.05364,0
0.02196,0
0.03051,0
0.04279,0
0.05818,0
0.08022,0
0.07792,0
0.07117,0
0.06870,0
0.07584,0
0.00534,0
0.00655,0
0.00638,0
0.00549,0
0.01363,0
0.01960,0
0.04230,1
0.05193,1
0.02108,0
0.01501,0
0.01343,0
0.01048,0
0.01440,0
0.01414,0
0.02055,0
0.00534,0
0.00655,0
0.00695,0
0.00586,0
0.01187,0
0.00868,0
0.01583,0
0.00534,0
0.00655,0
0.00655,0
0.00594,0
0.01380,0
0.02229,0
0.02248,0
0.02097,0
0.02060,0
0.02332,0
0.00534,0
0.00819,0
0.03722,0
0.03101,0
0.03187,0
0.02652,0
0.02867,0
0.02108,0
0.06222,0
0.04328,0
0.04536,0
0.03499,0
0.03412,0
0.03818,0
0.04221,0
0.04748,0
0.06262,0
0.00534,0
0.00655,0
0.00741,0
0.00643,0
0.01242,0
0.00881,0
0.01487,0
0.01461,0
0.01250,0
0.00973,0
0.00837,0
0.02784,0
0.03485,0
0.03412,0
0.03276,0
0.03547,0
0.04368,0
0.18343,0
0.09533,0
0.06571,0
0.05719,0
0.05361,0
0.04091,0
0.04653,0
0.00534,0
0.01218,0
0.01144,0
0.00886,0
0.01449,0
0.01162,0
0.01701,0
0.03091,0
0.04124,0
0.04192,0
0.04145,0
0.04311,0
0.04037,0
0.03506,0
0.03359,0
0.03285,0
0.03450,0
0.01461,0
0.01806,0
0.01784,0
0.01383,0
0.01763,0
0.01448,0
0.02063,0
0.00534,0
0.00655,0
0.03919,0
0.03660,0
0.03108,0
0.03277,0
0.03128,0
0.03366,0
0.03419,0
0.05499,0
0.00534,0
0.03779,0
0.03705,0
0.04816,0
0.05017,0
0.04577,0
0.04945,0
0.00534,0
0.00655,0
0.00638,0
0.00640,0
0.01232,0
0.01377,0
0.01376,0
0.01461,0
0.01250,0
0.01065,0
0.00973,0
0.01493,0
0.01907,0
0.01930,0
0.00534,0
0.00655,0
0.00638,0
0.00549,0
0.01167,0
0.00860,0
0.01476,0
0.10169,0
0.04153,0
0.02410,0
0.02182,0
0.02384,0
0.02639,0
0.03569,0
0.02108,0
0.01501,0
0.01256,0
0.00978,0
0.01706,0
0.02787,0
0.02832,0
0.02663,0
0.03371,0
0.04098,0
0.00534,0
0.01218,0
0.01185,0
0.00910,0
0.01463,0
0.01715,0
0.01658,0
0.02108,0
0.01501,0
0.04004,1
0.05170,1
0.05510,1
0.05576,1
0.05669,1
0.06512,1
0.08711,1
0.09958,1
0.01461,0
0.01250,0
0.04649,0
0.04770,0
0.02940,0
0.02945,0
0.03101,0
0.03447,0
0.03891,0
0.05526,0
0.00534,0
0.05884,0
0.03981,0
0.04464,0
0.03433,0
0.03230,0
0.03658,0
0.03983,0
0.04520,0
0.06103,0
0.00534,0
0.00655,0
0.00638,0
0.04492,0
0.04859,0
0.06625,0
0.06592,0
0.06392,0
0.06621,0
0.07993,0
0.05793,0
0.02531,0
0.02853,0
0.03251,0
0.03300,0
0.03100,0
0.02739,0
0.02736,0
0.02719,0
0.03214,0
0.01461,0
0.02516,1
0.04267,1
0.03679,1
0.04502,1
0.04529,1
0.05166,1
0.10172,1
0.11059,1
0.00534,0
0.01218,0
0.01172,0
0.00884,0
0.01428,0
0.01578,0
0.01531,0
0.10169,0
0.04153,0
0.02410,0
0.02182,0
0.02290,0
0.02527,0
0.03485,0
0.09922,0
0.06582,0
0.04978,0
0.04609,0
0.04489,0
0.03541,0
0.04305,0
0.00534,0
0.00655,0
0.00695,0
0.00705,0
0.01401,0
0.02232,0
0.02566,0
0.02504,0
0.02547,0
0.02588,0
0.03453,0
0.04392,0
0.03046,0
0.02589,0
0.02102,0
0.02269,0
0.02480,0
0.05883,0
0.02466,0
0.02683,0
0.02939,0
0.03300,0
0.02828,0
0.02290,0
0.02261,0
0.02467,0
0.03412,0
0.08057,0
0.06012,0
0.03395,0
0.03318,0
0.02861,0
0.02848,0
0.02836,0
0.02903,0
0.03111,0
0.03670,0
0.03453,0
0.05648,0
0.04563,0
0.03653,0
0.03260,0
0.02660,0
0.02772,0
0.02605,0
0.02738,0
0.02918,0
0.00534,0
0.01218,0
0.01272,0
0.00965,0
0.03501,0
0.04529,0
0.04627,0
0.03523,0
0.03206,0
0.03803,0
0.00534,0
0.00655,0
0.00695,0
0.00586,0
0.01292,0
0.03034,0
0.03455,0
0.03326,0
0.03174,0
0.03349,0
0.00534,0
0.01218,0
0.01172,0
0.00884,0
0.01221,0
0.01956,0
0.02294,0
0.02436,0
0.02294,0
0.02776,0
0.03728,0
0.02927,0
0.01782,0
0.02329,0
0.02493,0
0.02547,0
0.02718,0
0.02108,0
0.01501,0
0.05420,0
0.03391,0
0.02954,0
0.03282,0
0.03041,0
0.03414,0
0.03328,0
0.04075,0
0.05664,0
0.02210,0
0.02339,0
0.03240,0
0.03170,0
0.02760,0
0.02377,0
0.02552,0
0.02605,0
0.03084,0
0.10079,0
0.10013,0
0.06827,0
0.05404,0
0.05321,0
0.04658,0
0.04429,0
0.04247,0
0.04172,0
0.04647,0
0.04983,0
0.03538,0
0.01969,0
0.02761,0
0.03092,0
0.02555,0
0.02228,0
0.02157,0
0.02543,0
0.03359,0
0.01461,0
0.01250,0
0.00999,0
0.00804,0
0.01382,0
0.01151,0
0.01468,0
0.00534,0
0.00655,0
0.00655,0
0.00594,0
0.02426,0
0.02111,0
0.02991,0
0.03854,0
0.05711,0
0.07398,0
0.12715,0
0.05980,0
0.05193,0
0.03816,0
0.03610,0
0.03317,0
0.03201,0
0.03401,0
0.03863,0
0.05439,0
0.00534,0
0.00655,0
0.00695,0
0.00586,0
0.01304,0
0.01386,0
0.01554,0
0.02004,0
0.01929,0
0.02206,0
0.00534,0
0.01218,0
0.01160,0
0.01017,0
0.01520,0
0.01143,0
0.01709,0
0.11835,1
0.07034,1
0.04910,1
0.03805,1
0.03964,1
0.04008,1
0.04658,1
0.00534,0
0.01218,0
0.05137,0
0.03351,0
0.03470,0
0.03708,0
0.03408,0
0.03692,0
0.03475,0
0.04039,0
0.01461,0
0.01250,0
0.01099,0
0.00898,0
0.01403,0
0.01722,0
0.01948,0
0.02099,0
0.01967,0
0.02232,0
0.01461,0
0.01250,0
0.00973,0
0.00837,0
0.01395,0
0.02533,1
0.03848,1
0.05397,1
0.09866,1
0.10643,1
0.00534,0
0.00655,0
0.00638,0
0.00549,0
0.01363,0
0.03194,0
0.03118,0
0.03066,0
0.03064,0
0.03425,0
0.09852,0
0.07708,0
0.07927,0
0.04778,0
0.04166,0
0.03405,0
0.03329,0
0.03305,0
0.03588,0
0.04195,0
0.00534,0
0.00655,0
0.00618,0
0.00674,0
0.01263,0
0.01572,0
0.01793,0
0.01788,0
0.01799,0
0.02327,0
0.03453,0
0.04392,0
0.03065,0
0.02738,0
0.02273,0
0.02395,0
0.02792,0
0.13770,0
0.06163,0
0.04749,0
0.03492,0
0.03493,0
0.03369,0
0.03215,0
0.04339,0
0.04684,0
0.06209,0
0.10169,0
0.06644,0
0.03754,0
0.02956,0
0.02838,0
0.02899,0
0.03705,0
0.03091,0
0.04124,0
0.04291,0
0.05962,0
0.05003,0
0.03550,0
0.03196,0
0.03103,0
0.03142,0
0.03728,0
0.02542,0
0.01444,0
0.02105,0
0.02031,0
0.02152,0
0.02552,0
0.00534,0
0.01218,0
0.01271,0
0.01139,0
0.01754,0
0.02494,0
0.02749,0
0.02654,0
0.02538,0
0.02659,0
0.00534,0
0.01218,0
0.01424,0
0.01121,0
0.01761,0
0.02662,0
0.02637,0
0.02425,0
0.02446,0
0.02599,0
0.00534,0
0.00655,0
0.01545,1
0.03483,1
0.03148,1
0.09584,1
0.08514,1
0.09121,1
0.09534,1
0.10114,1
0.12669,1
0.15660,1
0.40063,0
0.28363,0
0.22183,0
0.16972,0
0.14398,0
0.12900,0
0.11647,0
0.11151,0
0.10977,0
0.12006,0
0.02108,0
0.05676,0
0.03954,0
0.04346,0
0.03389,0
0.02962,0
0.03278,0
0.03778,0
0.04375,0
0.06029,0
0.00534,0
0.00655,0
0.00841,0
0.00806,0
0.02942,0
0.02491,0
0.03281,0
0.04131,0
0.05733,0
0.06628,0
0.10169,0
0.04153,0
0.03146,0
0.02652,0
0.02812,0
0.02917,0
0.03686,0
0.03091,1
0.04705,1
0.05594,1
0.06573,1
0.12067,1
0.10872,1
0.09807,1
0.08957,1
0.08536,1
0.11984,0
0.08557,0
0.04850,0
0.04039,0
0.03343,0
0.03094,0
0.03173,0
0.03190,0
0.03630,0
0.04394,0
0.03091,0
0.03452,0
0.04499,0
0.03905,0
0.03966,0
0.03133,0
0.03266,0
0.03355,0
0.03347,0
0.03492,0
0.01461,0
0.01403,0
0.01230,0
0.01125,0
0.01799,0
0.02519,0
0.03834,0
0.03776,0
0.03853,0
0.00534,0
0.00655,0
0.00741,0
0.00734,0
0.01531,0
0.02473,0
0.03224,0
0.02754,0
0.02775,0
0.02890,0
0.00534,0
0.00655,0
0.00626,0
0.00590,0
0.01912,0
0.01851,0
0.03147,0
0.03928,0
0.03093,0
0.03338,0
0.03728,0
0.02818,0
0.01479,0
0.03002,0
0.03085,0
0.02228,0
0.01747,0
0.01654,0
0.02044,0
0.02870,0
0.10696,0
0.06017,0
0.03978,0
0.03342,0
0.02425,0
0.02481,0
0.02643,0
0.02917,0
0.03550,0
0.00534,0
0.00655,0
0.00618,0
0.00674,0
0.01380,0
0.02074,0
0.02414,0
0.02358,0
0.02266,0
0.02531,0
0.00534,0
0.00655,0
0.04261,0
0.04524,0
0.02731,0
0.02428,0
0.02689,0
0.03093,0
0.03587,0
0.05501,0
0.11882,0
0.14811,0
0.06987,0
0.04299,0
0.03579,0
0.03414,0
0.03427,0
0.03737,0
0.04427,0
0.04983,0
0.03974,0
0.02402,0
0.02698,0
0.02464,0
0.02514,0
0.03051,0
0.00534,0
0.00813,0
0.00880,0
0.00861,0
0.01509,0
0.02112,0
0.02587,0
0.02722,0
0.02887,0
0.05763,0
0.02477,0
0.02833,0
0.03533,0
0.03232,0
0.02785,0
0.02446,0
0.02507,0
0.02576,0
0.03085,0
0.08057,0
0.05830,0
0.03457,0
0.03606,0
0.03085,0
0.02725,0
0.02760,0
0.02786,0
0.03120,0
0.03704,0
0.04983,0
0.03538,0
0.01969,0
0.02462,0
0.02577,0
0.02584,0
0.02783,0
0.00534,0
0.00655,0
0.00734,0
0.00729,0
0.01518,0
0.01821,0
0.02049,0
0.03029,0
0.03900,0
0.06672,0
0.02497,0
0.03304,0
0.04819,0
0.05261,0
0.04614,0
0.03819,0
0.03481,0
0.03419,0
0.09674,0
0.06255,0
0.04646,0
0.04288,0
0.04398,0
0.03456,0
0.03802,0
0.15617,0
0.16441,0
0.07801,0
0.04876,0
0.04023,0
0.03660,0
0.03654,0
0.03860,0
0.04255,0
0.03728,0
0.02666,0
0.01440,0
0.02297,0
0.03350,0
0.02930,0
0.02799,0
0.02598,0
0.02794,0
0.03121,0
0.03091,0
0.03719,0
0.04292,0
0.04017,0
0.03991,0
0.03710,0
0.03143,0
0.03025,0
0.03054,0
0.03337,0
0.00534,0
0.00813,0
0.00840,0
0.00703,0
0.01385,0
0.02093,0
0.02448,0
0.02384,0
0.02280,0
0.02547,0
0.00534,0
0.01218,0
0.01271,0
0.01011,0
0.01645,0
0.02637,0
0.03892,0
0.03897,0
0.03958,0
0.11984,0
0.08557,0
0.04850,0
0.04457,0
0.03524,0
0.03383,0
0.03244,0
0.03388,0
0.03701,0
0.04451,0
0.01461,0
0.01250,0
0.00999,0
0.00804,0
0.01382,0
0.01018,0
0.01729,0
0.00534,0
0.00655,0
0.00841,0
0.00690,0
0.01254,0
0.00937,0
0.01311,0
0.00534,0
0.01218,0
0.01172,0
0.03752,0
0.03033,0
0.02780,0
0.03085,0
0.03811,0
0.03765,0
0.04696,0
0.00534,0
0.00655,0
0.00741,0
0.00734,0
0.01304,0
0.01319,0
0.01588,0
0.00534,0
0.01218,0
0.01271,0
0.01139,0
0.01579,0
0.01241,0
0.01550,0
0.00534,0
0.00655,0
0.00741,0
0.00734,0
0.01429,0
0.02377,0
0.03640,0
0.03851,0
0.03925,0
0.00534,0
0.01218,0
0.04878,0
0.03900,0
0.04143,0
0.04511,0
0.04646,0
0.04414,0
0.04541,0
0.01461,0
0.01250,0
0.01065,0
0.00973,0
0.01493,0
0.01138,0
0.01473,0
0.03728,0
0.02927,0
0.01731,0
0.03350,0
0.03004,0
0.02575,0
0.02288,0
0.02482,0
0.02578,0
0.02998,0
0.00534,0
0.03649,0
0.03919,0
0.05091,0
0.05389,0
0.04735,0
0.05059,0
0.00534,0
0.01218,0
0.01271,0
0.01139,0
0.01826,0
0.02543,0
0.03757,0
0.03678,0
0.03890,0
0.05040,0
0.01461,0
0.01806,0
0.01531,0
0.01168,0
0.01823,0
0.02403,0
0.03417,0
0.02823,0
0.02857,0
0.03055,0
0.00534,0
0.01218,0
0.01160,0
0.02326,0
0.02480,0
0.02853,0
0.03250,0
0.04575,0
0.07784,0
0.10656,0
0.04983,0
0.03485,0
0.02014,0
0.02473,0
0.02434,0
0.02548,0
0.02783,0
0.05664,0
0.02210,0
0.03273,0
0.02224,0
0.01726,0
0.01771,0
0.02205,0
0.00534,0
0.00655,0
0.00626,0
0.00681,0
0.00991,0
0.02612,0
0.04270,0
0.03250,0
0.03344,0
0.03867,0
0.01461,0
0.01806,0
0.01531,0
0.01168,0
0.01653,0
0.01956,0
0.01896,0
0.13886,1
0.08768,1
0.05958,1
0.05133,1
0.05403,1
0.05737,1
0.06331,1
0.03091,0
0.03588,0
0.04346,0
0.03405,0
0.03081,0
0.02534,0
0.02720,0
0.02697,0
0.02813,0
0.03102,0
0.11984,0
0.08642,0
0.04913,0
0.04808,0
0.03599,0
0.03395,0
0.03250,0
0.03284,0
0.03602,0
0.04559,0
0.00534,0
0.01218,0
0.01185,0
0.00910,0
0.02945,0
0.04252,0
0.04406,0
0.03267,0
0.03083,0
0.03361,0
0.00534,0
0.01218,0
0.01172,0
0.00884,0
0.01428,0
0.01469,0
0.01800,0
0.00534,0
0.00655,0
0.08316,0
0.06877,0
0.05459,0
0.05359,0
0.05018,0
0.05084,0
0.04979,0
0.08742,0
0.00534,0
0.00655,0
0.00626,0
0.03050,0
0.02384,0
0.02274,0
0.02653,0
0.03515,0
0.03518,0
0.04477,0
0.01461,0
0.01806,0
0.01491,0
0.01142,0
0.01635,0
0.01247,0
0.01791,0
0.00534,0
0.00655,0
0.08316,0
0.07080,0
0.05217,0
0.05332,0
0.04801,0
0.04836,0
0.04924,0
0.08702,0
0.00534,0
0.01218,0
0.01424,0
0.01121,0
0.01566,0
0.01211,0
0.01863,0
0.05793,0
0.02221,0
0.03273,0
0.03517,0
0.05603,0
0.04455,0
0.03410,0
0.03097,0
0.03132,0
0.04010,0
0.01461,0
0.01806,0
0.01531,0
0.01168,0
0.01689,0
0.03723,1
0.04620,1
0.06468,1
0.07092,1
0.08093,1
0.00534,0
0.00813,0
0.00827,0
0.00739,0
0.01423,0
0.02145,0
0.02436,0
0.02377,0
0.02414,0
0.02552,0
0.01461,0
0.01250,0
0.01012,0
0.00849,0
0.01372,0
0.01511,0
0.01597,0
0.01973,0
0.01898,0
0.02198,0
0.00534,0
0.00655,0
0.00618,0
0.00583,0
0.01165,0
0.02025,0
0.03188,0
0.03268,0
0.03946,0
0.04726,0
0.02108,0
0.09789,0
0.09624,0
0.06155,0
0.05226,0
0.04081,0
0.04268,0
0.04445,0
0.04831,0
0.05879,0
0.12943,0
0.11031,0
0.10339,0
0.09883,0
0.09197,0
0.08265,0
0.08480,0
0.09037,0
0.10733,0
0.03728,1
0.03222,1
0.09655,1
0.09578,1
0.08229,1
0.07223,1
0.07326,1
0.06620,1
0.07279,1
0.09240,1
0.03728,0
0.02900,0
0.03148,1
0.04435,1
0.06144,1
0.05551,1
0.06564,1
0.07478,1
0.09890,1
0.12287,1
0.14194,1
0.14140,1
0.00534,0
0.00655,0
0.00734,0
0.00638,0
0.02647,0
0.03984,0
0.04536,0
0.03016,0
0.02993,0
0.03124,0
0.04983,0
0.03538,0
0.01969,0
0.02761,0
0.03092,0
0.02430,0
0.02134,0
0.02074,0
0.02222,0
0.02780,0
0.00534,0
0.00655,0
0.00695,0
0.04392,0
0.05858,0
0.06631,0
0.06491,0
0.07908,0
0.08387,0
0.00534,0
0.01218,0
0.01172,0
0.00884,0
0.01428,0
0.01065,0
0.01635,0
0.14641,1
0.08766,1
0.06059,1
0.04445,1
0.04411,1
0.03839,1
0.03990,1
0.18201,1
0.10580,1
0.07242,1
0.06076,1
0.07648,1
0.08679,1
0.02108,0
0.01769,0
0.01588,0
0.01296,0
0.01736,0
0.01926,0
0.02186,0
0.10696,0
0.07598,0
0.04418,0
0.03685,0
0.02757,0
0.02760,0
0.02901,0
0.03155,0
0.03872,0
0.15617,0
0.16441,0
0.07504,0
0.04643,0
0.03814,0
0.03465,0
0.03491,0
0.03728,0
0.04163,0
0.01461,0
0.01806,0
0.01531,0
0.01259,0
0.01718,0
0.01361,0
0.01599,0
0.03453,1
0.05182,1
0.05223,1
0.07288,1
0.06978,1
0.06638,1
0.06011,1
0.06395,1
0.06784,1
0.00534,0
0.01218,0
0.05289,1
0.05885,1
0.06907,1
0.09299,1
0.10463,1
0.12707,1
0.03091,0
0.05254,0
0.04428,0
0.03240,0
0.03393,0
0.02642,0
0.02837,0
0.02701,0
0.02777,0
0.03117,0
0.00534,0
0.00655,0
0.00695,0
0.00586,0
0.01292,0
0.02362,0
0.02491,0
0.02616,0
0.02813,0
0.03453,0
0.04392,0
0.04229,0
0.02685,0
0.02105,0
0.02182,0
0.02813,0
0.00534,0
0.00655,0
0.00695,0
0.00705,0
0.01430,0
0.01667,0
0.01928,0
0.02119,0
0.02037,0
0.02509,0
0.02108,0
0.01501,0
0.01346,0
0.01067,0
0.01543,0
0.01302,0
0.01915,0
0.02108,0
0.01501,0
0.01204,0
0.01090,0
0.01787,0
0.02777,0
0.02678,0
0.02547,0
0.02692,0
0.02779,0
0.03091,0
0.04047,0
0.03239,0
0.02209,0
0.01828,0
0.01955,0
0.03412,0
0.00534,0
0.00655,0
0.00626,0
0.00681,0
0.01456,0
0.02002,0
0.02755,0
0.02477,0
0.02669,0
0.02875,0
0.03091,0
0.05254,0
0.04428,0
0.03240,0
0.02824,0
0.02319,0
0.02146,0
0.02215,0
0.02339,0
0.02615,0
0.00534,0
0.05349,0
0.03925,0
0.04354,0
0.03311,0
0.03120,0
0.03460,0
0.03738,0
0.04361,0
0.05925,0
0.00534,0
0.00819,0
0.00874,0
0.00750,0
0.01428,0
0.02259,0
0.02483,0
0.02640,0
0.02716,0
0.02772,0
0.00534,0
0.01218,0
0.01185,0
0.02883,0
0.02497,0
0.02680,0
0.02819,0
0.03797,0
0.05381,0
0.07149,0
0.05574,0
0.02304,0
0.03348,0
0.02314,0
0.01804,0
0.02036,0
0.02312,0
0.01461,0
0.01806,0
0.01520,0
0.01235,0
0.01954,0
0.02539,0
0.02410,0
0.02537,0
0.02704,0
0.00534,0
0.01218,0
0.01160,0
0.00902,0
0.01187,0
0.01733,0
0.02021,0
0.02119,0
0.02106,0
0.02420,0
0.00534,0
0.00655,0
0.03729,0
0.03143,0
0.11547,1
0.11632,1
0.09515,1
0.10044,1
0.03091,0
0.04705,0
0.04411,0
0.04078,0
0.03563,0
0.03291,0
0.02811,0
0.02602,0
0.02665,0
0.02927,0
0.01461,0
0.01250,0
0.01213,0
0.00958,0
0.01476,0
0.01922,0
0.02335,0
0.01461,0
0.01250,0
0.00999,0
0.00804,0
0.01576,0
0.02453,0
0.02515,0
0.02430,0
0.02519,0
0.02595,0
0.03728,0
0.02542,0
0.01504,0
0.02127,0
0.02182,0
0.02351,0
0.02576,0
0.01461,0
0.01250,0
0.01095,0
0.00897,0
0.02441,0
0.02189,0
0.02875,0
0.02998,0
0.04219,0
0.04838,0
0.03091,0
0.04124,0
0.05378,0
0.06549,0
0.06620,0
0.07538,0
0.06815,0
0.06407,0
0.06159,0
0.01461,0
0.01250,0
0.00999,0
0.00897,0
0.01458,0
0.01749,0
0.01729,0
0.01461,0
0.01250,0
0.00985,0
0.00936,0
0.01470,0
0.01227,0
0.01844,0
0.03664,0
0.02784,0
0.01777,0
0.02812,0
0.03228,0
0.02800,0
0.02584,0
0.02675,0
0.02978,0
0.03168,0
0.00534,0
0.00655,0
0.03705,0
0.04068,0
0.04253,0
0.03671,0
0.04210,0
0.04633,0
0.05242,0
0.06516,0
0.00534,0
0.00655,0
0.03681,0
0.04200,0
0.02505,0
0.02507,0
0.02833,0
0.03206,0
0.03671,0
0.05517,0
0.00534,0
0.00655,0
0.05483,0
0.04425,0
0.03436,0
0.03486,0
0.03223,0
0.03271,0
0.03726,0
0.05395,0
0.00534,0
0.00655,0
0.05079,0
0.04958,0
0.05883,0
0.05711,0
0.05394,0
0.06539,0
0.08308,0
0.03453,0
0.05017,0
0.04690,0
0.05878,0
0.04808,0
0.03617,0
0.03601,0
0.03408,0
0.03566,0
0.00534,0
0.05884,0
0.03666,0
0.04059,0
0.03119,0
0.03002,0
0.03438,0
0.03749,0
0.04391,0
0.05995,0
0.03664,0
0.03263,0
0.02166,0
0.02569,0
0.03995,0
0.03711,0
0.03622,0
0.00534,0
0.00813,0
0.00815,0
0.00823,0
0.01371,0
0.01005,0
0.01736,0
0.00534,0
0.00655,0
0.03496,0
0.02905,0
0.03333,0
0.04021,0
0.03800,0
0.03543,0
0.03460,0
0.03526,0
0.01461,0
0.01250,0
0.00999,0
0.00804,0
0.01382,0
0.02680,1
0.04151,1
0.05310,1
0.07783,1
0.08966,1
0.01461,0
0.07698,0
0.06188,0
0.05030,0
0.04723,0
0.03741,0
0.04067,0
0.04318,0
0.04909,0
0.05844,0
0.00534,0
0.05884,0
0.03666,0
0.04059,0
0.03119,0
0.02709,0
0.03212,0
0.03697,0
0.04367,0
0.05487,0
0.02108,0
0.01501,0
0.01218,0
0.01007,0
0.01509,0
0.02044,0
0.02274,0
0.18343,0
0.09533,0
0.06571,0
0.05610,0
0.05076,0
0.03840,0
0.04001,0
0.15576,0
0.15158,0
0.12080,0
0.07145,0
0.04949,0
0.04259,0
0.04009,0
0.03862,0
0.04144,0
0.05079,0
0.10169,0
0.04153,0
0.02554,0
0.02545,0
0.02671,0
0.02894,0
0.03687,0
0.01461,0
0.01806,0
0.01505,0
0.01263,0
0.01780,0
0.02059,0
0.02081,0
0.02044,0
0.02039,0
0.02349,0
0.01461,0
0.01393,0
0.01224,0
0.01009,0
0.01536,0
0.01595,0
0.01567,0
0.00534,0
0.00655,0
0.00638,0
0.00640,0
0.01353,0
0.02323,0
0.03599,0
0.03302,0
0.03550,0
0.00534,0
0.00819,0
0.00916,0
0.00856,0
0.01507,0
0.02463,0
0.02465,0
0.02541,0
0.02764,0
0.17230,1
0.15452,1
0.16023,1
0.14235,1
0.13461,1
0.14221,1
0.12911,1
0.11292,1
0.11235,1
0.11027,1
0.10169,0
0.04252,0
0.02748,0
0.02482,0
0.02697,0
0.02994,0
0.03851,0
0.08057,0
0.06012,0
0.03395,0
0.03528,0
0.02971,0
0.03002,0
0.03094,0
0.03058,0
0.03341,0
0.03874,0
0.00534,0
0.03831,0
0.03281,0
0.04221,0
0.04852,0
0.04315,0
0.04700,0
0.00534,0
0.00655,0
0.00638,0
0.00640,0
0.02088,0
0.02427,0
0.03432,0
0.04017,0
0.03264,0
0.03491,0
0.00534,0
0.00655,0
0.00841,0
0.00690,0
0.01254,0
0.01673,0
0.01693,0
0.00534,0
0.00655,0
0.00655,0
0.00594,0
0.01380,0
0.02324,0
0.02397,0
0.02300,0
0.02416,0
0.02534,0
0.00534,0
0.00813,0
0.01025,0
0.00848,0
0.01188,0
0.01836,0
0.02166,0
0.02193,0
0.02154,0
0.02657,0
0.00534,0
0.00813,0
0.00880,0
0.00743,0
0.01340,0
0.01566,0
0.01899,0
0.00534,0
0.01218,0
0.01160,0
0.00902,0
0.03631,0
0.03398,0
0.03860,0
0.04397,0
0.05188,0
0.06641,0
0.04983,0
0.03974,0
0.02402,0
0.03013,0
0.03271,0
0.02689,0
0.02576,0
0.02465,0
0.02819,0
0.03304,0
0.03091,0
0.05254,0
0.03980,0
0.03543,0
0.03030,0
0.02448,0
0.02298,0
0.02231,0
0.02425,0
0.02904,0
0.00534,0
0.05172,0
0.06484,0
0.04020,0
0.03326,0
0.03297,0
0.03518,0
0.03804,0
0.04418,0
0.05365,0
0.00534,0
0.01218,0
0.01172,0
0.00884,0
0.02739,0
0.02286,0
0.02972,0
0.04284,0
0.07668,0
0.11200,0
0.11361,0
0.09044,0
0.04931,0
0.03929,0
0.03781,0
0.04006,0
0.04606,0
0.01461,0
0.01250,0
0.00985,0
0.00936,0
0.02338,0
0.02250,0
0.03535,0
0.04277,0
0.03404,0
0.03640,0
0.03664,0
0.02784,0
0.01826,0
0.02292,0
0.03792,0
0.03557,0
0.03508,0
0.02108,0
0.02254,0
0.01848,0
0.01512,0
0.01940,0
0.02877,0
0.04022,0
0.03998,0
0.04181,0
0.00534,0
0.00655,0
0.00638,0
0.04265,1
0.05139,1
0.03802,1
0.04041,1
0.05853,1
0.06971,1
0.07602,1
0.09251,1
0.12047,1
0.12181,1
0.00534,0
0.03649,0
0.03919,0
0.05091,0
0.05867,0
0.05165,0
0.05402,0
0.00534,0
0.00655,0
0.04378,0
0.02760,0
0.02975,0
0.03198,0
0.02892,0
0.03204,0
0.03151,0
0.04144,0
0.05793,0
0.02221,0
0.03468,0
0.02323,0
0.02484,0
0.02574,0
0.02891,0
0.00534,0
0.00655,0
0.00638,0
0.03593,0
0.03232,0
0.02252,0
0.02709,0
0.02975,0
0.03700,0
0.05899,0
0.13770,0
0.06163,0
0.05194,0
0.03712,0
0.03638,0
0.03292,0
0.03211,0
0.03363,0
0.03806,0
0.05330,0
0.00534,0
0.00819,0
0.00980,0
0.00902,0
0.01457,0
0.01797,0
0.02185,0
0.02108,0
0.01501,0
0.01256,0
0.01642,1
0.03835,1
0.05759,1
0.05613,1
0.05246,1
0.06637,1
0.09613,1
0.10664,1
0.11541,1
0.03091,0
0.04047,0
0.02930,0
0.02677,0
0.02222,0
0.02325,0
0.02797,0
0.03728,0
0.07882,0
0.07727,0
0.05975,0
0.06111,0
0.04248,0
0.04859,0
0.00534,0
0.00655,0
0.00638,0
0.01232,1
0.01796,1
0.02453,1
0.03470,1
0.10079,0
0.07101,0
0.04868,0
0.03801,0
0.03950,0
0.02987,0
0.02897,0
0.02796,0
0.02864,0
0.03374,0
0.05793,0
0.02221,0
0.03468,0
0.02323,0
0.02484,0
0.02763,0
0.03003,0
0.00534,0
0.00813,0
0.00854,0
0.00837,0
0.01396,0
0.02834,0
0.04499,0
0.03457,0
0.03308,0
0.03895,0
0.00534,0
0.00655,0
0.00618,0
0.00583,0
0.01164,0
0.01480,0
0.01730,0
0.01758,0
0.01608,0
0.01954,0
0.08057,0
0.06012,0
0.03527,0
0.03344,0
0.02864,0
0.02507,0
0.02556,0
0.02543,0
0.02696,0
0.03252,0
0.00534,0
0.00655,0
0.00841,0
0.02782,0
0.02566,0
0.03246,0
0.03177,0
0.04372,0
0.06203,0
0.05574,0
0.02456,0
0.03632,0
0.03384,0
0.03261,0
0.02756,0
0.02367,0
0.02244,0
0.02395,0
0.03278,0
0.03453,1
0.05648,1
0.06998,1
0.07524,1
0.11167,1
0.09816,1
0.12023,1
0.13105,1
0.12143,1
0.11922,1
0.11134,0
0.06419,0
0.04827,0
0.04383,0
0.04266,0
0.03326,0
0.04055,0
0.05883,0
0.02466,0
0.03619,0
0.03319,0
0.03207,0
0.02821,0
0.02423,0
0.02287,0
0.02338,0
0.03207,0
0.00534,0
0.00655,0
0.00695,0
0.03020,0
0.02091,0
0.02378,0
0.02779,0
0.03647,0
0.03568,0
0.04451,0
0.00534,0
0.00655,0
0.00638,0
0.00549,0
0.01134,0
0.02597,0
0.04354,0
0.03317,0
0.03181,0
0.03744,0
0.00534,0
0.03831,0
0.03662,0
0.04664,0
0.05130,0
0.04585,0
0.04966,0
0.00534,0
0.01218,0
0.01272,0
0.01072,0
0.01746,0
0.02379,0
0.03531,0
0.03046,0
0.03089,0
0.03172,0
0.02108,0
0.01501,0
0.06577,0
0.06595,0
0.08610,0
0.08177,0
0.07549,0
0.07342,0
0.07212,0
0.08542,0
0.10696,0
0.06017,0
0.03978,0
0.03342,0
0.02425,0
0.02481,0
0.02643,0
0.02822,0
0.03472,0
0.02108,0
0.02254,0
0.01848,0
0.01400,0
0.01815,0
0.01667,0
0.01848,0
0.15576,0
0.15158,0
0.12080,0
0.07251,0
0.05096,0
0.04547,0
0.04263,0
0.04065,0
0.04298,0
0.05220,0
0.03664,0
0.02798,0
0.01794,0
0.03332,0
0.03738,0
0.02567,0
0.02104,0
0.01959,0
0.02224,0
0.02696,0
0.05664,0
0.02210,0
0.03039,0
0.04317,0
0.04552,0
0.03993,0
0.03389,0
0.03114,0
0.03107,0
0.02108,0
0.01501,0
0.01218,0
0.01007,0
0.01575,0
0.02074,0
0.02082,0
0.02055,0
0.02049,0
0.02566,0
0.00534,0
0.00813,0
0.00880,0
0.00861,0
0.01509,0
0.02112,0
0.02587,0
0.02779,0
0.02984,0
0.00534,0
0.00655,0
0.04262,0
0.03473,0
0.03654,0
0.02712,0
0.02889,1
0.05664,0
0.02210,0
0.03039,0
0.04164,0
0.03915,0
0.03482,0
0.03196,0
0.02903,0
0.02877,0
0.03665,0
0.00534,0
0.00655,0
0.00638,0
0.00640,0
0.01232,0
0.01565,0
0.01573,0
0.01461,0
0.01250,0
0.00999,0
0.00897,0
0.01459,0
0.02265,0
0.02246,0
0.02558,0
0.02654,0
0.00534,0
0.00819,0
0.00874,0
0.00842,0
0.01787,1
0.03641,1
0.03884,1
0.04178,1
0.04159,1
0.03091,0
0.04124,0
0.04306,0
0.04317,0
0.04000,0
0.03665,0
0.03130,0
0.02856,0
0.02907,0
0.03109,0
0.10169,0
0.05868,0
0.02942,0
0.02904,0
0.02941,0
0.03025,0
0.03738,0
0.01461,0
0.04667,0
0.03497,0
0.03998,0
0.03031,0
0.02680,0
0.03216,0
0.03578,0
0.04200,0
0.05858,0
0.04983,0
0.03538,0
0.01969,0
0.02912,0
0.02963,0
0.05688,0
0.06421,0
0.05903,0
0.05418,0
0.05544,0
0.00534,0
0.01218,0
0.01424,0
0.01234,0
0.01798,0
0.02037,0
0.02125,0
0.02129,0
0.02114,0
0.02622,0
0.10696,0
0.06851,0
0.05716,0
0.04443,0
0.05655,0
0.06279,0
0.06130,0
0.05887,0
0.05721,0
0.06123,0
0.00534,0
0.00819,0
0.00888,0
0.00757,0
0.01310,0
0.01629,0
0.01741,0
0.01944,0
0.01884,0
0.02417,0
0.01461,0
0.01723,1
0.01421,1
0.01308,1
0.01874,1
0.02607,1
0.03862,1
0.03929,1
0.04022,1
0.03091,0
0.04047,0
0.04624,0
0.03062,0
0.03035,0
0.03070,0
0.03271,0
0.05793,0
0.02221,0
0.02712,0
0.04685,0
0.05216,0
0.04903,0
0.04477,0
0.04083,0
0.03965,0
0.04688,0
0.00534,0
0.00655,0
0.00741,0
0.03171,1
0.02445,1
0.03934,1
0.05854,1
0.06066,1
0.05126,1
0.06660,1
0.01461,0
0.01250,0
0.04476,0
0.05202,0
0.06599,0
0.07457,0
0.09907,0
0.00534,0
0.00655,0
0.00618,0
0.00674,0
0.01254,0
0.00923,0
0.01538,0
0.03728,0
0.02542,0
0.01504,0
0.02666,0
0.02865,0
0.02885,0
0.03036,0
0.00534,0
0.00813,0
0.00840,0
0.00795,0
0.02499,1
0.05049,1
0.05567,1
0.05434,1
0.07612,1
0.07809,1
0.03453,0
0.05648,0
0.04563,0
0.03523,0
0.03165,0
0.02832,0
0.02610,0
0.02806,0
0.02886,0
0.03117,0
0.05793,0
0.02221,0
0.03468,0
0.02366,0
0.02106,0
0.02151,0
0.02547,0
0.05883,0
0.02309,0
0.03172,0
0.04225,0
0.04043,0
0.03350,0
0.03640,0
0.03354,0
0.03352,0
0.04634,0
0.00534,0
0.01218,0
0.01172,0
0.00884,0
0.02630,0
0.02233,0
0.03075,0
0.03121,0
0.06702,0
0.09928,0
0.01461,0
0.01806,0
0.01630,0
0.01401,0
0.03883,0
0.04917,0
0.05416,0
0.03620,0
0.03452,0
0.03838,0
0.01461,0
0.01250,0
0.01099,0
0.00898,0
0.01557,0
0.05036,1
0.05995,1
0.06789,1
0.08090,1
0.11030,1
0.10899,1
0.11369,1
0.13210,1
0.00534,0
0.00655,0
0.00841,0
0.00806,0
0.01353,0
0.02220,0
0.03826,0
0.06674,0
0.09475,0
0.11401,0
0.00534,0
0.06776,1
0.06367,1
0.05999,1
0.05197,1
0.05004,1
0.05204,1
0.06273,1
0.01461,0
0.01806,0
0.04784,0
0.04989,0
0.05288,0
0.06567,0
0.06540,0
0.06747,0
0.06966,0
0.08935,0
0.06672,0
0.02497,0
0.03719,0
0.03503,0
0.03368,0
0.03294,0
0.02795,0
0.02606,0
0.02588,0
0.03445,0
0.04983,0
0.03348,0
0.01983,0
0.02740,0
0.03592,0
0.02760,0
0.02360,0
0.02271,0
0.02605,0
0.03421,0
0.00534,0
0.01218,0
0.01424,0
0.01234,0
0.01659,0
0.01400,0
0.02093,0
0.00534,0
0.00655,0
0.00638,0
0.00549,0
0.01167,0
0.00830,0
0.01439,0
0.10696,0
0.07598,0
0.04418,0
0.03593,0
0.02687,0
0.02668,0
0.02810,0
0.03069,0
0.03772,0
0.00534,0
0.00655,0
0.00655,0
0.00686,0
0.01262,0
0.00919,0
0.01517,0
0.00534,0
0.00813,0
0.00840,0
0.00795,0
0.01355,0
0.01599,0
0.01878,0
0.00534,0
0.01218,0
0.01185,0
0.00910,0
0.01463,0
0.01122,0
0.01398,0
0.03728,0
0.02666,0
0.01506,0
0.03162,0
0.03209,0
0.02331,0
0.01826,0
0.01885,0
0.02242,0
0.03050,0
0.00534,0
0.00655,0
0.05483,0
0.04556,0
0.03482,0
0.03691,0
0.03423,0
0.03371,0
0.03538,0
0.05459,0
0.00534,0
0.01218,0
0.01271,0
0.01011,0
0.01645,0
0.02445,0
0.03398,0
0.06649,0
0.09597,0
0.10990,0
0.00534,0
0.01218,0
0.01637,1
0.06179,1
0.09643,1
0.08985,1
0.07741,1
0.07594,1
0.07760,1
0.08387,1
0.07833,1
0.08748,1
0.05664,0
0.02351,0
0.03368,0
0.02272,0
0.01788,0
0.01820,0
0.02248,0
0.00534,0
0.01218,0
0.01160,0
0.01017,0
0.01520,0
0.01231,0
0.01764,0
0.00534,0
0.01218,0
0.01172,0
0.00884,0
0.01428,0
0.01065,0
0.01334,0
0.00534,0
0.01218,0
0.01160,0
0.00902,0
0.01651,0
0.02482,0
0.02350,0
0.02257,0
0.03027,0
0.04118,0
0.09852,0
0.07671,0
0.05753,0
0.04427,0
0.04538,0
0.03480,0
0.03270,0
0.03161,0
0.03281,0
0.03802,0
0.00534,0
0.01218,0
0.01185,0
0.00910,0
0.01463,0
0.01088,0
0.01793,0
0.05883,0
0.02466,0
0.03474,0
0.02716,0
0.02110,0
0.02110,0
0.02522,0
0.02108,0
0.02921,1
0.03352,1
0.09295,1
0.09207,1
0.07508,1
0.08151,1
0.08230,1
0.08451,1
0.08598,1
0.10363,1
0.13466,1
0.03728,0
0.02542,0
0.01504,0
0.03182,0
0.03585,0
0.02364,0
0.01904,0
0.01771,0
0.02053,0
0.02538,0
0.00534,0
0.00819,0
0.03878,0
0.04715,0
0.05952,0
0.06957,0
0.12388,0
0.11984,0
0.08557,0
0.04850,0
0.04193,0
0.03205,0
0.02930,0
0.02822,0
0.03077,0
0.03475,0
0.04349,0
0.00534,0
0.01218,0
0.01172,0
0.00884,0
0.02821,0
0.03500,0
0.03457,0
0.03474,0
0.04146,0
0.04787,0
0.00534,0
0.00655,0
0.00638,0
0.00640,0
0.01232,0
0.00918,0
0.01229,0
0.03728,0
0.02927,0
0.01731,0
0.03350,0
0.03568,0
0.02641,0
0.02119,0
0.02296,0
0.02377,0
0.03104,0
0.01461,0
0.01806,0
0.01630,0
0.01270,0
0.01845,0
0.01860,0
0.02156,0
0.02289,0
0.02193,0
0.02444,0
0.03664,0
0.03013,0
0.01764,0
0.03202,0
0.03247,0
0.02359,0
0.02022,0
0.02255,0
0.02425,0
0.03176,0
0.10696,0
0.07386,0
0.04925,0
0.03714,0
0.03926,0
0.03080,0
0.02991,0
0.03017,0
0.03174,0
0.03720,0
0.03453,0
0.04392,0
0.04417,0
0.03475,0
0.02693,0
0.02705,0
0.03045,0
0.00534,0
0.00813,0
0.00840,0
0.02653,0
0.02466,0
0.02802,0
0.02875,0
0.02938,0
0.06428,0
0.10148,0
0.08057,0
0.06012,0
0.03395,0
0.04042,0
0.03386,0
0.02976,0
0.02955,0
0.02941,0
0.03048,0
0.03628,0
0.05364,0
0.02356,0
0.03406,0
0.03543,0
0.03144,0
0.02729,0
0.02888,0
0.05883,1
0.02309,1
0.03365,1
0.08228,1
0.08495,1
0.06503,1
0.06832,1
0.06515,1
0.10784,1
0.09969,1
0.03453,0
0.05017,0
0.05621,0
0.08652,0
0.07130,0
0.05791,0
0.05186,0
0.04808,0
0.04798,0
0.05595,0
0.02403,0
0.03274,1
0.04472,1
0.04770,1
0.04318,1
0.04029,1
0.03958,1
0.04005,1
0.04447,1
0.00534,0
0.00655,0
0.00638,0
0.00640,0
0.01665,0
0.01838,0
0.03190,0
0.03718,0
0.03397,0
0.03802,0
0.09435,0
0.16955,0
0.14017,0
0.08048,0
0.05917,0
0.05183,0
0.04736,0
0.04627,0
0.04872,0
0.05861,0
0.12648,1
0.08411,1
0.08551,1
0.09888,1
0.08310,1
0.07331,1
0.06147,1
0.06584,1
0.06193,1
0.06708,1
0.01461,0
0.01250,0
0.01065,0
0.00855,0
0.01549,0
0.02492,0
0.02542,0
0.02369,0
0.02263,0
0.02550,0
0.00534,0
0.00655,0
0.00655,0
0.00594,0
0.01177,0
0.01498,0
0.01649,0
0.01862,0
0.01818,0
0.02119,0
0.00534,0
0.00655,0
0.00655,0
0.00686,0
0.00974,0
0.01685,0
0.01809,0
0.02045,0
0.01849,0
0.02533,0
0.08057,0
0.06012,0
0.03395,0
0.03528,0
0.02791,0
0.02568,0
0.02754,0
0.02849,0
0.03078,0
0.03660,0
0.00534,0
0.00819,0
0.00980,0
0.00784,0
0.01776,0
0.02364,0
0.02309,0
0.00534,0
0.01218,0
0.08288,1
0.06722,1
0.05011,1
0.07256,1
0.06694,1
0.08411,1
0.08948,1
0.12543,1
0.04983,0
0.03974,0
0.02402,0
0.02945,0
0.04152,0
0.07030,0
0.06663,0
0.06062,0
0.06766,0
0.03728,0
0.02927,0
0.01731,0
0.02851,0
0.04259,0
0.05541,0
0.05517,0
0.04998,0
0.05894,0
0.04983,1
0.03485,1
0.02014,1
0.02473,1
0.02998,1
0.03938,1
0.04479,1
0.00534,0
0.00655,0
0.00638,0
0.00549,0
0.01639,0
0.01887,0
0.01830,0
0.00534,0
0.01218,0
0.01144,0
0.00996,0
0.01507,0
0.01164,0
0.01440,0
0.05595,0
0.02262,0
0.03214,0
0.03707,0
0.05805,0
0.03731,0
0.02963,0
0.02724,0
0.02802,0
0.03718,0
0.00534,0
0.00655,0
0.07064,1
0.11506,1
0.10979,1
0.11796,1
0.10942,1
0.11209,1
0.11678,1
0.08057,0
0.05830,0
0.03596,0
0.03620,0
0.03074,0
0.03097,0
0.03055,0
0.03053,0
0.03277,0
0.03769,0
0.13770,0
0.05738,0
0.04495,0
0.03304,0
0.03234,0
0.03004,0
0.03088,0
0.03277,0
0.03713,0
0.05280,0
0.00534,0
0.01218,0
0.04986,1
0.04903,1
0.04426,1
0.00534,0
0.00655,0
0.03496,0
0.02761,0
0.03016,0
0.03334,0
0.03468,0
0.03522,0
0.03624,0
0.00534,0
0.06401,1
0.07691,1
0.07297,1
0.06312,1
0.05080,1
0.06817,1
0.06841,1
0.08130,1
0.09559,1
0.13756,0
0.14371,0
0.14497,0
0.11251,0
0.09052,0
0.08122,0
0.07559,0
0.07322,0
0.07424,0
0.08111,0
0.04983,0
0.03631,0
0.02121,0
0.03003,0
0.03489,0
0.02934,0
0.02721,0
0.02579,0
0.02987,0
0.03114,0
0.04983,0
0.08806,0
0.07988,0
0.05967,0
0.06103,0
0.05072,0
0.05768,0
0.00534,0
0.00655,0
0.00638,0
0.03705,0
0.05344,0
0.06185,0
0.06298,0
0.08967,0
0.09566,0
0.00534,0
0.00655,0
0.00841,0
0.00806,0
0.01353,0
0.02305,0
0.02412,0
0.02328,0
0.03078,0
0.04134,0
0.04983,0
0.03538,0
0.01920,0
0.02738,0
0.03682,0
0.03071,0
0.03005,0
0.02923,0
0.03407,0
0.03712,0
0.00534,0
0.01218,0
0.01185,0
0.01013,0
0.01515,0
0.01546,0
0.01480,0
0.00534,0
0.00655,0
0.04378,0
0.02760,0
0.03106,0
0.03512,0
0.03174,0
0.03476,0
0.03248,0
0.04086,0
0.00534,0
0.00819,0
0.00888,0
0.00850,0
0.01405,0
0.01721,0
0.01799,0
0.01974,0
0.01936,0
0.02473,0
0.01461,0
0.01393,0
0.01326,0
0.03134,0
0.02762,0
0.03264,0
0.03097,0
0.04031,0
0.05440,0
0.07112,0
0.02108,0
0.01501,0
0.01343,0
0.01159,0
0.01418,0
0.02226,0
0.02638,0
0.03008,0
0.02675,0
0.02911,0
0.00534,0
0.01218,0
0.01271,0
0.01011,0
0.02583,0
0.02754,0
0.03566,0
0.04275,0
0.03394,0
0.03592,0
0.00534,0
0.00655,0
0.04378,0
0.02760,0
0.02975,0
0.03198,0
0.02892,0
0.03204,0
0.03112,0
0.04115,0
0.05595,0
0.02403,0
0.02678,0
0.03445,0
0.03057,0
0.02649,0
0.02310,0
0.02505,0
0.02530,0
0.03026,0
0.10169,0
0.04753,0
0.03078,0
0.02996,0
0.03050,0
0.03173,0
0.04026,0
0.05595,0
0.02262,0
0.03412,0
0.02467,0
0.02037,0
0.02303,0
0.02699,0
0.03091,0
0.04124,0
0.05378,0
0.06549,0
0.05358,0
0.03894,0
0.03778,0
0.03559,0
0.03691,0
0.00534,0
0.00655,0
0.00695,0
0.00705,0
0.01430,0
0.01440,0
0.01919,0
0.02000,0
0.01872,0
0.02465,0
0.04983,0
0.04266,0
0.02498,0
0.03375,0
0.03975,0
0.03477,0
0.03245,0
0.02998,0
0.03400,0
0.03577,0
0.00534,0
0.06238,0
0.09381,1
0.08634,1
0.08823,1
0.08755,1
0.09109,1
0.08951,1
0.03453,0
0.05017,0
0.04839,0
0.04324,0
0.04085,0
0.04480,0
0.05030,0
0.04782,0
0.04785,0
0.05001,0
0.00534,0
0.00655,0
0.00655,0
0.00594,0
0.01196,0
0.01524,0
0.01835,0
0.10169,0
0.07149,0
0.03889,0
0.03118,0
0.02915,0
0.02952,0
0.03803,0
0.01461,0
0.01250,0
0.01099,0
0.00898,0
0.01446,0
0.03180,0
0.03121,0
0.03131,0
0.03454,0
0.03761,0
0.01461,0
0.04326,0
0.03539,0
0.04578,0
0.05077,0
0.04398,0
0.04780,0
0.11134,1
0.08657,1
0.11015,1
0.10519,1
0.09923,1
0.08631,1
0.08527,1
0.01461,0
0.01250,0
0.05762,0
0.04386,0
0.03510,0
0.04010,0
0.03775,0
0.03833,0
0.03840,0
0.06009,0
0.03091,0
0.04047,0
0.03239,0
0.02209,0
0.01828,0
0.02031,0
0.02372,0
0.03510,0
0.02760,0
0.01600,0
0.03182,0
0.03203,0
0.02233,0
0.01931,0
0.01811,0
0.02178,0
0.02988,0
0.08057,0
0.05830,0
0.03457,0
0.03403,0
0.02959,0
0.02625,0
0.02683,0
0.02720,0
0.02886,0
0.03489,0
0.05793,0
0.02531,0
0.03324,0
0.04771,0
0.05238,0
0.04460,0
0.03761,0
0.03429,0
0.03400,0
0.01461,0
0.01250,0
0.00999,0
0.00897,0
0.01459,0
0.02543,0
0.03208,0
0.02863,0
0.02986,0
0.03133,0
0.00534,0
0.00813,0
0.03366,1
0.04587,1
0.05481,1
0.05781,1
0.05811,1
0.00534,0
0.03774,1
0.04985,1
0.05839,1
0.08271,1
0.09168,1
0.07770,1
0.07544,1
0.06721,1
0.06937,1
0.00534,0
0.01218,0
0.05372,0
0.05680,0
0.03766,0
0.03471,0
0.10737,1
0.08380,1
0.09283,1
0.09392,1
0.09714,1
0.11199,1
0.13602,1
0.03091,0
0.14151,1
0.11789,1
0.12273,1
0.13814,1
0.13021,1
0.12195,1
0.11060,1
0.10452,1
0.10606,1
0.00534,0
0.00655,0
0.00695,0
0.00586,0
0.01187,0
0.00938,0
0.01313,0
0.00534,0
0.00655,0
0.00638,0
0.00549,0
0.01167,0
0.00830,0
0.01580,0
0.03728,0
0.03222,0
0.01834,0
0.02390,0
0.03896,0
0.03208,0
0.03165,0
0.03728,0
0.02542,0
0.01504,0
0.02673,0
0.04207,0
0.03822,0
0.03531,0
0.03358,0
0.03926,0
0.04151,0
0.03728,0
0.02927,0
0.01731,0
0.03350,0
0.03199,0
0.02505,0
0.02115,0
0.02311,0
0.02450,0
0.02889,0
0.00534,0
0.01218,0
0.01144,0
0.00886,0
0.01618,0
0.02281,0
0.02342,0
0.02448,0
0.02551,0
0.02625,0
0.00534,0
0.01218,0
0.01160,0
0.00902,0
0.03931,0
0.04791,0
0.04796,0
0.03684,0
0.03433,0
0.03887,0
0.00534,0
0.01218,0
0.01172,0
0.00985,0
0.01997,0
0.01515,0
0.02076,0
0.15001,0
0.13561,0
0.11349,0
0.09945,0
0.09984,0
0.12158,0
0.10915,0
0.07717,0
0.07528,0
0.07852,0
0.02108,0
0.02254,0
0.01907,0
0.01545,0
0.01882,0
0.01592,0
0.02121,0
0.05664,0
0.02210,0
0.03273,0
0.03192,0
0.02666,0
0.02417,0
0.02611,0
0.05364,0
0.02196,0
0.03332,0
0.02254,0
0.05271,1
0.03586,1
0.04095,1
0.04568,1
0.04718,1
0.00534,0
0.01218,0
0.01271,0
0.01011,0
0.03133,0
0.03949,0
0.04207,0
0.03162,0
0.02985,0
0.03624,0
0.04983,0
0.03631,0
0.02121,0
0.02753,0
0.03745,0
0.03184,0
0.03048,0
0.02935,0
0.03309,0
0.03546,0
0.01461,0
0.01806,0
0.01619,0
0.02040,1
0.04971,1
0.04850,1
0.05449,1
0.05200,1
0.07527,1
0.05475,0
0.05165,0
0.02987,0
0.03405,0
0.02866,0
0.02975,0
0.03032,0
0.03146,0
0.03379,0
0.03957,0
0.01461,0
0.01393,0
0.01326,0
0.03066,0
0.03712,0
0.03716,0
0.04172,0
0.04323,0
0.03720,0
0.04036,0
0.06033,1
0.02280,1
0.03318,1
0.02734,1
0.02074,1
0.02259,1
0.02619,1
0.00534,0
0.00655,0
0.04355,0
0.04220,0
0.04988,0
0.04714,0
0.04743,0
0.05455,0
0.08337,0
0.31867,0
0.23153,0
0.18944,0
0.15740,0
0.13749,0
0.12819,0
0.12655,0
0.12755,0
0.12633,0
0.14766,0
0.02108,0
0.05183,0
0.04414,0
0.05405,0
0.05574,0
0.04986,0
0.05333,0
0.08057,0
0.06012,0
0.03395,0
0.03528,0
0.02971,0
0.02612,0
0.02634,0
0.02737,0
0.02969,0
0.03500,0
0.03091,0
0.04047,0
0.02896,0
0.02185,0
0.01942,0
0.02174,0
0.02748,0
0.00534,0
0.00655,0
0.00626,0
0.00681,0
0.01277,0
0.01577,0
0.01558,0
0.02093,0
0.02061,0
0.02596,0
0.02108,0
0.01501,0
0.01254,0
0.01013,0
0.01490,0
0.01366,0
0.01748,0
0.00534,0
0.01218,0
0.01424,0
0.01121,0
0.02664,0
0.02426,0
0.03220,0
0.04009,0
0.03679,0
0.04129,0
0.03091,0
0.07749,0
0.08643,0
0.09657,0
0.11652,0
0.10503,0
0.10371,0
0.09364,0
0.09355,0
0.09075,0
0.10169,0
0.04153,0
0.02554,0
0.02282,0
0.02562,0
0.02786,0
0.03678,0
0.00534,0
0.00655,0
0.00655,0
0.00686,0
0.02573,0
0.02165,0
0.03071,0
0.03064,0
0.06613,0
0.09364,0
0.00534,0
0.08176,1
0.08141,1
0.07747,1
0.07607,1
0.06189,1
0.03091,0
0.03719,0
0.04084,0
0.03981,0
0.03670,0
0.03409,0
0.02991,0
0.03127,0
0.03108,0
0.03435,0
0.15617,0
0.20465,0
0.11441,0
0.07593,0
0.06301,0
0.05551,0
0.05408,0
0.05463,0
0.05831,0
0.00534,0
0.00655,0
0.03496,0
0.02905,0
0.03312,0
0.03872,0
0.03805,0
0.04130,0
0.04106,0
0.04148,0
0.05089,1
0.08940,1
0.07253,1
0.05437,1
0.04490,1
0.04313,1
0.04439,1
0.05701,1
0.03091,0
0.04705,0
0.04548,0
0.07930,0
0.07436,0
0.05124,0
0.04250,0
0.03844,0
0.03710,0
0.03888,0
0.00534,0
0.00655,0
0.00655,0
0.00686,0
0.01262,0
0.00919,0
0.01517,0
0.05883,0
0.02466,0
0.03619,0
0.03365,0
0.03520,0
0.02825,0
0.02351,0
0.02403,0
0.02408,0
0.02904,0
0.04983,1
0.03538,1
0.01920,1
0.03081,1
0.03168,1
0.05264,1
0.05778,1
0.09585,1
0.11222,1
0.03728,0
0.02666,0
0.01440,0
0.02659,0
0.03737,0
0.05806,0
0.06144,0
0.05545,0
0.05464,0
0.05501,0
0.00534,0
0.00655,0
0.00638,0
0.06317,0
0.04818,0
0.04123,0
0.04325,0
0.04905,0
0.05024,0
0.08527,0
0.03453,0
0.05182,0
0.03933,0
0.03423,0
0.02741,0
0.02783,0
0.03152,0
0.03664,0
0.03263,0
0.02137,0
0.02712,0
0.03961,0
0.05435,0
0.06466,0
0.06435,0
0.06354,0
0.06514,0
0.08057,0
0.06012,0
0.03527,0
0.03536,0
0.02966,0
0.02599,0
0.02627,0
0.02603,0
0.02857,0
0.03450,0
0.05664,0
0.02351,0
0.03518,0
0.03280,0
0.03169,0
0.02774,0
0.02387,0
0.02256,0
0.02405,0
0.03284,0
0.00534,0
0.00655,0
0.00655,0
0.00686,0
0.02612,0
0.03663,0
0.03445,0
0.03246,0
0.03243,0
0.03745,0
0.01461,0
0.01403,0
0.01189,0
0.01047,0
0.01579,0
0.01185,0
0.01433,0
0.03091,0
0.04705,0
0.04411,0
0.04078,0
0.03569,0
0.03790,0
0.03425,0
0.03194,0
0.03228,0
0.03548,0
0.00534,0
0.00819,0
0.00905,0
0.00723,0
0.01290,0
0.01620,0
0.01909,0
0.01461,0
0.07900,0
0.04975,0
0.05974,0
0.06474,0
0.05470,0
0.05612,0
0.00534,0
0.01218,0
0.01144,0
0.00996,0
0.01507,0
0.01164,0
0.01440,0
0.00534,0
0.00655,0
0.00655,0
0.00686,0
0.01386,0
0.01961,0
0.02323,0
0.02518,0
0.02765,0
0.00534,0
0.00819,0
0.01135,0
0.00884,0
0.01375,0
0.02285,0
0.03870,0
0.03590,0
0.03533,0
0.04585,0
0.03091,0
0.04705,0
0.04411,0
0.04266,0
0.03788,0
0.03384,0
0.03049,0
0.02850,0
0.02910,0
0.03163,0
0.00534,0
0.00655,0
0.05549,0
0.05026,0
0.03995,0
0.04416,0
0.04344,0
0.04342,0
0.05521,0
0.00534,0
0.00819,0
0.01002,0
0.00907,0
0.01431,0
0.01083,0
0.01659,0
0.03091,0
0.04047,0
0.02889,0
0.02516,0
0.02239,0
0.02391,0
0.02662,0
0.11984,0
0.08642,0
0.04913,0
0.07008,0
0.07422,0
0.06719,0
0.06227,0
0.06132,0
0.06358,0
0.07042,0
0.04983,0
0.03631,0
0.02121,0
0.03003,0
0.03836,0
0.03430,0
0.03186,0
0.02904,0
0.03894,0
0.04953,0
0.00534,0
0.00655,0
0.00695,0
0.00705,0
0.01430,0
0.01440,0
0.01919,0
0.02171,0
0.01975,0
0.02301,0
0.00534,0
0.06367,0
0.04230,0
0.05400,0
0.05775,0
0.04761,0
0.05030,0
0.00534,0
0.00655,0
0.00618,0
0.00583,0
0.01664,0
0.01208,0
0.01522,0
0.00534,0
0.00819,0
0.00905,0
0.02680,0
0.02208,0
0.02538,0
0.02746,0
0.03410,0
0.05389,0
0.00534,0
0.00655,0
0.00655,0
0.00686,0
0.01471,0
0.02132,0
0.02097,0
0.02448,0
0.02557,0
0.01461,0
0.01250,0
0.00999,0
0.00897,0
0.02312,0
0.02606,0
0.03596,0
0.04011,0
0.03450,0
0.03860,0
0.00534,0
0.00655,0
0.00626,0
0.00590,0
0.01364,0
0.02227,0
0.02168,0
0.02206,0
0.02565,0
0.02886,0
0.03453,0
0.04004,0
0.04222,0
0.03865,0
0.04160,0
0.03848,0
0.03182,0
0.02921,0
0.02944,0
0.03239,0
0.00534,0
0.00819,0
0.00916,0
0.00763,0
0.01513,0
0.03336,0
0.03177,0
0.03058,0
0.03212,0
0.03288,0
0.03728,1
0.07187,1
0.04758,1
0.04972,1
0.06084,1
0.05647,1
0.05177,1
0.05664,0
0.02351,0
0.03368,0
0.02272,0
0.01788,0
0.02014,0
0.02453,0
0.10696,1
0.10354,1
0.09935,1
0.12899,1
0.13105,1
0.12449,1
0.11288,1
0.09965,1
0.09861,1
0.10241,1
0.10079,0
0.06614,0
0.04693,0
0.03733,0
0.04136,0
0.03109,0
0.02967,0
0.03001,0
0.03129,0
0.03690,0
0.01461,0
0.01250,0
0.01065,0
0.00973,0
0.01493,0
0.01907,0
0.02331,0
0.01461,0
0.01250,0
0.01012,0
0.00849,0
0.01590,0
0.02494,0
0.02518,0
0.02503,0
0.02562,0
0.02716,0
0.03728,0
0.03222,0
0.01891,0
0.02580,0
0.04338,0
0.03747,0
0.03545,0
0.03348,0
0.03527,0
0.03744,0
0.00534,0
0.01218,0
0.01144,0
0.00996,0
0.01565,0
0.01660,0
0.01982,0
0.02016,0
0.02041,0
0.02603,0
0.03091,0
0.04124,0
0.05112,0
0.08639,0
0.07523,0
0.05566,0
0.04674,0
0.04251,0
0.04115,0
0.04258,0
0.05664,0
0.02210,0
0.02339,0
0.02718,0
0.02939,0
0.02606,0
0.02392,0
0.02298,0
0.02335,0
0.03244,0
0.00534,0
0.00655,0
0.00638,0
0.00549,0
0.02484,0
0.03356,0
0.03528,0
0.03246,0
0.03497,0
0.04188,0
0.05574,0
0.02304,0
0.03152,0
0.04183,0
0.04103,0
0.03344,0
0.02658,0
0.02457,0
0.02492,0
0.03327,0
0.11014,0
0.06266,0
0.05051,0
0.03817,0
0.03230,0
0.03043,0
0.03147,0
0.03239,0
0.03738,0
0.04868,0
0.01461,0
0.01806,0
0.01491,0
0.01242,0
0.01701,0
0.01316,0
0.01547,0
0.01461,0
0.01250,0
0.05294,0
0.06118,0
0.07199,0
0.07924,0
0.09851,0
0.00534,0
0.00813,0
0.00815,0
0.00732,0
0.01305,0
0.00965,0
0.01710,0
0.01461,0
0.05753,0
0.04045,0
0.04499,0
0.03480,0
0.03399,0
0.03628,0
0.03976,0
0.04592,0
0.05693,0
0.03453,0
0.04004,0
0.04222,0
0.03865,0
0.04160,0
0.03902,0
0.03390,0
0.03151,0
0.03134,0
0.03366,0
0.00534,0
0.00655,0
0.00618,0
0.00583,0
0.01376,0
0.01774,0
0.02016,0
0.02413,0
0.02618,0
0.00534,0
0.01218,0
0.01424,0
0.01121,0
0.01692,0
0.02878,0
0.04841,0
0.03509,0
0.03370,0
0.04003,0
0.00534,0
0.00655,0
0.00626,0
0.02533,0
0.03567,0
0.03398,0
0.04605,0
0.04369,0
0.03463,0
0.03694,0
0.03510,0
0.02760,0
0.01600,0
0.02257,0
0.02414,0
0.02485,0
0.02662,0
0.00534,0
0.01218,0
0.04494,0
0.04806,0
0.04124,0
0.03225,0
0.03642,0
0.03970,0
0.04434,0
0.05846,0
0.00534,0
0.00813,0
0.00815,0
0.00732,0
0.02706,0
0.03478,0
0.04049,0
0.06797,0
0.07380,0
0.03453,0
0.04392,0
0.03384,0
0.02808,0
0.02473,0
0.02566,0
0.02929,0
0.09852,0
0.08050,0
0.05506,0
0.04183,0
0.03867,0
0.03244,0
0.03149,0
0.03091,0
0.03216,0
0.03755,0
0.00534,0
0.00655,0
0.00618,0
0.00674,0
0.03638,0
0.04625,0
0.04980,0
0.03447,0
0.03337,0
0.03676,0
0.01461,0
0.01250,0
0.01099,0
0.00990,0
0.01635,0
0.02362,0
0.02696,0
0.02750,0
0.02642,0
0.02848,0
0.00534,0
0.01218,0
0.01185,0
0.00910,0
0.01479,0
0.02562,0
0.06325,1
0.06836,1
0.06345,1
0.08513,1
0.12943,1
0.16050,1
0.18694,1
0.14491,0
0.11826,0
0.09958,0
0.09418,0
0.09965,0
0.10550,0
0.15070,0
0.00534,0
0.00655,0
0.00618,0
0.00674,0
0.01380,0
0.02074,0
0.02238,0
0.02356,0
0.02396,0
0.02518,0
0.10169,0
0.06179,0
0.03480,0
0.02752,0
0.02685,0
0.02869,0
0.03668,0
0.01461,0
0.06355,0
0.04461,0
0.04722,0
0.03602,0
0.03347,0
0.03567,0
0.04594,0
0.05130,0
0.06630,0
0.05024,1
0.04368,1
0.03406,1
0.04151,1
0.05062,1
0.06268,1
0.05623,1
0.05014,1
0.04755,1
0.05022,1
0.05512,1
0.03728,0
0.02900,0
0.01631,0
0.02250,0
0.02113,0
0.01916,0
0.02245,0
0.03091,0
0.03588,0
0.04346,0
0.03703,0
0.03134,0
0.02532,0
0.02718,0
0.02560,0
0.02628,0
0.03059,0
0.00534,0
0.00813,0
0.00938,0
0.00887,0
0.01153,0
0.01856,0
0.02091,0
0.02222,0
0.02136,0
0.02426,0
0.03453,0
0.05017,0
0.04839,0
0.03932,0
0.03779,0
0.03610,0
0.03054,0
0.02812,0
0.02841,0
0.03142,0
0.00534,0
0.00655,0
0.00655,0
0.00594,0
0.01196,0
0.00855,0
0.01461,0
0.10169,0
0.04153,0
0.02554,0
0.02282,0
0.02451,0
0.02850,0
0.03725,0
0.08057,0
0.05830,0
0.03457,0
0.03606,0
0.03085,0
0.03113,0
0.03210,0
0.03180,0
0.03384,0
0.03925,0
0.00534,0
0.00655,0
0.00655,0
0.00686,0
0.01260,0
0.02500,0
0.03293,0
0.02745,0
0.02793,0
0.02897,0
0.00534,0
0.00655,0
0.00695,0
0.00586,0
0.02951,0
0.02479,0
0.03214,0
0.03331,0
0.04381,0
0.05991,0
0.00534,0
0.01218,0
0.05465,0
0.04973,0
0.05438,0
0.05160,0
0.05013,0
0.05607,0
0.07472,0
0.00534,0
0.00655,0
0.00638,0
0.03705,0
0.05080,0
0.06116,0
0.05666,0
0.07249,0
0.07785,0
0.03728,0
0.02818,0
0.01519,0
0.02193,0
0.02101,0
0.03291,1
0.04370,1
0.05002,1
0.05950,1
0.07243,1
0.00534,0
0.01218,0
0.01172,0
0.00884,0
0.01448,0
0.01770,0
0.01869,0
0.02318,0
0.02206,0
0.02487,0
0.00534,0
0.00655,0
0.00695,0
0.02543,0
0.03323,0
0.03394,0
0.03948,0
0.03983,0
0.03478,0
0.03962,0
0.01461,0
0.01806,0
0.01784,0
0.01383,0
0.01763,0
0.01380,0
0.02009,0
0.05664,0
0.02210,0
0.03262,0
0.03068,0
0.03028,0
0.02590,0
0.02386,0
0.02285,0
0.02317,0
0.03307,0
0.00534,0
0.00655,0
0.00841,0
0.00690,0
0.01027,0
0.01699,0
0.02090,0
0.02298,0
0.02199,0
0.02451,0
0.01461,0
0.07906,0
0.05159,0
0.06102,0
0.06362,0
0.05317,0
0.05499,0
0.03091,0
0.04047,0
0.02930,0
0.02124,0
0.01819,0
0.02014,0
0.02526,0
0.03664,0
0.03090,0
0.01918,0
0.02586,0
0.03920,0
0.05442,0
0.05020,0
0.04467,0
0.05374,0
0.00534,0
0.00655,0
0.00618,0
0.00583,0
0.02581,0
0.03307,0
0.03265,0
0.03150,0
0.03168,0
0.04281,0
0.00534,0
0.00655,0
0.00638,0
0.00549,0
0.02546,0
0.03444,0
0.04220,0
0.02546,0
0.02438,0
0.03167,0
0.06042,1
0.07425,1
0.09725,1
0.08751,1
0.08005,1
0.06828,1
0.05980,1
0.06567,1
0.07470,1
0.07984,1
0.08809,1
0.08251,1
0.00534,0
0.01218,0
0.01185,0
0.00910,0
0.01265,0
0.01991,0
0.02309,0
0.02282,0
0.02228,0
0.02810,0
0.12715,0
0.06149,0
0.04809,0
0.03663,0
0.03094,0
0.02894,0
0.02893,0
0.03105,0
0.03593,0
0.05169,0
0.00534,0
0.00655,0
0.00638,0
0.00640,0
0.01217,0
0.01394,0
0.01485,0
0.01848,0
0.01813,0
0.02350,0
0.03728,0
0.02927,0
0.01731,0
0.02274,0
0.02520,0
0.02504,0
0.02697,0
0.00534,0
0.00655,0
0.00618,0
0.00674,0
0.01254,0
0.01498,0
0.01790,0
0.00534,0
0.01218,0
0.01172,0
0.00985,0
0.01489,0
0.01280,0
0.01876,0
0.00534,0
0.00655,0
0.00841,0
0.00806,0
0.01469,0
0.02289,0
0.02625,0
0.02548,0
0.02574,0
0.02667,0
0.01461,0
0.01250,0
0.00985,0
0.00936,0
0.01463,0
0.01765,0
0.01856,0
0.02019,0
0.01976,0
0.02276,0
0.08057,0
0.06012,0
0.03527,0
0.03344,0
0.02864,0
0.02902,0
0.02872,0
0.02820,0
0.03053,0
0.03565,0
0.10169,0
0.04153,0
0.02410,0
0.02453,0
0.02615,0
0.02837,0
0.03750,0
0.18201,1
0.09437,1
0.07079,1
0.06734,1
0.05733,1
0.04806,1
0.05062,1
0.00534,0
0.00655,0
0.00695,0
0.00705,0
0.01275,0
0.00963,0
0.01649,0
0.00534,0
0.01218,0
0.01424,0
0.01121,0
0.01566,0
0.02020,0
0.01991,0
0.00534,0
0.00655,0
0.00618,0
0.00583,0
0.01190,0
0.01504,0
0.01923,0
0.21147,0
0.14528,0
0.12662,0
0.11423,0
0.10672,0
0.09347,0
0.09040,0
0.09969,0
0.11431,0
0.01461,0
0.06355,0
0.03969,0
0.04488,0
0.03448,0
0.03248,0
0.03671,0
0.03947,0
0.04489,0
0.05595,0
0.00534,0
0.00655,0
0.00626,0
0.00681,0
0.00991,0
0.01688,0
0.02040,0
0.02005,0
0.02002,0
0.02298,0
0.00534,0
0.01218,0
0.01272,0
0.00965,0
0.01730,0
0.02617,0
0.02551,0
0.02552,0
0.02584,0
0.02763,0
0.03453,0
0.03933,0
0.04128,0
0.03475,0
0.03359,0
0.02863,0
0.02678,0
0.02582,0
0.02678,0
0.02893,0
0.00534,0
0.01218,0
0.04494,0
0.04806,0
0.04222,0
0.03348,0
0.03731,0
0.04127,0
0.04606,0
0.05835,0
0.00534,0
0.00819,0
0.01135,0
0.00999,0
0.01699,0
0.02464,0
0.04385,0
0.04357,0
0.04294,0
0.05764,0
0.05793,0
0.02221,0
0.02712,0
0.03828,0
0.04013,0
0.03308,0
0.02877,0
0.02631,0
0.02636,0
0.03445,0
0.04369,1
0.05366,1
0.00534,0
0.00655,0
0.00626,0
0.00681,0
0.01277,0
0.01577,0
0.01693,0
0.01879,0
0.01868,0
0.02177,0
0.06672,0
0.02497,0
0.03304,0
0.04081,0
0.04821,0
0.04320,0
0.03634,0
0.03326,0
0.03229,0
0.11882,0
0.18875,0
0.10668,0
0.07291,0
0.06254,0
0.05675,0
0.05363,0
0.05484,0
0.05726,0
0.02108,0
0.02254,0
0.01907,0
0.04765,0
0.04028,0
0.03031,0
0.03282,0
0.03663,0
0.03795,0
0.05503,0
0.05793,0
0.02221,0
0.03566,0
0.03514,0
0.03649,0
0.02969,0
0.02396,0
0.02274,0
0.02334,0
0.03197,0
0.03453,0
0.03933,0
0.04480,0
0.03688,0
0.03368,0
0.02838,0
0.02630,0
0.02523,0
0.02617,0
0.03059,0
0.00534,0
0.00655,0
0.00695,0
0.03895,1
0.04625,1
0.05544,1
0.00534,0
0.00655,0
0.00638,0
0.00640,0
0.01232,0
0.01033,0
0.01678,0
0.03091,0
0.04705,0
0.04411,0
0.04078,0
0.06274,1
0.06827,1
0.07398,1
0.07673,1
0.07792,1
0.07979,1
0.11015,1
0.12903,1
0.13279,1
0.00534,0
0.00655,0
0.00618,0
0.00583,0
0.01376,0
0.02222,0
0.02236,0
0.02235,0
0.02553,0
0.02869,0
0.05793,0
0.02531,0
0.03606,0
0.03417,0
0.02377,0
0.02104,0
0.02356,0
0.00534,0
0.00655,0
0.00638,0
0.02555,0
0.02889,0
0.02923,0
0.04760,0
0.04450,0
0.03377,0
0.03913,0
0.00534,0
0.00655,0
0.00626,0
0.04116,0
0.03446,0
0.02785,0
0.03093,0
0.03475,0
0.03772,0
0.05625,0
0.05883,0
0.02466,0
0.03619,0
0.03319,0
0.03207,0
0.02712,0
0.02342,0
0.02378,0
0.02422,0
0.03287,0
0.00534,0
0.00655,0
0.00655,0
0.00686,0
0.01471,0
0.02132,0
0.03424,0
0.03478,0
0.03567,0
0.01461,0
0.01806,0
0.01630,0
0.01401,0
0.01776,0
0.02188,0
0.02432,0
0.02108,0
0.02254,0
0.01866,0
0.01573,0
0.01920,0
0.01637,0
0.01877,0
0.00534,0
0.00655,0
0.00841,0
0.00806,0
0.01490,0
0.02708,0
0.04080,0
0.03387,0
0.03627,0
0.04260,0
0.03091,0
0.04047,0
0.02889,0
0.02516,0
0.02039,0
0.02185,0
0.02670,0
0.03091,0
0.04124,0
0.04291,0
0.05962,0
0.05088,0
0.03580,0
0.03250,0
0.03161,0
0.03302,0
0.04983,0
0.03538,0
0.01920,0
0.02977,0
0.03093,0
0.02986,0
0.03192,0
0.00534,0
0.00655,0
0.08265,0
0.06744,0
0.05704,0
0.05769,0
0.05653,0
0.05609,0
0.06626,0
0.13770,0
0.05738,0
0.04957,0
0.03527,0
0.03384,0
0.03115,0
0.03176,0
0.03378,0
0.03802,0
0.05376,0
0.00534,0
0.00819,0
0.00905,0
0.00723,0
0.01386,0
0.02219,0
0.04005,0
0.04184,0
0.04065,0
0.05578,0
0.00534,0
0.00655,0
0.00841,0
0.00690,0
0.01254,0
0.00937,0
0.01311,0
0.12715,0
0.06149,0
0.04809,0
0.03663,0
0.03507,0
0.03228,0
0.03169,0
0.03261,0
0.03687,0
0.04549,0
0.05793,0
0.02221,0
0.02712,0
0.03828,0
0.04013,0
0.03308,0
0.02942,0
0.02791,0
0.02813,0
0.03600,0
0.05793,0
0.02531,0
0.03417,0
0.04266,0
0.04231,0
0.04119,0
0.03478,0
0.03155,0
0.03142,0
0.03900,0
0.00534,0
0.00655,0
0.00618,0
0.00674,0
0.01465,0
0.02273,0
0.02473,0
0.02338,0
0.02399,0
0.02462,0
0.00534,0
0.00655,0
0.00695,0
0.00705,0
0.01275,0
0.01061,0
0.01690,0
0.00534,0
0.00655,0
0.04145,0
0.05295,0
0.06274,0
0.06922,0
0.12755,0
0.05664,0
0.02210,0
0.03273,0
0.03103,0
0.02060,0
0.01876,0
0.02168,0
0.05793,0
0.02221,0
0.03468,0
0.03812,0
0.02691,0
0.02347,0
0.02624,0
0.02108,0
0.02254,0
0.01848,0
0.01400,0
0.01815,0
0.02003,0
0.01853,0
0.05793,0
0.02221,0
0.03166,0
0.03936,0
0.04094,0
0.03594,0
0.03297,0
0.02990,0
0.02926,0
0.03708,0
0.00534,0
0.00655,0
0.00638,0
0.00549,0
0.01272,0
0.02000,0
0.03229,0
0.03124,0
0.02931,0
0.03166,0
0.04983,0
0.03974,0
0.02402,0
0.02945,0
0.04152,0
0.05561,0
0.04699,0
0.04193,0
0.05081,0
0.10696,0
0.07386,0
0.05131,0
0.03976,0
0.03987,0
0.03164,0
0.03195,0
0.03202,0
0.03262,0
0.03801,0
0.04983,0
0.03370,0
0.01950,0
0.02434,0
0.02592,0
0.02287,0
0.02686,0
0.00534,0
0.00813,0
0.00827,0
0.00831,0
0.01381,0
0.01032,0
0.01335,0
0.10953,0
0.06015,0
0.05602,0
0.05879,0
0.05631,0
0.04722,0
0.03703,0
0.03436,0
0.03399,0
0.04219,0
0.00534,0
0.00813,0
0.00815,0
0.00732,0
0.01295,0
0.02954,0
0.04695,0
0.03404,0
0.03435,0
0.03894,0
0.00534,0
0.00655,0
0.04945,0
0.05544,0
0.06581,0
0.07669,0
0.10003,0
0.00534,0
0.00813,0
0.03886,0
0.06789,0
0.08825,1
0.10373,1
0.09230,1
0.09400,1
0.09824,1
0.11869,1
0.13477,1
0.14313,1
0.00534,0
0.00655,0
0.00695,0
0.00705,0
0.01401,0
0.02249,0
0.03847,0
0.03583,0
0.03735,0
0.04867,0
0.03728,0
0.02927,0
0.01782,0
0.02329,0
0.03948,0
0.03243,0
0.03373,0
0.00534,0
0.00655,0
0.00638,0
0.00549,0
0.04429,1
0.05101,1
0.05494,1
0.06727,1
0.07238,1
0.09662,1
0.08985,1
0.02108,0
0.01501,0
0.01343,0
0.01159,0
0.01818,0
0.02047,0
0.02082,0
0.02407,0
0.02316,0
0.02551,0
0.00534,0
0.00655,0
0.00638,0
0.05675,0
0.04588,0
0.03699,0
0.03898,0
0.04469,0
0.04519,0
0.08336,0
0.00534,0
0.01218,0
0.01272,0
0.00965,0
0.01502,0
0.01816,0
0.01775,0
0.00534,0
0.00819,0
0.00905,0
0.00815,0
0.01360,0
0.01010,0
0.01290,0
0.01461,0
0.01806,0
0.01520,0
0.03068,0
0.02597,0
0.02866,0
0.02845,0
0.03467,0
0.04264,0
0.05941,0
0.00534,0
0.00655,0
0.00655,0
0.00686,0
0.01260,0
0.02075,0
0.02090,0
0.02182,0
0.02927,0
0.04315,0
0.12715,0
0.05980,0
0.04738,0
0.03592,0
0.03459,0
0.03204,0
0.03264,0
0.03541,0
0.03991,0
0.04853,0
0.03091,0
0.04771,0
0.05219,0
0.03513,0
0.02794,0
0.02800,0
0.03063,0
0.01461,0
0.01250,0
0.00973,0
0.00837,0
0.02784,0
0.03485,0
0.03373,0
0.04800,0
0.05766,0
0.07308,0
0.00534,0
0.00655,0
0.00638,0
0.00640,0
0.01217,0
0.01572,0
0.01701,0
0.03416,1
0.05306,1
0.00534,0
0.00655,0
0.00741,0
0.00643,0
0.01242,0
0.00881,0
0.01191,0
0.00534,0
0.00655,0
0.00626,0
0.00681,0
0.01390,0
0.02085,0
0.02397,0
0.02348,0
0.03094,0
0.03867,0
0.01461,0
0.01806,0
0.01491,0
0.01242,0
0.01747,0
0.02188,0
0.02396,0
0.02341,0
0.02507,0
0.00534,0
0.00655,0
0.00638,0
0.00549,0
0.01167,0
0.00830,0
0.01439,0
0.20592,0
0.17404,0
0.15749,0
0.14610,0
0.13250,0
0.12286,0
0.11882,0
0.12070,0
0.12052,0
0.13910,0
0.02108,0
0.02254,0
0.01991,0
0.01487,0
0.01946,0
0.05045,1
0.05879,1
0.06966,1
0.07828,1
0.00534,0
0.00655,0
0.00626,0
0.00681,0
0.01265,0
0.01047,0
0.01389,0
0.09852,0
0.08450,0
0.07935,0
0.06453,0
0.05089,0
0.04831,0
0.04698,0
0.04715,0
0.05293,0
0.00534,0
0.01218,0
0.01271,0
0.01011,0
0.01645,0
0.02637,0
0.02679,0
0.02690,0
0.02723,0
0.00534,0
0.00819,0
0.00905,0
0.02655,0
0.02260,0
0.02499,0
0.02700,0
0.02901,0
0.06039,0
0.09821,0
0.05664,0
0.02210,0
0.02545,0
0.03678,0
0.03775,0
0.03055,0
0.02743,0
0.02644,0
0.02732,0
0.03612,0
0.00534,0
0.00655,0
0.00841,0
0.00690,0
0.01360,0
0.02303,0
0.02643,0
0.02694,0
0.02777,0
0.02801,0
0.00534,0
0.00655,0
0.00655,0
0.02549,0
0.03583,0
0.03428,0
0.04876,0
0.04658,0
0.03708,0
0.04115,0
0.05883,0
0.02466,0
0.03619,0
0.03782,0
0.03187,0
0.02602,0
0.02299,0
0.02205,0
0.02287,0
0.02801,0
0.01461,0
0.01250,0
0.01213,0
0.00958,0
0.01565,0
0.03299,0
0.05119,0
0.03731,0
0.03712,0
0.04099,0
0.03091,0
0.04124,0
0.05378,0
0.06549,0
0.05408,0
0.03915,0
0.03526,0
0.03411,0
0.03423,0
0.03091,0
0.05254,0
0.04744,0
0.03772,0
0.03057,0
0.02425,0
0.02616,0
0.02567,0
0.02692,0
0.02920,0
0.05664,0
0.02351,0
0.03368,0
0.02365,0
0.01964,0
0.02401,0
0.02662,0
0.09674,0
0.07304,0
0.05772,0
0.05164,0
0.04768,0
0.03801,0
0.04063,0
0.00534,0
0.00655,0
0.00655,0
0.00686,0
0.01471,0
0.02280,0
0.02303,0
0.02160,0
0.02741,0
0.02914,0
0.08057,0
0.06012,0
0.08085,1
0.08662,1
0.07197,1
0.06027,1
0.05548,1
0.05218,1
0.05102,1
0.05429,1
0.00534,0
0.00655,0
0.00638,0
0.00549,0
0.01167,0
0.00925,0
0.01491,0
0.00534,0
0.11666,1
0.14373,1
0.13705,1
0.10908,1
0.10844,1
0.09903,1
0.09586,1
0.09772,1
0.12515,1
0.01461,0
0.01250,0
0.01099,0
0.00990,0
0.01520,0
0.01502,0
0.01454,0
0.03453,0
0.03933,0
0.04128,0
0.03598,0
0.03342,0
0.02760,0
0.02606,0
0.02523,0
0.02627,0
0.02955,0
0.12715,0
0.05980,0
0.04738,0
0.03592,0
0.03042,0
0.02870,0
0.02988,0
0.03103,0
0.03613,0
0.05232,0
0.01461,0
0.01250,0
0.01012,0
0.05164,0
0.04304,0
0.03401,0
0.03638,0
0.03938,0
0.04040,0
0.06098,0
0.00534,0
0.00655,0
0.00695,0
0.00705,0
0.01430,0
0.02633,0
0.04653,0
0.03497,0
0.03559,0
0.04074,0
0.05793,0
0.02221,0
0.03273,0
0.04353,0
0.04730,0
0.03995,0
0.03686,0
0.03450,0
0.03500,0
0.01461,0
0.01250,0
0.01012,0
0.00941,0
0.01475,0
0.01105,0
0.01667,0
0.03453,0
0.04392,0
0.04816,0
0.03191,0
0.02786,0
0.02823,0
0.03238,0
0.03728,0
0.03222,0
0.01891,0
0.02956,0
0.04051,0
0.06112,0
0.06520,0
0.05900,0
0.05637,0
0.05711,0
0.00534,0
0.01218,0
0.01271,0
0.01011,0
0.01494,0
0.01937,0
0.01930,0
0.01461,0
0.01250,0
0.00973,0
0.02764,0
0.02427,0
0.02747,0
0.02791,0
0.02972,0
0.06102,0
0.09867,0
0.00534,0
0.01218,0
0.04030,0
0.03243,0
0.03340,0
0.03031,0
0.02890,0
0.07913,1
0.08494,1
0.10079,0
0.06353,0
0.06927,0
0.04283,0
0.03696,0
0.03022,0
0.03020,0
0.03064,0
0.03188,0
0.03763,0
0.06280,1
0.07504,1
0.06204,1
0.10305,1
0.11727,1
0.09961,1
0.09034,1
0.08817,1
0.08945,1
0.09213,1
0.10067,1
0.11375,1
0.01461,0
0.01250,0
0.03859,0
0.06143,1
0.07429,1
0.09662,1
0.10105,1
0.09865,1
0.08912,1
0.08924,1
0.00534,0
0.00819,0
0.00905,0
0.00723,0
0.01290,0
0.01084,0
0.01710,0
0.00534,0
0.00655,0
0.00618,0
0.00583,0
0.01164,0
0.01309,0
0.01426,0
0.01666,0
0.01688,0
0.02018,0
0.01461,0
0.01403,0
0.01201,0
0.01089,0
0.01800,0
0.02713,0
0.03310,0
0.03049,0
0.02925,0
0.03149,0
0.01461,0
0.01250,0
0.05294,0
0.05807,0
0.07004,0
0.08050,0
0.09849,0
0.01461,0
0.01250,0
0.01213,0
0.00958,0
0.01565,0
0.01828,0
0.02071,0
0.02105,0
0.02045,0
0.02295,0
0.03091,0
0.04124,0
0.05128,0
0.05488,0
0.04953,0
0.05416,0
0.05861,0
0.05684,0
0.05563,0
0.05790,0
0.00534,0
0.01218,0
0.01172,0
0.02259,0
0.02268,0
0.02539,0
0.02703,0
0.03685,0
0.05126,0
0.06891,0
0.00534,0
0.00655,0
0.00841,0
0.00690,0
0.01254,0
0.01063,0
0.01476,0
0.13197,0
0.10972,0
0.10152,0
0.09790,0
0.10279,0
0.10637,0
0.16119,0
0.00534,0
0.00655,0
0.00695,0
0.00705,0
0.01489,0
0.02217,0
0.03567,0
0.04380,0
0.05644,0
0.02108,0
0.02254,0
0.01901,0
0.01558,0
0.03115,0
0.02857,0
0.04085,0
0.04740,0
0.04016,0
0.04334,0
0.00534,0
0.00655,0
0.00655,0
0.00594,0
0.01196,0
0.00952,0
0.01220,0
0.00534,0
0.00655,0
0.00638,0
0.00549,0
0.01167,0
0.01205,0
0.01194,0
0.00534,0
0.00655,0
0.00618,0
0.00583,0
0.01302,0
0.02031,0
0.02183,0
0.02296,0
0.02229,0
0.02548,0
0.01461,0
0.01250,0
0.00999,0
0.00897,0
0.02749,0
0.04161,0
0.04691,0
0.03080,0
0.02906,0
0.03554,0
0.03091,0
0.04705,0
0.04411,0
0.04078,0
0.03563,0
0.03213,0
0.02701,0
0.02482,0
0.02569,0
0.02892,0
0.00534,0
0.00655,0
0.00841,0
0.00806,0
0.02857,0
0.04260,0
0.04857,0
0.03147,0
0.03083,0
0.03554,0
0.13770,0
0.06163,0
0.04749,0
0.03242,0
0.02861,0
0.02725,0
0.02691,0
0.02967,0
0.03460,0
0.04619,0
0.05595,0
0.02262,0
0.03370,0
0.07706,1
0.08306,1
0.09173,1
0.10254,1
0.09575,1
0.09237,1
0.09314,1
0.00534,0
0.00655,0
0.00695,0
0.00586,0
0.01187,0
0.00938,0
0.01636,0
0.00534,0
0.00655,0
0.00695,0
0.00705,0
0.02469,0
0.02321,0
0.03130,0
0.04126,0
0.03721,0
0.04127,0
0.05364,0
0.02196,0
0.02500,0
0.03324,0
0.03058,0
0.03047,0
0.02469,0
0.02401,0
0.02509,0
0.03441,0
0.00534,0
0.00655,0
0.00626,0
0.00590,0
0.01308,0
0.02302,0
0.03563,0
0.03802,0
0.03799,0
0.00534,0
0.01218,0
0.01271,0
0.01139,0
0.01579,0
0.01365,0
0.02163,0
0.00534,0
0.00655,0
0.00626,0
0.00681,0
0.01277,0
0.02684,0
0.03746,0
0.03355,0
0.03566,0
0.03726,0
0.01461,0
0.01806,0
0.01784,0
0.01383,0
0.01914,0
0.02551,0
0.03678,0
0.03311,0
0.03317,0
0.03393,0
0.11014,0
0.06266,0
0.06150,0
0.04569,0
0.03827,0
0.03709,0
0.03724,0
0.03860,0
0.04246,0
0.05805,0
0.02108,0
0.02254,0
0.01901,0
0.01430,0
0.01841,0
0.02250,0
0.02101,0
0.11134,1
0.09234,1
0.09557,1
0.09651,1
0.10358,1
0.11383,1
0.11439,1
0.00534,0
0.01218,0
0.03778,0
0.04767,0
0.06169,0
0.07234,0
0.09095,0
0.00534,0
0.00655,0
0.00741,0
0.00643,0
0.01441,0
0.02139,0
0.02092,0
0.02290,0
0.02544,0
0.04983,0
0.03974,0
0.02402,0
0.03263,0
0.03383,0
0.06436,0
0.06758,0
0.06142,0
0.05812,0
0.05739,0
0.10696,0
0.06279,0
0.06964,0
0.04209,0
0.03807,0
0.02959,0
0.02946,0
0.02930,0
0.03099,0
0.03677,0
0.00534,0
0.01218,0
0.01160,0
0.00902,0
0.01968,0
0.02364,0
0.02254,0
0.00534,0
0.00655,0
0.00638,0
0.03593,0
0.03129,1
0.02316,1
0.02731,1
0.03202,1
0.03598,1
0.05216,1
0.00534,0
0.00655,0
0.00638,0
0.00640,0
0.01244,0
0.02467,0
0.03249,0
0.02866,0
0.02956,0
0.02996,0
0.00534,0
0.00655,0
0.00638,0
0.02555,0
0.02889,0
0.02923,0
0.04760,0
0.04450,0
0.03268,0
0.03621,0
0.10696,0
0.07386,0
0.04925,0
0.03714,0
0.03575,0
0.02925,0
0.02873,0
0.02927,0
0.02976,0
0.03555,0
0.00534,0
0.00655,0
0.00618,0
0.00583,0
0.01376,0
0.02093,0
0.02070,0
0.02255,0
0.02605,0
0.00534,0
0.01218,0
0.01272,0
0.01072,0
0.01618,0
0.01920,0
0.02066,0
0.02181,0
0.02070,0
0.02339,0
0.00534,0
0.00655,0
0.00638,0
0.00549,0
0.01167,0
0.00830,0
0.01439,0
0.00534,0
0.00813,0
0.00840,0
0.00703,0
0.01474,0
0.02296,0
0.02244,0
0.02201,0
0.02173,0
0.02380,0
0.05664,0
0.02351,0
0.03078,0
0.04744,0
0.05535,0
0.04431,0
0.06544,1
0.06124,1
0.05930,1
0.10208,1
0.13341,1
0.14766,1
0.15037,1
0.02108,0
0.01641,0
0.01520,0
0.01302,0
0.02522,0
0.03084,0
0.03946,0
0.04606,0
0.03993,0
0.04074,0
0.00534,0
0.01218,0
0.01144,0
0.00886,0
0.01449,0
0.01070,0
0.01343,0
0.03091,0
0.05254,0
0.04428,0
0.03546,0
0.03039,0
0.02458,0
0.02256,0
0.02309,0
0.02422,0
0.02753,0
0.00534,0
0.00655,0
0.00638,0
0.00640,0
0.01232,0
0.01270,0
0.01646,0
0.00534,0
0.00655,0
0.00655,0
0.00686,0
0.02612,0
0.03374,0
0.03727,0
0.05189,0
0.05892,0
0.01461,0
0.01250,0
0.04251,0
0.04424,0
0.04457,0
0.03701,0
0.04214,0
0.04606,0
0.05151,0
0.06341,0
0.00534,0
0.01218,0
0.01172,0
0.00884,0
0.01433,0
0.02389,0
0.02382,0
0.02527,0
0.02997,0
0.03214,0
0.10696,0
0.06851,0
0.05347,0
0.04234,0
0.04425,0
0.03454,0
0.03401,0
0.03310,0
0.03390,0
0.03913,0
0.01461,0
0.01250,0
0.00973,0
0.00837,0
0.01359,0
0.02478,0
0.04158,0
0.03265,0
0.03230,0
0.03943,0
0.05793,0
0.02221,0
0.03468,0
0.02323,0
0.01987,0
0.02343,0
0.02691,0
0.02108,0
0.02254,0
0.01848,0
0.01512,0
0.01878,0
0.02609,0
0.02567,0
0.02540,0
0.02485,0
0.02761,0
0.15364,0
0.12159,0
0.07378,0
0.06713,0
0.05224,0
0.04788,0
0.04399,0
0.04332,0
0.04560,0
0.05437,0
0.00534,0
0.00655,0
0.00655,0
0.00594,0
0.00883,0
0.01586,0
0.01899,0
0.01911,0
0.01761,0
0.02368,0
0.01461,0
0.01250,0
0.00999,0
0.00804,0
0.02333,0
0.02143,0
0.03052,0
0.03929,0
0.04814,0
0.05628,0
0.00534,0
0.00655,0
0.00695,0
0.00586,0
0.01916,0
0.02164,0
0.03048,0
0.04030,0
0.05238,0
0.06948,0
0.00534,0
0.01218,0
0.04199,0
0.04588,0
0.04743,0
0.04021,0
0.04464,0
0.04795,0
0.05255,0
0.06349,0
0.03453,0
0.04358,0
0.04444,0
0.04789,0
0.04269,0
0.03919,0
0.03371,0
0.03087,0
0.03075,0
0.03365,0
0.03091,0
0.05254,0
0.04428,0
0.03546,0
0.03074,0
0.02659,0
0.02809,0
0.02647,0
0.02720,0
0.03017,0
0.10169,0
0.04153,0
0.02554,0
0.02282,0
0.02562,0
0.02777,0
0.03592,0
0.05595,0
0.02262,0
0.03412,0
0.03710,0
0.02691,0
0.02393,0
0.02631,0
0.00534,0
0.00655,0
0.00695,0
0.00705,0
0.01489,0
0.03377,0
0.03350,0
0.03258,0
0.03492,0
0.03694,0
0.00534,0
0.01218,0
0.01271,0
0.01011,0
0.01494,0
0.01141,0
0.01482,0
0.05595,0
0.02262,0
0.03111,0
0.04004,0
0.04729,0
0.04232,0
0.03656,0
0.03387,0
0.03433,0
0.01461,0
0.01806,0
0.01520,0
0.01145,0
0.01676,0
0.01953,0
0.02124,0
0.02237,0
0.02087,0
0.02643,0
0.05883,0
0.02466,0
0.03275,0
0.04779,0
0.06460,0
0.04597,0
0.03597,0
0.03313,0
0.03339,0
0.04236,0
0.00534,0
0.01218,0
0.01272,0
0.00965,0
0.01525,0
0.01659,0
0.01934,0
0.02188,0
0.02058,0
0.02623,0
0.00534,0
0.00655,0
0.00655,0
0.00594,0
0.00883,0
0.01304,0
0.02043,0
0.02247,0
0.02163,0
0.02444,0
0.00534,0
0.01218,0
0.01271,0
0.01011,0
0.01494,0
0.01937,0
0.01930,0
0.00534,0
0.01218,0
0.01272,0
0.02819,0
0.02570,0
0.02976,0
0.03024,0
0.03230,0
0.06370,0
0.09638,0
0.11134,0
0.07790,0
0.05989,0
0.05363,0
0.05076,0
0.03993,0
0.04175,0
0.00534,0
0.03831,0
0.03281,0
0.04564,0
0.05117,0
0.04469,0
0.04837,0
0.15617,0
0.16441,0
0.08312,0
0.05744,0
0.05057,0
0.04590,0
0.04611,0
0.04817,0
0.05369,0
0.00534,0
0.00813,0
0.01025,0
0.00964,0
0.01490,0
0.01142,0
0.01923,0
0.01461,0
0.01250,0
0.00999,0
0.00804,0
0.01127,0
0.01642,0
0.01891,0
0.02255,0
0.02166,0
0.02455,0
0.04983,0
0.17308,0
0.12240,0
0.10060,0
0.07879,0
0.07842,0
0.08148,0
0.08293,0
0.07554,0
0.07630,0
0.00534,0
0.04108,1
0.03441,1
0.04267,1
0.05648,1
0.05035,1
0.00534,0
0.01218,0
0.01172,0
0.00884,0
0.01448,0
0.01602,0
0.01882,0
0.02412,0
0.02135,0
0.02438,0
0.01461,0
0.01403,0
0.01286,0
0.01047,0
0.01763,0
0.02529,0
0.02450,0
0.02388,0
0.02477,0
0.02670,0
0.00534,0
0.00655,0
0.00655,0
0.00686,0
0.01262,0
0.01586,0
0.01892,0
0.00534,0
0.00819,0
0.01135,0
0.00999,0
0.01531,0
0.01167,0
0.01481,0
0.00534,0
0.01218,0
0.01172,0
0.00884,0
0.01428,0
0.01098,0
0.01375,0
0.00534,0
0.00819,0
0.00888,0
0.00757,0
0.01321,0
0.00944,0
0.01541,0
0.10953,0
0.06332,0
0.06359,0
0.06347,0
0.05327,0
0.04602,0
0.04612,0
0.02108,0
0.01769,0
0.01588,0
0.01199,0
0.01666,0
0.01480,0
0.02254,0
0.00534,0
0.00655,0
0.00638,0
0.00549,0
0.01167,0
0.00925,0
0.01491,0
0.03091,0
0.04047,0
0.02889,0
0.01975,0
0.01654,0
0.01857,0
0.02551,0
0.00534,0
0.01218,0
0.06001,0
0.03715,0
0.03824,0
0.04012,0
0.03681,0
0.04013,0
0.03730,0
0.04509,0
0.00534,0
0.00655,0
0.00618,0
0.00674,0
0.02569,1
0.04417,1
0.05151,1
0.07873,1
0.08617,1
0.00534,0
0.00655,0
0.03974,0
0.05158,0
0.06200,0
0.07056,0
0.09550,0
0.08057,0
0.06012,0
0.03527,0
0.03344,0
0.02864,0
0.02507,0
0.02556,0
0.02673,0
0.02812,0
0.03415,0
0.00534,0
0.00655,0
0.00638,0
0.00640,0
0.01232,0
0.00918,0
0.01229,0
0.03728,0
0.03222,0
0.01834,0
0.02871,0
0.03610,0
0.03113,0
0.02861,0
0.02729,0
0.02721,0
0.03056,0
0.01461,0
0.01250,0
0.00999,0
0.00897,0
0.02722,0
0.03567,0
0.03618,0
0.06390,0
0.07112,0
0.01461,0
0.01250,0
0.00985,0
0.00844,0
0.01584,0
0.02401,0
0.02387,0
0.02226,0
0.02148,0
0.02455,0
0.03091,0
0.05254,0
0.04428,0
0.03546,0
0.03039,0
0.02458,0
0.02256,0
0.02180,0
0.02370,0
0.02616,0
0.00534,0
0.01218,0
0.01271,0
0.01011,0
0.04011,0
0.05481,0
0.05689,0
0.05787,0
0.06813,0
0.08317,0
0.06672,0
0.02497,0
0.02841,0
0.04789,0
0.05398,0
0.04434,0
0.03867,0
0.03518,0
0.03375,0
0.04132,0
0.04983,0
0.03631,0
0.02077,0
0.02522,0
0.03408,0
0.03446,0
0.03458,0
0.00534,0
0.00655,0
0.00841,0
0.00690,0
0.01427,0
0.02250,0
0.02272,0
0.02123,0
0.02472,0
0.03453,0
0.05017,0
0.06027,0
0.05356,0
0.04783,0
0.04135,0
0.03864,0
0.03728,0
0.03781,0
0.03993,0
0.05595,0
0.02403,0
0.02811,0
0.03763,0
0.03899,0
0.03743,0
0.03026,0
0.02889,0
0.02879,0
0.03680,0
0.00534,0
0.01218,0
0.01185,0
0.02351,0
0.02503,0
0.02784,0
0.03159,0
0.04138,0
0.05529,0
0.07323,0
0.03664,0
0.03081,0
0.01882,0
0.02655,0
0.03125,0
0.02397,0
0.02289,0
0.02217,0
0.02596,0
0.03433,0
0.00534,0
0.00655,0
0.04261,0
0.04524,0
0.02731,0
0.02428,0
0.02628,0
0.03045,0
0.03548,0
0.05473,0
0.02108,0
0.02254,0
0.02009,0
0.01678,0
0.02006,0
0.03000,0
0.03201,0
0.02992,0
0.02973,0
0.03049,0
0.03664,0
0.02784,0
0.01777,0
0.02812,0
0.03228,0
0.02800,0
0.02584,0
0.02339,0
0.02786,0
0.02931,0
0.00534,0
0.00655,0
0.00734,0
0.00729,0
0.01789,0
0.01871,0
0.01798,0
0.01461,0
0.01250,0
0.00973,0
0.00837,0
0.02748,0
0.02331,0
0.03202,0
0.04058,0
0.05782,0
0.06734,0
0.00534,0
0.00819,0
0.01135,0
0.00999,0
0.01497,0
0.02410,0
0.02706,0
0.02601,0
0.02728,0
0.02925,0
0.02108,0
0.01769,0
0.01527,0
0.01310,0
0.01543,0
0.02401,0
0.02365,0
0.02383,0
0.02444,0
0.02993,0
0.00534,0
0.00655,0
0.03957,0
0.04235,0
0.04708,0
0.03918,0
0.04196,0
0.04525,0
0.05100,0
0.06365,0
0.00534,0
0.00655,0
0.00618,0
0.00583,0
0.02581,0
0.03410,0
0.03990,0
0.05400,0
0.06227,0
0.05664,0
0.02210,0
0.03039,0
0.03589,0
0.04120,0
0.03723,0
0.03241,0
0.03009,0
0.03069,0
0.02108,0
0.01501,0
0.01343,0
0.01159,0
0.01804,0
0.03069,0
0.03753,0
0.03148,0
0.03114,0
0.03253,0
0.00534,0
0.00655,0
0.04261,0
0.04524,0
0.02731,0
0.02785,0
0.03035,0
0.03329,0
0.03882,0
0.05600,0
0.03091,0
0.05254,0
0.04744,0
0.06940,1
0.05451,1
0.05510,1
0.05631,1
0.05807,1
0.06097,1
0.15364,0
0.12159,0
0.07378,0
0.06637,0
0.05147,0
0.04573,0
0.04432,0
0.04352,0
0.04649,0
0.05431,0
0.13770,0
0.06163,0
0.04749,0
0.03242,0
0.03428,0
0.03143,0
0.03209,0
0.03312,0
0.03797,0
0.05356,0
0.00534,0
0.01218,0
0.01270,0
0.01086,0
0.02929,0
0.03923,0
0.04085,0
0.05474,0
0.05925,0
0.00534,0
0.07556,0
0.05759,0
0.06567,0
0.06696,0
0.05740,0
0.05819,0
0.00534,0
0.00655,0
0.00638,0
0.00549,0
0.01167,0
0.00860,0
0.01476,0
0.00534,0
0.00819,0
0.00980,0
0.00902,0
0.01457,0
0.01094,0
0.01424,0
0.01461,0
0.01806,0
0.01491,0
0.01242,0
0.06092,1
0.07011,1
0.06577,1
0.07117,1
0.02108,0
0.02254,0
0.01848,0
0.01512,0
0.01705,0
0.02398,0
0.02528,0
0.02529,0
0.02472,0
0.02748,0
0.00534,0
0.00655,0
0.00638,0
0.03593,0
0.03207,0
0.02334,0
0.02715,0
0.03037,0
0.03237,0
0.05413,0
0.00534,0
0.00655,0
0.00695,0
0.00586,0
0.01358,0
0.02326,0
0.02390,0
0.02227,0
0.02274,0
0.02440,0
0.00534,0
0.00655,0
0.00741,0
0.00643,0
0.01718,0
0.01803,0
0.01734,0
0.04983,0
0.03348,0
0.01983,0
0.03490,0
0.03844,0
0.02868,0
0.02171,0
0.02167,0
0.02408,0
0.03171,0
0.00534,0
0.01218,0
0.01172,0
0.00884,0
0.01433,0
0.02288,0
0.02263,0
0.02536,0
0.02638,0
0.05664,0
0.02210,0
0.03039,0
0.04164,0
0.03756,0
0.03373,0
0.03167,0
0.02986,0
0.02952,0
0.03727,0
0.05664,0
0.02210,0
0.03039,0
0.04317,0
0.04552,0
0.04816,0
0.05548,0
0.05254,0
0.05203,0
0.00534,0
0.00655,0
0.00638,0
0.00549,0
0.01167,0
0.01315,0
0.01319,0
0.02108,0
0.01501,0
0.01256,0
0.00978,0
0.01480,0
0.01257,0
0.01867,0
0.04983,0
0.03348,0
0.01912,0
0.03082,0
0.03405,0
0.02816,0
0.02680,0
0.02550,0
0.03791,1
0.00534,0
0.00819,0
0.00916,0
0.00763,0
0.01428,0
0.02263,0
0.02548,0
0.02970,0
0.02853,0
0.03031,0
0.03728,0
0.02900,0
0.01631,0
0.02250,0
0.02326,0
0.02077,0
0.02505,0
0.02108,0
0.05676,0
0.03954,0
0.04157,0
0.03223,0
0.02857,0
0.03341,0
0.03943,0
0.04536,0
0.06185,0
0.03091,0
0.04124,0
0.05279,0
0.08727,0
0.07495,0
0.05143,0
0.04163,0
0.03759,0
0.03653,0
0.04055,0
0.01461,0
0.01393,0
0.01209,0
0.01095,0
0.02477,0
0.02832,0
0.03397,0
0.04273,0
0.03790,0
0.03946,0
0.11014,0
0.05792,0
0.04770,0
0.03613,0
0.03080,0
0.02926,0
0.02948,0
0.03280,0
0.03732,0
0.05335,0
0.00534,0
0.01218,0
0.01185,0
0.04937,1
0.06377,1
0.05328,1
0.05489,1
0.06527,1
0.07211,1
0.07971,1
0.07851,1
0.07807,1
0.08211,1
0.01461,0
0.01250,0
0.00985,0
0.00844,0
0.01403,0
0.01020,0
0.01304,0
0.10169,1
0.07149,1
0.04119,1
0.05404,1
0.06824,1
0.06352,1
0.00534,0
0.00655,0
0.00841,0
0.00806,0
0.01469,0
0.02056,0
0.02547,0
0.02703,0
0.02862,0
0.00534,0
0.00655,0
0.00655,0
0.00594,0
0.01196,0
0.01453,0
0.01446,0
0.01461,0
0.01806,0
0.01520,0
0.01145,0
0.01791,0
0.02362,0
0.03265,0
0.02792,0
0.03318,0
0.04073,0
0.10169,0
0.04252,0
0.02748,0
0.02747,0
0.02909,0
0.03371,0
0.04082,0
0.13770,0
0.06163,0
0.04749,0
0.03492,0
0.02959,0
0.02780,0
0.02800,0
0.02927,0
0.03409,0
0.05026,0
0.10696,0
0.06851,0
0.05347,0
0.04234,0
0.04137,0
0.03451,0
0.03309,0
0.03302,0
0.03402,0
0.03946,0
0.03091,0
0.04705,0
0.05393,0
0.07735,0
0.06948,0
0.04939,0
0.04235,0
0.03869,0
0.03767,0
0.03946,0
0.10696,0
0.06128,0
0.07183,0
0.04262,0
0.03848,0
0.03204,0
0.03177,0
0.03218,0
0.03442,0
0.04069,0
0.03728,0
0.02565,0
0.01491,0
0.02236,0
0.02115,0
0.02228,0
0.02486,0
0.05664,0
0.02210,0
0.03273,0
0.03103,0
0.02719,0
0.02786,0
0.02986,0
0.00534,0
0.00655,0
0.00695,0
0.00705,0
0.01489,0
0.01881,0
0.02180,0
0.02129,0
0.02503,0
0.01461,0
0.01250,0
0.00999,0
0.00897,0
0.02419,0
0.02152,0
0.02959,0
0.04043,0
0.05650,0
0.07123,0
0.10079,0
0.06614,0
0.05095,0
0.04062,0
0.04397,0
0.03282,0
0.03120,0
0.03037,0
0.03059,0
0.03544,0
0.10169,0
0.04252,0
0.03437,0
0.02908,0
0.02981,0
0.03086,0
0.03927,0
0.00534,0
0.00655,0
0.00655,0
0.00594,0
0.01177,0
0.01498,0
0.01513,0
0.01631,0
0.01660,0
0.02214,0
0.03091,0
0.04705,0
0.04548,0
0.08867,0
0.07595,0
0.05202,0
0.04301,0
0.03883,0
0.03671,0
0.03975,0
0.05364,0
0.02196,0
0.03346,0
0.03596,0
0.03074,0
0.02599,0
0.02114,0
0.02010,0
0.02091,0
0.02602,0
0.00534,0
0.00655,0
0.00741,0
0.00643,0
0.01242,0
0.01556,0
0.01865,0
0.01461,0
0.01250,0
0.01213,0
0.03741,0
0.02637,0
0.02656,0
0.03025,0
0.03700,0
0.03598,0
0.04465,0
0.01461,0
0.01806,0
0.01505,0
0.01154,0
0.01821,0
0.02462,0
0.02494,0
0.02598,0
0.03582,0
0.04677,0
0.00534,0
0.00655,0
0.00618,0
0.00583,0
0.00879,0
0.01578,0
0.01896,0
0.02091,0
0.02011,0
0.02609,0
0.00534,0
0.01218,0
0.01185,0
0.01013,0
0.01761,0
0.02693,0
0.04009,0
0.05579,0
0.06220,0
0.06410,0
0.05883,0
0.02466,0
0.03474,0
0.02323,0
0.02385,0
0.02287,0
0.02601,0
0.11126,0
0.07536,0
0.05332,0
0.06129,0
0.06132,0
0.04695,0
0.04108,0
0.06128,0
0.06950,0
0.07012,0
0.00534,0
0.00655,0
0.00638,0
0.00640,0
0.01217,0
0.01394,0
0.01624,0
0.01911,0
0.01877,0
0.02486,0
0.00534,0
0.05884,0
0.04159,0
0.04313,0
0.03289,0
0.03111,0
0.03518,0
0.03943,0
0.04482,0
0.06039,0
0.15617,0
0.16441,0
0.08144,0
0.05339,0
0.04587,0
0.04179,0
0.04119,0
0.04357,0
0.04850,0
0.03728,0
0.02818,0
0.01519,0
0.02548,0
0.03272,0
0.04855,0
0.04347,0
0.03850,0
0.04295,0
0.00534,0
0.00655,0
0.00638,0
0.00640,0
0.01454,0
0.02326,0
0.02373,0
0.02497,0
0.02950,0
0.03139,0
0.00534,0
0.00655,0
0.00626,0
0.00590,0
0.01181,0
0.01315,0
0.01565,0
0.01885,0
0.01855,0
0.02387,0
0.15617,0
0.16441,0
0.08129,0
0.05219,0
0.04323,0
0.03920,0
0.03798,0
0.04063,0
0.04789,0
0.01461,0
0.01806,0
0.01491,0
0.01242,0
0.01701,0
0.01316,0
0.01847,0
0.00534,0
0.01218,0
0.01271,0
0.01139,0
0.03007,0
0.03607,0
0.04498,0
0.04564,0
0.04805,0
0.05020,0
0.01461,0
0.01250,0
0.01065,0
0.00855,0
0.01496,0
0.02351,0
0.03665,0
0.03674,0
0.04184,0
0.04919,0
0.00534,0
0.00655,0
0.03729,0
0.03010,0
0.03373,0
0.03845,0
0.05306,0
0.04798,0
0.04552,0
0.05636,0
0.05664,0
0.02210,0
0.03262,0
0.03546,0
0.03172,0
0.02762,0
0.02271,0
0.02139,0
0.02155,0
0.02660,0
0.15617,0
0.20465,0
0.11441,0
0.07593,0
0.06301,0
0.05551,0
0.05292,0
0.05312,0
0.05537,0
0.08057,0
0.06012,0
0.03058,0
0.03105,0
0.02690,0
0.02715,0
0.02717,0
0.02720,0
0.02838,0
0.03423,0
0.03453,0
0.05017,0
0.04639,0
0.07995,0
0.06992,0
0.04882,0
0.04062,0
0.03702,0
0.03657,0
0.03843,0
0.05364,0
0.02356,0
0.03596,0
0.03791,0
0.03387,0
0.02837,0
0.02331,0
0.02199,0
0.02345,0
0.02838,0
0.05664,0
0.02210,0
0.03262,0
0.03546,0
0.03005,0
0.02535,0
0.02078,0
0.01978,0
0.02160,0
0.03050,0
0.05475,0
0.04803,0
0.03519,0
0.03859,0
0.03189,0
0.03184,0
0.03352,0
0.03286,0
0.03410,0
0.03987,0
0.00534,0
0.00655,0
0.00638,0
0.00549,0
0.01886,0
0.02215,0
0.03197,0
0.03814,0
0.02966,0
0.03712,0
0.05664,0
0.02210,0
0.03273,0
0.02224,0
0.01726,0
0.01771,0
0.02205,0
0.00534,0
0.00655,0
0.00638,0
0.02500,0
0.02241,0
0.02653,0
0.02994,0
0.04272,0
0.06191,0
0.13770,0
0.06371,0
0.05275,0
0.03776,0
0.03568,0
0.03244,0
0.03092,0
0.03286,0
0.03708,0
0.05272,0
0.00534,0
0.01218,0
0.01272,0
0.04277,0
0.03444,0
0.03458,0
0.03644,0
0.04230,0
0.03928,0
0.05208,0
0.03728,1
0.02818,1
0.01519,1
0.02548,1
0.03705,1
0.05596,1
0.06436,1
0.06824,1
0.07224,1
0.07813,1
0.02108,0
0.06222,0
0.04328,0
0.04358,0
0.03368,0
0.02921,0
0.03395,0
0.03729,0
0.04336,0
0.05941,0
0.05793,0
0.02531,0
0.03606,0
0.02602,0
0.02841,0
0.02953,0
0.03195,0
0.03453,0
0.05017,0
0.04536,0
0.04100,0
0.03572,0
0.03096,0
0.02833,0
0.02812,0
0.02877,0
0.03301,0
0.00534,0
0.00655,0
0.00626,0
0.00590,0
0.01201,0
0.01208,0
0.01489,0
0.00534,0
0.03686,1
0.05364,1
0.05401,1
0.07810,1
0.10162,1
0.10144,1
0.10138,1
0.11957,1
0.15053,1
0.05664,1
0.02351,1
0.05905,1
0.06073,1
0.06411,1
0.07732,1
0.13185,1
0.00534,0
0.00819,0
0.01002,0
0.00907,0
0.01431,0
0.01151,0
0.01388,0
0.03091,0
0.04047,0
0.04058,0
0.03154,0
0.02388,0
0.02420,0
0.02629,0
0.01461,0
0.01250,0
0.01099,0
0.00990,0
0.01635,0
0.08054,1
0.08060,1
0.08341,1
0.06042,1
0.07419,1
0.07662,1
0.08193,1
0.09124,1
0.10292,1
0.09146,1
0.12148,1
0.12663,1
0.12644,1
0.15883,1
0.15781,1
0.01461,0
0.01250,0
0.05060,1
0.06192,1
0.08714,1
0.07998,1
0.06614,1
0.07397,1
0.00534,0
0.00813,0
0.01025,0
0.00848,0
0.01465,0
0.02318,0
0.03624,0
0.03685,0
0.03823,0
0.04149,0
0.05763,1
0.02341,1
0.03416,1
0.03307,1
0.04043,1
0.06355,1
0.06030,1
0.03728,0
0.02542,0
0.01444,0
0.02301,0
0.03083,0
0.04761,0
0.04559,0
0.04466,0
0.05346,0
0.01461,0
0.01250,0
0.01213,0
0.00958,0
0.01476,0
0.01114,0
0.01460,0
0.00534,0
0.00655,0
0.00741,0
0.00643,0
0.01242,0
0.00881,0
0.01191,0
0.00534,0
0.00813,0
0.00854,0
0.00745,0
0.01309,0
0.01091,0
0.01422,0
0.03453,0
0.04358,0
0.04380,0
0.05972,0
0.04749,0
0.03346,0
0.03141,0
0.02978,0
0.03011,0
0.08057,0
0.06012,0
0.03395,0
0.03318,0
0.02861,0
0.02518,0
0.02558,0
0.02542,0
0.02902,0
0.03445,0
0.00534,0
0.00655,0
0.00655,0
0.00686,0
0.01471,0
0.01817,0
0.02049,0
0.02453,0
0.02655,0
0.00534,0
0.00655,0
0.00626,0
0.00681,0
0.01265,0
0.01505,0
0.01499,0
0.03091,0
0.04047,0
0.04624,0
0.03062,0
0.02476,0
0.02563,0
0.02905,0
0.10079,0
0.06627,0
0.07526,0
0.04644,0
0.04224,0
0.03454,0
0.03424,0
0.03426,0
0.03513,0
0.04146,0
0.10169,0
0.04252,0
0.02748,0
0.02482,0
0.02697,0
0.02879,0
0.03665,0
0.00534,0
0.00655,0
0.00741,0
0.02681,0
0.02114,0
0.02527,0
0.02594,0
0.03574,0
0.06843,0
0.09783,0
0.10696,0
0.07386,0
0.04925,0
0.04502,0
0.04483,0
0.03491,0
0.03589,0
0.03450,0
0.03430,0
0.03882,0
0.09852,0
0.08050,0
0.05316,0
0.03939,0
0.03991,0
0.02976,0
0.02977,0
0.02862,0
0.03115,0
0.03598,0
0.03728,0
0.02927,0
0.01782,0
0.02329,0
0.02584,0
0.02550,0
0.02733,0
0.03728,0
0.06907,0
0.05098,0
0.05514,0
0.05775,0
0.08380,0
0.08041,0
0.07336,0
0.07798,0
0.03728,0
0.02542,0
0.06967,1
0.08024,1
0.08203,1
0.07742,1
0.10980,1
0.10860,1
0.11357,1
0.11700,1
0.00534,0
0.00813,0
0.00815,0
0.04129,0
0.03678,0
0.02744,0
0.03030,0
0.03524,0
0.03755,0
0.05923,0
0.01461,0
0.01806,0
0.01531,0
0.01259,0
0.01900,0
0.02368,0
0.02671,0
0.03000,0
0.03064,0
0.03091,0
0.04124,0
0.04306,0
0.04278,1
0.11357,1
0.10636,1
0.10604,1
0.09744,1
0.09304,1
0.09398,1
0.09969,1
0.05364,0
0.02356,0
0.02750,0
0.04809,0
0.05258,0
0.04340,0
0.03845,0
0.03505,0
0.03431,0
0.04185,0
0.00534,0
0.00813,0
0.04433,0
0.03619,0
0.03853,0
0.03634,0
0.03545,0
0.03091,1
0.04705,1
0.04411,1
0.04078,1
0.06852,1
0.05706,1
0.05497,1
0.05405,1
0.09628,1
0.09282,1
0.00534,0
0.03914,1
0.03367,1
0.04268,1
0.05263,1
0.06096,1
0.06798,1
0.10169,0
0.04753,0
0.02922,0
0.02641,0
0.02884,0
0.04377,0
0.05004,0
0.00534,0
0.00655,0
0.00841,0
0.00690,0
0.01117,0
0.01848,1
0.03448,1
0.04412,1
0.04108,1
0.04850,1
0.03728,0
0.02818,0
0.01519,0
0.03136,0
0.03569,0
0.02461,0
0.01802,0
0.01834,0
0.02133,0
0.02613,0
0.00534,0
0.00655,0
0.00695,0
0.00705,0
0.01744,0
0.01310,0
0.01987,0
0.01461,0
0.01806,0
0.01491,0
0.04374,1
0.04272,1
0.00534,0
0.00655,0
0.00655,0
0.00594,0
0.01196,0
0.01220,0
0.01603,0
0.01461,0
0.01806,0
0.01491,0
0.01242,0
0.01893,0
0.02620,0
0.02819,0
0.02886,0
0.03270,0
0.03368,0
0.05574,0
0.02304,0
0.03152,0
0.03693,0
0.04212,0
0.03816,0
0.03357,0
0.03250,0
0.03292,0
0.00534,0
0.00655,0
0.00695,0
0.00586,0
0.01292,0
0.02248,0
0.02600,0
0.02652,0
0.02684,0
0.02700,0
0.00534,0
0.00655,0
0.00734,0
0.00729,0
0.01299,0
0.01423,0
0.01799,0
0.01845,0
0.01744,0
0.02368,0
0.00534,0
0.00655,0
0.00741,0
0.00643,0
0.01350,0
0.02051,0
0.02221,0
0.02350,0
0.02816,0
0.03033,0
0.03728,1
0.02542,1
0.09184,1
0.08240,1
0.07979,1
0.08709,1
0.10043,1
0.09021,1
0.08713,1
0.00534,0
0.00655,0
0.00638,0
0.00640,0
0.01232,0
0.01270,0
0.01542,0
0.02416,1
0.03246,1
0.04245,1
0.09852,0
0.08050,0
0.05506,0
0.04183,0
0.04200,0
0.03183,0
0.03055,0
0.02981,0
0.03002,0
0.03543,0
0.13770,0
0.06371,0
0.05275,0
0.03548,0
0.03511,0
0.03216,0
0.03157,0
0.03431,0
0.03844,0
0.05388,0
0.00534,0
0.00655,0
0.00695,0
0.00705,0
0.01275,0
0.01061,0
0.01690,0
0.11984,0
0.08642,0
0.04824,0
0.04199,0
0.03231,0
0.03084,0
0.03141,0
0.03100,0
0.03456,0
0.04243,0
0.10169,0
0.04252,0
0.03437,0
0.02908,0
0.02981,0
0.03178,0
0.03891,0
0.03728,0
0.02927,0
0.01782,0
0.02883,0
0.03103,0
0.05993,0
0.05988,0
0.05465,0
0.05246,0
0.05003,0
0.31867,0
0.23153,0
0.18944,0
0.15740,0
0.14163,0
0.13261,0
0.13149,0
0.13016,0
0.12970,0
0.15337,0
0.08057,0
0.06012,0
0.03527,0
0.03536,0
0.02966,0
0.02599,0
0.02627,0
0.02736,0
0.02966,0
0.03495,0
0.03510,0
0.03007,0
0.01920,0
0.02468,0
0.02552,0
0.02411,0
0.02642,0
0.10169,0
0.06644,0
0.03754,0
0.02956,0
0.02838,0
0.02997,0
0.03689,0
0.00534,0
0.00813,0
0.00854,0
0.00745,0
0.01290,0
0.02126,0
0.02119,0
0.02175,0
0.02365,0
0.02519,0
0.00534,0
0.00655,0
0.00695,0
0.00705,0
0.01275,0
0.00963,0
0.01773,0
0.20592,0
0.16026,0
0.14953,0
0.14007,0
0.12772,0
0.11915,0
0.11562,0
0.11782,0
0.12229,0
0.13873,0
0.00534,0
0.05349,0
0.03741,0
0.04084,0
0.03128,0
0.02754,0
0.03246,0
0.03602,0
0.04274,0
0.05927,0
0.01461,0
0.03995,1
0.05550,1
0.06946,1
0.06949,1
0.06115,1
0.05397,1
0.06403,1
0.00534,0
0.01218,0
0.01271,0
0.01139,0
0.01579,0
0.01241,0
0.01872,0
0.11913,0
0.06576,0
0.06631,0
0.04860,0
0.04560,0
0.04347,0
0.04325,0
0.03091,0
0.05254,0
0.04744,0
0.03478,0
0.02856,0
0.02291,0
0.02509,0
0.02346,0
0.02432,0
0.02804,0
0.00534,0
0.00819,0
0.04104,0
0.04955,0
0.06384,0
0.07192,0
0.09709,0
0.00534,0
0.00655,0
0.00626,0
0.00681,0
0.00991,0
0.01525,0
0.01964,0
0.02038,0
0.02036,0
0.02334,0
0.00534,0
0.00655,0
0.00695,0
0.00705,0
0.01275,0
0.01414,0
0.01738,0
0.02108,0
0.01501,0
0.01204,0
0.01090,0
0.01700,0
0.01847,0
0.02201,0
0.02373,0
0.02301,0
0.02816,0
0.01461,0
0.01806,0
0.01531,0
0.04590,0
0.04148,0
0.03054,0
0.03364,0
0.03664,0
0.03922,0
0.05641,0
0.13197,0
0.11297,0
0.10310,0
0.09625,0
0.10116,0
0.10791,0
0.12457,0
0.01461,0
0.01250,0
0.01099,0
0.00898,0
0.02826,0
0.03493,0
0.04356,0
0.02740,0
0.02613,0
0.03337,0
0.11984,0
0.08642,0
0.04824,0
0.06427,0
0.06635,0
0.05977,0
0.05566,0
0.05292,0
0.05507,0
0.06294,0
0.00534,0
0.00655,0
0.05483,0
0.04580,0
0.03887,0
0.04134,0
0.03901,0
0.03970,0
0.04644,0
0.06868,0
0.03728,0
0.03222,0
0.01834,0
0.02581,0
0.03379,0
0.05024,0
0.04494,0
0.04034,0
0.04986,0
0.00534,0
0.00819,0
0.01135,0
0.00999,0
0.01497,0
0.02522,0
0.02843,0
0.02898,0
0.03162,0
0.03332,0
0.03091,0
0.05254,0
0.04744,0
0.03621,0
0.03047,0
0.02396,0
0.02545,0
0.02548,0
0.02614,0
0.03022,0
0.00534,0
0.00655,0
0.00638,0
0.00549,0
0.00907,0
0.01642,0
0.02079,0
0.02243,0
0.02133,0
0.02400,0
0.00534,0
0.00655,0
0.00734,0
0.00729,0
0.01318,0
0.03044,0
0.03106,0
0.03051,0
0.03784,0
0.04781,0
0.05364,0
0.02356,0
0.03406,0
0.03749,0
0.03187,0
0.02826,0
0.02892,0
0.00534,0
0.00655,0
0.00638,0
0.00549,0
0.01167,0
0.00925,0
0.01619,0
0.12715,0
0.05980,0
0.04738,0
0.03592,0
0.03042,0
0.02870,0
0.02884,0
0.03038,0
0.03509,0
0.04662,0
0.00534,0
0.00655,0
0.00841,0
0.00690,0
0.01427,0
0.02250,0
0.02272,0
0.02369,0
0.02612,0
0.00534,0
0.00655,0
0.00638,0
0.00549,0
0.02005,0
0.01935,0
0.02655,0
0.03345,0
0.04238,0
0.04807,0
0.05341,1
0.04962,1
0.03785,1
0.03146,1
0.03955,1
0.03836,1
0.06578,1
0.06991,1
0.08414,1
0.00534,0
0.00655,0
0.00638,0
0.00640,0
0.01353,0
0.02028,0
0.02406,0
0.02356,0
0.02408,0
0.02533,0
0.10696,0
0.08088,0
0.08145,0
0.05197,0
0.04424,0
0.03630,0
0.03664,0
0.03635,0
0.03775,0
0.04288,0
0.00534,0
0.00813,0
0.00815,0
0.00823,0
0.01371,0
0.01005,0
0.01595,0
0.00534,0
0.00655,0
0.00655,0
0.00594,0
0.03330,0
0.04944,0
0.05362,0
0.06087,0
0.07200,0
0.08732,0
0.00534,0
0.01218,0
0.01172,0
0.03914,0
0.03709,0
0.02862,0
0.03147,0
0.03355,0
0.03767,0
0.05718,0
0.03728,0
0.02927,0
0.01782,0
0.03479,0
0.03154,0
0.02390,0
0.02172,0
0.02399,0
0.02500,0
0.02943,0
0.00534,0
0.01218,0
0.01185,0
0.01013,0
0.01572,0
0.02911,0
0.03925,0
0.03495,0
0.03889,0
0.04442,0
0.00534,0
0.00819,0
0.00980,0
0.03600,0
0.02437,0
0.02551,0
0.02941,0
0.03659,0
0.03588,0
0.04237,0
0.15617,0
0.16441,0
0.08018,0
0.05098,0
0.04256,0
0.03875,0
0.03714,0
0.03993,0
0.04536,0
0.00534,0
0.00655,0
0.00626,0
0.00590,0
0.01171,0
0.02039,0
0.02986,0
0.06343,0
0.09248,0
0.10668,0
0.06551,0
0.05903,0
0.03601,0
0.03572,0
0.02999,0
0.02944,0
0.03021,0
0.03082,0
0.03332,0
0.03856,0
0.08057,0
0.06012,0
0.03058,0
0.03318,0
0.02802,0
0.02796,0
0.03082,0
0.03122,0
0.03320,0
0.03865,0
0.00534,0
0.01218,0
0.01172,0
0.00985,0
0.03846,0
0.04767,0
0.05275,0
0.03631,0
0.03268,0
0.03279,0
0.00534,0
0.00655,0
0.03919,0
0.04099,0
0.03245,0
0.03670,0
0.03475,0
0.03446,0
0.03763,0
0.05297,0
0.01461,0
0.01250,0
0.00999,0
0.00804,0
0.01891,0
0.02282,0
0.02187,0
0.03091,0
0.04047,0
0.04624,0
0.03062,0
0.02688,0
0.02741,0
0.02976,0
0.11984,0
0.09236,0
0.06241,0
0.05266,0
0.04144,0
0.03726,0
0.03538,0
0.03482,0
0.03855,0
0.04708,0
0.00534,0
0.00813,0
0.00854,0
0.00745,0
0.01290,0
0.01862,0
0.02161,0
0.02086,0
0.02470,0
0.00534,0
0.00655,0
0.03496,0
0.02761,0
0.03194,0
0.03368,0
0.04753,0
0.04893,0
0.04833,0
0.05664,0
0.02210,0
0.03273,0
0.03103,0
0.02719,0
0.02786,0
0.02937,0
0.00534,0
0.01218,0
0.05301,0
0.05422,0
0.04737,1
0.05210,1
0.05061,1
0.05204,1
0.05192,1
0.07050,1
0.03510,0
0.02657,0
0.01575,0
0.02420,0
0.03209,0
0.02358,0
0.01973,0
0.01897,0
0.02266,0
0.02770,0
0.00534,0
0.01218,0
0.01144,0
0.00996,0
0.01507,0
0.01523,0
0.01750,0
0.10169,0
0.04252,0
0.02748,0
0.03055,0
0.03278,0
0.03573,0
0.04380,0
0.01461,0
0.01250,0
0.01213,0
0.01074,0
0.01561,0
0.01670,0
0.01667,0
0.05763,0
0.02341,0
0.03394,0
0.03178,0
0.03102,0
0.02770,0
0.02360,0
0.02389,0
0.02429,0
0.03295,0
0.05475,0
0.05410,0
0.03317,0
0.03560,0
0.02956,0
0.02939,0
0.02979,0
0.03087,0
0.03317,0
0.03833,0
0.10169,0
0.04753,0
0.03746,0
0.03431,0
0.03440,0
0.03490,0
0.04317,0
0.03453,0
0.04358,0
0.04285,0
0.08082,0
0.07078,0
0.04968,0
0.04114,0
0.03905,0
0.03772,0
0.04072,0
0.10696,0
0.07386,0
0.05131,0
0.03976,0
0.03987,0
0.03164,0
0.03069,0
0.03010,0
0.03074,0
0.03561,0
0.03453,0
0.04392,0
0.04229,0
0.03257,0
0.02480,0
0.02489,0
0.02859,0
0.05595,0
0.02403,0
0.03618,0
0.03329,0
0.03327,0
0.02804,0
0.02360,0
0.02238,0
0.02305,0
0.02813,0
0.10169,0
0.04153,0
0.03146,0
0.02652,0
0.02603,0
0.02781,0
0.03571,0
0.00534,0
0.00813,0
0.00840,0
0.00795,0
0.01355,0
0.01003,0
0.01586,0
0.00534,0
0.00655,0
0.00655,0
0.00686,0
0.01262,0
0.00919,0
0.01219,0
0.05664,0
0.02351,0
0.03368,0
0.03264,0
0.02280,0
0.02080,0
0.02415,0
0.00534,0
0.01218,0
0.01424,0
0.01121,0
0.01568,0
0.02152,0
0.03686,0
0.03954,0
0.03840,0
0.11984,0
0.08642,0
0.04824,0
0.04263,0
0.03146,0
0.03201,0
0.03048,0
0.03181,0
0.03558,0
0.04307,0
0.00534,0
0.00819,0
0.00888,0
0.00850,0
0.01396,0
0.01618,0
0.01996,0
0.10953,0
0.06015,0
0.05607,0
0.06013,0
0.05855,0
0.04848,0
0.04665,0
0.04269,0
0.04129,0
0.04828,0
0.00534,0
0.00655,0
0.00655,0
0.00686,0
0.03157,0
0.04767,0
0.04594,0
0.04362,0
0.04493,0
0.05288,0
0.00534,0
0.01218,0
0.01185,0
0.00910,0
0.01463,0
0.01590,0
0.01545,0
0.00534,0
0.00655,0
0.00618,0
0.03979,0
0.03534,0
0.02622,0
0.02957,0
0.03139,0
0.03391,0
0.05534,0
0.01461,0
0.01250,0
0.01065,0
0.04297,0
0.05104,0
0.05897,0
0.06042,0
0.06017,0
0.05994,0
0.08063,0
0.00534,0
0.00655,0
0.00841,0
0.00690,0
0.01254,0
0.01012,0
0.01693,0
0.03091,0
0.04047,0
0.03239,0
0.02743,0
0.02416,0
0.02455,0
0.02708,0
0.00534,0
0.00813,0
0.00854,0
0.00745,0
0.02016,0
0.01923,0
0.03263,0
0.03990,0
0.03138,0
0.03578,0
0.00534,0
0.08168,0
0.05595,0
0.04680,0
0.03629,0
0.04416,0
0.04896,0
0.05460,0
0.06269,0
0.01461,0
0.01393,0
0.01326,0
0.01046,0
0.01336,0
0.03289,0
0.04316,0
0.03433,0
0.03406,0
0.04038,0
0.00534,0
0.00819,0
0.05885,0
0.04461,0
0.03864,0
0.03512,0
0.04261,0
0.04835,0
0.05509,0
0.06386,0
0.13770,0
0.05738,0
0.04495,0
0.03304,0
0.02821,0
0.02669,0
0.02708,0
0.02851,0
0.03382,0
0.05000,0
0.05664,0
0.02210,0
0.03262,0
0.03546,0
0.03172,0
0.03074,0
0.02562,0
0.02402,0
0.02534,0
0.03461,0
0.00534,0
0.00813,0
0.00880,0
0.00861,0
0.01568,0
0.01621,0
0.01933,0
0.02108,0
0.02217,0
0.02506,0
0.01461,0
0.01393,0
0.04059,0
0.03337,0
0.03314,0
0.03249,0
0.03824,0
0.03748,0
0.03467,0
0.03858,0
0.00534,0
0.01218,0
0.01424,0
0.01234,0
0.01822,0
0.02449,0
0.03612,0
0.02974,0
0.03008,0
0.03222,0
0.00534,0
0.01218,0
0.01272,0
0.03523,0
0.02824,0
0.02641,0
0.03013,0
0.03774,0
0.03545,0
0.04171,0
0.13770,0
0.06371,0
0.04828,0
0.03562,0
0.03010,0
0.02802,0
0.02912,0
0.03234,0
0.03714,0
0.04828,0
0.05664,0
0.02210,0
0.03039,0
0.04164,0
0.03756,0
0.03373,0
0.03005,0
0.02715,0
0.02696,0
0.03480,0
0.01461,0
0.01250,0
0.04096,0
0.03224,0
0.03421,0
0.02692,0
0.03189,0
0.15001,0
0.13561,0
0.13514,0
0.15525,0
0.10048,0
0.07548,0
0.06335,0
0.05980,0
0.06257,0
0.06532,0
0.00534,0
0.10952,1
0.10522,1
0.09772,1
0.09300,1
0.09618,1
0.09884,1
0.09875,1
0.08409,1
0.09143,1
0.00534,0
0.00655,0
0.00638,0
0.00549,0
0.01552,0
0.01863,0
0.02893,0
0.03274,0
0.04768,0
0.06648,0
0.03728,0
0.02818,0
0.01519,0
0.02401,0
0.03222,0
0.02453,0
0.02162,0
0.02046,0
0.02360,0
0.02840,0
0.03453,0
0.04358,0
0.05472,0
0.06554,0
0.05355,0
0.03819,0
0.03423,0
0.03222,0
0.03329,0
0.00534,0
0.01218,0
0.01172,0
0.00985,0
0.01746,0
0.03503,0
0.03356,0
0.03182,0
0.03297,0
0.03452,0
0.01461,0
0.01806,0
0.01520,0
0.01145,0
0.01791,0
0.02295,0
0.03828,0
0.04129,0
0.04113,0
0.00534,0
0.00655,0
0.00626,0
0.00681,0
0.01265,0
0.01574,0
0.01585,0
0.00534,0
0.00813,0
0.00880,0
0.00743,0
0.03362,0
0.04496,0
0.05040,0
0.03320,0
0.02955,0
0.03449,0
0.11361,0
0.05206,0
0.03430,0
0.03322,0
0.03321,0
0.03582,0
0.04308,0
0.11361,0
0.05206,0
0.04238,0
0.03558,0
0.03538,0
0.03594,0
0.04377,0
0.00534,0
0.01218,0
0.01271,0
0.01011,0
0.01305,0
0.01764,0
0.02249,0
0.02544,0
0.02374,0
0.02600,0
0.03091,0
0.04124,0
0.04291,0
0.05962,0
0.05009,0
0.04267,0
0.03917,0
0.03716,0
0.03718,0
0.03453,0
0.05648,0
0.04119,0
0.03316,0
0.02888,0
0.02378,0
0.02253,0
0.02200,0
0.02338,0
0.02630,0
0.13770,0
0.05738,0
0.04495,0
0.03054,0
0.02720,0
0.02612,0
0.02779,0
0.03044,0
0.03529,0
0.05151,0
0.00534,0
0.00655,0
0.00695,0
0.00705,0
0.01295,0
0.02176,0
0.02255,0
0.02498,0
0.02671,0
0.00534,0
0.01218,0
0.01271,0
0.04769,1
0.05895,1
0.05990,1
0.02108,0
0.01501,0
0.01501,0
0.01165,0
0.01724,0
0.03092,0
0.04800,0
0.03709,0
0.03602,0
0.04253,0
0.00534,0
0.00655,0
0.00841,0
0.00806,0
0.01490,0
0.01741,0
0.01767,0
0.02045,0
0.01991,0
0.02564,0
0.01461,0
0.01250,0
0.01065,0
0.00973,0
0.01485,0
0.02016,0
0.02367,0
0.02740,0
0.02828,0
0.05364,0
0.02196,0
0.03151,0
0.03509,0
0.05476,0
0.04264,0
0.03360,0
0.03239,0
0.03254,0
0.04129,0
0.00534,0
0.01218,0
0.05301,1
0.05606,1
0.03626,1
0.03133,1
0.03250,1
0.03499,1
0.03952,1
0.06376,1
0.01461,0
0.01393,0
0.05769,0
0.04741,0
0.03749,0
0.03781,0
0.03547,0
0.03532,0
0.04226,0
0.06616,0
0.00534,0
0.00655,0
0.00638,0
0.00549,0
0.01167,0
0.00830,0
0.01142,0
0.00534,0
0.01218,0
0.01271,0
0.01011,0
0.01305,0
0.01927,0
0.02246,0
0.02452,0
0.02312,0
0.02790,0
0.00534,0
0.00655,0
0.00638,0
0.00549,0
0.01886,0
0.01823,0
0.03172,0
0.03931,0
0.03299,0
0.03455,0
0.00534,0
0.00655,0
0.05483,0
0.04314,0
0.03617,0
0.03647,0
0.03454,0
0.03597,0
0.04272,0
0.06416,0
0.03728,0
0.02666,0
0.01440,0
0.02142,0
0.03156,0
0.03135,0
0.03142,0
0.13770,0
0.06163,0
0.04749,0
0.03492,0
0.02959,0
0.03209,0
0.03278,0
0.03383,0
0.03825,0
0.05416,0
0.05793,0
0.02531,0
0.02853,0
0.03746,0
0.03300,0
0.02855,0
0.02220,0
0.02158,0
0.02274,0
0.02826,0
0.00534,0
0.01218,0
0.01172,0
0.00884,0
0.01448,0
0.01770,0
0.01869,0
0.02039,0
0.01948,0
0.02464,0
0.00534,0
0.00655,0
0.00741,0
0.00734,0
0.01295,0
0.04685,1
0.05468,1
0.06601,1
0.08012,1
0.08185,1
0.08630,1
0.10296,1
0.13066,1
0.09852,0
0.08050,0
0.05506,0
0.04183,0
0.04162,0
0.03305,0
0.03171,0
0.03162,0
0.03313,0
0.03787,0
0.03664,1
0.03013,1
0.01800,1
0.02311,1
0.02554,1
0.02254,1
0.11361,0
0.05372,0
0.03654,0
0.03133,0
0.03313,0
0.04707,0
0.05297,0
0.00534,0
0.00655,0
0.00638,0
0.00640,0
0.00921,0
0.01488,0
0.01851,0
0.02121,0
0.02068,0
0.02593,0
0.00534,0
0.00655,0
0.00638,0
0.00549,0
0.01639,0
0.01266,0
0.01557,0
0.03091,0
0.04047,0
0.03239,0
0.02916,0
0.02321,0
0.02369,0
0.02628,0
0.03728,0
0.02565,0
0.01491,0
0.02236,0
0.02322,0
0.02107,0
0.02359,0
0.00534,0
0.00655,0
0.00638,0
0.00640,0
0.01217,0
0.01572,0
0.01701,0
0.01876,0
0.01838,0
0.02443,0
0.05883,0
0.02309,0
0.03172,0
0.04249,0
0.03991,0
0.03446,0
0.03300,0
0.03174,0
0.03180,0
0.04025,0
0.04983,0
0.03631,0
0.02121,0
0.03003,0
0.04133,0
0.05538,0
0.05304,0
0.04858,0
0.06402,0
0.00534,0
0.01218,0
0.05465,0
0.04973,0
0.06100,0
0.05803,0
0.05642,0
0.06139,0
0.07966,0
0.03091,0
0.03719,0
0.04263,0
0.09007,0
0.08005,0
0.05310,0
0.04276,0
0.03810,0
0.03663,0
0.03834,0
0.00534,0
0.00655,0
0.00618,0
0.00583,0
0.01903,0
0.02339,0
0.03262,0
0.04077,0
0.03212,0
0.03362,0
0.00534,0
0.00655,0
0.00655,0
0.00594,0
0.01177,0
0.01322,0
0.01576,0
0.01730,0
0.01759,0
0.02082,0
0.03728,0
0.02900,0
0.01669,0
0.02534,0
0.03324,0
0.02513,0
0.02216,0
0.02095,0
0.02399,0
0.03190,0
0.03091,0
0.03588,0
0.03981,0
0.03193,0
0.02889,0
0.02401,0
0.02296,0
0.02371,0
0.02498,0
0.02841,0
0.05364,0
0.02196,0
0.02434,0
0.03279,0
0.03136,0
0.02773,0
0.02412,0
0.02303,0
0.02328,0
0.02849,0
0.08052,1
0.11264,1
0.14312,1
0.11984,0
0.08642,0
0.04824,0
0.04206,0
0.03021,0
0.02722,0
0.02586,0
0.02778,0
0.03194,0
0.03981,0
0.05364,0
0.02356,0
0.03168,0
0.04848,0
0.05329,0
0.04457,0
0.04180,0
0.04149,0
0.03981,0
0.07852,1
0.10373,1
0.11028,1
0.03453,0
0.05017,0
0.04536,0
0.04100,0
0.03572,0
0.03096,0
0.02833,0
0.02812,0
0.02877,0
0.03092,0
0.02108,0
0.01501,0
0.01218,0
0.01007,0
0.01492,0
0.02551,0
0.02566,0
0.02444,0
0.02615,0
0.02823,0
0.10696,0
0.07386,0
0.04925,0
0.04261,0
0.04809,0
0.03774,0
0.05542,1
0.06032,1
0.06411,1
0.06710,1
0.07205,1
0.08698,1
0.13770,0
0.06163,0
0.04749,0
0.03492,0
0.03493,0
0.03184,0
0.03131,0
0.03402,0
0.03816,0
0.05370,0
0.06672,0
0.02497,0
0.03719,0
0.03503,0
0.03709,1
0.04956,1
0.06466,1
0.06065,1
0.05880,1
0.06600,1
0.04983,0
0.04266,0
0.02498,0
0.03375,0
0.03787,0
0.05397,0
0.04856,0
0.04257,0
0.05130,0
0.01461,0
0.01250,0
0.01065,0
0.00855,0
0.01409,0
0.01042,0
0.01732,0
0.00534,0
0.00655,0
0.00618,0
0.00674,0
0.01254,0
0.00996,0
0.01263,0
0.00534,0
0.00655,0
0.00655,0
0.00686,0
0.01386,0
0.02345,0
0.03621,0
0.03321,0
0.03563,0
0.03453,0
0.04392,0
0.04816,0
0.03191,0
0.02577,0
0.02649,0
0.02913,0
0.03091,0
0.04047,0
0.02889,0
0.01975,0
0.01654,0
0.01857,0
0.02395,0
0.00534,0
0.00655,0
0.00626,0
0.00590,0
0.03626,0
0.04542,0
0.04882,0
0.03236,0
0.03177,0
0.03582,0
0.10169,0
0.04252,0
0.02748,0
0.03055,0
0.03278,0
0.03364,0
0.04198,0
0.08057,0
0.06012,0
0.03527,0
0.03344,0
0.02864,0
0.02507,0
0.02858,0
0.02868,0
0.03191,0
0.03695,0
0.00534,0
0.00655,0
0.00618,0
0.00583,0
0.01190,0
0.00974,0
0.01328,0
0.05763,0
0.02341,0
0.03205,0
0.03720,0
0.06574,0
0.05802,0
0.05390,0
0.05322,0
0.05329,0
0.01461,0
0.01250,0
0.01012,0
0.00849,0
0.02812,0
0.04166,0
0.04816,0
0.02994,0
0.02773,0
0.03370,0
0.00534,0
0.01218,0
0.01271,0
0.01139,0
0.01630,0
0.02625,0
0.02879,0
0.02848,0
0.02872,0
0.02956,0
0.05664,0
0.02351,0
0.03368,0
0.02365,0
0.01964,0
0.02401,0
0.02755,0
0.02108,0
0.02254,0
0.01901,0
0.01430,0
0.02086,0
0.03100,0
0.04202,0
0.04204,0
0.04258,0
0.01461,0
0.01250,0
0.01213,0
0.04414,0
0.06799,0
0.06520,0
0.06512,0
0.06796,0
0.07550,0
0.09052,0
0.00534,0
0.00655,0
0.00695,0
0.00705,0
0.01275,0
0.00963,0
0.01773,0
0.00534,0
0.01218,0
0.01272,0
0.03960,0
0.03734,0
0.02894,0
0.03167,0
0.03519,0
0.03856,0
0.05389,0
0.01461,0
0.01806,0
0.01520,0
0.01145,0
0.01620,0
0.01881,0
0.01795,0
0.00534,0
0.00655,0
0.00841,0
0.00690,0
0.02829,0
0.04203,0
0.04787,0
0.03103,0
0.02837,0
0.03408,0
0.21196,0
0.09757,0
0.06437,0
0.05457,0
0.04969,0
0.03829,0
0.03989,0
0.05364,0
0.02196,0
0.03151,0
0.04467,0
0.04688,0
0.04042,0
0.03497,0
0.03344,0
0.03362,0
0.03453,0
0.04392,0
0.04229,0
0.03257,0
0.02702,0
0.02702,0
0.02929,0
0.00534,0
0.00655,0
0.00638,0
0.00549,0
0.01167,0
0.00925,0
0.01197,0
0.00534,0
0.00813,0
0.00815,0
0.00823,0
0.01371,0
0.01136,0
0.01911,0
0.00534,0
0.00655,0
0.00655,0
0.00594,0
0.01196,0
0.01220,0
0.01209,0
0.10079,0
0.06614,0
0.04693,0
0.04309,0
0.04692,0
0.03788,0
0.03736,0
0.03688,0
0.03863,0
0.04361,0
0.10696,0
0.07598,0
0.04418,0
0.03363,0
0.02480,0
0.02488,0
0.02642,0
0.02907,0
0.03615,0
0.00534,0
0.00813,0
0.01025,0
0.00964,0
0.01490,0
0.01142,0
0.01923,0
0.00534,0
0.00655,0
0.00638,0
0.00640,0
0.01217,0
0.01394,0
0.01720,0
0.01971,0
0.01908,0
0.02189,0
0.00534,0
0.06315,0
0.04786,0
0.03968,0
0.03569,0
0.02913,0
0.03376,0
0.03702,0
0.04324,0
0.05260,0
0.01461,0
0.01250,0
0.05662,0
0.03496,0
0.03000,0
0.03305,0
0.03060,0
0.03481,0
0.03231,0
0.04625,0
0.00534,0
0.01218,0
0.01172,0
0.00884,0
0.02821,0
0.03757,0
0.03581,0
0.03443,0
0.03752,0
0.04428,0
0.00534,0
0.00655,0
0.00618,0
0.00583,0
0.02581,0
0.03410,0
0.03990,0
0.05400,0
0.06234,0
0.00534,0
0.00655,0
0.04378,0
0.02760,0
0.02473,0
0.02797,0
0.02586,0
0.02745,0
0.02880,0
0.03980,0
0.11984,0
0.08557,0
0.04850,0
0.04039,0
0.03343,0
0.03094,0
0.03008,0
0.03269,0
0.03683,0
0.04555,0
0.00534,0
0.00655,0
0.00695,0
0.00586,0
0.01292,0
0.02174,0
0.02405,0
0.02469,0
0.02813,0
0.03084,0
0.00534,0
0.04240,0
0.03564,0
0.04240,0
0.03194,0
0.03082,0
0.03545,0
0.03861,0
0.04511,0
0.06101,0
0.00534,0
0.00655,0
0.00638,0
0.00549,0
0.01167,0
0.01205,0
0.01194,0
0.00534,0
0.00655,0
0.00626,0
0.00590,0
0.01181,0
0.01315,0
0.01565,0
0.02164,0
0.02114,0
0.02720,0
0.00534,0
0.03831,0
0.03662,0
0.04824,0
0.05218,0
0.04671,0
0.05033,0
0.05664,0
0.02351,0
0.02583,0
0.03415,0
0.03287,0
0.02863,0
0.02471,0
0.02352,0
0.02515,0
0.03398,0
0.05664,0
0.02351,0
0.02583,0
0.03415,0
0.03010,0
0.02573,0
0.02263,0
0.02182,0
0.02275,0
0.03171,0
0.09435,0
0.16955,0
0.14155,0
0.07507,0
0.05495,0
0.04942,0
0.04524,0
0.04423,0
0.04675,0
0.05673,0
0.03728,0
0.02666,0
0.01506,0
0.02692,0
0.02581,0
0.02690,0
0.03202,0
0.00534,0
0.00655,0
0.00638,0
0.00640,0
0.01353,0
0.02028,0
0.02406,0
0.02356,0
0.02471,0
0.02556,0
0.02108,0
0.06222,0
0.03856,0
0.04129,0
0.03046,0
0.02769,0
0.03279,0
0.03651,0
0.04302,0
0.06004,0
0.10169,0
0.04153,0
0.02410,0
0.02182,0
0.02516,0
0.03020,0
0.03907,0
0.03091,0
0.03452,0
0.04499,0
0.03761,0
0.03354,0
0.02754,0
0.02562,0
0.02462,0
0.02500,0
0.02839,0
0.05793,0
0.02531,0
0.03851,0
0.03636,0
0.03541,0
0.02993,0
0.02476,0
0.02320,0
0.02371,0
0.02864,0
0.03728,0
0.02565,0
0.01491,0
0.02321,0
0.03659,0
0.05151,0
0.04575,0
0.04110,0
0.05050,0
0.00534,0
0.00655,0
0.00695,0
0.00705,0
0.01430,0
0.03142,0
0.04739,0
0.03508,0
0.03389,0
0.03924,0
0.06672,0
0.02786,0
0.03458,0
0.04038,0
0.04775,0
0.03818,0
0.03487,0
0.03266,0
0.03181,0
0.03933,0
0.04983,0
0.03485,0
0.02014,0
0.03531,0
0.03860,0
0.02716,0
0.02087,0
0.01958,0
0.02242,0
0.03035,0
0.00534,0
0.00813,0
0.00840,0
0.00703,0
0.01385,0
0.01982,0
0.02383,0
0.02567,0
0.02758,0
0.09674,1
0.06595,1
0.04752,1
0.05306,1
0.04869,1
0.04058,1
0.07537,1
0.00534,0
0.00819,0
0.03722,0
0.03101,0
0.03476,0
0.04135,0
0.03861,0
0.03699,0
0.04524,0
0.04713,0
0.00534,0
0.00819,0
0.00916,0
0.00763,0
0.01428,0
0.02238,0
0.03106,0
0.06662,0
0.10276,0
0.11710,0
0.00534,0
0.08168,0
0.08863,0
0.07169,0
0.05666,0
0.06193,0
0.06706,0
0.07233,0
0.07976,0
0.03728,0
0.02818,0
0.01519,0
0.03136,0
0.03198,0
0.02324,0
0.01953,0
0.01830,0
0.02168,0
0.02975,0
0.03453,0
0.04392,0
0.04229,0
0.03367,0
0.02553,0
0.02592,0
0.03150,0
0.00534,0
0.01218,0
0.04051,0
0.04851,0
0.06029,0
0.06916,0
0.12256,0
0.00534,0
0.00819,0
0.00888,0
0.00757,0
0.01800,0
0.01321,0
0.01619,0
0.02108,0
0.01501,0
0.01343,0
0.01159,0
0.01530,0
0.01342,0
0.02054,0
0.00534,0
0.01218,0
0.01271,0
0.01139,0
0.03176,0
0.04478,0
0.05050,0
0.03359,0
0.03261,0
0.03667,0
0.03728,0
0.02927,0
0.01731,0
0.02773,0
0.03530,0
0.03041,0
0.02767,0
0.02645,0
0.03266,0
0.03516,0
0.00534,0
0.00655,0
0.00695,0
0.00586,0
0.01167,0
0.01806,0
0.03442,0
0.03587,0
0.03714,0
0.03728,0
0.02542,0
0.01444,0
0.02331,0
0.02732,0
0.02392,0
0.02212,0
0.02100,0
0.02472,0
0.03263,0
0.00534,0
0.00655,0
0.00841,0
0.00690,0
0.01254,0
0.01012,0
0.01814,0
0.01461,0
0.01250,0
0.00985,0
0.00844,0
0.01403,0
0.01020,0
0.01304,0
0.05595,0
0.02262,0
0.03412,0
0.02467,0
0.02827,0
0.02702,0
0.02996,0
0.03453,0
0.04004,0
0.04011,0
0.07575,0
0.07139,0
0.04980,0
0.04179,0
0.03967,0
0.03839,0
0.04005,0
0.03728,0
0.02927,0
0.01731,0
0.02851,0
0.08686,1
0.09167,1
0.08511,1
0.08141,1
0.00534,0
0.00655,0
0.00655,0
0.02595,0
0.02260,0
0.02586,0
0.02763,0
0.03366,0
0.04203,0
0.04810,0
0.20633,0
0.12227,0
0.08242,0
0.06815,0
0.05827,0
0.04580,0
0.05052,0
0.01461,0
0.01393,0
0.01224,0
0.01009,0
0.01720,0
0.02433,0
0.03732,0
0.03592,0
0.03884,0
0.04339,0
0.00534,0
0.01218,0
0.01160,0
0.01017,0
0.01278,0
0.01993,0
0.02253,0
0.02364,0
0.02113,0
0.02429,0
0.00534,0
0.00655,0
0.00618,0
0.00674,0
0.01254,0
0.01039,0
0.01385,0
0.10169,0
0.06179,0
0.03480,0
0.03053,0
0.03065,0
0.03215,0
0.03981,0
0.02108,0
0.01501,0
0.01501,0
0.01165,0
0.01514,0
0.02222,0
0.02182,0
0.05364,0
0.02196,0
0.03332,0
0.03136,0
0.02577,0
0.02293,0
0.02497,0
0.04983,0
0.03538,0
0.01969,0
0.02690,0
0.03395,0
0.02890,0
0.02781,0
0.02722,0
0.03383,0
0.03674,0
0.00534,0
0.00655,0
0.00618,0
0.00583,0
0.01190,0
0.01504,0
0.01823,0
0.00534,0
0.07984,0
0.08298,0
0.05599,0
0.04664,0
0.03770,0
0.03976,0
0.04145,0
0.04684,0
0.05758,0
0.00534,0
0.00813,0
0.00840,0
0.00795,0
0.01568,0
0.03349,0
0.03214,0
0.03496,0
0.03607,0
0.03745,0
0.00534,0
0.00655,0
0.00638,0
0.00549,0
0.01886,0
0.01823,0
0.02784,0
0.03659,0
0.03061,0
0.03876,0
0.05793,0
0.02531,0
0.03417,0
0.03758,0
0.05992,0
0.04175,0
0.03392,0
0.03069,0
0.03088,0
0.03952,0
0.05364,0
0.02356,0
0.03168,0
0.03813,0
0.04085,0
0.03898,0
0.03529,0
0.03152,0
0.03061,0
0.03349,0
0.09852,0
0.08450,0
0.05288,0
0.04074,0
0.03001,0
0.02940,0
0.03034,0
0.03262,0
0.03965,0
0.01461,0
0.04326,0
0.04510,0
0.05514,0
0.05766,0
0.05059,0
0.05350,0
0.02108,0
0.01501,0
0.01218,0
0.01007,0
0.01509,0
0.01267,0
0.01886,0
0.00534,0
0.00813,0
0.00854,0
0.00837,0
0.01586,0
0.02258,0
0.02213,0
0.02478,0
0.02664,0
0.00534,0
0.01218,0
0.01272,0
0.01072,0
0.01823,0
0.02566,0
0.02454,0
0.02375,0
0.02488,0
0.02575,0
0.01461,0
0.01250,0
0.01213,0
0.03442,0
0.02405,0
0.02169,0
0.02696,0
0.03553,0
0.03522,0
0.04430,0
0.01461,0
0.06537,0
0.04908,0
0.04020,0
0.03682,0
0.02936,0
0.03238,0
0.03583,0
0.04295,0
0.05143,0
0.05664,0
0.02351,0
0.03518,0
0.03736,0
0.03321,0
0.02867,0
0.02366,0
0.02224,0
0.02270,0
0.03209,0
0.00534,0
0.01218,0
0.01172,0
0.00884,0
0.01591,0
0.02679,0
0.04432,0
0.06458,0
0.07108,0
0.07245,0
0.03728,0
0.02565,0
0.01418,0
0.02998,0
0.03068,0
0.02230,0
0.01779,0
0.01693,0
0.02072,0
0.02582,0
0.00534,0
0.00655,0
0.00638,0
0.00549,0
0.01167,0
0.01205,0
0.01194,0
0.00534,0
0.00813,0
0.00854,0
0.00745,0
0.01494,0
0.02240,0
0.02199,0
0.02503,0
0.02610,0
0.10169,0
0.06644,0
0.03754,0
0.02956,0
0.02838,0
0.03087,0
0.03860,0
0.00534,0
0.00655,0
0.00695,0
0.00586,0
0.01187,0
0.01599,0
0.01930,0
0.00534,0
0.00655,0
0.00695,0
0.00705,0
0.02469,0
0.02321,0
0.03588,0
0.04271,0
0.03689,0
0.04039,0
0.01461,0
0.01250,0
0.00999,0
0.02850,0
0.03124,0
0.03182,0
0.04294,0
0.04297,0
0.03250,0
0.03873,0
0.00534,0
0.01218,0
0.01272,0
0.01072,0
0.01562,0
0.01210,0
0.01476,0
0.00534,0
0.01218,0
0.04030,0
0.03243,0
0.03445,0
0.03361,0
0.03194,0
0.03270,0
0.03027,0
0.03215,0
0.04983,0
0.03538,0
0.01969,0
0.03472,0
0.03828,0
0.02623,0
0.02064,0
0.01961,0
0.02313,0
0.03118,0
0.03091,0
0.04705,0
0.04659,0
0.08048,0
0.06768,0
0.05554,0
0.05049,0
0.04725,0
0.04707,0
0.00534,0
0.00655,0
0.00638,0
0.00549,0
0.01167,0
0.00969,0
0.01624,0
0.02108,0
0.01769,0
0.01588,0
0.01199,0
0.01664,0
0.02373,0
0.02551,0
0.02848,0
0.03002,0
0.13197,0
0.09252,0
0.06561,0
0.07248,0
0.06894,0
0.05354,0
0.04179,0
0.06396,0
0.07290,0
0.07372,0
0.03091,0
0.03452,0
0.03576,0
0.03327,0
0.03190,0
0.02480,0
0.02462,0
0.02445,0
0.02541,0
0.02799,0
0.03453,0
0.04004,0
0.04395,0
0.03697,0
0.04398,0
0.04107,0
0.03441,0
0.03297,0
0.03215,0
0.03519,0
0.12943,1
0.13349,1
0.13431,1
0.08955,1
0.10078,1
0.09669,1
0.09244,1
0.09318,1
0.09730,1
0.10547,1
0.41957,0
0.33654,0
0.23836,0
0.18200,0
0.15252,0
0.13552,0
0.12188,0
0.11593,0
0.11388,0
0.12396,0
0.00534,0
0.00813,0
0.00827,0
0.00739,0
0.01289,0
0.03076,0
0.03102,0
0.03026,0
0.03171,0
0.03354,0
0.00534,0
0.01218,0
0.09002,0
0.07184,0
0.05365,0
0.05343,0
0.04965,0
0.04997,0
0.04991,0
0.08471,0
0.00534,0
0.00655,0
0.00626,0
0.00681,0
0.01277,0
0.01577,0
0.01787,0
0.01773,0
0.01801,0
0.02332,0
0.00534,0
0.01218,0
0.01185,0
0.00910,0
0.01670,0
0.02485,0
0.02418,0
0.02249,0
0.02364,0
0.02490,0
0.03728,0
0.02565,0
0.01491,0
0.03129,0
0.03195,0
0.02211,0
0.01742,0
0.01667,0
0.02030,0
0.02854,0
0.11126,0
0.07443,0
0.05324,0
0.06260,0
0.05675,0
0.04502,0
0.03694,0
0.05790,0
0.06638,0
0.06743,0
0.00534,0
0.03649,0
0.02974,0
0.04184,0
0.04825,0
0.04228,0
0.04621,0
0.03091,0
0.03719,0
0.04164,0
0.05729,0
0.04572,0
0.03387,0
0.03118,0
0.02999,0
0.03098,0
0.01461,0
0.01403,0
0.01160,0
0.03053,0
0.03970,0
0.03743,0
0.04662,0
0.04811,0
0.03752,0
0.03907,0
0.08057,0
0.06012,0
0.03527,0
0.03344,0
0.02864,0
0.02507,0
0.02700,0
0.02725,0
0.03056,0
0.03627,0
0.05475,0
0.05410,0
0.03317,0
0.04076,0
0.03367,0
0.03311,0
0.03303,0
0.03295,0
0.03386,0
0.03896,0
0.00534,0
0.00655,0
0.00841,0
0.00690,0
0.01427,0
0.03373,0
0.03341,0
0.03512,0
0.03561,0
0.03560,0
0.03453,0
0.04004,0
0.05288,0
0.05091,0
0.04663,0
0.04132,0
0.03672,0
0.03558,0
0.03556,0
0.03758,0
0.03091,0
0.03719,0
0.04834,0
0.08693,0
0.07502,0
0.05153,0
0.04223,0
0.03828,0
0.03630,0
0.03933,0
0.00534,0
0.00655,0
0.00695,0
0.00586,0
0.00964,0
0.01628,0
0.02034,0
0.02262,0
0.02155,0
0.02413,0
0.03453,0
0.05017,0
0.05621,0
0.06425,0
0.05024,0
0.04124,0
0.04036,0
0.03781,0
0.03791,0
0.10696,0
0.06017,0
0.06887,0
0.06060,0
0.04922,0
0.04658,0
0.04599,0
0.04724,0
0.05358,0
0.00534,0
0.01218,0
0.01172,0
0.00884,0
0.01653,0
0.02655,0
0.03335,0
0.03110,0
0.02959,0
0.03156,0
0.04983,0
0.03370,0
0.02019,0
0.03011,0
0.03164,0
0.05924,0
0.06042,0
0.05519,0
0.05040,0
0.05145,0
0.00534,0
0.00655,0
0.00655,0
0.00686,0
0.01386,0
0.02521,0
0.03999,0
0.05881,0
0.05953,0
0.06114,0
0.02108,0
0.01501,0
0.01204,0
0.00998,0
0.01471,0
0.01265,0
0.01879,0
0.00534,0
0.00655,0
0.00655,0
0.00594,0
0.01196,0
0.01220,0
0.01497,0
0.04983,0
0.03538,0
0.01969,0
0.02912,0
0.03438,0
0.02885,0
0.02751,0
0.02598,0
0.03138,0
0.03449,0
0.11134,0
0.07329,0
0.05370,0
0.04826,0
0.04421,0
0.03369,0
0.03675,0
0.00534,0
0.01218,0
0.04494,0
0.05539,0
0.04568,0
0.03795,0
0.04073,0
0.04404,0
0.04849,0
0.06066,0
0.00534,0
0.00655,0
0.00695,0
0.02543,0
0.02614,0
0.02878,0
0.03769,0
0.03932,0
0.03038,0
0.03862,0
0.02108,0
0.02254,0
0.01901,0
0.01558,0
0.01897,0
0.02367,0
0.02247,0
0.02108,0
0.02254,0
0.06785,0
0.06121,0
0.06605,0
0.06340,0
0.05846,0
0.06830,0
0.08590,0
0.10696,0
0.10354,0
0.07163,0
0.06015,0
0.05610,0
0.04806,0
0.04666,0
0.04427,0
0.04326,0
0.04715,0
0.00534,0
0.01218,0
0.05137,0
0.03351,0
0.03601,0
0.03688,0
0.03340,0
0.03622,0
0.03307,0
0.04167,0
0.00534,0
0.01218,0
0.01144,0
0.00886,0
0.01449,0
0.01070,0
0.01646,0
0.08057,0
0.05830,0
0.03457,0
0.03403,0
0.02959,0
0.02625,0
0.02683,0
0.02795,0
0.03062,0
0.03661,0
0.05664,0
0.02210,0
0.03262,0
0.03546,0
0.03005,0
0.02535,0
0.02078,0
0.01978,0
0.02063,0
0.02577,0
0.00534,0
0.00655,0
0.00638,0
0.00640,0
0.01232,0
0.00918,0
0.01526,0
0.00534,0
0.01218,0
0.01271,0
0.01139,0
0.01826,0
0.02501,0
0.02410,0
0.02239,0
0.02573,0
0.00534,0
0.01218,0
0.01424,0
0.01234,0
0.01659,0
0.01312,0
0.01607,0
0.00534,0
0.00655,0
0.00626,0
0.00590,0
0.01364,0
0.02227,0
0.02221,0
0.02231,0
0.02602,0
0.02816,0
0.00534,0
0.00655,0
0.05538,0
0.03668,0
0.03272,0
0.02703,0
0.03172,0
0.03787,0
0.04551,0
0.05554,0
0.02108,0
0.01501,0
0.01254,0
0.01013,0
0.01720,0
0.02633,0
0.03553,1
0.03582,1
0.03790,1
0.09852,0
0.07671,0
0.05753,0
0.04427,0
0.04228,0
0.03573,0
0.03398,0
0.03374,0
0.03467,0
0.03939,0
0.06672,0
0.02786,0
0.03458,0
0.04038,0
0.04396,0
0.03490,0
0.03484,0
0.03637,0
0.03528,0
0.04334,0
0.03453,0
0.03933,0
0.04480,0
0.03688,0
0.03218,0
0.02692,0
0.02922,0
0.02728,0
0.02845,0
0.03037,0
0.00534,0
0.01218,0
0.01271,0
0.01139,0
0.01754,0
0.03290,0
0.03713,0
0.03540,0
0.03507,0
0.03534,0
0.00534,0
0.01218,0
0.01424,0
0.01121,0
0.01566,0
0.01211,0
0.01538,0
0.00534,0
0.01218,0
0.01160,0
0.03707,0
0.03071,0
0.03278,0
0.03478,0
0.04108,0
0.03777,0
0.04341,0
0.05595,0
0.02262,0
0.03111,0
0.04763,0
0.05178,0
0.04430,0
0.03806,0
0.03508,0
0.03518,0
0.00534,0
0.01218,0
0.01160,0
0.00902,0
0.01651,0
0.03479,0
0.03293,0
0.03109,0
0.03127,0
0.03243,0
0.08057,0
0.05830,0
0.03457,0
0.04123,0
0.03493,0
0.03418,0
0.03357,0
0.03297,0
0.03470,0
0.03937,0
0.00534,0
0.01218,0
0.01271,0
0.01011,0
0.01494,0
0.01269,0
0.01646,0
0.00534,0
0.00655,0
0.00638,0
0.00640,0
0.03532,0
0.04955,0
0.05478,0
0.04921,0
0.05040,0
0.06095,0
0.02108,0
0.07947,0
0.05979,0
0.04861,0
0.04092,0
0.03430,0
0.03832,0
0.04372,0
0.04939,0
0.05850,0
0.02108,0
0.01501,0
0.01218,0
0.01101,0
0.01573,0
0.02103,0
0.02032,0
0.03728,0
0.02818,0
0.01519,0
0.03136,0
0.03569,0
0.02461,0
0.01802,0
0.01685,0
0.01759,0
0.02293,0
0.03091,0
0.04124,0
0.05279,0
0.07922,0
0.06685,0
0.04796,0
0.04102,0
0.03775,0
0.03689,0
0.03881,0
0.00534,0
0.01218,0
0.01272,0
0.00965,0
0.01525,0
0.01822,0
0.01921,0
0.01928,0
0.01894,0
0.02429,0
0.15576,0
0.14567,0
0.11470,0
0.06611,0
0.04740,0
0.04314,0
0.03966,0
0.03840,0
0.04118,0
0.04974,0
0.02108,0
0.01501,0
0.01256,0
0.01074,0
0.01665,0
0.02168,0
0.02032,0
0.02191,0
0.02104,0
0.02604,0
0.00534,0
0.00655,0
0.00618,0
0.00583,0
0.01190,0
0.01434,0
0.01732,0
0.00534,0
0.01218,0
0.01424,0
0.01121,0
0.01761,0
0.02739,0
0.02744,0
0.02625,0
0.02680,0
0.02795,0
0.05595,0
0.02262,0
0.02688,0
0.04540,0
0.04854,0
0.04177,0
0.03651,0
0.03387,0
0.03433,0
0.01461,0
0.01806,0
0.06409,0
0.05248,0
0.04264,0
0.04229,0
0.03984,0
0.03958,0
0.04595,0
0.06910,0
0.03091,0
0.03719,0
0.05149,0
0.06306,0
0.05083,0
0.03663,0
0.03409,0
0.03214,0
0.03348,0
0.00534,0
0.00819,0
0.00874,0
0.00750,0
0.01303,0
0.01624,0
0.01837,0
0.02018,0
0.01911,0
0.02414,0
0.01461,0
0.01806,0
0.06391,0
0.04101,0
0.04002,0
0.06263,0
0.05733,0
0.05801,0
0.05274,0
0.05878,0
0.05664,1
0.02210,1
0.02437,1
0.03277,1
0.03023,1
0.04027,1
0.08405,1
0.08561,1
0.08484,1
0.09163,1
0.03664,0
0.07154,0
0.05741,1
0.05610,1
0.05952,1
0.06686,1
0.08085,1
0.08281,1
0.07790,1
0.10470,1
0.11189,1
0.03728,1
0.02565,1
0.01491,1
0.02748,1
0.02616,1
0.02487,1
0.00534,0
0.00655,0
0.00655,0
0.00594,0
0.02624,0
0.03993,0
0.04667,0
0.02933,0
0.02705,0
0.03300,0
0.00534,0
0.00655,0
0.00626,0
0.00590,0
0.01201,0
0.00873,0
0.01494,0
0.03091,0
0.04705,0
0.04757,0
0.04309,0
0.04035,0
0.04191,1
0.04419,1
0.04191,1
0.04172,1
0.04341,1
0.10696,1
0.07598,1
0.08306,1
0.14492,1
0.12658,1
0.09514,1
0.09285,1
0.09212,1
0.09437,1
0.05883,0
0.02466,0
0.03275,0
0.04219,0
0.06115,0
0.04227,0
0.04092,0
0.03897,0
0.03796,0
0.04624,0
0.08057,0
0.06012,0
0.03395,0
0.03528,0
0.02971,0
0.03002,0
0.03094,0
0.03137,0
0.03331,0
0.03865,0
0.11134,1
0.07329,1
0.05370,1
0.07227,1
0.07464,1
0.00534,0
0.00655,0
0.03496,0
0.02761,0
0.04161,0
0.04315,0
0.04936,0
0.05749,0
0.04847,0
0.04762,0
0.02108,0
0.02254,0
0.01848,0
0.01512,0
0.01873,0
0.01726,0
0.01900,0
0.00534,0
0.00655,0
0.00655,0
0.00594,0
0.00948,0
0.01489,0
0.01750,0
0.01956,0
0.01991,0
0.02311,0
0.03728,0
0.02927,0
0.01731,0
0.02851,0
0.03319,0
0.02908,0
0.02695,0
0.02549,0
0.02708,0
0.03127,0
0.00534,0
0.01218,0
0.01172,0
0.00985,0
0.01521,0
0.02727,0
0.03446,0
0.03014,0
0.03003,0
0.03106,0
0.00534,0
0.00655,0
0.00841,0
0.00806,0
0.01558,0
0.02309,0
0.03273,0
0.06747,0
0.10371,0
0.11419,0
0.02108,0
0.01501,0
0.01343,0
0.01048,0
0.01440,0
0.01257,0
0.01990,0
0.00534,0
0.01218,0
0.01271,0
0.01011,0
0.01506,0
0.02855,0
0.03626,0
0.03073,0
0.03094,0
0.03020,0
0.00534,0
0.00655,0
0.03729,0
0.03010,0
0.03373,0
0.03829,0
0.03652,0
0.03328,0
0.03570,0
0.05595,0
0.02262,0
0.03412,0
0.03710,0
0.03353,0
0.03132,0
0.03257,0
0.05595,0
0.02262,0
0.02454,0
0.02786,0
0.03172,0
0.03272,0
0.02903,0
0.02774,0
0.02801,0
0.03656,0
0.00534,0
0.00655,0
0.00638,0
0.00549,0
0.01167,0
0.01503,0
0.01916,0
0.00534,0
0.05884,0
0.04159,0
0.04313,0
0.03289,0
0.03111,0
0.03537,0
0.03804,0
0.04349,0
0.05907,0
0.03453,0
0.05017,0
0.04536,0
0.04292,0
0.03797,0
0.04461,0
0.05036,0
0.04775,0
0.04741,0
0.04954,0
0.00534,0
0.00813,0
0.00840,0
0.00795,0
0.01568,0
0.02432,0
0.02499,0
0.02440,0
0.02526,0
0.02634,0
0.10169,0
0.04252,0
0.02748,0
0.02482,0
0.02697,0
0.02926,0
0.03705,0
0.00534,0
0.00655,0
0.04378,0
0.02760,0
0.02975,0
0.03112,0
0.02853,0
0.03201,0
0.03069,0
0.03978,0
0.00534,0
0.01218,0
0.04030,0
0.03243,0
0.03445,0
0.03361,0
0.03424,0
0.03389,0
0.03128,0
0.03286,0
0.00534,0
0.01218,0
0.05301,0
0.05422,0
0.03478,0
0.03023,0
0.03119,0
0.03394,0
0.03657,0
0.05631,0
0.03091,0
0.03719,0
0.04084,0
0.03981,0
0.03670,0
0.03168,0
0.02970,0
0.02811,0
0.02851,0
0.03126,0
0.11126,0
0.07281,0
0.05277,0
0.05517,0
0.05420,0
0.04246,0
0.03618,0
0.05616,0
0.06665,0
0.06761,0
0.00534,0
0.00819,0
0.00874,0
0.00842,0
0.01597,0
0.02377,0
0.02314,0
0.02268,0
0.02397,0
0.02497,0
0.00534,0
0.00655,0
0.00618,0
0.00583,0
0.01903,0
0.02220,0
0.03141,0
0.03648,0
0.03157,0
0.03574,0
0.00534,0
0.01218,0
0.06087,1
0.12137,1
0.11264,1
0.10446,1
0.10407,1
0.11280,1
0.12229,1
0.15576,0
0.14567,0
0.12045,0
0.06829,0
0.04663,0
0.04209,0
0.03823,0
0.03784,0
0.04081,0
0.04928,0
0.00534,0
0.00655,0
0.00655,0
0.00686,0
0.01260,0
0.02117,0
0.03406,0
0.03630,0
0.03734,0
0.05595,0
0.02262,0
0.03370,0
0.03141,0
0.03183,0
0.02698,0
0.02263,0
0.02151,0
0.02226,0
0.03204,0
0.05364,0
0.02356,0
0.02659,0
0.03464,0
0.03054,0
0.02630,0
0.02294,0
0.02209,0
0.02299,0
0.03280,0
0.10079,0
0.05785,0
0.03800,0
0.03308,0
0.02519,0
0.02594,0
0.02766,0
0.03051,0
0.03777,0
0.00534,0
0.00819,0
0.00905,0
0.00815,0
0.01375,0
0.01549,0
0.01828,0
0.02069,0
0.01976,0
0.02481,0
0.00534,0
0.00655,0
0.03957,0
0.04219,0
0.04395,0
0.03591,0
0.03870,0
0.04199,0
0.04681,0
0.06931,0
0.01461,0
0.01250,0
0.00973,0
0.00837,0
0.01395,0
0.01021,0
0.01599,0
0.00534,0
0.00655,0
0.04145,0
0.04964,0
0.06401,0
0.07338,0
0.12993,0
0.02108,0
0.03197,1
0.03040,1
0.05370,1
0.03938,1
0.03417,1
0.03807,1
0.04132,1
0.04375,1
0.05440,1
0.00534,0
0.01218,0
0.01772,1
0.03856,1
0.05356,1
0.06334,1
0.07339,1
0.07815,1
0.08958,1
0.09274,1
0.11132,1
0.00534,0
0.00655,0
0.04378,0
0.02760,0
0.02473,0
0.02874,0
0.02697,0
0.03151,0
0.03029,0
0.03949,0
0.00534,0
0.00655,0
0.00618,0
0.00674,0
0.02615,0
0.03455,0
0.03525,0
0.05012,0
0.05503,0
0.03728,0
0.02900,0
0.01583,0
0.02680,0
0.03500,0
0.02911,0
0.02703,0
0.02435,0
0.02980,0
0.03099,0
0.00534,0
0.01218,0
0.01172,0
0.00985,0
0.01489,0
0.01160,0
0.01854,0
0.00534,0
0.00819,0
0.00905,0
0.00815,0
0.01360,0
0.01100,0
0.01343,0
0.00534,0
0.01218,0
0.05219,1
0.06060,1
0.06356,1
0.05539,1
0.05949,1
0.06881,1
0.00534,0
0.00819,0
0.00874,0
0.00750,0
0.01303,0
0.01624,0
0.01603,0
0.01730,0
0.01718,0
0.02047,0
0.09357,0
0.16955,0
0.13494,0
0.07388,0
0.05418,0
0.04724,0
0.04457,0
0.04327,0
0.04623,0
0.05464,0
0.05364,0
0.02196,0
0.03332,0
0.02254,0
0.02317,0
0.02437,0
0.02619,0
0.00534,0
0.07514,0
0.05902,0
0.04816,0
0.04242,0
0.03442,0
0.03785,0
0.04029,0
0.04614,0
0.05528,0
0.00534,0
0.01218,0
0.01172,0
0.00985,0
0.01746,0
0.02020,0
0.02206,0
0.02409,0
0.02679,0
0.05883,0
0.02309,0
0.02660,0
0.03349,0
0.05693,0
0.03994,0
0.03960,0
0.03643,0
0.03641,0
0.04447,0
0.00534,0
0.01218,0
0.01271,0
0.01011,0
0.01494,0
0.01937,0
0.02330,0
0.05883,0
0.12892,0
0.11740,0
0.09690,0
0.09913,0
0.10615,0
0.10227,0
0.10816,0
0.10675,0
0.10313,0
0.05664,0
0.02210,0
0.02545,0
0.03372,0
0.05726,0
0.03612,0
0.03707,0
0.03427,0
0.03456,0
0.04732,0
0.03091,0
0.04771,0
0.04081,0
0.03390,0
0.02727,0
0.02722,0
0.02869,0
0.00534,0
0.00655,0
0.00655,0
0.02666,1
0.02209,1
0.02569,1
0.02575,1
0.03770,1
0.03920,1
0.06665,1
0.03091,0
0.04242,1
0.07161,1
0.09074,1
0.10087,1
0.08669,1
0.09624,1
0.09064,1
0.08708,1
0.08795,1
0.09600,1
0.00534,0
0.01218,0
0.01185,0
0.01013,0
0.01702,0
0.02978,0
0.03791,0
0.03066,0
0.03134,0
0.03193,0
0.02108,0
0.01501,0
0.01256,0
0.00978,0
0.03173,0
0.04459,0
0.04939,0
0.03159,0
0.03082,0
0.03171,0
0.14491,0
0.11826,0
0.10631,0
0.09844,0
0.10397,0
0.11156,0
0.13202,0
0.00534,0
0.05884,0
0.04159,0
0.04511,0
0.03324,0
0.03209,0
0.03627,0
0.04035,0
0.04634,0
0.06176,0
0.02108,0
0.01641,0
0.01391,0
0.01241,0
0.02926,0
0.03225,0
0.04035,0
0.04435,0
0.03752,0
0.03979,0
0.00534,0
0.01218,0
0.01172,0
0.00884,0
0.01945,0
0.02368,0
0.02551,0
0.04983,0
0.19754,0
0.14289,0
0.13963,0
0.14537,1
0.14198,1
0.14088,1
0.13398,1
0.12909,1
0.15008,1
0.14638,1
0.00534,0
0.00655,0
0.00741,0
0.00643,0
0.01441,0
0.02024,0
0.02914,0
0.02733,0
0.02754,0
0.02919,0
0.00534,0
0.04490,0
0.03602,0
0.04756,0
0.05642,0
0.04974,0
0.05645,0
0.13940,0
0.08675,0
0.05125,0
0.04803,0
0.03559,0
0.03171,0
0.03026,0
0.03000,0
0.03398,0
0.04269,0
0.00534,0
0.01218,0
0.01144,0
0.00886,0
0.01471,0
0.01767,0
0.01867,0
0.01891,0
0.01877,0
0.02189,0
0.05883,0
0.02466,0
0.03474,0
0.03759,0
0.03402,0
0.02974,0
0.03021,0
0.00534,0
0.00819,0
0.00905,0
0.00723,0
0.01290,0
0.01037,0
0.01711,0
0.02108,0
0.01501,0
0.01501,0
0.01165,0
0.03438,0
0.04974,0
0.05620,0
0.05350,0
0.05553,0
0.06693,0
0.01461,0
0.01250,0
0.00985,0
0.00936,0
0.02867,0
0.04255,0
0.04881,0
0.03086,0
0.03059,0
0.03547,0
0.03091,0
0.12460,0
0.13715,0
0.13594,0
0.12515,0
0.10842,0
0.09301,0
0.08449,0
0.08644,0
0.08675,0
0.00534,0
0.00655,0
0.05844,0
0.04549,0
0.04167,0
0.03354,0
0.03803,0
0.04432,0
0.05092,0
0.06069,0
0.00534,0
0.00655,0
0.00655,0
0.02595,0
0.02260,0
0.02586,0
0.02763,0
0.03017,0
0.04255,0
0.04914,0
0.05595,0
0.02262,0
0.03412,0
0.02304,0
0.02534,0
0.02402,0
0.02704,0
0.00534,0
0.00655,0
0.05549,0
0.05026,0
0.03995,0
0.04266,0
0.04234,0
0.04178,0
0.05377,0
0.10696,0
0.07598,0
0.04418,0
0.03325,0
0.02505,0
0.02531,0
0.02689,0
0.02860,0
0.03510,0
0.03091,0
0.04047,0
0.02889,0
0.01975,0
0.01654,0
0.01857,0
0.02369,0
0.00534,0
0.00655,0
0.00618,0
0.00583,0
0.01664,0
0.01746,0
0.01689,0
0.03728,0
0.02900,0
0.08609,1
0.10196,1
0.09773,1
0.10046,1
0.11392,1
0.10169,0
0.04252,0
0.02748,0
0.02482,0
0.02697,0
0.03078,0
0.03819,0
0.00534,0
0.01218,0
0.01272,0
0.01072,0
0.03948,0
0.04847,0
0.05339,0
0.03621,0
0.03419,0
0.03748,0
0.00534,0
0.01218,0
0.01160,0
0.04210,0
0.05483,0
0.06267,0
0.06765,0
0.08168,0
0.08468,0
0.00534,0
0.00813,0
0.07048,0
0.09187,0
0.07728,0
0.07019,0
0.07073,0
0.07051,0
0.07434,0
0.09564,0
0.06672,0
0.02497,0
0.03304,0
0.04060,0
0.04072,0
0.03555,0
0.03172,0
0.02854,0
0.02801,0
0.03585,0
0.03091,0
0.03719,0
0.05113,0
0.05105,0
0.04794,0
0.04402,0
0.03800,0
0.03461,0
0.03455,0
0.03611,0
0.01461,0
0.05239,0
0.06509,0
0.03895,0
0.03231,0
0.02752,0
0.03195,0
0.03492,0
0.04066,0
0.05238,0
0.03510,0
0.02915,0
0.01678,0
0.02313,0
0.02500,0
0.02887,0
0.03177,0
0.00534,0
0.00655,0
0.00695,0
0.00705,0
0.01489,0
0.01881,0
0.02180,0
0.02605,0
0.02707,0
0.05574,0
0.02456,0
0.02773,0
0.03772,0
0.03808,0
0.03245,0
0.02738,0
0.02576,0
0.02653,0
0.03497,0
0.03091,1
0.05939,1
0.06390,1
0.06467,1
0.07588,1
0.06067,1
0.06552,1
0.01461,0
0.01250,0
0.01065,0
0.04297,0
0.04128,0
0.03054,0
0.03361,0
0.03681,0
0.03899,0
0.05369,0
0.03091,0
0.04047,0
0.02889,0
0.01975,0
0.01654,0
0.01900,0
0.02487,0
0.01461,0
0.01250,0
0.01065,0
0.00855,0
0.02764,1
0.04821,1
0.04438,1
0.05991,1
0.09762,1
0.11279,1
0.11984,0
0.08642,0
0.04913,0
0.04959,0
0.03726,0
0.03367,0
0.03204,0
0.03262,0
0.03598,0
0.04488,0
0.11882,0
0.14811,0
0.07506,0
0.04820,0
0.04163,0
0.03812,0
0.03672,0
0.03972,0
0.04595,0
0.05793,1
0.02531,1
0.03851,1
0.04119,1
0.03758,1
0.03018,1
0.02392,1
0.04101,1
0.02108,0
0.01501,0
0.04918,0
0.04921,0
0.04436,0
0.03616,0
0.04009,0
0.04420,0
0.04903,0
0.06258,0
0.10169,0
0.07149,0
0.03889,0
0.03118,0
0.02981,0
0.03112,0
0.03814,0
0.10696,0
0.07386,0
0.04925,0
0.03714,0
0.03873,0
0.02934,0
0.02872,0
0.02830,0
0.02907,0
0.03407,0
0.00534,0
0.00655,0
0.08766,0
0.07323,0
0.05558,0
0.05699,0
0.05305,0
0.05288,0
0.05230,0
0.08929,0
0.01461,0
0.01250,0
0.01012,0
0.00941,0
0.01594,0
0.02201,0
0.03345,0
0.02881,0
0.03381,0
0.04132,0
0.00534,0
0.00655,0
0.00626,0
0.00681,0
0.01265,0
0.00994,0
0.01270,0
0.00534,0
0.00655,0
0.00618,0
0.00674,0
0.01263,0
0.01572,0
0.01565,0
0.01832,0
0.01656,0
0.02342,0
0.00534,0
0.00655,0
0.00655,0
0.03066,0
0.02349,0
0.02554,0
0.02900,0
0.03601,0
0.03378,0
0.04238,0
0.00534,0
0.07464,0
0.05391,0
0.06242,0
0.06555,0
0.05643,0
0.05741,0
0.10696,0
0.10354,0
0.07163,0
0.05585,0
0.04998,0
0.04188,0
0.03966,0
0.03799,0
0.03775,0
0.04260,0
0.00534,0
0.00655,0
0.00655,0
0.00686,0
0.01262,0
0.01284,0
0.01268,0
0.00534,0
0.00655,0
0.00741,0
0.00734,0
0.01304,0
0.00945,0
0.01544,0
0.00534,0
0.01218,0
0.04976,0
0.05617,0
0.06563,0
0.07571,0
0.13028,0
0.10169,0
0.04153,0
0.02410,0
0.02182,0
0.02346,0
0.02678,0
0.03614,0
0.02108,0
0.02254,0
0.01901,1
0.07029,1
0.08140,1
0.07800,1
0.07761,1
0.07911,1
0.08809,1
0.09377,1
0.10771,1
0.10742,1
0.10465,1
0.03091,0
0.04047,0
0.04058,0
0.02568,0
0.02218,0
0.02284,0
0.02551,0
0.00534,0
0.00655,0
0.00638,0
0.00640,0
0.01232,0
0.00985,0
0.01253,0
0.02108,0
0.01501,0
0.01346,0
0.01067,0
0.01545,0
0.02686,0
0.02743,0
0.02765,0
0.02946,0
0.03114,0
0.06672,0
0.02497,0
0.03603,0
0.03422,0
0.03027,0
0.02610,0
0.02819,0
0.02108,0
0.01641,0
0.01520,0
0.01302,0
0.02234,0
0.01922,0
0.02204,0
0.01461,0
0.01250,0
0.01012,0
0.00849,0
0.01590,0
0.02165,0
0.02779,0
0.02345,0
0.02574,0
0.02764,0
0.13940,0
0.09109,0
0.05504,0
0.05526,0
0.04226,0
0.03945,0
0.03876,0
0.03779,0
0.04071,0
0.04908,0
0.01461,0
0.01806,0
0.01491,0
0.01142,0
0.02808,0
0.02519,0
0.03148,0
0.03318,0
0.06687,0
0.09493,0
0.00534,0
0.00655,0
0.00655,0
0.00594,0
0.01177,0
0.01498,0
0.01649,0
0.01862,0
0.01818,0
0.02119,0
0.00534,0
0.01218,0
0.01185,0
0.00910,0
0.01625,0
0.02286,0
0.02350,0
0.02451,0
0.02518,0
0.02676,0
0.00534,0
0.00655,0
0.00626,0
0.00590,0
0.01308,0
0.02302,0
0.03563,0
0.03786,0
0.03865,0
0.00534,0
0.00655,0
0.00618,0
0.00674,0
0.01254,0
0.01498,0
0.01790,0
0.02108,0
0.05075,0
0.03771,0
0.04798,0
0.05416,0
0.04796,0
0.05118,0
0.03453,0
0.03760,0
0.04257,0
0.03788,0
0.03381,0
0.02752,0
0.02940,0
0.02774,0
0.02898,0
0.03200,0
0.00534,0
0.00655,0
0.03705,0
0.04501,1
0.03870,1
0.04731,1
0.05169,1
0.05531,1
0.06213,1
0.07420,1
0.01461,0
0.01806,0
0.04127,1
0.04044,1
0.05593,1
0.04751,1
0.05814,1
0.03091,0
0.04705,0
0.04411,0
0.04266,0
0.04485,0
0.03810,0
0.03449,0
0.03211,0
0.03236,0
0.03550,0
0.03453,0
0.04392,0
0.04417,0
0.03475,0
0.03271,0
0.03201,0
0.03581,0
0.03453,0
0.04392,0
0.03384,0
0.02298,0
0.01905,0
0.02020,0
0.02675,0
0.00534,0
0.01218,0
0.01271,0
0.01011,0
0.01494,0
0.01623,0
0.01996,0
0.32144,1
0.27039,1
0.20662,1
0.17228,1
0.15304,1
0.15352,1
0.14426,1
0.13770,0
0.05738,0
0.04495,0
0.03304,0
0.03234,0
0.03004,0
0.02986,0
0.03180,0
0.03621,0
0.04728,0
0.00534,0
0.01218,0
0.01424,0
0.01121,0
0.01761,0
0.02533,0
0.03766,0
0.03720,0
0.03792,0
0.02108,0
0.01501,0
0.05405,0
0.06129,0
0.07003,0
0.08037,0
0.10369,0
0.00534,0
0.00655,0
0.00841,0
0.00690,0
0.01371,0
0.01645,0
0.01839,0
0.01907,0
0.01905,0
0.02416,0
0.00534,0
0.00655,0
0.00618,0
0.00674,0
0.01255,0
0.01763,0
0.02051,0
0.02017,0
0.02415,0
0.08057,0
0.06012,0
0.03395,0
0.03318,0
0.02861,0
0.02518,0
0.02703,0
0.02670,0
0.02922,0
0.03507,0
0.03091,0
0.04047,0
0.02896,0
0.02938,0
0.02479,0
0.02561,0
0.03007,0
0.00534,0
0.05884,0
0.04159,0
0.04313,0
0.03289,0
0.02829,0
0.03303,0
0.03668,0
0.04265,0
0.05832,0
0.00534,0
0.00655,0
0.04614,1
0.05311,1
0.04221,1
0.00534,0
0.07556,0
0.04916,0
0.05677,0
0.06170,0
0.05246,0
0.05783,0
0.06672,0
0.02497,0
0.03719,0
0.03983,0
0.03643,0
0.02941,0
0.02343,0
0.02195,0
0.02210,0
0.03076,0
0.01461,0
0.01250,0
0.01099,0
0.00898,0
0.01446,0
0.02226,0
0.02323,0
0.02267,0
0.02225,0
0.02496,0
0.03728,1
0.02927,1
0.14444,1
0.09507,1
0.07891,1
0.06486,1
0.06334,1
0.06920,1
0.07950,1
0.08865,1
0.00534,0
0.00655,0
0.00741,0
0.00734,0
0.01304,0
0.00945,0
0.01544,0
0.00534,0
0.00655,0
0.00655,0
0.00594,0
0.01307,0
0.02332,0
0.02350,0
0.02516,0
0.02726,0
0.03453,0
0.05017,0
0.04839,0
0.03932,0
0.03779,0
0.03610,0
0.03054,0
0.02812,0
0.02841,0
0.03141,0
0.10079,0
0.06614,0
0.04693,0
0.03733,0
0.04126,0
0.02995,0
0.02985,0
0.02887,0
0.02924,0
0.03430,0
0.00534,0
0.00655,0
0.00638,0
0.00549,0
0.01167,0
0.01205,0
0.01483,0
0.00534,0
0.01218,0
0.01172,0
0.00985,0
0.01521,0
0.02431,0
0.02464,0
0.02492,0
0.02544,0
0.02680,0
0.00534,0
0.01218,0
0.01172,0
0.00884,0
0.01591,0
0.02242,0
0.02510,0
0.02498,0
0.02821,0
0.03110,0
0.00534,0
0.00655,0
0.00638,0
0.03394,1
0.02645,1
0.02454,1
0.02810,1
0.03042,1
0.04408,1
0.07482,1
0.12071,1
0.01461,0
0.01806,0
0.01630,0
0.01270,0
0.01687,0
0.01373,0
0.01685,0
0.01461,0
0.01806,0
0.01531,0
0.01168,0
0.01871,0
0.02660,0
0.02583,0
0.02389,0
0.02450,0
0.02544,0
0.08057,0
0.06012,0
0.03058,0
0.03318,0
0.02802,0
0.02468,0
0.02509,0
0.02622,0
0.02884,0
0.03483,0
0.00534,0
0.01218,0
0.01172,0
0.06541,0
0.06975,0
0.05486,0
0.05564,0
0.05792,0
0.06341,0
0.08162,0
0.00534,0
0.00655,0
0.00626,0
0.00681,0
0.01265,0
0.00994,0
0.01691,0
0.09852,1
0.07671,1
0.05373,1
0.04089,1
0.05315,1
0.06515,1
0.09032,1
0.08841,1
0.08723,1
0.09310,1
0.08057,0
0.06012,0
0.03527,0
0.04062,0
0.03390,0
0.03355,0
0.03405,0
0.03425,0
0.03578,0
0.04035,0
0.04983,0
0.03348,0
0.01983,0
0.03066,0
0.03879,0
0.04927,0
0.06815,0
0.06383,0
0.06584,0
0.06622,0
0.10079,0
0.07101,0
0.05300,0
0.04057,0
0.04219,0
0.03096,0
0.03101,0
0.03027,0
0.03080,0
0.03608,0
0.04983,0
0.04266,0
0.02531,0
0.03356,0
0.04017,0
0.03322,0
0.03083,0
0.02921,0
0.03769,0
0.04530,0
0.01461,0
0.01806,0
0.01531,0
0.01259,0
0.01718,0
0.01336,0
0.01859,0
0.01461,0
0.01806,0
0.01784,1
0.01499,1
0.03946,1
0.04964,1
0.05357,1
0.03601,1
0.03331,1
0.03869,1
0.00534,0
0.00655,0
0.00638,0
0.00549,0
0.01639,0
0.01193,0
0.01813,0
0.00534,0
0.00655,0
0.04378,0
0.02622,0
0.02995,0
0.03209,0
0.02946,0
0.03361,0
0.03209,0
0.04118,0
0.00534,0
0.07984,0
0.08298,0
0.05142,0
0.04638,0
0.03832,0
0.04031,0
0.04373,0
0.04744,0
0.05648,0
0.00534,0
0.00655,0
0.00638,0
0.00549,0
0.01134,0
0.01481,0
0.01642,0
0.01679,0
0.01692,0
0.02310,0
0.03453,1
0.05017,1
0.05604,1
0.07964,1
0.08290,1
0.08338,1
0.13834,1
0.13307,1
0.13779,1
0.13626,1
0.05475,0
0.05410,0
0.03317,0
0.03560,0
0.02956,0
0.03023,0
0.03049,0
0.03072,0
0.03313,0
0.03880,0
0.10696,0
0.06279,0
0.07132,0
0.04390,0
0.03863,0
0.03118,0
0.03091,0
0.03028,0
0.03159,0
0.03827,0
0.05814,1
0.05638,1
0.04573,1
0.04113,1
0.05728,1
0.07237,1
0.07291,1
0.07908,1
0.10533,1
0.11731,1
0.12301,1
0.00534,0
0.00655,0
0.00655,0
0.02624,0
0.02420,0
0.02763,0
0.02729,0
0.02943,0
0.04135,0
0.05908,0
0.08057,0
0.06012,0
0.03527,0
0.03536,0
0.02966,0
0.02906,0
0.03021,0
0.03000,0
0.03122,0
0.03670,0
0.00534,0
0.01218,0
0.01172,0
0.00884,0
0.01591,0
0.02242,0
0.02329,0
0.02448,0
0.02361,0
0.02671,0
0.00534,0
0.01218,0
0.04199,0
0.04692,0
0.04199,0
0.03270,0
0.03596,0
0.04000,0
0.04599,0
0.06804,0
0.00534,0
0.01218,0
0.01160,0
0.00902,0
0.01459,0
0.01074,0
0.01653,0
0.00534,0
0.00655,0
0.00618,0
0.02291,0
0.02040,0
0.02440,0
0.02637,0
0.03791,0
0.05742,0
0.04983,0
0.03348,0
0.01912,0
0.03380,0
0.03357,0
0.02492,0
0.02192,0
0.02062,0
0.02167,0
0.03021,0
0.05883,0
0.02466,0
0.03619,0
0.03782,0
0.03451,0
0.02850,0
0.02323,0
0.02345,0
0.02387,0
0.03327,0
0.00534,0
0.07514,0
0.06112,0
0.05028,0
0.04393,0
0.04186,0
0.04459,0
0.04813,0
0.05465,0
0.06444,0
0.00534,0
0.01218,0
0.01270,0
0.01086,0
0.01592,0
0.02345,0
0.02359,0
0.02326,0
0.02428,0
0.02519,0
0.03728,0
0.02818,0
0.01519,0
0.02548,0
0.03105,0
0.02772,0
0.02454,0
0.02213,0
0.02356,0
0.06210,1
0.09624,1
0.10507,1
0.11055,1
0.03664,0
0.02798,0
0.01794,0
0.02859,0
0.04118,0
0.05961,0
0.06328,0
0.05708,0
0.05550,0
0.05611,0
0.10696,0
0.06664,0
0.06996,0
0.04321,0
0.03585,0
0.03140,0
0.03164,0
0.03212,0
0.03403,0
0.03965,0
0.03728,0
0.03222,0
0.01891,0
0.03521,0
0.03223,0
0.02456,0
0.02227,0
0.02088,0
0.02361,0
0.03152,0
0.00534,0
0.00655,0
0.05483,0
0.04425,0
0.03436,0
0.03591,0
0.03352,0
0.03483,0
0.03724,0
0.05515,0
0.00534,0
0.01218,0
0.01144,0
0.00996,0
0.01272,0
0.01984,0
0.02169,0
0.02135,0
0.02123,0
0.02432,0
0.10169,0
0.04252,0
0.02627,0
0.02407,0
0.02640,0
0.02965,0
0.03843,0
0.00534,0
0.01218,0
0.04494,0
0.04806,0
0.03912,0
0.03311,0
0.03559,0
0.03999,0
0.04589,0
0.06231,0
0.00534,0
0.06315,0
0.04887,0
0.04063,0
0.03782,0
0.03028,0
0.03487,0
0.03833,0
0.04525,0
0.05526,0
0.00534,0
0.00655,0
0.03919,0
0.03896,0
0.03130,0
0.03386,0
0.03256,0
0.03314,0
0.03439,0
0.05328,0
0.03453,0
0.05648,0
0.04933,0
0.03867,0
0.03265,0
0.02624,0
0.02724,0
0.02546,0
0.02664,0
0.03081,0
0.00534,0
0.00819,0
0.00874,0
0.00842,0
0.02741,0
0.03698,0
0.03893,0
0.05308,0
0.06139,0
0.05793,0
0.02221,0
0.03273,0
0.04336,0
0.06518,0
0.04394,0
0.03430,0
0.03280,0
0.03189,0
0.04061,0
0.02108,0
0.01501,0
0.01501,0
0.01165,0
0.01724,0
0.03418,0
0.05055,0
0.03992,0
0.03976,0
0.04348,0
0.00534,0
0.00655,0
0.04145,0
0.05295,0
0.06582,0
0.07203,0
0.09289,0
0.03091,0
0.04047,0
0.02889,0
0.01975,0
0.01654,0
0.01900,0
0.02248,0
0.11882,0
0.14811,0
0.07038,0
0.04411,0
0.03708,0
0.03529,0
0.03475,0
0.03804,0
0.04423,0
0.11134,0
0.07329,0
0.05370,0
0.04826,0
0.04735,0
0.03644,0
0.03885,0
0.00534,0
0.00655,0
0.00741,0
0.00734,0
0.02286,0
0.02051,0
0.02932,0
0.03794,0
0.05155,0
0.05724,0
0.01461,0
0.01806,0
0.01491,0
0.01242,0
0.01957,0
0.02460,0
0.03060,0
0.02647,0
0.02723,0
0.02971,0
0.05364,0
0.02356,0
0.03596,0
0.03791,0
0.03387,0
0.02837,0
0.02331,0
0.02484,0
0.02476,0
0.02949,0
0.11984,0
0.08557,0
0.04850,0
0.04193,0
0.03205,0
0.02930,0
0.02996,0
0.04119,0
0.04435,0
0.05225,0
0.00534,0
0.00655,0
0.00618,0
0.00583,0
0.01839,0
0.03333,0
0.03243,0
0.06517,0
0.09079,0
0.10556,0
0.00534,0
0.00655,0
0.03957,0
0.04219,0
0.04202,0
0.03566,0
0.04098,0
0.04498,0
0.05028,0
0.06217,0
0.00534,0
0.00655,0
0.00638,0
0.00640,0
0.01232,0
0.01270,0
0.01646,0
0.00534,0
0.00655,0
0.00626,0
0.00590,0
0.01364,0
0.03226,0
0.03107,0
0.02957,0
0.02886,0
0.03025,0
0.08057,0
0.06012,0
0.03395,0
0.03318,0
0.02861,0
0.02848,0
0.02976,0
0.02913,0
0.03014,0
0.03528,0
0.04983,0
0.03370,0
0.01950,0
0.02967,0
0.04085,0
0.05594,0
0.04933,0
0.04317,0
0.05198,0
0.06672,0
0.02786,0
0.03739,0
0.04099,0
0.03411,0
0.03010,0
0.03063,0
0.18130,0
0.23938,0
0.19954,0
0.16440,0
0.15509,0
0.15551,0
0.15007,0
0.15128,0
0.14465,0
0.13874,0
0.10169,0
0.04252,0
0.03437,0
0.02908,0
0.02981,0
0.03086,0
0.03927,0
0.00534,0
0.00655,0
0.00618,0
0.00583,0
0.01190,0
0.00865,0
0.01617,0
0.00534,0
0.00819,0
0.00905,0
0.00815,0
0.01375,0
0.01516,0
0.01870,0
0.01903,0
0.01923,0
0.02493,0
0.00534,0
0.00819,0
0.01001,0
0.00811,0
0.01566,0
0.02359,0
0.02350,0
0.02222,0
0.02317,0
0.02422,0
0.05793,1
0.02531,1
0.02889,1
0.03764,1
0.06790,1
0.06342,1
0.05691,1
0.05375,1
0.05980,1
0.06244,1
0.00534,0
0.00655,0
0.00626,0
0.00590,0
0.01181,0
0.01288,0
0.01707,0
0.01955,0
0.01785,0
0.02148,0
0.00534,0
0.00655,0
0.00618,0
0.00583,0
0.01190,0
0.00936,0
0.01208,0
0.04983,0
0.03538,0
0.01969,0
0.02912,0
0.03438,0
0.03145,0
0.02922,0
0.02657,0
0.03113,0
0.03117,0
0.04983,0
0.04723,1
0.03822,1
0.04516,1
0.03939,1
0.05080,1
0.05291,1
0.04849,1
0.04817,1
0.04962,1
0.01461,0
0.01250,0
0.00973,0
0.00929,0
0.01462,0
0.01218,0
0.01839,0
0.01461,0
0.01393,0
0.01484,0
0.01145,0
0.01764,0
0.02422,0
0.03213,0
0.02710,0
0.02867,0
0.03084,0
0.01461,0
0.01806,0
0.01630,0
0.01401,0
0.02012,0
0.02828,0
0.02786,0
0.02986,0
0.03016,0
0.03037,0
0.03728,0
0.19016,0
0.14340,0
0.10030,0
0.09524,0
0.09339,0
0.09154,0
0.10162,0
0.09991,0
0.01461,0
0.01250,0
0.00985,0
0.00936,0
0.01470,0
0.01452,0
0.01416,0
0.02108,0
0.01501,0
0.01256,0
0.00978,0
0.01542,0
0.01888,0
0.02111,0
0.02144,0
0.02098,0
0.02352,0
0.01461,0
0.01806,0
0.01784,0
0.01499,0
0.04339,0
0.06187,0
0.06518,0
0.07123,0
0.07660,0
0.08957,0
0.00534,0
0.00655,0
0.00626,0
0.00590,0
0.01201,0
0.01208,0
0.01202,0
0.00534,0
0.00655,0
0.00695,0
0.02084,0
0.03116,0
0.03165,0
0.03831,0
0.04356,0
0.03424,0
0.04257,0
0.00534,0
0.01218,0
0.01535,0
0.01227,0
0.01654,0
0.01402,0
0.02088,0
0.21196,0
0.09757,0
0.06437,0
0.05616,0
0.04883,0
0.03713,0
0.04053,0
0.02108,0
0.01501,0
0.06323,0
0.03785,0
0.03749,0
0.03791,0
0.03378,0
0.03609,0
0.03317,0
0.04693,0
0.13770,0
0.06163,0
0.05194,0
0.03712,0
0.03524,0
0.03226,0
0.03267,0
0.03445,0
0.03891,0
0.05428,0
0.02108,0
0.01501,0
0.01256,0
0.01074,0
0.01784,0
0.02659,0
0.04052,0
0.03829,0
0.04059,0
0.05185,0
0.08057,0
0.06012,0
0.03395,0
0.03318,0
0.02861,0
0.02518,0
0.02558,0
0.02670,0
0.02910,0
0.03449,0
0.02108,0
0.02254,0
0.01991,0
0.01487,0
0.01946,0
0.02406,0
0.02461,0
0.02521,0
0.02347,0
0.02801,0
0.00534,0
0.01218,0
0.01144,0
0.00996,0
0.02037,0
0.02418,0
0.02611,0
0.08057,0
0.06012,0
0.03395,0
0.03528,0
0.02971,0
0.02612,0
0.02634,0
0.02659,0
0.02996,0
0.03581,0
0.03091,0
0.04047,0
0.02889,0
0.02687,0
0.02361,0
0.02436,0
0.02690,0
0.01461,0
0.01250,0
0.01213,0
0.01074,0
0.01561,0
0.01670,0
0.01667,0
0.03728,0
0.02542,0
0.01444,0
0.02301,0
0.03501,0
0.05542,0
0.06071,0
0.05496,0
0.06045,0
0.06457,0
0.01461,0
0.01250,0
0.04476,0
0.05202,0
0.06599,0
0.07457,0
0.09907,0
0.00534,0
0.01218,0
0.05219,1
0.06581,1
0.06438,1
0.10841,1
0.10044,1
0.09626,1
0.10185,1
0.00534,0
0.01218,0
0.01272,0
0.01072,0
0.01618,0
0.02447,1
0.03308,1
0.03230,1
0.03106,1
0.03721,1
0.10953,0
0.06015,0
0.06176,0
0.04514,0
0.03741,0
0.03478,0
0.03530,0
0.03091,0
0.04124,0
0.04291,0
0.05962,0
0.05115,0
0.04095,0
0.03806,0
0.03660,0
0.03683,0
0.03728,0
0.03222,0
0.01834,0
0.03402,0
0.03630,0
0.02559,0
0.01948,0
0.01803,0
0.02110,0
0.02895,0
0.00534,0
0.00655,0
0.00638,0
0.00640,0
0.02206,0
0.01983,0
0.02675,0
0.02831,0
0.04077,0
0.06207,0
0.00534,0
0.00655,0
0.00626,0
0.00590,0
0.01181,0
0.01315,0
0.01565,0
0.01885,0
0.01855,0
0.02468,0
0.00534,0
0.00655,0
0.00841,0
0.00806,0
0.01340,0
0.01796,0
0.01837,0
0.00534,0
0.04490,0
0.04548,0
0.05531,0
0.05754,0
0.05034,0
0.05315,0
0.05793,0
0.02531,0
0.03417,0
0.04218,0
0.04069,0
0.03627,0
0.03210,0
0.02887,0
0.02848,0
0.03614,0
0.10696,0
0.07386,0
0.04925,0
0.04261,0
0.04594,0
0.03629,0
0.03474,0
0.03346,0
0.03417,0
0.03928,0
0.06672,1
0.02786,1
0.03014,1
0.03997,1
0.03923,1
0.05709,1
0.06101,1
0.08133,1
0.09530,1
0.09311,1
0.00534,0
0.00655,0
0.00626,0
0.00681,0
0.01277,0
0.01414,0
0.01626,0
0.01750,0
0.01809,0
0.02368,0
0.03453,0
0.04392,0
0.03046,0
0.02067,0
0.01733,0
0.01907,0
0.02251,0
0.00534,0
0.01218,0
0.01271,0
0.01011,0
0.01494,0
0.01217,0
0.01538,0
0.04983,0
0.03485,0
0.01943,0
0.02450,0
0.02486,0
0.02533,0
0.03024,0
0.00534,0
0.00813,0
0.01025,0
0.04645,1
0.06068,1
0.06757,1
0.06007,1
0.08770,1
0.09616,1
0.03728,0
0.02666,0
0.01440,0
0.02659,0
0.02783,0
0.05871,0
0.05961,0
0.05439,0
0.05367,0
0.05412,0
0.00534,0
0.00655,0
0.00841,0
0.03456,0
0.02420,0
0.02476,0
0.02829,0
0.03566,0
0.03407,0
0.04749,0
0.03728,0
0.02900,0
0.01583,0
0.02334,0
0.02200,0
0.02342,0
0.02587,0
0.03091,0
0.04124,0
0.05378,0
0.08669,0
0.07314,0
0.05765,0
0.05134,0
0.04695,0
0.04577,0
0.10169,0
0.06179,0
0.03480,0
0.02752,0
0.02820,0
0.02901,0
0.03709,0
0.11913,0
0.11674,1
0.10603,1
0.08296,1
0.06759,1
0.06173,1
0.00534,0
0.01218,0
0.04256,0
0.03477,0
0.03709,0
0.04167,0
0.04748,0
0.03895,0
0.03826,0
0.03977,0
0.05664,0
0.02210,0
0.03273,0
0.03670,0
0.02650,0
0.02358,0
0.02651,0
0.00534,0
0.00655,0
0.00618,0
0.00674,0
0.01263,0
0.02057,1
0.03177,1
0.05039,1
0.06292,1
0.06727,1
0.00534,0
0.01218,0
0.01172,0
0.03914,0
0.03530,0
0.02511,0
0.02904,0
0.03373,0
0.03763,0
0.05613,0
0.05664,0
0.02351,0
0.03368,0
0.02365,0
0.02527,0
0.02459,0
0.02776,0
0.05364,0
0.02196,0
0.03151,0
0.04197,0
0.04098,0
0.03313,0
0.02785,0
0.02529,0
0.02573,0
0.03371,0
0.10079,0
0.05829,0
0.08142,0
0.09785,0
0.08200,0
0.06238,0
0.05659,0
0.05371,0
0.05231,0
0.05555,0
0.10169,0
0.04153,0
0.03146,0
0.03205,0
0.03139,0
0.03378,0
0.04192,0
0.00534,0
0.05349,0
0.03925,0
0.04158,0
0.03030,0
0.03134,0
0.03571,0
0.03968,0
0.04588,0
0.06122,0
0.10079,0
0.10013,0
0.06827,0
0.05404,0
0.05182,0
0.04131,0
0.03888,0
0.03713,0
0.03653,0
0.04142,0
0.00534,0
0.00655,0
0.00618,0
0.00583,0
0.01190,0
0.01504,0
0.01522,0
0.00534,0
0.01218,0
0.01271,0
0.03313,0
0.02769,0
0.03165,0
0.02965,0
0.03224,0
0.04479,0
0.06190,0
0.01461,0
0.01250,0
0.04069,0
0.04616,0
0.02856,0
0.02503,0
0.02702,0
0.03068,0
0.03686,0
0.05698,0
0.01461,0
0.01250,0
0.00999,0
0.00804,0
0.01382,0
0.01018,0
0.01589,0
0.00534,0
0.01218,0
0.01424,0
0.01121,0
0.01692,0
0.01937,0
0.02059,0
0.02266,0
0.02159,0
0.02640,0
0.02108,0
0.02254,0
0.01901,0
0.01430,0
0.01597,0
0.02428,0
0.02657,0
0.02543,0
0.02437,0
0.02980,0
0.05793,0
0.02221,0
0.03468,0
0.02323,0
0.02484,0
0.02372,0
0.02681,0
0.08824,1
0.06956,1
0.08512,1
0.06759,1
0.06903,1
0.06017,1
0.06000,1
0.06181,1
0.05881,1
0.05753,1
0.06672,0
0.02786,0
0.02996,0
0.03330,0
0.03358,0
0.03013,0
0.02485,0
0.02550,0
0.02622,0
0.03538,0
0.00534,0
0.02099,1
0.04023,1
0.07993,1
0.05622,1
0.05427,1
0.05515,1
0.05928,1
0.06526,1
0.08652,1
0.12652,1
0.00534,0
0.00655,0
0.00638,0
0.00549,0
0.01134,0
0.01481,0
0.01507,0
0.02063,0
0.01983,0
0.02507,0
0.03453,0
0.05648,0
0.04119,0
0.03630,0
0.03259,0
0.02661,0
0.02822,0
0.02787,0
0.02904,0
0.03185,0
0.00534,0
0.01218,0
0.01144,0
0.03387,1
0.03424,1
0.03978,1
0.04313,1
0.05132,1
0.04844,1
0.04863,1
0.01461,0
0.01806,0
0.01619,0
0.01221,0
0.01867,0
0.02355,0
0.02659,0
0.02784,0
0.02937,0
0.00534,0
0.00813,0
0.00936,0
0.00791,0
0.02767,0
0.03434,0
0.03749,0
0.02838,0
0.03166,0
0.03442,0
0.01461,0
0.01393,0
0.01224,0
0.01102,0
0.01609,0
0.02499,0
0.02529,0
0.02624,0
0.02682,0
0.02839,0
0.01461,0
0.01250,0
0.00999,0
0.00804,0
0.01382,0
0.01018,0
0.01729,0
0.00534,0
0.00655,0
0.00695,0
0.02543,0
0.02614,0
0.02862,0
0.03615,0
0.03704,0
0.03250,0
0.04382,0
0.00534,0
0.01218,0
0.01160,0
0.00902,0
0.02915,0
0.03863,0
0.03639,0
0.03458,0
0.03759,0
0.04477,0
0.03728,0
0.02818,0
0.01479,0
0.02542,0
0.04064,0
0.06158,0
0.06087,0
0.05492,0
0.05369,0
0.05364,0
0.11882,1
0.14811,1
0.07506,1
0.04820,1
0.04036,1
0.04517,1
0.05488,1
0.05563,1
0.06488,1
0.09357,0
0.16955,0
0.13494,0
0.07908,0
0.05756,0
0.05069,0
0.04660,0
0.04521,0
0.04806,0
0.05627,0
0.00534,0
0.01218,0
0.06276,1
0.06643,1
0.06787,1
0.05597,1
0.04976,1
0.06307,1
0.01461,0
0.01250,0
0.00999,0
0.00804,0
0.01481,0
0.02164,0
0.02340,0
0.02437,0
0.02903,0
0.04019,0
0.03453,0
0.05648,0
0.04933,0
0.03867,0
0.03134,0
0.02495,0
0.02276,0
0.02317,0
0.02422,0
0.02647,0
0.00534,0
0.00819,0
0.00916,0
0.00856,0
0.01396,0
0.01633,0
0.01896,0
0.04983,0
0.03348,0
0.01912,0
0.02753,0
0.03360,0
0.02651,0
0.02581,0
0.02388,0
0.02710,0
0.02987,0
0.00534,0
0.00655,0
0.00695,0
0.03020,0
0.02091,0
0.02378,0
0.02779,0
0.03647,0
0.03633,0
0.04505,0
0.02108,0
0.03083,1
0.04503,1
0.05962,1
0.07928,1
0.07863,1
0.07711,1
0.08054,1
0.10453,1
0.11859,1
0.00534,0
0.07556,0
0.04916,0
0.05896,0
0.06600,0
0.05584,0
0.05689,0
0.03091,0
0.04047,0
0.03239,0
0.02209,0
0.01828,0
0.01955,0
0.02363,0
0.03510,0
0.03312,0
0.02036,0
0.03694,0
0.03873,0
0.02898,0
0.02151,0
0.01971,0
0.02226,0
0.02990,0
0.05574,0
0.12836,0
0.14320,0
0.13999,0
0.13692,0
0.15849,0
0.13642,0
0.10918,0
0.11077,0
0.10842,0
0.00534,0
0.00655,0
0.00741,0
0.00734,0
0.01089,0
0.01807,0
0.01947,0
0.02006,0
0.02026,0
0.02341,0
0.00534,0
0.00813,0
0.00936,0
0.00883,0
0.01151,0
0.01859,0
0.02073,0
0.02031,0
0.02038,0
0.02351,0
0.00534,0
0.01218,0
0.01272,0
0.06375,0
0.06215,0
0.06984,0
0.06893,0
0.07224,0
0.07192,0
0.10450,0
0.00534,0
0.01218,0
0.01172,0
0.00884,0
0.01591,0
0.02528,0
0.02501,0
0.02746,0
0.02817,0
0.06672,0
0.02786,0
0.03458,0
0.04578,0
0.07160,0
0.04778,0
0.03775,0
0.03585,0
0.03561,0
0.04399,0
0.00534,0
0.00655,0
0.00695,0
0.00705,0
0.01103,0
0.02496,0
0.04287,0
0.03236,0
0.03194,0
0.03914,0
0.00534,0
0.01218,0
0.03778,1
0.04600,1
0.05841,1
0.05335,1
0.06849,1
0.11494,1
0.00534,0
0.01218,0
0.01271,0
0.01011,0
0.01494,0
0.01217,0
0.01979,0
0.03091,0
0.03719,0
0.04084,0
0.03835,0
0.03464,0
0.02997,0
0.02758,0
0.02755,0
0.02836,0
0.03199,0
0.09852,0
0.06855,0
0.04783,0
0.03934,0
0.02915,0
0.03041,0
0.03019,0
0.03160,0
0.03816,0
0.00534,0
0.04969,0
0.06344,0
0.04289,0
0.03119,0
0.02589,0
0.03018,0
0.03358,0
0.04085,0
0.05279,0
0.10169,0
0.04473,0
0.02776,0
0.02724,0
0.02860,0
0.03359,0
0.04057,0
0.00534,0
0.01218,0
0.01160,0
0.00902,0
0.01478,0
0.01778,0
0.01719,0
0.01810,0
0.01664,0
0.02278,0
0.10696,0
0.06851,0
0.04969,0
0.04463,0
0.05233,0
0.03986,0
0.03867,0
0.03776,0
0.03783,0
0.04204,0
0.00534,0
0.03649,0
0.02974,0
0.04176,0
0.05019,0
0.04398,0
0.04780,0
0.01461,0
0.01250,0
0.01633,1
0.06660,1
0.09070,1
0.08388,1
0.07379,1
0.07650,1
0.08295,1
0.07612,1
0.08265,1
0.06672,0
0.02497,0
0.03603,0
0.04016,0
0.03618,0
0.03129,0
0.03268,0
0.00534,0
0.01218,0
0.01144,0
0.00996,0
0.01754,0
0.02036,0
0.02225,0
0.02221,0
0.02540,0
0.02108,0
0.01501,0
0.01256,0
0.00978,0
0.01480,0
0.01257,0
0.01555,0
0.00534,0
0.00655,0
0.00638,0
0.00549,0
0.01155,0
0.02063,0
0.02075,0
0.02260,0
0.02608,0
0.04983,0
0.03348,0
0.01983,0
0.02532,0
0.02362,0
0.02450,0
0.02702,0
0.13475,0
0.15106,0
0.11800,0
0.06323,0
0.04500,0
0.03915,0
0.03578,0
0.03608,0
0.03888,0
0.04852,0
0.00534,0
0.00813,0
0.04287,0
0.05070,0
0.06487,0
0.07354,0
0.09844,0
0.01461,0
0.01403,0
0.01201,0
0.01089,0
0.01800,0
0.02554,0
0.02478,0
0.02407,0
0.02311,0
0.02628,0
0.03510,0
0.02760,0
0.01643,0
0.02701,0
0.03030,0
0.05847,0
0.06139,0
0.05999,0
0.05691,0
0.05629,0
0.03453,1
0.05648,1
0.07898,1
0.08058,1
0.05926,1
0.05329,1
0.05545,1
0.11355,1
0.11075,1
0.10401,1
0.05664,0
0.02210,0
0.03262,0
0.03546,0
0.03273,0
0.02702,0
0.02191,0
0.02072,0
0.02142,0
0.03015,0
0.01461,0
0.07698,0
0.06188,0
0.05583,0
0.06531,0
0.07332,0
0.07166,0
0.07225,0
0.07479,0
0.08099,0
0.01461,0
0.01806,0
0.01619,0
0.01221,0
0.01692,0
0.01692,0
0.01884,0
0.17960,0
0.13111,0
0.11701,0
0.10956,0
0.10373,0
0.09307,0
0.08970,0
0.09878,0
0.11394,0
0.00534,0
0.00655,0
0.00695,0
0.03430,0
0.03196,0
0.02914,0
0.03283,0
0.03724,0
0.03960,0
0.06184,0
0.03453,0
0.04392,0
0.04919,0
0.03123,0
0.02455,0
0.02524,0
0.02840,0
0.00534,0
0.03649,0
0.02974,0
0.04363,0
0.04856,0
0.04119,0
0.04528,0
0.01461,0
0.01393,0
0.01224,0
0.01009,0
0.01536,0
0.01159,0
0.01858,0
0.00534,0
0.00655,0
0.00626,0
0.00590,0
0.01201,0
0.00834,0
0.01594,0
0.10696,0
0.07386,0
0.04925,0
0.04261,0
0.04594,0
0.03629,0
0.03474,0
0.03346,0
0.03405,0
0.03916,0
0.05664,0
0.02351,0
0.03368,0
0.02272,0
0.02333,0
0.02244,0
0.02579,0
0.08057,0
0.05724,0
0.03394,0
0.03461,0
0.02965,0
0.02636,0
0.02694,0
0.02723,0
0.02855,0
0.03404,0
0.00534,0
0.00655,0
0.00638,0
0.00640,0
0.01232,0
0.00918,0
0.01653,0
0.08057,0
0.05830,0
0.03596,0
0.03435,0
0.02965,0
0.02934,0
0.02942,0
0.02948,0
0.03085,0
0.03648,0
0.00534,0
0.00655,0
0.00695,0
0.00586,0
0.02262,0
0.02621,0
0.03477,0
0.04344,0
0.03476,0
0.03761,0
0.08057,0
0.08340,0
0.13559,0
0.10941,0
0.09317,0
0.07268,0
0.07359,0
0.07533,0
0.07872,0
0.08325,0
0.03728,0
0.02927,0
0.01731,0
0.02773,0
0.03530,0
0.03041,0
0.02767,0
0.02802,0
0.03382,0
0.03625,0
0.01461,0
0.01250,0
0.00999,0
0.00897,0
0.01458,0
0.01688,0
0.01644,0
0.01461,0
0.01806,0
0.01784,0
0.01383,0
0.01763,0
0.01469,0
0.02055,0
0.00534,0
0.00655,0
0.00638,0
0.00640,0
0.01676,0
0.01437,0
0.02077,0
0.01461,0
0.01250,0
0.01012,0
0.00941,0
0.01594,0
0.02256,0
0.02596,0
0.02504,0
0.02596,0
0.02677,0
0.00534,0
0.06315,0
0.04786,0
0.03968,0
0.03569,0
0.02913,0
0.03376,0
0.03702,0
0.04393,0
0.05318,0
0.00534,0
0.00655,0
0.00741,0
0.00643,0
0.01205,0
0.01355,0
0.01708,0
0.02275,0
0.02157,0
0.02421,0
0.00534,0
0.00655,0
0.03974,0
0.05267,0
0.06630,0
0.07645,0
0.10010,0
0.00534,0
0.06278,0
0.04908,0
0.03938,0
0.03090,0
0.03956,0
0.04657,0
0.05192,0
0.05954,0
0.03664,0
0.02916,0
0.01765,0
0.02783,0
0.03536,0
0.03305,0
0.03009,0
0.03089,0
0.03330,0
0.03587,0
0.02108,0
0.09928,0
0.06712,0
0.06939,0
0.08433,0
0.08342,0
0.08410,0
0.08526,0
0.08906,0
0.02108,0
0.01501,0
0.01256,0
0.00978,0
0.01542,0
0.01888,0
0.02017,0
0.02251,0
0.02152,0
0.02642,0
0.05475,0
0.05165,0
0.03332,0
0.03613,0
0.03034,0
0.03030,0
0.03088,0
0.03198,0
0.03447,0
0.03967,0
0.00534,0
0.00655,0
0.00626,0
0.00590,0
0.01364,0
0.02114,0
0.03480,0
0.06342,0
0.09917,0
0.11785,0
0.00534,0
0.01218,0
0.01272,0
0.00965,0
0.01667,0
0.02325,0
0.03481,0
0.02999,0
0.03003,0
0.03156,0
0.05883,0
0.02309,0
0.03085,0
0.03850,0
0.04271,0
0.03313,0
0.02701,0
0.02857,0
0.02797,0
0.03630,0
0.00534,0
0.01218,0
0.01172,0
0.00985,0
0.01489,0
0.01831,0
0.01787,0
0.13940,0
0.09109,0
0.05358,0
0.04926,0
0.03544,0
0.03167,0
0.03012,0
0.03054,0
0.03349,0
0.04096,0
0.13756,1
0.14806,1
0.16576,1
0.11921,1
0.13036,1
0.13573,1
0.13006,1
0.12351,1
0.11838,1
0.12247,1
0.00534,0
0.00655,0
0.00618,0
0.00583,0
0.01190,0
0.00936,0
0.01208,0
0.09852,0
0.07708,0
0.07927,0
0.04778,0
0.05212,0
0.06183,0
0.06102,0
0.06064,0
0.06114,0
0.06527,0
0.00534,0
0.00655,0
0.00655,0
0.00686,0
0.01386,0
0.02077,0
0.02418,0
0.02360,0
0.02271,0
0.02534,0
0.03728,0
0.07340,0
0.05327,0
0.06507,0
0.06399,0
0.05522,0
0.05111,0
0.04651,0
0.04501,0
0.04629,0
0.05364,1
0.02196,1
0.04235,1
0.05030,1
0.06993,1
0.04778,1
0.04929,1
0.05475,0
0.05410,0
0.03467,0
0.03389,0
0.02855,0
0.02933,0
0.03090,0
0.03206,0
0.03426,0
0.03988,0
0.00534,0
0.01218,0
0.04494,0
0.04806,0
0.04311,0
0.03271,0
0.03525,0
0.03949,0
0.04505,0
0.05821,0
0.00534,0
0.00819,0
0.00874,0
0.00750,0
0.01310,0
0.01415,0
0.01812,0
0.15576,0
0.15158,0
0.11713,0
0.06878,0
0.04809,0
0.04164,0
0.03811,0
0.03766,0
0.04065,0
0.05014,0
0.01461,0
0.01250,0
0.00985,0
0.00844,0
0.01403,0
0.01020,0
0.01605,0
0.05793,0
0.02531,0
0.03851,0
0.04119,0
0.03675,0
0.03169,0
0.02549,0
0.02368,0
0.02392,0
0.03317,0
0.00534,0
0.00655,0
0.03919,0
0.03896,0
0.03130,0
0.03430,0
0.03273,0
0.03318,0
0.03582,0
0.05450,0
0.02108,0
0.01641,0
0.01428,0
0.01249,0
0.01815,0
0.02337,0
0.02340,0
0.02221,0
0.02193,0
0.02684,0
0.10169,0
0.04252,0
0.02627,0
0.02407,0
0.02793,0
0.03253,0
0.04009,0
0.03091,1
0.04705,1
0.04659,1
0.05889,1
0.04762,1
0.03368,1
0.04108,1
0.04730,1
0.04820,1
0.03453,0
0.05648,0
0.04119,0
0.03630,0
0.03259,0
0.02524,0
0.02416,0
0.02373,0
0.02563,0
0.02842,0
0.01461,0
0.07676,1
0.11743,1
0.16689,1
0.12304,1
0.10430,1
0.16622,1
0.15327,1
0.14402,1
0.14108,1
0.01461,0
0.01403,0
0.04761,0
0.05046,0
0.03263,0
0.02818,0
0.03130,0
0.03448,0
0.03724,0
0.05889,0
0.00534,0
0.00655,0
0.03705,0
0.04112,0
0.03699,0
0.02964,0
0.03349,0
0.03830,0
0.04355,0
0.05642,0
0.11240,0
0.07299,0
0.05893,0
0.04397,0
0.04489,0
0.05280,0
0.06284,0
0.05880,0
0.06140,0
0.00534,0
0.05349,0
0.03414,0
0.04109,0
0.03147,0
0.02727,0
0.03238,0
0.03817,0
0.04397,0
0.05508,0
0.04983,0
0.03631,0
0.02121,0
0.02541,0
0.02428,0
0.02833,0
0.03159,0
0.04983,0
0.03974,0
0.02430,0
0.03308,0
0.04161,0
0.05924,0
0.07702,0
0.07214,0
0.06960,0
0.07009,0
0.00534,0
0.00655,0
0.00618,0
0.00583,0
0.01302,0
0.02311,0
0.02331,0
0.02457,0
0.02625,0
0.00534,0
0.00813,0
0.00880,0
0.03124,1
0.06544,1
0.06850,1
0.07006,1
0.07732,1
0.07797,1
0.07741,1
0.03728,0
0.03222,0
0.01834,0
0.02390,0
0.02494,0
0.02541,0
0.02714,0
0.03091,0
0.04705,0
0.04659,0
0.05889,0
0.04835,0
0.03530,0
0.03228,0
0.03080,0
0.03330,0
0.10949,1
0.07764,1
0.09180,1
0.09082,1
0.09972,1
0.11012,1
0.15320,1
0.03453,0
0.05182,0
0.05946,0
0.04438,0
0.03449,0
0.03327,0
0.03583,0
0.06672,0
0.02497,0
0.03304,0
0.04060,0
0.04072,0
0.04063,0
0.03546,0
0.03174,0
0.03129,0
0.03871,0
0.00534,0
0.00655,0
0.03681,0
0.04200,0
0.02505,0
0.02247,0
0.02795,0
0.03209,0
0.03642,0
0.05484,0
0.00534,0
0.00655,0
0.05205,0
0.07235,0
0.07436,0
0.06867,0
0.06286,0
0.07440,0
0.10060,0
0.08057,0
0.06012,0
0.03395,0
0.03528,0
0.02971,0
0.02612,0
0.02634,0
0.02659,0
0.02893,0
0.03479,0
0.05883,0
0.02309,0
0.03172,0
0.04475,0
0.04678,0
0.04048,0
0.03633,0
0.03385,0
0.03333,0
0.00534,0
0.01218,0
0.01172,0
0.00884,0
0.01591,0
0.02679,0
0.03861,0
0.05201,0
0.05630,0
0.05809,0
0.00534,0
0.00655,0
0.00841,0
0.00690,0
0.01027,0
0.03062,0
0.04862,0
0.03503,0
0.03347,0
0.03815,0
0.00534,0
0.01218,0
0.01144,0
0.04131,0
0.03336,0
0.03370,0
0.03594,0
0.04172,0
0.03945,0
0.04743,0
0.01461,0
0.01393,0
0.01253,0
0.01015,0
0.01521,0
0.01835,0
0.02010,0
0.02434,0
0.02283,0
0.02542,0
0.03453,0
0.05648,0
0.04119,0
0.03541,0
0.03131,0
0.02639,0
0.02780,0
0.02620,0
0.02686,0
0.02992,0
0.05574,0
0.02456,0
0.02682,0
0.03009,0
0.03211,0
0.03151,0
0.02824,0
0.02685,0
0.02737,0
0.03603,0
0.00534,0
0.06707,0
0.04929,0
0.05585,0
0.05900,0
0.05254,0
0.05472,0
0.01461,0
0.01806,0
0.01491,0
0.04379,0
0.05893,0
0.06717,0
0.06433,0
0.08012,0
0.08446,0
0.05664,0
0.02210,0
0.03262,0
0.03546,0
0.03172,0
0.02762,0
0.02271,0
0.02139,0
0.02157,0
0.03040,0
0.00534,0
0.00655,0
0.00618,0
0.00674,0
0.01254,0
0.00923,0
0.01538,0
0.00534,0
0.00819,0
0.01135,0
0.00884,0
0.01437,0
0.01800,0
0.01787,0
0.05664,0
0.16491,0
0.14175,0
0.11328,0
0.11433,0
0.11769,0
0.11231,0
0.10604,0
0.10645,0
0.10312,0
0.02108,0
0.01501,0
0.01343,0
0.01159,0
0.01818,0
0.02223,0
0.02301,0
0.02439,0
0.02344,0
0.02801,0
0.00534,0
0.01218,0
0.01272,0
0.00965,0
0.01730,0
0.02271,0
0.03044,0
0.02659,0
0.03205,0
0.04492,0
0.05027,1
0.03420,1
0.01790,1
0.03267,1
0.04896,1
0.06650,1
0.06032,1
0.06400,1
0.07167,1
0.10696,0
0.06745,0
0.07224,0
0.04155,0
0.03822,0
0.03117,0
0.03080,0
0.03216,0
0.03352,0
0.03983,0
0.02108,0
0.01641,0
0.05524,0
0.03440,0
0.03503,0
0.03849,0
0.03481,0
0.03703,0
0.03465,0
0.04359,0
0.00534,0
0.03649,0
0.03919,0
0.04915,0
0.05350,0
0.04794,0
0.05519,0
0.00534,0
0.00819,0
0.00888,0
0.00850,0
0.01396,0
0.01488,0
0.01478,0
0.01461,0
0.01250,0
0.00973,0
0.00929,0
0.01462,0
0.01181,0
0.01706,0
0.04983,0
0.04266,0
0.02531,0
0.03041,0
0.04007,0
0.05068,0
0.06643,0
0.06682,0
0.06978,0
0.07094,0
0.00534,0
0.00819,0
0.00980,0
0.00902,0
0.01457,0
0.01094,0
0.01424,0
0.02108,0
0.01501,0
0.01343,0
0.01048,0
0.01690,0
0.02812,0
0.02837,0
0.02771,0
0.02997,0
0.03185,0
0.06672,0
0.02786,0
0.03458,0
0.04578,0
0.07160,0
0.05513,0
0.04200,0
0.03784,0
0.03665,0
0.04493,0
0.00534,0
0.00813,0
0.00936,0
0.00883,0
0.01426,0
0.01043,0
0.01332,0
0.00534,0
0.00655,0
0.03974,1
0.03939,1
0.04812,1
0.05652,1
0.08229,1
0.09852,0
0.07572,0
0.07890,0
0.04558,0
0.04213,0
0.03298,0
0.03152,0
0.03049,0
0.03135,0
0.03687,0
0.00534,0
0.00655,0
0.00618,0
0.00674,0
0.01729,0
0.02073,0
0.02307,0
0.11882,0
0.18875,0
0.12218,0
0.11320,0
0.09683,0
0.08554,0
0.08039,0
0.07946,0
0.08127,0
0.10953,0
0.06332,0
0.06239,0
0.06936,0
0.07153,0
0.06157,0
0.05437,0
0.04981,0
0.04871,0
0.02108,0
0.10308,0
0.07794,0
0.07044,0
0.07323,0
0.08788,0
0.08418,0
0.08331,0
0.08621,0
0.09208,0
0.03091,0
0.10371,0
0.09461,0
0.10755,0
0.10681,0
0.09315,0
0.09222,0
0.08387,0
0.08384,0
0.08205,0
0.05475,0
0.07221,0
0.12132,0
0.10423,0
0.09061,0
0.07090,0
0.07108,0
0.07316,0
0.07682,0
0.08251,0
0.03091,0
0.05254,0
0.04744,0
0.03478,0
0.02856,0
0.02174,0
0.02038,0
0.02010,0
0.02093,0
0.02372,0
0.00534,0
0.00655,0
0.00655,0
0.00594,0
0.01196,0
0.01453,0
0.01446,0
0.00534,0
0.00655,0
0.00655,0
0.04939,0
0.05044,0
0.04066,0
0.04193,0
0.04372,0
0.05105,0
0.06634,0
0.04983,0
0.03485,0
0.01943,0
0.02966,0
0.04638,0
0.03840,0
0.03754,0
0.10696,0
0.07386,0
0.05131,0
0.03976,0
0.04048,0
0.03117,0
0.03131,0
0.03057,0
0.03161,0
0.03682,0
0.00534,0
0.00655,0
0.00734,0
0.00729,0
0.01518,0
0.02385,0
0.02405,0
0.02535,0
0.02890,0
0.03124,0
0.03091,0
0.03588,0
0.06912,1
0.06642,1
0.04816,1
0.04366,1
0.04747,1
0.05173,1
0.06008,1
0.01461,0
0.01250,0
0.01065,0
0.00973,0
0.01669,0
0.02551,0
0.02606,0
0.02462,0
0.02552,0
0.02633,0
0.00534,0
0.00655,0
0.00655,0
0.00594,0
0.01196,0
0.00952,0
0.01220,0
0.00534,0
0.00819,0
0.01135,0
0.00884,0
0.01841,0
0.01554,0
0.01934,0
0.00534,0
0.03831,0
0.03281,0
0.04221,0
0.04731,0
0.04178,0
0.04588,0
0.01461,0
0.06537,0
0.05008,0
0.04130,0
0.03993,0
0.03081,0
0.03534,0
0.03835,0
0.04502,0
0.05421,0
0.10953,0
0.06332,0
0.06269,0
0.06564,0
0.06699,0
0.05718,0
0.05138,0
0.04686,0
0.04598,0
0.00534,0
0.01218,0
0.01144,0
0.00996,0
0.01754,0
0.02354,0
0.02273,0
0.02448,0
0.02679,0
0.03091,0
0.04047,0
0.02930,0
0.02124,0
0.01819,0
0.02014,0
0.02418,0
0.10696,0
0.06745,0
0.07342,0
0.04678,0
0.04077,0
0.03168,0
0.03084,0
0.03102,0
0.03262,0
0.03801,0
0.00534,0
0.00655,0
0.00841,0
0.00690,0
0.02341,0
0.02577,0
0.03371,0
0.04125,0
0.03504,0
0.03815,0
0.04983,0
0.03591,0
0.02008,0
0.03412,0
0.03778,0
0.02590,0
0.02136,0
0.02348,0
0.02436,0
0.02875,0
0.00534,0
0.00655,0
0.00695,0
0.00586,0
0.01167,0
0.01806,0
0.03442,0
0.03751,0
0.03867,0
0.03728,0
0.02666,0
0.01440,0
0.02662,0
0.03921,0
0.03818,0
0.03707,0
0.01461,0
0.01250,0
0.08635,0
0.07304,0
0.05626,0
0.05645,0
0.05205,0
0.05213,0
0.05143,0
0.08591,0
0.00534,0
0.00813,0
0.00815,0
0.00823,0
0.01388,0
0.01704,0
0.01787,0
0.01798,0
0.01827,0
0.02381,0
0.00534,0
0.00819,0
0.01135,0
0.00884,0
0.01515,0
0.01612,0
0.01847,0
0.02031,0
0.01998,0
0.02519,0
0.04983,0
0.03485,0
0.01943,0
0.02450,0
0.02486,0
0.02850,0
0.03264,0
0.00534,0
0.01218,0
0.01160,0
0.01017,0
0.01742,0
0.02630,0
0.02562,0
0.02656,0
0.02990,0
0.03215,0
0.03728,0
0.02927,0
0.01731,0
0.03350,0
0.03568,0
0.02641,0
0.02119,0
0.01926,0
0.02187,0
0.02641,0
0.01461,0
0.01250,0
0.00999,0
0.00804,0
0.01038,0
0.01463,0
0.02188,0
0.02362,0
0.02237,0
0.02508,0
0.00534,0
0.00813,0
0.00827,0
0.04019,0
0.05608,0
0.06531,0
0.06649,0
0.09309,0
0.09901,0
0.05574,0
0.02456,0
0.02773,0
0.03536,0
0.05704,0
0.03866,0
0.03162,0
0.02881,0
0.02932,0
0.03821,0
0.05972,1
0.07381,1
0.07653,1
0.06605,1
0.06991,1
0.07844,1
0.07430,1
0.08109,1
0.08689,1
0.10856,1
0.12881,1
0.00534,0
0.01218,0
0.01160,0
0.00902,0
0.01448,0
0.02293,0
0.02282,0
0.02520,0
0.02695,0
0.10696,0
0.06851,0
0.04969,0
0.03887,0
0.04208,0
0.03090,0
0.02948,0
0.02970,0
0.02990,0
0.03490,0
0.00534,0
0.00819,0
0.01001,0
0.00903,0
0.01930,0
0.02261,0
0.02149,0
0.01461,0
0.01250,0
0.00973,0
0.00837,0
0.02748,0
0.02331,0
0.03202,0
0.03149,0
0.04376,0
0.06047,0
0.00534,0
0.01218,0
0.01185,0
0.00910,0
0.01670,0
0.02485,0
0.02418,0
0.02249,0
0.02987,0
0.04277,0
0.01461,0
0.01250,0
0.00985,0
0.00936,0
0.01463,0
0.01598,0
0.01788,0
0.01889,0
0.01915,0
0.02237,0
0.05595,0
0.02403,0
0.03227,0
0.04809,0
0.07594,0
0.06785,0
0.06097,0
0.05583,0
0.05420,0
0.00534,0
0.00655,0
0.00626,0
0.00681,0
0.01277,0
0.04296,1
0.05253,1
0.06174,1
0.06599,1
0.07651,1
0.04983,0
0.03485,0
0.01943,0
0.02725,0
0.03405,0
0.02696,0
0.02590,0
0.02389,0
0.02865,0
0.03079,0
0.00534,0
0.02118,1
0.06041,1
0.06388,1
0.07530,1
0.07269,1
0.06281,1
0.06486,1
0.06788,1
0.06342,1
0.07078,1
0.00534,0
0.07984,0
0.08298,0
0.05112,0
0.04254,0
0.03388,0
0.03482,0
0.03726,0
0.04325,0
0.05451,0
0.12007,1
0.09439,1
0.07619,1
0.06038,1
0.08650,1
0.08656,1
0.09583,1
0.00534,0
0.00655,0
0.00626,0
0.00681,0
0.01456,0
0.01793,0
0.02034,0
0.02026,0
0.02430,0
0.04983,0
0.04266,0
0.02498,0
0.02802,0
0.02625,0
0.02411,0
0.02671,0
0.00534,0
0.00655,0
0.00841,0
0.00806,0
0.01490,0
0.01741,0
0.03193,1
0.03008,1
0.05676,1
0.08081,1
0.11627,1
0.00534,0
0.03774,1
0.04605,1
0.05226,1
0.05513,1
0.04571,1
0.04155,1
0.04963,1
0.10169,0
0.04252,0
0.03437,0
0.02908,0
0.02981,0
0.03148,0
0.03975,0
0.00534,0
0.00655,0
0.00638,0
0.00640,0
0.02125,0
0.01870,0
0.02681,0
0.02846,0
0.04051,0
0.05694,0
0.02108,0
0.01501,0
0.01254,0
0.01013,0
0.01720,0
0.02836,0
0.02841,0
0.02736,0
0.02784,0
0.02887,0
0.04983,0
0.04266,0
0.02531,0
0.03041,0
0.03257,0
0.06174,0
0.06562,0
0.06144,0
0.05745,0
0.05693,0
0.00534,0
0.00655,0
0.00841,0
0.00806,0
0.01812,0
0.01380,0
0.02204,0
0.10696,0
0.07598,0
0.04418,0
0.04900,0
0.06712,0
0.06605,0
0.06206,0
0.06206,0
0.06614,0
0.00534,0
0.00655,0
0.00695,0
0.00586,0
0.01187,0
0.00868,0
0.01583,0
0.00534,0
0.00655,0
0.00734,0
0.00729,1
0.05139,1
0.08260,1
0.07875,1
0.08485,1
0.08664,1
0.09069,1
0.08960,1
0.08903,1
0.09852,0
0.08050,0
0.05316,0
0.03939,0
0.04001,0
0.03065,0
0.02956,0
0.02900,0
0.03063,0
0.03604,0
0.13770,0
0.05738,0
0.04957,0
0.03527,0
0.03501,0
0.03365,0
0.03284,0
0.03334,0
0.03788,0
0.05331,0
0.00534,0
0.07514,0
0.05902,0
0.04816,0
0.04221,0
0.03556,0
0.03823,0
0.04192,0
0.04826,0
0.05645,0
0.00534,0
0.03831,0
0.03662,0
0.04664,0
0.05298,0
0.04739,0
0.05133,0
0.03091,0
0.03719,0
0.04164,0
0.05729,0
0.04728,0
0.03315,0
0.03283,0
0.03121,0
0.03191,0
0.02108,0
0.02254,0
0.05702,0
0.05654,0
0.04542,0
0.03813,0
0.04098,0
0.04391,0
0.04807,0
0.06901,0
0.03728,1
0.02927,1
0.11617,1
0.10540,1
0.11017,1
0.11818,1
0.11623,1
0.08057,0
0.06012,0
0.03395,0
0.03528,0
0.02971,0
0.02612,0
0.02634,0
0.02605,0
0.02749,0
0.03362,0
0.00534,0
0.06315,0
0.04786,0
0.04433,0
0.04399,0
0.03694,0
0.04034,0
0.04292,0
0.04930,0
0.05892,0
0.01461,0
0.01806,0
0.04376,0
0.05122,0
0.06491,0
0.07298,0
0.09266,0
0.05595,0
0.02262,0
0.03370,0
0.03588,0
0.03328,0
0.02787,0
0.02245,0
0.02121,0
0.02284,0
0.02787,0
0.00534,0
0.01218,0
0.01172,0
0.00985,0
0.01669,0
0.02799,0
0.03704,0
0.03100,0
0.03258,0
0.03331,0
0.01461,0
0.01806,0
0.01531,0
0.01168,0
0.01394,0
0.01781,0
0.02155,0
0.02420,0
0.02315,0
0.02846,0
0.00534,0
0.01218,0
0.01424,0
0.03331,0
0.02894,0
0.03267,0
0.03309,0
0.03997,0
0.05883,0
0.00534,0
0.00655,0
0.00695,0
0.00586,0
0.01655,0
0.01358,0
0.01786,0
0.01461,0
0.01250,0
0.04251,0
0.04419,0
0.03699,0
0.03085,0
0.03503,0
0.03959,0
0.04398,0
0.06521,0
0.00534,0
0.01218,0
0.04878,0
0.03900,0
0.04141,0
0.05044,0
0.04638,0
0.04453,0
0.04305,0
0.04222,0
0.00534,0
0.00655,0
0.00618,0
0.00583,0
0.02635,0
0.04000,0
0.04170,0
0.03038,0
0.02887,0
0.03567,0
0.10953,0
0.06015,0
0.06176,0
0.04514,0
0.03741,0
0.03478,0
0.03622,0
0.00534,0
0.00655,0
0.00695,0
0.00586,0
0.01358,0
0.02177,0
0.02205,0
0.02456,0
0.02632,0
0.00534,0
0.00819,0
0.00888,0
0.00850,0
0.01396,0
0.01048,0
0.01336,0
0.12715,1
0.05980,1
0.09019,1
0.08764,1
0.08579,1
0.09324,1
0.09931,1
0.10251,1
0.09570,1
0.10441,1
0.03091,0
0.04047,0
0.02889,0
0.02687,0
0.02152,0
0.02271,0
0.02514,0
0.03091,0
0.03588,0
0.03502,0
0.03379,0
0.03279,0
0.02796,0
0.02659,0
0.02572,0
0.02677,0
0.03133,0
0.08057,0
0.05830,0
0.03596,0
0.03620,0
0.03074,0
0.03019,0
0.03012,0
0.02945,0
0.03262,0
0.03822,0
0.00534,0
0.00813,0
0.00815,0
0.00823,0
0.01371,0
0.01597,0
0.01880,0
0.03664,0
0.03013,0
0.01764,0
0.02517,0
0.03177,0
0.02617,0
0.02450,0
0.02260,0
0.02391,0
0.02787,0
0.04983,0
0.07899,0
0.07397,0
0.05427,0
0.05817,0
0.04263,0
0.04859,0
0.09852,0
0.11161,0
0.07462,0
0.05782,0
0.05581,0
0.04475,0
0.04303,0
0.04041,0
0.03964,0
0.04376,0
0.10696,0
0.07386,0
0.04925,0
0.03714,0
0.03926,0
0.03340,0
0.03317,0
0.03275,0
0.03437,0
0.03932,0
0.00534,0
0.00655,0
0.03496,0
0.02905,0
0.03092,0
0.02500,0
0.02677,0
0.00534,0
0.01218,0
0.01172,0
0.00884,0
0.01221,0
0.01956,0
0.02199,0
0.02186,0
0.02162,0
0.02462,0
0.03664,0
0.02798,0
0.01726,0
0.02875,0
0.04048,0
0.06887,0
0.06847,0
0.06136,0
0.06790,0
0.11882,1
0.14811,1
0.06987,1
0.04299,1
0.04171,1
0.03807,1
0.04001,1
0.04259,1
0.04895,1
0.00534,0
0.00655,0
0.00626,0
0.00681,0
0.01456,0
0.02188,0
0.03322,0
0.03389,0
0.03349,0
0.04838,0
0.01461,0
0.01250,0
0.00985,0
0.00936,0
0.01463,0
0.01598,0
0.01887,0
0.02115,0
0.02046,0
0.02324,0
0.01461,0
0.01250,0
0.01904,1
0.03472,1
0.03255,1
0.04123,1
0.06650,1
0.07356,1
0.08221,1
0.09004,1
0.12424,1
0.14825,1
0.01461,0
0.01250,0
0.01065,0
0.00855,0
0.03067,0
0.02600,0
0.03343,0
0.03921,0
0.04646,0
0.06213,0
0.03091,0
0.12460,0
0.13740,0
0.14653,0
0.12600,0
0.10675,0
0.09154,0
0.08331,0
0.08502,0
0.08570,0
0.02108,0
0.01501,0
0.01343,0
0.04813,0
0.06021,0
0.04677,0
0.04804,0
0.04701,0
0.04836,0
0.06786,0
0.01461,0
0.01393,0
0.01253,0
0.03873,0
0.03093,0
0.03097,0
0.03370,0
0.03438,0
0.03643,0
0.04791,0
0.10169,0
0.04153,0
0.02554,0
0.02854,0
0.02913,0
0.03243,0
0.03969,0
0.41957,0
0.33654,0
0.24366,0
0.18722,0
0.15642,0
0.13884,0
0.12722,0
0.11944,0
0.11566,0
0.13718,0
0.10169,0
0.04153,0
0.02554,0
0.02282,0
0.02451,0
0.02698,0
0.03509,0
0.00534,0
0.01218,0
0.01172,0
0.00884,0
0.01147,0
0.01700,0
0.02110,0
0.02178,0
0.02113,0
0.02393,0
0.03091,0
0.03719,0
0.03929,0
0.07481,0
0.07051,0
0.04752,0
0.04457,0
0.04309,0
0.04177,0
0.04484,0
0.02108,0
0.01501,0
0.04627,0
0.05704,0
0.06726,0
0.07834,0
0.12513,0
0.08057,0
0.05830,0
0.03457,0
0.03403,0
0.02959,0
0.03020,0
0.03005,0
0.02962,0
0.03167,0
0.03674,0
0.00534,0
0.04490,0
0.04066,0
0.04935,0
0.05302,0
0.04769,0
0.05150,0
0.00534,0
0.01218,0
0.01172,0
0.00985,0
0.01746,0
0.02594,0
0.02536,0
0.02561,0
0.02683,0
0.02773,0
0.10169,0
0.05868,0
0.03533,0
0.02681,0
0.02568,0
0.02808,0
0.03608,0
0.01461,0
0.01250,0
0.00999,0
0.00897,0
0.01458,0
0.01103,0
0.01380,0
0.03453,0
0.05648,0
0.04933,0
0.03867,0
0.03134,0
0.02383,0
0.02565,0
0.02569,0
0.02638,0
0.02867,0
0.00534,0
0.00655,0
0.00841,0
0.00690,0
0.01371,0
0.01459,0
0.01612,0
0.01873,0
0.01876,0
0.02398,0
0.01461,0
0.01806,0
0.01520,0
0.01235,0
0.01954,0
0.02539,0
0.02410,0
0.02537,0
0.02704,0
0.02108,0
0.01501,0
0.01501,0
0.01165,0
0.03886,0
0.07195,1
0.07621,1
0.07836,1
0.08331,1
0.10756,1
0.14893,1
0.17891,1
0.20446,1
0.01461,0
0.01806,0
0.05927,0
0.06275,0
0.07898,0
0.07763,0
0.07530,0
0.07248,0
0.08315,0
0.00534,0
0.00819,0
0.00916,0
0.00763,0
0.01322,0
0.00965,0
0.01547,0
0.04983,0
0.03370,0
0.02019,0
0.02945,0
0.03469,0
0.05117,0
0.04908,0
0.04351,0
0.05275,0
0.03728,0
0.02666,0
0.01506,0
0.02285,0
0.03063,0
0.04722,0
0.04310,0
0.04231,0
0.05111,0
0.00534,0
0.01218,0
0.01160,0
0.01017,0
0.01703,0
0.02447,0
0.04194,0
0.04340,0
0.04546,0
0.04939,0
0.01461,0
0.01393,0
0.01224,0
0.01102,0
0.01735,0
0.02626,0
0.02606,0
0.02740,0
0.02786,0
0.19062,0
0.15221,0
0.14423,0
0.13604,0
0.12539,0
0.11520,0
0.11227,0
0.11381,0
0.12003,0
0.13791,0
0.12715,0
0.05512,0
0.04479,0
0.03401,0
0.02901,0
0.02757,0
0.02793,0
0.03066,0
0.03543,0
0.05175,0
0.03091,1
0.04944,1
0.04840,1
0.06862,1
0.07627,1
0.07885,1
0.09130,1
0.00534,0
0.00655,0
0.00626,0
0.00681,0
0.01265,0
0.00931,0
0.01544,0
0.00534,0
0.01218,0
0.06135,0
0.04861,0
0.03772,0
0.03817,0
0.03547,0
0.03480,0
0.04159,0
0.06468,0
0.03453,0
0.04392,0
0.03046,0
0.02067,0
0.01733,0
0.01907,0
0.02566,0
0.02108,0
0.07895,0
0.05099,0
0.06082,0
0.06666,0
0.05670,0
0.05792,0
0.00534,0
0.00655,0
0.00626,0
0.00590,0
0.01364,0
0.01460,1
0.03354,1
0.04813,1
0.05592,1
0.05701,1
0.02108,0
0.01501,0
0.01346,0
0.01067,0
0.01768,0
0.02493,0
0.03129,0
0.02744,0
0.02667,0
0.02989,0
0.10169,0
0.04473,0
0.02776,0
0.02455,0
0.02781,0
0.03043,0
0.03803,0
0.00534,0
0.00819,0
0.01135,0
0.00999,0
0.03552,0
0.04480,0
0.04693,0
0.04524,0
0.04658,0
0.05828,0
0.05793,0
0.02221,0
0.03273,0
0.05224,0
0.05625,0
0.04604,0
0.03979,0
0.03616,0
0.03532,0
0.04274,0
0.05475,1
0.05410,1
0.03467,1
0.04115,1
0.03389,1
0.03303,1
0.03596,1
0.04442,1
0.05348,1
0.00534,0
0.01218,0
0.06001,0
0.03799,0
0.03312,0
0.03475,0
0.03206,0
0.03575,0
0.03386,0
0.04320,0
0.09852,0
0.08450,0
0.07935,0
0.06589,0
0.05080,0
0.05049,0
0.04885,0
0.04845,0
0.05310,0
0.00534,0
0.00655,0
0.00618,0
0.00583,0
0.01376,0
0.02222,0
0.02236,0
0.02459,0
0.02499,0
0.02625,0
0.08057,0
0.06012,0
0.03527,0
0.03536,0
0.02966,0
0.02599,0
0.02767,0
0.02783,0
0.02900,0
0.03483,0
0.00534,0
0.01218,0
0.01185,0
0.00910,0
0.01463,0
0.01179,0
0.01419,0
0.00534,0
0.00813,0
0.00880,0
0.00861,0
0.01568,0
0.01806,0
0.02005,0
0.02022,0
0.02000,0
0.02497,0
0.03728,0
0.03222,0
0.01834,0
0.02940,0
0.03392,0
0.02982,0
0.02713,0
0.02444,0
0.02533,0
0.02865,0
0.05574,0
0.02456,0
0.03236,0
0.04239,0
0.04131,0
0.03408,0
0.03295,0
0.03061,0
0.03043,0
0.03825,0
0.03510,0
0.02657,0
0.01622,0
0.02355,0
0.03416,0
0.02867,0
0.02944,0
0.00534,0
0.00655,0
0.04059,1
0.03682,1
0.04025,1
0.03372,1
0.03864,1
0.05104,1
0.06122,1
0.06451,1
0.00534,0
0.00655,0
0.00626,0
0.00681,0
0.01456,0
0.02428,0
0.03107,0
0.02581,0
0.02856,0
0.03044,0
0.05883,0
0.02466,0
0.02683,0
0.03458,0
0.03323,0
0.02793,0
0.02416,0
0.02592,0
0.02647,0
0.03120,0
0.00534,0
0.07984,0
0.08246,0
0.05186,0
0.04322,0
0.04149,0
0.04328,0
0.04647,0
0.05096,0
0.05956,0
0.00534,0
0.00655,0
0.00638,0
0.00640,0
0.03087,0
0.04257,0
0.04882,0
0.03282,0
0.02917,0
0.03378,0
0.03091,0
0.05254,0
0.04428,0
0.03546,0
0.03179,0
0.02583,0
0.02776,0
0.02594,0
0.02667,0
0.02895,0
0.05364,0
0.02356,0
0.03596,0
0.03374,0
0.03535,0
0.02949,0
0.02433,0
0.02317,0
0.02368,0
0.02862,0
0.00534,0
0.00655,0
0.00741,0
0.05999,1
0.07022,1
0.08336,1
0.09326,1
0.01461,0
0.01393,0
0.01224,0
0.01102,0
0.01815,0
0.02334,0
0.03143,0
0.02868,0
0.02731,0
0.03008,0
0.00534,0
0.01218,0
0.01272,0
0.01072,0
0.02614,0
0.02309,0
0.03099,0
0.04103,0
0.05737,0
0.06698,0
0.00534,0
0.05884,0
0.03666,0
0.04282,0
0.03276,0
0.02813,0
0.03130,0
0.04281,0
0.04825,0
0.06439,0
0.03728,0
0.02818,0
0.01479,0
0.02542,0
0.03757,0
0.04896,0
0.05769,0
0.05387,0
0.05828,1
0.06075,1
0.06346,1
0.08191,1
0.08984,1
0.03728,0
0.02818,0
0.01479,0
0.02186,0
0.02249,0
0.02302,0
0.02518,0
0.00534,0
0.00655,0
0.04339,0
0.04619,0
0.02852,0
0.02757,0
0.02919,0
0.03233,0
0.03800,0
0.04816,0
0.13197,0
0.09685,0
0.06921,0
0.07719,0
0.07237,0
0.05415,0
0.04357,0
0.06389,0
0.07157,0
0.07194,0
0.00534,0
0.00655,0
0.03974,0
0.04816,0
0.06023,0
0.07117,0
0.08918,0
0.00534,0
0.00655,0
0.00655,0
0.00686,0
0.01386,0
0.02713,0
0.03596,0
0.03078,0
0.03136,0
0.03136,0
0.00534,0
0.00655,0
0.00626,0
0.00681,0
0.01265,0
0.00899,0
0.01213,0
0.05883,0
0.02309,0
0.03391,0
0.03685,0
0.03333,0
0.03332,0
0.03406,0
0.03453,0
0.03933,0
0.04480,0
0.03806,0
0.03208,0
0.02601,0
0.02441,0
0.02359,0
0.02536,0
0.02770,0
0.00534,0
0.00655,0
0.05483,0
0.05885,0
0.07506,0
0.07322,0
0.06873,0
0.06505,0
0.06728,0
0.08488,0
0.03728,0
0.02666,0
0.01506,0
0.03162,0
0.03578,0
0.02470,0
0.01834,0
0.01720,0
0.02026,0
0.02826,0
0.07287,1
0.08252,1
0.13197,0
0.09182,0
0.06574,0
0.06586,0
0.06198,0
0.05009,0
0.04244,0
0.06345,0
0.07262,0
0.07301,0
0.00534,0
0.00655,0
0.00638,0
0.00549,0
0.01754,0
0.03094,0
0.03387,0
0.03431,0
0.04107,0
0.05110,0
0.01461,0
0.01250,0
0.06001,1
0.06245,1
0.07451,1
0.08723,1
0.12689,1
0.11341,1
0.11102,1
0.14215,1
0.13197,0
0.10924,0
0.09896,0
0.09563,0
0.09954,0
0.10318,0
0.12711,0
0.13940,0
0.08675,0
0.05151,0
0.07438,0
0.07745,0
0.06862,0
0.06344,0
0.05983,0
0.06127,0
0.06690,0
0.03091,0
0.04705,0
0.04659,0
0.05889,0
0.04904,0
0.03661,0
0.03355,0
0.03276,0
0.03443,0
0.00534,0
0.00655,0
0.00626,0
0.00590,0
0.01364,0
0.02321,0
0.02382,0
0.02289,0
0.02475,0
0.02690,0
0.01461,0
0.01250,0
0.00999,0
0.00804,0
0.03283,0
0.04370,0
0.04972,0
0.03276,0
0.03096,0
0.03527,0
0.03728,0
0.02818,0
0.01479,0
0.02186,0
0.02249,0
0.02302,0
0.02518,0
0.03091,0
0.04124,0
0.04306,0
0.04317,0
0.04000,0
0.03437,0
0.03210,0
0.03340,0
0.03369,0
0.03656,0
0.00534,0
0.01218,0
0.01160,0
0.04374,0
0.03915,0
0.03002,0
0.03222,0
0.03681,0
0.04043,0
0.05959,0
0.00534,0
0.00655,0
0.08316,0
0.06949,0
0.05319,0
0.05340,0
0.04882,0
0.04995,0
0.04995,0
0.08486,0
0.00534,0
0.00813,0
0.00840,0
0.00703,0
0.00977,0
0.01698,0
0.02069,0
0.02480,0
0.02332,0
0.02810,0
0.00534,0
0.01218,0
0.05372,0
0.05680,0
0.03766,0
0.03559,0
0.03578,0
0.03801,0
0.04144,0
0.05919,0
0.05793,0
0.02531,0
0.03324,0
0.03945,0
0.04145,0
0.03681,0
0.03358,0
0.03046,0
0.02981,0
0.03757,0
0.03728,0
0.02927,0
0.01731,0
0.02808,0
0.03011,0
0.02810,0
0.02946,0
0.00534,0
0.00655,0
0.00841,0
0.00690,0
0.01254,0
0.01727,0
0.01780,0
0.00534,0
0.01218,0
0.01271,0
0.01011,0
0.01494,0
0.01141,0
0.01482,0
0.00534,0
0.00819,0
0.00874,0
0.03274,0
0.02556,0
0.02722,0
0.03055,0
0.03443,0
0.03532,0
0.04575,0
0.03664,0
0.02784,0
0.01777,0
0.02812,0
0.03228,0
0.02927,0
0.02780,0
0.02554,0
0.02633,0
0.02990,0
0.00534,0
0.00655,0
0.00741,0
0.00643,0
0.01242,0
0.01255,0
0.01240,0
0.03453,1
0.08410,1
0.07914,1
0.08036,1
0.08707,1
0.07046,1
0.06362,1
0.05887,1
0.05897,1
0.10696,0
0.07598,0
0.04418,0
0.03516,0
0.02508,0
0.02516,0
0.02658,0
0.03124,0
0.03805,0
0.01461,0
0.01250,0
0.01065,0
0.00855,0
0.01409,0
0.01100,0
0.01786,0
0.01461,0
0.01250,0
0.05262,0
0.04971,0
0.05583,0
0.05384,0
0.05075,0
0.06201,0
0.08005,0
0.12007,1
0.07899,1
0.05360,1
0.04671,1
0.04930,1
0.04190,1
0.04448,1
0.01461,0
0.01250,0
0.00985,0
0.00844,0
0.01403,0
0.01020,0
0.01304,0
0.00534,0
0.00655,0
0.00841,0
0.00806,0
0.02695,0
0.03597,0
0.03754,0
0.06625,0
0.09202,0
0.10934,0
0.10169,0
0.04252,0
0.02627,0
0.02940,0
0.03080,0
0.03210,0
0.04065,0
0.04983,0
0.03974,0
0.02402,0
0.03789,0
0.03890,0
0.02634,0
0.02060,0
0.02073,0
0.02357,0
0.02830,0
0.00534,0
0.00655,0
0.00626,0
0.00681,0
0.01059,0
0.02782,0
0.04414,0
0.03453,0
0.03553,0
0.04149,0
0.17998,0
0.12845,0
0.13017,0
0.11297,0
0.10225,0
0.11190,0
0.12269,0
0.11289,0
0.11018,0
0.10788,0
0.00534,0
0.01218,0
0.06135,0
0.05024,0
0.03976,0
0.04123,0
0.03775,0
0.03666,0
0.04381,0
0.06581,0
0.03728,0
0.02565,0
0.01491,0
0.02701,0
0.03282,0
0.04822,0
0.04569,0
0.04172,0
0.05012,0
0.00534,0
0.00655,0
0.00638,0
0.00640,0
0.01244,0
0.01757,0
0.02032,0
0.02322,0
0.02689,0
0.00534,0
0.00655,0
0.00734,0
0.00638,0
0.02647,0
0.03984,0
0.04648,0
0.02929,0
0.02883,0
0.03384,0
0.05364,0
0.02196,0
0.03346,0
0.03596,0
0.03332,0
0.02768,0
0.02228,0
0.02105,0
0.02171,0
0.03040,0
0.00534,0
0.00655,0
0.00841,0
0.00690,0
0.01254,0
0.01012,0
0.01693,0
0.00534,0
0.00655,0
0.00734,0
0.00729,0
0.01318,0
0.02117,0
0.02125,0
0.02467,0
0.02580,0
0.01461,0
0.01250,0
0.01065,0
0.00855,0
0.01409,0
0.01042,0
0.01732,0
0.10696,0
0.07386,0
0.04925,0
0.03714,0
0.03897,0
0.02874,0
0.02802,0
0.02757,0
0.02926,0
0.03470,0
0.00534,0
0.00655,0
0.00638,0
0.00549,0
0.01167,0
0.00830,0
0.01439,0
0.00534,0
0.00655,0
0.03681,0
0.04366,0
0.02646,0
0.02349,0
0.02690,0
0.03045,0
0.03646,0
0.05639,0
0.00534,0
0.00655,0
0.00626,0
0.00681,0
0.01265,0
0.01505,0
0.01896,0
0.10079,0
0.07101,0
0.04868,0
0.03801,0
0.03959,0
0.03191,0
0.03089,0
0.03020,0
0.03086,0
0.03634,0
0.03091,0
0.05254,0
0.04428,0
0.03546,0
0.03179,0
0.02583,0
0.02776,0
0.02594,0
0.02733,0
0.03083,0
0.03091,0
0.05254,0
0.04428,0
0.03240,0
0.02824,0
0.02319,0
0.02146,0
0.02085,0
0.02288,0
0.02641,0
0.03091,0
0.04047,0
0.02930,0
0.02124,0
0.01819,0
0.02056,0
0.02717,0
0.00534,0
0.00819,0
0.00905,0
0.00723,0
0.01290,0
0.00817,1
0.02577,1
0.00534,0
0.01218,0
0.01160,0
0.00902,0
0.01478,0
0.02566,0
0.04212,0
0.03323,0
0.03268,0
0.03969,0
0.03091,0
0.05254,0
0.08151,1
0.07472,1
0.05474,1
0.04882,1
0.05166,1
0.05278,1
0.05682,1
0.00534,0
0.00655,0
0.05079,0
0.04958,0
0.05563,0
0.05330,0
0.05155,0
0.05706,0
0.07552,0
0.01461,0
0.01393,0
0.01245,0
0.00977,0
0.01714,0
0.02471,0
0.02652,0
0.02509,0
0.02598,0
0.02690,0
0.09852,1
0.08050,1
0.05506,1
0.04183,1
0.04150,1
0.03264,1
0.03277,1
0.03272,1
0.03510,0
0.02627,0
0.01641,0
0.02690,0
0.03590,0
0.03314,0
0.03059,0
0.02784,0
0.02874,0
0.03161,0
0.00534,0
0.00655,0
0.00655,0
0.00594,0
0.01196,0
0.00885,0
0.01498,0
0.10169,0
0.05868,0
0.02942,0
0.02331,0
0.02325,0
0.03744,0
0.04342,0
0.11240,0
0.08779,0
0.06553,0
0.06661,0
0.06619,0
0.05823,0
0.05392,0
0.08515,0
0.08663,0
0.08670,0
0.01461,0
0.01250,0
0.04096,0
0.03224,0
0.03421,0
0.03448,0
0.03741,0
0.00534,0
0.01218,0
0.06135,0
0.04988,0
0.04494,0
0.04669,0
0.04405,0
0.04308,0
0.04203,0
0.06157,0
0.09674,0
0.06255,0
0.04646,0
0.04288,0
0.04015,0
0.03104,0
0.03496,0
0.00534,0
0.00655,0
0.00655,0
0.03066,0
0.02349,0
0.02554,0
0.02870,0
0.03602,0
0.03547,0
0.04455,0
0.04983,0
0.07967,0
0.05781,0
0.05482,0
0.05162,0
0.04514,0
0.04433,0
0.10169,0
0.07149,0
0.04119,0
0.03252,0
0.03233,0
0.03349,0
0.04093,0
0.00534,0
0.05884,1
0.07190,1
0.08014,1
0.09091,1
0.12694,1
0.16695,1
0.15311,1
0.14343,1
0.14078,1
0.15617,0
0.16441,0
0.07801,0
0.04876,0
0.04023,0
0.03756,0
0.03734,0
0.04008,0
0.04449,0
0.01461,0
0.01806,0
0.01505,0
0.01154,0
0.01686,0
0.03002,0
0.04661,0
0.03669,0
0.03885,0
0.04351,0
0.04983,0
0.19754,0
0.13004,0
0.09327,0
0.08965,0
0.08666,0
0.08591,0
0.08940,0
0.08949,0
0.00534,0
0.00655,0
0.00695,0
0.00586,0
0.01304,0
0.01568,0
0.01857,0
0.02367,0
0.02243,0
0.02481,0
0.11134,0
0.06419,0
0.05206,0
0.04664,0
0.04636,0
0.03732,0
0.04038,0
0.00534,0
0.00819,0
0.00905,0
0.00723,0
0.01290,0
0.01620,0
0.01909,0
0.00534,0
0.02007,1
0.03968,1
0.05045,1
0.04518,1
0.05211,1
0.07038,1
0.10340,1
0.10476,1
0.10409,1
0.12962,1
0.15222,1
0.16592,1
0.18804,1
0.14565,1
0.13984,1
0.12195,1
0.12266,1
0.11314,1
0.10109,1
0.10310,1
0.09852,0
0.08050,0
0.05316,0
0.04702,0
0.04328,0
0.03575,0
0.03409,0
0.03297,0
0.03327,0
0.03851,0
0.00534,0
0.00655,0
0.00741,0
0.00643,0
0.02567,0
0.03588,0
0.03824,0
0.05218,0
0.05890,0
0.00534,0
0.01218,0
0.01172,0
0.00884,0
0.01591,0
0.02528,0
0.02501,0
0.03303,0
0.04123,0
0.06551,0
0.05619,0
0.03771,0
0.04417,0
0.03425,0
0.03121,0
0.03214,0
0.03304,0
0.03553,0
0.04150,0
0.00534,0
0.00813,0
0.00854,0
0.00837,0
0.01586,0
0.02382,0
0.02391,0
0.02372,0
0.02576,0
0.02876,0
0.00534,0
0.00655,0
0.00841,0
0.00690,0
0.01254,0
0.01012,0
0.01693,0
0.00534,0
0.01218,0
0.01144,0
0.00996,0
0.02988,0
0.03861,0
0.04746,0
0.02819,0
0.02826,0
0.03003,0
0.12715,0
0.06149,0
0.05257,0
0.03881,0
0.03655,0
0.03336,0
0.03251,0
0.03429,0
0.03833,0
0.05382,0
0.05664,0
0.02210,0
0.03273,0
0.03192,0
0.02213,0
0.02035,0
0.02311,0
0.03091,0
0.03719,0
0.04084,0
0.03835,0
0.03464,0
0.03843,0
0.03379,0
0.03148,0
0.03108,0
0.03354,0
0.00534,0
0.00655,0
0.00695,0
0.00586,0
0.01358,0
0.03316,0
0.03516,0
0.03282,0
0.03264,0
0.03339,0
0.05595,0
0.02403,0
0.02678,0
0.03445,0
0.03274,0
0.02905,0
0.02689,0
0.02852,0
0.02887,0
0.03357,0
0.05793,0
0.02221,0
0.03566,0
0.03514,0
0.03596,0
0.03038,0
0.02496,0
0.02359,0
0.02403,0
0.02883,0
0.00534,0
0.00655,0
0.03974,0
0.05158,0
0.06424,0
0.07256,0
0.09812,0
0.10696,0
0.10354,0
0.07323,0
0.06228,0
0.07252,0
0.07814,0
0.07630,0
0.07188,0
0.06903,0
0.07171,0
0.02108,0
0.02254,0
0.05362,0
0.05495,0
0.04434,0
0.03744,0
0.04096,0
0.04466,0
0.04994,0
0.06211,0
0.03728,0
0.02542,0
0.01444,0
0.02105,0
0.02031,0
0.02152,0
0.02426,0
0.02108,0
0.04727,1
0.06250,1
0.06416,1
0.06290,1
0.06625,1
0.08320,1
0.13770,0
0.06163,0
0.05194,0
0.03712,0
0.03115,0
0.02898,0
0.03000,0
0.03220,0
0.03664,0
0.04783,0
0.00534,0
0.00655,0
0.00655,0
0.00686,0
0.01262,0
0.01586,0
0.01989,0
0.00534,0
0.01218,0
0.01144,0
0.02656,1
0.03427,1
0.03651,1
0.04253,1
0.06672,0
0.02497,0
0.03603,0
0.02543,0
0.02970,0
0.02874,0
0.03100,0
0.00534,0
0.01218,0
0.01272,0
0.03960,0
0.03385,0
0.02685,0
0.03082,0
0.03237,0
0.03993,0
0.05951,0
0.00534,0
0.00655,0
0.00741,0
0.00643,0
0.01242,0
0.01556,0
0.01865,0
0.08057,0
0.05724,0
0.03751,0
0.03681,0
0.03144,0
0.02781,0
0.02826,0
0.02918,0
0.03043,0
0.03585,0
0.03664,0
0.02784,0
0.01826,0
0.02643,0
0.03428,0
0.02572,0
0.02140,0
0.02054,0
0.02141,0
0.02678,0
0.00534,0
0.01218,0
0.01271,0
0.01139,0
0.03007,1
0.05326,1
0.06153,1
0.08098,1
0.11665,1
0.12644,1
0.05883,0
0.02466,0
0.03619,0
0.03782,0
0.03451,0
0.02757,0
0.02055,0
0.01989,0
0.02096,0
0.02640,0
0.05475,0
0.04803,0
0.03704,0
0.03916,0
0.03044,0
0.02828,0
0.02949,0
0.03089,0
0.03350,0
0.03959,0
0.00534,0
0.00813,0
0.00854,0
0.00837,0
0.01379,0
0.01047,0
0.01640,0
0.10696,0
0.06851,0
0.05347,0
0.04234,0
0.04137,0
0.03451,0
0.03430,0
0.03302,0
0.03321,0
0.03813,0
0.00534,0
0.01218,0
0.01424,0
0.03331,0
0.02894,0
0.03234,0
0.03297,0
0.04104,0
0.05552,0
0.07207,0
0.05664,0
0.02351,0
0.03078,0
0.03795,0
0.04191,0
0.03342,0
0.03000,0
0.02808,0
0.02764,0
0.03530,0
0.00534,0
0.01218,0
0.01185,0
0.00910,0
0.01451,0
0.02114,0
0.02839,0
0.02481,0
0.02612,0
0.02873,0
0.03728,0
0.02900,0
0.01583,0
0.02334,0
0.02432,0
0.02781,0
0.03084,0
0.00534,0
0.00813,0
0.05653,0
0.03783,0
0.03498,0
0.02749,0
0.03428,0
0.04023,0
0.04600,0
0.05735,0
0.00534,0
0.03686,1
0.05383,1
0.05878,1
0.05159,1
0.05802,1
0.06002,1
0.08897,1
0.10503,1
0.03091,0
0.05254,0
0.04428,0
0.03404,0
0.03176,0
0.02672,0
0.02753,0
0.02582,0
0.02654,0
0.02936,0
0.10169,0
0.05868,0
0.02942,0
0.02640,0
0.02577,0
0.02642,0
0.03503,0
0.00534,0
0.03774,1
0.05078,1
0.05717,1
0.06402,1
0.08196,1
0.08788,1
0.08912,1
0.08707,1
0.01461,0
0.01403,0
0.01286,0
0.01047,0
0.01566,0
0.01189,0
0.01756,0
0.00534,0
0.00819,0
0.00874,0
0.00750,0
0.01310,0
0.00944,0
0.01236,0
0.00534,0
0.00655,0
0.02759,1
0.02711,1
0.03764,1
0.02531,1
0.04246,1
0.02108,0
0.02254,0
0.05550,0
0.04444,0
0.04156,0
0.04148,0
0.03890,0
0.00534,0
0.00655,0
0.00841,0
0.00806,0
0.01558,0
0.02290,0
0.02287,0
0.03040,0
0.03177,0
0.03453,0
0.04392,0
0.03064,0
0.02884,0
0.02421,0
0.02566,0
0.02756,0
0.01461,0
0.01806,0
0.01630,0
0.04000,0
0.02925,0
0.02913,0
0.03209,0
0.03871,0
0.03765,0
0.04638,0
0.09852,0
0.06855,0
0.07585,0
0.06326,0
0.04993,0
0.04689,0
0.04597,0
0.04565,0
0.05158,0
0.00534,0
0.00655,0
0.00841,0
0.00690,0
0.01229,0
0.02246,0
0.02299,0
0.02283,0
0.02421,0
0.02520,0
0.00534,0
0.00819,0
0.00888,0
0.04686,1
0.05775,1
0.07739,1
0.07507,1
0.07771,1
0.08197,1
0.00534,0
0.00655,0
0.00741,0
0.00643,0
0.01205,0
0.01533,0
0.01693,0
0.01736,0
0.01734,0
0.02276,0
0.10169,0
0.06179,0
0.03872,0
0.03315,0
0.03091,0
0.03163,0
0.03929,0
0.04983,0
0.03485,0
0.02014,0
0.03013,0
0.03450,0
0.02906,0
0.02694,0
0.02439,0
0.02778,0
0.02993,0
0.05793,0
0.02531,0
0.03417,0
0.04218,0
0.04069,0
0.03627,0
0.03210,0
0.02887,0
0.02891,0
0.03652,0
0.00534,0
0.00819,0
0.00980,0
0.00784,0
0.01424,0
0.02324,0
0.03776,0
0.04836,0
0.06538,0
0.08328,0
0.04983,0
0.03348,0
0.01912,0
0.02511,0
0.02295,0
0.02399,0
0.02668,0
0.12715,0
0.05980,0
0.05193,0
0.03816,0
0.03610,0
0.03317,0
0.03248,0
0.03336,0
0.03756,0
0.05322,0
0.03664,0
0.03013,0
0.01800,0
0.02311,0
0.02554,0
0.02561,0
0.02758,0
0.00534,0
0.00655,0
0.00626,0
0.00590,0
0.00895,0
0.01425,0
0.01805,0
0.01931,0
0.01948,0
0.02497,0
0.03091,0
0.04705,0
0.04473,0
0.08591,0
0.07284,0
0.05853,0
0.04921,0
0.04447,0
0.04248,0
0.04390,0
0.00534,0
0.00819,0
0.00916,0
0.00763,0
0.01312,0
0.02213,0
0.03460,0
0.03645,0
0.03765,0
0.00534,0
0.00819,0
0.00905,0
0.00815,0
0.02712,0
0.04119,0
0.04679,0
0.03127,0
0.03288,0
0.03795,0
0.00534,0
0.00819,0
0.00905,0
0.00815,0
0.01076,0
0.01649,0
0.01958,0
0.02216,0
0.02131,0
0.02430,0
0.05364,0
0.02356,0
0.03406,0
0.03204,0
0.02838,0
0.02480,0
0.02588,0
0.02108,0
0.01501,0
0.01598,0
0.01384,0
0.01593,0
0.02168,0
0.02652,0
0.02825,0
0.02688,0
0.03099,0
0.03091,0
0.04047,0
0.02930,0
0.02677,0
0.02222,0
0.02398,0
0.02805,0
0.00534,0
0.01218,0
0.01271,0
0.01011,0
0.01506,0
0.02404,0
0.02425,0
0.02508,0
0.02674,0
0.10696,1
0.06017,1
0.03978,1
0.03331,1
0.04672,1
0.05367,1
0.07096,1
0.07317,1
0.07850,1
0.00534,0
0.00813,0
0.01025,0
0.03328,0
0.02791,0
0.03243,0
0.03262,0
0.04377,0
0.06218,0
0.01461,0
0.01250,0
0.00973,0
0.02537,1
0.03286,1
0.03842,1
0.03646,1
0.03557,1
0.04383,1
0.04486,1
0.00534,0
0.01218,0
0.01160,0
0.01017,0
0.01520,0
0.01292,0
0.02018,0
0.05595,0
0.02262,0
0.03214,0
0.03543,0
0.05691,0
0.03747,0
0.02903,0
0.02710,0
0.02810,0
0.03758,0
0.11984,0
0.08642,0
0.04824,0
0.04206,0
0.03021,0
0.02722,0
0.02627,0
0.02608,0
0.02956,0
0.03867,0
0.02108,0
0.01501,0
0.06577,0
0.05040,0
0.04178,0
0.04216,0
0.03907,0
0.03895,0
0.04585,0
0.06445,0
0.12375,0
0.12201,0
0.10244,0
0.09895,0
0.10169,0
0.10519,0
0.10374,0
0.07548,0
0.07076,0
0.07583,0
0.10696,0
0.07598,0
0.04418,0
0.03593,0
0.02687,0
0.02668,0
0.02810,0
0.03183,0
0.03877,0
0.00534,0
0.00655,0
0.00638,0
0.00549,0
0.01167,0
0.01205,0
0.01194,0
0.01461,0
0.04326,0
0.04510,0
0.05514,0
0.05752,0
0.05015,0
0.05724,0
0.01461,0
0.01250,0
0.00999,0
0.00804,0
0.02691,0
0.03423,0
0.03345,0
0.03245,0
0.03253,0
0.03777,0
0.00534,0
0.00655,0
0.00618,0
0.00583,0
0.01165,0
0.02021,0
0.02019,0
0.02085,0
0.02053,0
0.02412,0
0.06672,0
0.02497,0
0.03719,0
0.03983,0
0.03373,0
0.02865,0
0.02299,0
0.02157,0
0.02216,0
0.02708,0
0.00534,0
0.01218,0
0.01172,0
0.04038,0
0.05609,0
0.06361,0
0.06494,0
0.07985,0
0.08386,0
0.11361,0
0.08488,0
0.04827,0
0.03792,0
0.03644,0
0.03701,0
0.04320,0
0.01461,0
0.01250,0
0.00985,0
0.00936,0
0.01470,0
0.01179,0
0.01421,0
0.00534,0
0.00819,0
0.01135,0
0.00884,0
0.01437,0
0.01657,0
0.01962,0
0.00534,0
0.01218,0
0.01185,0
0.00910,0
0.01969,0
0.01515,0
0.01784,0
0.01461,0
0.01806,0
0.01505,0
0.01154,0
0.01863,0
0.02833,0
0.03419,0
0.02913,0
0.03706,0
0.04908,0
0.00534,0
0.00655,0
0.00695,0
0.00705,0
0.01295,0
0.02247,0
0.02355,0
0.02364,0
0.03319,0
0.04414,0
0.03728,0
0.02818,0
0.01519,0
0.03136,0
0.03569,0
0.02368,0
0.01881,0
0.01891,0
0.02167,0
0.02956,0
0.03091,0
0.04124,0
0.04306,0
0.04228,0
0.03728,0
0.03759,0
0.03474,0
0.03270,0
0.03230,0
0.03541,0
0.00534,0
0.07514,0
0.06112,0
0.05028,0
0.04393,0
0.03733,0
0.04061,0
0.04322,0
0.04872,0
0.05792,0
0.00534,0
0.00655,0
0.00626,0
0.00590,0
0.01201,0
0.00834,0
0.01594,0
0.10169,0
0.04473,0
0.02639,0
0.02360,0
0.02728,0
0.02970,0
0.03754,0
0.02108,0
0.01501,0
0.01256,0
0.00978,0
0.01480,0
0.01257,0
0.01867,0
0.00534,0
0.00819,0
0.00905,0
0.00815,0
0.01360,0
0.01150,0
0.01465,0
0.03091,0
0.04705,0
0.04757,0
0.04309,0
0.04035,0
0.04039,0
0.03786,0
0.03562,0
0.03592,0
0.03892,0
0.00534,0
0.00655,0
0.00618,0
0.00583,0
0.01376,0
0.02506,0
0.03218,0
0.02706,0
0.02941,0
0.03088,0
0.01461,0
0.01250,0
0.05928,0
0.05164,0
0.04131,0
0.04472,0
0.04490,0
0.04505,0
0.05533,0
0.02108,0
0.08024,1
0.09230,1
0.08683,1
0.07170,1
0.07432,1
0.08566,1
0.08389,1
0.08680,1
0.00534,0
0.00813,0
0.00815,0
0.00823,0
0.01499,0
0.02052,0
0.03613,0
0.03697,0
0.03851,0
0.00534,0
0.00813,0
0.00854,0
0.00837,0
0.01202,0
0.01914,0
0.01991,0
0.02221,0
0.02171,0
0.02699,0
0.00534,0
0.07134,0
0.10121,0
0.11775,0
0.09679,0
0.08009,0
0.07424,0
0.07113,0
0.07423,0
0.08235,0
0.00534,0
0.01218,0
0.01172,0
0.02935,0
0.03966,0
0.03819,0
0.04839,0
0.04443,0
0.03621,0
0.03916,0
0.01461,0
0.01806,0
0.06539,0
0.04775,0
0.04061,0
0.03043,0
0.03509,0
0.04187,0
0.04864,0
0.05808,0
0.00534,0
0.00819,0
0.00905,0
0.00815,0
0.01158,0
0.01910,0
0.02238,0
0.02195,0
0.02152,0
0.02443,0
0.02108,0
0.02254,0
0.01901,0
0.01558,0
0.02169,0
0.04040,0
0.03834,0
0.03543,0
0.03371,0
0.03563,0
0.47913,1
0.49221,1
0.33245,1
0.24319,1
0.19962,1
0.17048,1
0.15163,1
0.15158,1
0.15025,1
0.00534,0
0.00655,0
0.03919,0
0.03956,0
0.03060,0
0.03291,0
0.03126,0
0.03075,0
0.03333,0
0.05215,0
0.02108,0
0.01501,0
0.05296,0
0.05214,0
0.03389,0
0.03312,0
0.03375,0
0.03686,0
0.03798,0
0.05879,0
0.10169,0
0.06644,0
0.03754,0
0.03262,0
0.03084,0
0.03223,0
0.03994,0
0.00534,0
0.00655,0
0.03729,0
0.03143,0
0.03320,0
0.03133,0
0.03330,0
0.03091,0
0.04047,0
0.04624,0
0.03062,0
0.02476,0
0.02563,0
0.02825,0
0.00534,0
0.00655,0
0.00655,0
0.02624,0
0.02420,0
0.02763,0
0.02729,0
0.02943,0
0.04135,0
0.05908,0
0.00534,0
0.01218,0
0.01272,0
0.01072,0
0.01562,0
0.01210,0
0.01476,0
0.05664,0
0.02351,0
0.02665,0
0.03647,0
0.04308,0
0.04371,0
0.05922,0
0.05612,0
0.05542,0
0.15617,0
0.16441,0
0.08144,0
0.05339,0
0.04458,0
0.04066,0
0.04013,0
0.04197,0
0.04759,0
0.00534,0
0.00655,0
0.00695,0
0.00705,0
0.02620,0
0.02505,0
0.03147,0
0.04043,0
0.05467,0
0.06031,0
0.03453,0
0.05017,0
0.06027,0
0.05432,0
0.04955,0
0.04458,0
0.03919,0
0.03733,0
0.03710,0
0.03977,0
0.02108,0
0.02254,0
0.01907,0
0.01545,0
0.02690,0
0.03823,0
0.03855,0
0.03750,0
0.03720,0
0.04665,0
0.00534,0
0.00655,0
0.00695,0
0.00586,0
0.01358,0
0.01837,0
0.02163,0
0.02520,0
0.02707,0
0.00534,0
0.00655,0
0.05844,0
0.03798,0
0.03419,0
0.02780,0
0.03420,0
0.04099,0
0.04772,0
0.05519,0
0.00534,0
0.00655,0
0.00841,0
0.00806,0
0.01490,0
0.01741,0
0.01767,0
0.01874,0
0.01894,0
0.02415,0
0.13770,0
0.06371,0
0.04828,0
0.03316,0
0.02914,0
0.02755,0
0.02735,0
0.02974,0
0.03455,0
0.05052,0
0.10079,0
0.06627,0
0.07526,0
0.04495,0
0.03760,0
0.02972,0
0.02954,0
0.02980,0
0.03086,0
0.03658,0
0.00534,0
0.01004,1
0.01008,1
0.05083,1
0.05109,1
0.04235,1
0.04359,1
0.00534,0
0.00655,0
0.00638,0
0.00549,0
0.01167,0
0.00860,0
0.01476,0
0.00534,0
0.00655,0
0.00638,0
0.06317,0
0.05136,0
0.04144,0
0.04404,0
0.04694,0
0.05295,0
0.08806,0
0.02108,0
0.01501,0
0.01218,0
0.01007,0
0.01509,0
0.01353,0
0.01744,0
0.09852,0
0.07681,0
0.07725,0
0.04424,0
0.03979,0
0.03281,0
0.03182,0
0.03179,0
0.03257,0
0.03805,0
0.03728,0
0.03222,0
0.01834,0
0.05974,1
0.07538,1
0.13503,1
0.13777,1
0.12651,1
0.11987,1
0.11545,1
0.05664,0
0.02351,0
0.03137,0
0.04434,0
0.06272,0
0.04738,0
0.03866,0
0.03840,0
0.03835,0
0.04604,0
0.00534,0
0.00655,0
0.00638,0
0.00640,0
0.02323,0
0.01980,0
0.02731,0
0.02858,0
0.06508,0
0.09254,0
0.00534,0
0.01218,0
0.01185,0
0.01013,0
0.01358,0
0.01748,0
0.02252,0
0.02297,0
0.02334,0
0.02895,0
0.00534,0
0.01218,0
0.01271,0
0.01139,0
0.01579,0
0.01241,0
0.01992,0
0.00534,0
0.00655,0
0.00741,0
0.00643,0
0.01350,0
0.02498,0
0.04347,0
0.05360,0
0.05887,0
0.05770,0
0.11984,0
0.08557,0
0.04850,0
0.04039,0
0.03343,0
0.03438,0
0.03305,0
0.03260,0
0.03602,0
0.04482,0
0.00534,0
0.03649,0
0.03462,0
0.04702,0
0.04982,0
0.04413,0
0.04811,0
0.00534,0
0.00655,0
0.00626,0
0.02644,0
0.02179,0
0.02589,0
0.02526,0
0.02768,0
0.04045,0
0.05866,0
0.01461,0
0.01250,0
0.01065,0
0.02842,0
0.03741,0
0.03721,0
0.04369,0
0.04384,0
0.03726,0
0.04292,0
0.00534,0
0.00819,0
0.01002,0
0.00814,0
0.03286,0
0.04547,0
0.05140,0
0.05915,0
0.07209,0
0.07596,0
0.03091,0
0.04047,0
0.03239,0
0.02743,0
0.02416,0
0.02528,0
0.02963,0
0.05364,0
0.02196,0
0.03332,0
0.02352,0
0.02713,0
0.02597,0
0.02915,0
0.05282,1
0.07031,1
0.07360,1
0.07622,1
0.08435,1
0.07531,1
0.09020,1
0.09541,1
0.10542,1
0.12065,1
0.12967,1
0.03453,0
0.05648,0
0.04119,0
0.03630,0
0.03101,0
0.02522,0
0.02710,0
0.02558,0
0.02576,0
0.02827,0
0.00534,0
0.00655,0
0.00655,0
0.00594,0
0.01196,0
0.01524,0
0.01835,0
0.02108,0
0.01501,0
0.01256,0
0.00978,0
0.01480,0
0.01257,0
0.01867,0
0.00534,0
0.05884,0
0.03666,0
0.04282,0
0.03276,0
0.03101,0
0.03525,0
0.03962,0
0.04572,0
0.05422,0
0.00534,0
0.01218,0
0.01424,0
0.01121,0
0.02993,0
0.03780,0
0.04112,0
0.07093,0
0.09778,0
0.11438,0
0.03453,0
0.05017,0
0.05621,0
0.06425,0
0.05104,0
0.03745,0
0.03380,0
0.03127,0
0.03169,0
0.00534,0
0.01961,1
0.03946,1
0.05358,1
0.06799,1
0.08675,1
0.11151,1
0.10494,1
0.09115,1
0.08640,1
0.11391,1
0.03453,0
0.05182,0
0.03939,0
0.03572,0
0.03110,0
0.03107,0
0.04408,0
0.00534,0
0.00655,0
0.00626,0
0.00590,0
0.01201,0
0.00834,0
0.01456,0
0.03728,0
0.02818,0
0.01519,0
0.02239,0
0.03055,0
0.02546,0
0.02352,0
0.02167,0
0.02715,0
0.02929,0
0.04869,1
0.09083,1
0.11954,1
0.05793,0
0.02221,0
0.03468,0
0.02366,0
0.02106,0
0.02151,0
0.02547,0
0.03728,0
0.02818,0
0.01519,0
0.02548,0
0.03498,0
0.02912,0
0.03084,0
0.02750,0
0.03227,0
0.03309,0
0.12044,0
0.06368,0
0.07384,0
0.05358,0
0.04585,0
0.04221,0
0.04340,0
0.02108,0
0.05075,0
0.03771,0
0.04798,0
0.05353,0
0.04655,0
0.05012,0
0.00534,0
0.00655,0
0.00741,0
0.00734,0
0.01304,0
0.00945,0
0.01544,0
0.00534,0
0.00813,0
0.00827,0
0.02450,0
0.02450,0
0.02714,0
0.02998,0
0.04289,0
0.07602,0
0.10485,0
0.00534,0
0.00655,0
0.00626,0
0.00590,0
0.01364,0
0.02321,0
0.02382,0
0.02644,0
0.02677,0
0.02823,0
0.03453,0
0.04392,0
0.04816,0
0.03781,0
0.02976,0
0.02980,0
0.03184,0
0.02108,0
0.01501,0
0.01204,0
0.05634,0
0.04690,0
0.03529,0
0.03689,0
0.03996,0
0.04392,0
0.05881,0
0.05883,0
0.02466,0
0.03205,0
0.04032,0
0.04750,0
0.04171,0
0.03576,0
0.03417,0
0.03412,0
0.10169,1
0.04153,1
0.02554,1
0.02282,1
0.04307,1
0.05271,1
0.05891,1
0.00534,0
0.00813,0
0.01025,0
0.00964,0
0.01490,0
0.01142,0
0.01803,0
0.00534,0
0.04490,0
0.03602,0
0.04756,0
0.05340,0
0.04659,0
0.05002,0
0.32144,1
0.25956,1
0.21315,1
0.18093,1
0.16214,1
0.14905,1
0.15352,1
0.02538,1
0.03387,1
0.07832,1
0.05137,1
0.05014,1
0.05114,1
0.04707,1
0.04476,1
0.04291,1
0.05033,1
0.08057,0
0.05830,0
0.03596,0
0.03435,0
0.02965,0
0.03012,0
0.02986,0
0.03070,0
0.03196,0
0.03758,0
0.01461,0
0.01393,0
0.01224,0
0.01009,0
0.02906,0
0.03851,0
0.04023,0
0.05451,0
0.06134,0
0.01461,0
0.01250,0
0.01065,0
0.00855,0
0.01496,0
0.02236,0
0.03485,0
0.02880,0
0.02854,0
0.03064,0
0.00534,0
0.00655,0
0.00638,0
0.00640,0
0.01217,0
0.01572,0
0.01701,0
0.01709,0
0.01743,0
0.02364,0
0.00534,0
0.00819,0
0.05551,0
0.03336,0
0.03639,0
0.03763,0
0.03416,0
0.03765,0
0.03452,0
0.04352,0
0.00534,0
0.01218,0
0.01172,0
0.00884,0
0.02864,0
0.04174,0
0.04836,0
0.03117,0
0.02847,0
0.03439,0
0.05664,0
0.02210,0
0.03262,0
0.03546,0
0.03273,0
0.02610,0
0.02117,0
0.02012,0
0.02092,0
0.02601,0
0.02108,0
0.01501,0
0.01218,0
0.01101,0
0.01573,0
0.01468,0
0.01712,0
0.00534,0
0.00655,0
0.00695,0
0.00586,0
0.01655,0
0.01214,0
0.01914,0
0.05475,1
0.07802,1
0.12421,1
0.11826,1
0.10292,1
0.08179,1
0.08090,1
0.07655,1
0.07441,1
0.07865,1
0.19062,0
0.16594,0
0.15202,0
0.14207,0
0.13013,0
0.12132,0
0.11577,0
0.11791,0
0.11960,0
0.12614,0
0.05364,0
0.02356,0
0.03596,0
0.03791,0
0.03479,0
0.02873,0
0.02324,0
0.02345,0
0.02387,0
0.03239,0
0.01461,0
0.06456,0
0.04993,0
0.03971,0
0.03747,0
0.04460,0
0.05072,0
0.05617,0
0.06336,0
0.00534,0
0.00655,0
0.00741,0
0.00734,0
0.01429,0
0.02094,0
0.02458,0
0.02442,0
0.02498,0
0.02864,0
0.06657,1
0.03054,1
0.04062,1
0.04186,1
0.03704,1
0.03177,1
0.02599,1
0.02420,1
0.02406,1
0.02857,1
0.05664,0
0.02351,0
0.03368,0
0.02632,0
0.02636,0
0.02507,0
0.02801,0
0.00534,0
0.00655,0
0.00626,0
0.00681,0
0.01265,0
0.00899,0
0.01511,0
0.01461,0
0.01393,0
0.01224,0
0.01009,0
0.01536,0
0.01118,0
0.01827,0
0.01461,0
0.01250,0
0.01012,0
0.00849,0
0.01400,0
0.01069,0
0.01649,0
0.00534,0
0.00655,0
0.00638,0
0.00640,0
0.01232,0
0.00894,0
0.01201,0
0.00534,0
0.01218,0
0.01424,0
0.01121,0
0.01566,0
0.02020,0
0.01991,0
0.00534,0
0.01218,0
0.01272,0
0.00965,0
0.01231,0
0.01930,0
0.03008,1
0.04288,1
0.05687,1
0.08291,1
0.10899,1
0.11045,1
0.03453,0
0.04392,0
0.03046,0
0.02589,0
0.02102,0
0.02269,0
0.04576,0
0.00534,0
0.01218,0
0.01272,0
0.00965,0
0.01502,0
0.01117,0
0.01683,0
0.03728,0
0.03222,0
0.01834,0
0.02390,0
0.03433,0
0.02852,0
0.02872,0
0.00534,0
0.01218,0
0.01172,0
0.00985,0
0.01489,0
0.01831,0
0.01787,0
0.00534,0
0.00655,0
0.05538,0
0.04211,0
0.03681,0
0.02794,0
0.03516,0
0.04081,0
0.04679,0
0.07495,0
0.05883,0
0.02466,0
0.03474,0
0.02323,0
0.01837,0
0.01866,0
0.02276,0
0.00534,0
0.00655,0
0.00655,0
0.00594,0
0.01196,0
0.00855,0
0.01599,0
0.05595,0
0.02262,0
0.02688,0
0.04540,0
0.07250,0
0.06603,0
0.06099,0
0.05740,0
0.05575,0
0.03664,0
0.02798,0
0.01726,0
0.02812,0
0.03466,0
0.02910,0
0.02732,0
0.02511,0
0.03475,0
0.04540,0
0.16701,1
0.10443,1
0.08397,1
0.08570,1
0.07532,1
0.06774,1
0.06745,1
0.00534,0
0.07134,0
0.10774,0
0.13228,0
0.11508,0
0.11401,0
0.10588,0
0.10045,0
0.09981,0
0.10399,0
0.00534,0
0.03774,1
0.05465,1
0.04525,1
0.05006,1
0.05359,1
0.06435,1
0.00534,0
0.00655,0
0.00626,0
0.02771,1
0.03920,1
0.04685,1
0.05515,1
0.10027,1
0.11070,1
0.02108,0
0.02254,0
0.01901,0
0.01430,0
0.03146,0
0.02832,0
0.03593,0
0.03684,0
0.04829,0
0.06460,0
0.03091,0
0.03588,0
0.04346,0
0.03703,0
0.03278,0
0.02673,0
0.02830,0
0.02790,0
0.02834,0
0.03166,0
0.00534,0
0.00655,0
0.05483,0
0.04425,0
0.04085,0
0.04558,0
0.04307,0
0.04422,0
0.04904,0
0.07124,0
0.03091,0
0.03452,0
0.04499,0
0.03604,0
0.03158,0
0.02383,0
0.02298,0
0.02276,0
0.02426,0
0.02833,0
0.02108,0
0.02254,0
0.01848,0
0.01400,0
0.01815,0
0.01530,0
0.02074,0
0.10696,0
0.06017,0
0.03978,0
0.03331,0
0.02712,0
0.02889,0
0.03049,0
0.03329,0
0.04081,0
0.11984,0
0.08642,0
0.05830,0
0.05029,0
0.03861,0
0.03455,0
0.03287,0
0.03254,0
0.03644,0
0.04505,0
0.00534,0
0.01218,0
0.06774,0
0.06540,0
0.05956,0
0.06179,0
0.05959,0
0.05802,0
0.05949,0
0.07509,0
0.01461,0
0.01250,0
0.00973,0
0.00929,0
0.01677,0
0.02694,0
0.03376,0
0.02937,0
0.03059,0
0.03134,0
0.10696,0
0.10354,0
0.07323,0
0.06228,0
0.05799,0
0.05021,0
0.04741,0
0.04498,0
0.04478,0
0.04913,0
0.00534,0
0.00655,0
0.00841,0
0.02733,0
0.02510,0
0.03061,0
0.03022,0
0.04011,0
0.07152,0
0.10787,0
0.02108,0
0.01501,0
0.01346,0
0.01067,0
0.02103,0
0.02339,0
0.02186,0
0.00534,0
0.01218,0
0.01424,0
0.01234,0
0.01659,0
0.01312,0
0.01607,0
0.10696,0
0.07386,0
0.04925,0
0.03714,0
0.03575,0
0.02925,0
0.02993,0
0.02957,0
0.03088,0
0.03642,0
0.05763,0
0.02341,0
0.03416,0
0.03216,0
0.02624,0
0.02741,0
0.02793,0
0.01461,0
0.01250,0
0.04649,0
0.04932,0
0.03078,0
0.02683,0
0.02849,0
0.03198,0
0.03536,0
0.05475,0
0.00534,0
0.01218,0
0.01270,0
0.00976,0
0.01504,0
0.01818,0
0.02181,0
0.10169,0
0.07149,0
0.03889,0
0.03420,0
0.03227,0
0.03353,0
0.04120,0
0.09852,0
0.08050,0
0.05316,0
0.03939,0
0.03991,0
0.02976,0
0.02857,0
0.02889,0
0.03126,0
0.03602,0
0.00534,0
0.00655,0
0.03957,0
0.04235,0
0.03517,0
0.02961,0
0.03273,0
0.03778,0
0.04415,0
0.06061,0
0.03664,0
0.07546,0
0.07343,0
0.05656,0
0.05788,0
0.04173,0
0.04806,0
0.00534,0
0.00655,0
0.04145,0
0.05116,0
0.06229,0
0.06992,0
0.09042,0
0.11984,0
0.08557,0
0.04850,0
0.04039,0
0.03343,0
0.03094,0
0.02959,0
0.03158,0
0.03518,0
0.04492,0
0.00534,0
0.01218,0
0.01160,0
0.01017,0
0.01520,0
0.01766,0
0.02005,0
0.00534,0
0.00655,0
0.04261,0
0.04692,0
0.02870,0
0.02775,0
0.03243,0
0.03568,0
0.03950,0
0.05701,0
0.00534,0
0.00813,0
0.01025,0
0.00964,0
0.01490,0
0.01235,0
0.01846,0
0.03728,0
0.02542,0
0.01504,0
0.02286,0
0.03032,0
0.02694,0
0.02558,0
0.02398,0
0.02831,0
0.03155,0
0.00534,0
0.00655,0
0.00655,0
0.00686,0
0.01262,0
0.01589,0
0.01709,0
0.01727,0
0.01773,0
0.02324,0
0.01461,0
0.01250,0
0.01213,0
0.01074,0
0.01561,0
0.01932,0
0.02305,0
0.00534,0
0.01218,0
0.01185,0
0.01013,0
0.01761,0
0.02440,0
0.03519,0
0.03705,0
0.03888,0
0.04779,0
0.00534,0
0.00819,0
0.00888,0
0.00850,0
0.01396,0
0.01012,0
0.01301,0
0.05574,0
0.02456,0
0.03181,0
0.03870,0
0.06811,0
0.04806,0
0.03706,0
0.03365,0
0.03365,0
0.04212,0
0.00534,0
0.00655,0
0.00618,0
0.00674,0
0.01713,0
0.01884,0
0.02616,0
0.02927,0
0.06364,0
0.10124,0
0.01461,0
0.06355,0
0.04461,0
0.04510,0
0.03325,0
0.03254,0
0.03662,0
0.03930,0
0.04479,0
0.05579,0
0.20592,0
0.17404,0
0.14804,0
0.14784,0
0.13592,0
0.12412,0
0.12001,0
0.12171,0
0.12100,0
0.13856,0
0.00534,0
0.00813,0
0.04287,0
0.05092,0
0.06219,0
0.06997,0
0.12037,0
0.00534,0
0.01218,0
0.01272,0
0.01072,0
0.01746,0
0.02347,0
0.02621,0
0.02599,0
0.02960,0
0.03124,0
0.06551,0
0.05222,0
0.03439,0
0.03861,0
0.03153,0
0.03140,0
0.03210,0
0.03313,0
0.03561,0
0.04081,0
0.00534,0
0.00655,0
0.00638,0
0.02555,0
0.03596,0
0.03480,0
0.04728,0
0.04635,0
0.03377,0
0.03627,0
0.03728,0
0.03222,0
0.01834,0
0.02940,0
0.04435,0
0.03931,0
0.03658,0
0.03290,0
0.03366,0
0.03639,0
0.00534,0
0.00655,0
0.00626,0
0.00590,0
0.02580,0
0.03429,0
0.03438,0
0.03415,0
0.03352,0
0.04991,0
0.11014,0
0.06266,0
0.05561,0
0.04054,0
0.03396,0
0.03166,0
0.03140,0
0.03361,0
0.03837,0
0.05411,0
0.00534,0
0.00819,0
0.00888,0
0.00850,0
0.01396,0
0.02172,0
0.02256,0
0.02227,0
0.02411,0
0.02655,0
0.10169,0
0.04753,0
0.02922,0
0.03174,0
0.03321,0
0.03516,0
0.04242,0
0.00534,0
0.01218,0
0.01424,0
0.01234,0
0.01692,0
0.02520,0
0.02512,0
0.02703,0
0.02849,0
0.00534,0
0.00655,0
0.00695,0
0.00586,0
0.01167,0
0.02286,0
0.02676,0
0.02642,0
0.02650,0
0.02754,0
0.05883,1
0.02309,1
0.03391,1
0.02259,1
0.02312,1
0.02108,0
0.01501,0
0.01256,0
0.01074,0
0.01540,0
0.01356,0
0.01967,0
0.05364,0
0.02196,0
0.04213,0
0.03840,0
0.02735,0
0.02457,0
0.02688,0
0.08057,0
0.08570,1
0.08066,1
0.12007,1
0.11081,1
0.09065,1
0.08610,1
0.08273,1
0.08225,1
0.07886,1
0.07937,1
0.08278,1
0.00534,0
0.05884,0
0.03981,0
0.04248,0
0.03270,0
0.03130,0
0.03568,0
0.03979,0
0.04586,0
0.05666,0
0.00534,0
0.01218,0
0.01160,0
0.00902,0
0.01448,0
0.03222,0
0.03176,0
0.03095,0
0.03135,0
0.03254,0
0.00534,0
0.07533,0
0.07856,0
0.05544,0
0.04621,0
0.03623,0
0.03859,0
0.04074,0
0.04612,0
0.05491,0
0.00534,0
0.01218,0
0.01144,0
0.00886,0
0.02545,0
0.02438,0
0.03272,0
0.03877,0
0.04634,0
0.06188,0
0.09852,0
0.07572,0
0.07890,0
0.04437,0
0.04019,0
0.03301,0
0.03187,0
0.03176,0
0.03323,0
0.03857,0
0.03091,0
0.04047,0
0.04676,0
0.03007,0
0.02353,0
0.02416,0
0.02681,0
0.03453,0
0.04392,0
0.03065,0
0.02738,0
0.02273,0
0.02395,0
0.02950,0
0.00534,0
0.00819,0
0.00905,0
0.00815,0
0.01596,0
0.02238,0
0.02163,0
0.02324,0
0.02526,0
0.20633,0
0.10211,0
0.06742,0
0.05709,0
0.05197,0
0.04053,0
0.04170,0
0.03728,0
0.06640,0
0.04913,0
0.05972,0
0.05842,0
0.04183,0
0.03381,0
0.03054,0
0.03141,0
0.03833,0
0.03510,0
0.02657,0
0.01575,0
0.03135,0
0.03190,0
0.02326,0
0.02012,0
0.02038,0
0.02382,0
0.02856,0
0.03728,0
0.02818,0
0.01479,0
0.02186,0
0.03085,0
0.02926,0
0.02976,0
0.09852,0
0.07671,0
0.05373,0
0.04745,0
0.05469,0
0.04139,0
0.03844,0
0.03645,0
0.03690,0
0.04170,0
0.03091,0
0.05254,0
0.04428,0
0.03546,0
0.03039,0
0.02458,0
0.02600,0
0.02751,0
0.02857,0
0.03141,0
0.02108,0
0.01501,0
0.01254,0
0.01013,0
0.01570,0
0.02099,0
0.02102,0
0.02234,0
0.02144,0
0.02411,0
0.00534,0
0.00655,0
0.00638,0
0.00640,0
0.01232,0
0.00918,0
0.01229,0
0.01461,0
0.01250,0
0.01213,0
0.01074,0
0.01547,0
0.02553,0
0.02698,0
0.02743,0
0.03711,0
0.04430,0
0.10696,0
0.06045,0
0.08283,0
0.10501,0
0.09266,0
0.07390,0
0.06885,0
0.06481,0
0.06385,0
0.06716,0
0.00534,0
0.01218,0
0.01172,0
0.00884,0
0.01147,0
0.01700,0
0.02015,0
0.02280,0
0.02176,0
0.02689,0
0.01461,0
0.01250,0
0.00985,0
0.00844,0
0.01584,0
0.02401,0
0.02387,0
0.02226,0
0.02148,0
0.02455,0
0.11882,0
0.14811,0
0.06987,0
0.04299,0
0.03579,0
0.03290,0
0.03204,0
0.03486,0
0.04059,0
0.03091,0
0.04124,0
0.05465,0
0.08066,0
0.07214,0
0.05224,0
0.04351,0
0.04113,0
0.03943,0
0.04327,0
0.00534,0
0.00655,0
0.00638,0
0.00549,0
0.01167,0
0.00830,0
0.01142,0
0.00534,0
0.06315,1
0.04786,1
0.04433,1
0.04399,1
0.03694,1
0.04054,1
0.04474,1
0.05928,1
0.06815,1
0.00534,0
0.00655,0
0.00734,0
0.00638,0
0.01962,0
0.02387,0
0.03334,0
0.04131,0
0.03236,0
0.03558,0
0.05664,0
0.02351,0
0.03137,0
0.03449,0
0.05706,0
0.04328,0
0.03331,0
0.03068,0
0.03145,0
0.04052,0
0.02108,0
0.07947,0
0.06042,0
0.04959,0
0.04475,0
0.03501,0
0.03886,0
0.04334,0
0.04960,0
0.05838,0
0.00534,0
0.03686,1
0.04967,1
0.06423,1
0.08284,1
0.10101,1
0.10186,1
0.10251,1
0.09536,1
0.00534,0
0.16999,1
0.11120,1
0.10835,1
0.10511,1
0.09020,1
0.08835,1
0.08581,1
0.08558,1
0.10079,0
0.06614,0
0.05095,0
0.04062,0
0.03969,0
0.03340,0
0.03208,0
0.03138,0
0.03360,0
0.03837,0
0.00534,0
0.00655,0
0.00695,0
0.00705,0
0.01430,0
0.01440,0
0.02022,0
0.02068,0
0.02074,0
0.02575,0
0.13940,0
0.08675,0
0.05151,0
0.05456,0
0.03917,0
0.03834,0
0.03558,0
0.03701,0
0.03956,0
0.04688,0
0.00534,0
0.00655,0
0.04339,1
0.04619,1
0.02808,1
0.02741,1
0.03051,1
0.03360,1
0.03916,1
0.04393,1
0.00534,0
0.05349,0
0.03414,0
0.04109,0
0.03147,0
0.03012,0
0.03474,0
0.03817,0
0.04375,0
0.05965,0
0.00534,0
0.00655,0
0.00655,0
0.00594,0
0.01307,0
0.02332,0
0.03582,0
0.03811,0
0.03803,0
0.00534,0
0.01218,0
0.01172,0
0.00884,0
0.01433,0
0.02087,0
0.02960,0
0.02411,0
0.02687,0
0.02978,0
0.05595,0
0.02403,0
0.03481,0
0.02529,0
0.02686,0
0.02604,0
0.02885,0
0.01461,0
0.01250,0
0.00999,0
0.00804,0
0.01038,0
0.01749,0
0.02050,0
0.02203,0
0.02092,0
0.02599,0
0.00534,0
0.00819,0
0.00980,0
0.00902,0
0.01432,0
0.02352,0
0.02442,0
0.02376,0
0.02400,0
0.02597,0
0.01461,0
0.01806,0
0.01531,0
0.01259,0
0.01966,0
0.02709,0
0.02637,0
0.02587,0
0.02927,0
0.03090,0
0.01461,0
0.01806,0
0.01630,0
0.01401,0
0.01776,0
0.01472,0
0.01748,0
0.00534,0
0.00655,0
0.04262,0
0.03473,0
0.03654,0
0.02757,0
0.03506,0
0.05664,0
0.02351,0
0.03368,0
0.02365,0
0.01964,0
0.02207,0
0.02589,0
0.00534,0
0.08168,0
0.05595,0
0.04756,0
0.03721,0
0.04493,0
0.05149,0
0.05681,0
0.06390,0
0.00534,0
0.00655,0
0.00638,0
0.03204,0
0.03225,0
0.03055,0
0.03403,0
0.03876,0
0.04384,0
0.06115,0
0.03453,0
0.05017,0
0.04536,0
0.04100,0
0.03572,0
0.03944,0
0.04614,0
0.04725,0
0.04701,0
0.04800,0
0.10696,0
0.07386,0
0.04925,0
0.03714,0
0.03873,0
0.02934,0
0.02872,0
0.02830,0
0.02877,0
0.03440,0
0.04983,1
0.03348,1
0.01983,1
0.03066,1
0.03724,1
0.03077,1
0.02901,1
0.05898,1
0.07111,1
0.00534,0
0.00655,0
0.00741,0
0.00643,0
0.01242,0
0.01255,0
0.01635,0
0.00534,0
0.01218,0
0.01271,0
0.01011,0
0.02110,0
0.02175,0
0.03455,0
0.04355,0
0.03488,0
0.03859,0
0.01461,0
0.01806,0
0.01520,0
0.10789,1
0.09336,1
0.07593,1
0.11620,1
0.12185,1
0.12753,1
0.14720,1
0.10169,0
0.04153,0
0.02554,0
0.02282,0
0.02451,0
0.02761,0
0.03653,0
0.00534,0
0.03779,0
0.04245,0
0.05087,0
0.05361,0
0.04808,0
0.05125,0
0.00534,0
0.01218,0
0.01160,0
0.01017,0
0.01520,0
0.01231,0
0.01892,0
0.00534,0
0.01218,0
0.01172,0
0.00884,0
0.01428,0
0.01098,0
0.01375,0
0.04983,0
0.03538,0
0.01920,0
0.03003,0
0.03923,0
0.05427,0
0.07338,0
0.06956,0
0.07729,0
0.08018,0
0.03091,0
0.03719,0
0.05149,0
0.06306,0
0.04806,0
0.03425,0
0.03216,0
0.02980,0
0.03033,0
0.00534,0
0.00655,0
0.00655,0
0.00594,0
0.01196,0
0.00855,0
0.01599,0
0.00534,0
0.01218,0
0.01172,0
0.00985,0
0.01541,0
0.01868,0
0.01794,0
0.01837,0
0.01840,0
0.02388,0
0.03728,0
0.02900,0
0.01669,0
0.02590,0
0.03461,0
0.02915,0
0.02666,0
0.02554,0
0.02854,0
0.03092,0
0.02108,0
0.01769,0
0.06554,0
0.05329,0
0.04057,0
0.05205,0
0.04829,0
0.04829,0
0.04981,0
0.06724,0
0.09357,0
0.16955,0
0.14014,0
0.07604,0
0.06760,0
0.05961,0
0.05457,0
0.05350,0
0.05533,0
0.06476,0
0.05664,0
0.02351,0
0.03137,0
0.04207,0
0.03923,0
0.03573,0
0.03432,0
0.03148,0
0.03153,0
0.07105,1
0.08794,1
0.09591,1
0.03091,0
0.04705,0
0.04659,0
0.08048,0
0.08066,0
0.09051,0
0.08266,0
0.07645,0
0.07282,0
0.13197,0
0.10972,0
0.09964,0
0.09598,0
0.09982,0
0.10372,0
0.15152,0
0.03091,0
0.03719,0
0.04084,0
0.04385,0
0.03927,0
0.03369,0
0.03067,0
0.02877,0
0.02863,0
0.03298,0
0.03091,0
0.04047,0
0.02889,0
0.01975,0
0.01863,0
0.02028,0
0.02357,0
0.10696,0
0.06017,0
0.03978,0
0.03331,0
0.03200,0
0.03312,0
0.03491,0
0.03878,0
0.04608,0
0.00534,0
0.01218,0
0.01424,0
0.01121,0
0.01692,0
0.01937,0
0.02133,0
0.02156,0
0.02092,0
0.02346,0
0.00534,0
0.08168,0
0.05595,0
0.04575,0
0.03857,0
0.04569,0
0.05040,0
0.05709,0
0.06478,0
0.05883,0
0.02309,0
0.03172,0
0.04249,0
0.03845,0
0.03934,0
0.03264,0
0.02975,0
0.02994,0
0.03774,0
0.03728,0
0.02818,0
0.01519,0
0.02193,0
0.02324,0
0.02065,0
0.02499,0
0.03728,0
0.02927,0
0.01782,0
0.02329,0
0.02295,0
0.02754,0
0.02937,0
0.00534,0
0.00655,0
0.00638,0
0.00640,0
0.01232,0
0.00894,0
0.01201,0
0.01461,0
0.01250,0
0.04251,0
0.04419,0
0.04862,0
0.05783,0
0.06072,0
0.06366,0
0.06816,0
0.08710,0
0.08057,0
0.06012,0
0.03058,0
0.03318,0
0.02802,0
0.02468,0
0.02509,0
0.02548,0
0.02793,0
0.03330,0
0.00534,0
0.01218,0
0.01160,0
0.01017,0
0.01703,0
0.02275,0
0.03332,0
0.02700,0
0.02866,0
0.03088,0
0.03728,0
0.03222,0
0.01891,0
0.03521,0
0.03768,0
0.02658,0
0.02154,0
0.01979,0
0.02002,0
0.02831,0
0.03453,0
0.05017,0
0.04839,0
0.03932,0
0.04459,0
0.04079,0
0.03346,0
0.03178,0
0.03079,0
0.03250,0
0.01461,0
0.01250,0
0.01065,0
0.00855,0
0.01320,0
0.01894,0
0.02145,0
0.02262,0
0.02037,0
0.02617,0
0.01461,0
0.01393,0
0.01340,0
0.01067,0
0.01683,0
0.02993,0
0.03687,0
0.03168,0
0.03259,0
0.03380,0
0.00534,0
0.00655,0
0.00618,0
0.00583,0
0.01376,0
0.02093,0
0.02070,0
0.02407,0
0.02520,0
0.00534,0
0.00655,0
0.00638,0
0.00640,0
0.01353,0
0.02153,0
0.03572,0
0.03474,0
0.03686,0
0.04430,0
0.00534,0
0.01218,0
0.01172,0
0.00985,0
0.01489,0
0.01280,0
0.02004,0
0.03728,1
0.02666,1
0.01506,1
0.06390,1
0.08218,1
0.07697,1
0.07000,1
0.06814,1
0.07804,1
0.09829,1
0.05364,0
0.02356,0
0.03237,0
0.04243,0
0.03983,0
0.04135,0
0.03513,0
0.03363,0
0.03299,0
0.04079,0
0.05883,1
0.02309,1
0.04316,1
0.05008,1
0.07225,1
0.08166,1
0.08000,1
0.07598,1
0.08547,1
0.08936,1
0.00534,0
0.01218,0
0.01185,0
0.00910,0
0.03482,0
0.04536,0
0.05023,0
0.03471,0
0.03306,0
0.03722,0
0.00534,0
0.06315,0
0.04887,0
0.04534,0
0.04590,0
0.03859,0
0.04187,0
0.04475,0
0.05020,0
0.05978,0
0.00534,0
0.00655,0
0.00638,0
0.00549,0
0.01272,0
0.01986,0
0.02170,0
0.02295,0
0.02467,0
0.02582,0
0.03091,0
0.03719,0
0.03929,0
0.07481,0
0.06790,0
0.04713,0
0.03910,0
0.03559,0
0.03471,0
0.03671,0
0.05793,0
0.02531,0
0.03606,0
0.03417,0
0.02815,0
0.02667,0
0.02831,0
0.01461,0
0.01250,0
0.07987,0
0.06622,0
0.04971,0
0.05069,0
0.04698,0
0.04854,0
0.05438,0
0.09088,0
0.00534,0
0.01218,0
0.01185,0
0.00910,0
0.03482,0
0.04735,0
0.04914,0
0.04452,0
0.04729,0
0.05910,0
0.02108,0
0.01501,0
0.01254,0
0.01108,0
0.01803,0
0.03843,0
0.04845,0
0.05249,0
0.05577,0
0.06751,0
0.01461,0
0.01806,0
0.01520,0
0.03715,0
0.02969,0
0.02735,0
0.03106,0
0.03852,0
0.03641,0
0.04509,0
0.15001,0
0.13561,0
0.11045,0
0.09757,0
0.09842,0
0.10888,0
0.10471,0
0.07400,0
0.07043,0
0.07588,0
0.05883,0
0.02309,0
0.03172,0
0.04225,0
0.04084,0
0.03303,0
0.04063,0
0.03897,0
0.03791,0
0.04607,0
0.01461,0
0.01250,0
0.00999,0
0.00804,0
0.01576,0
0.02122,0
0.02943,0
0.02584,0
0.02731,0
0.02954,0
0.04983,0
0.03348,0
0.01912,0
0.03380,0
0.03150,0
0.02516,0
0.02336,0
0.02210,0
0.02510,0
0.03309,0
0.00534,0
0.00813,0
0.01025,0
0.00848,0
0.01406,0
0.01043,0
0.01735,0
0.10696,0
0.06851,0
0.04969,0
0.03887,0
0.05329,0
0.06520,0
0.06078,0
0.05787,0
0.05816,0
0.06201,0
0.00534,0
0.00655,0
0.00655,0
0.00594,0
0.01307,0
0.02332,0
0.03582,0
0.04108,0
0.04839,0
0.04821,1
0.06684,1
0.07135,1
0.07415,1
0.08344,1
0.09045,1
0.14752,1
0.14626,1
0.20633,0
0.11571,0
0.07804,0
0.06456,0
0.05689,0
0.04424,0
0.04533,0
0.01461,0
0.01806,0
0.01531,0
0.01168,0
0.01653,0
0.01892,0
0.01810,0
0.00534,0
0.00655,0
0.00841,0
0.00690,0
0.01254,0
0.01012,0
0.01369,0
0.01461,0
0.01250,0
0.00999,0
0.00897,0
0.01558,0
0.02207,0
0.02396,0
0.02497,0
0.02408,0
0.02708,0
0.00534,0
0.00655,0
0.00638,0
0.00549,0
0.01167,0
0.00860,0
0.01476,0
0.00534,0
0.00655,0
0.00655,0
0.00686,0
0.00974,0
0.01518,0
0.01868,0
0.03659,1
0.04898,1
0.05869,1
0.07069,1
0.10756,1
0.03728,0
0.03222,0
0.01834,0
0.02390,0
0.02293,0
0.02360,0
0.02736,0
0.00534,0
0.00655,0
0.04614,1
0.05751,1
0.07012,1
0.08530,1
0.08124,1
0.00534,0
0.01218,0
0.01271,0
0.01011,0
0.01494,0
0.01217,0
0.01979,0
0.01461,0
0.01250,0
0.00999,0
0.00897,0
0.01417,0
0.01763,0
0.01959,0
0.01911,0
0.01742,0
0.02078,0
0.00534,0
0.00655,0
0.03919,0
0.03965,0
0.03161,0
0.03752,0
0.03534,0
0.03516,0
0.03608,0
0.05758,0
0.05595,0
0.02262,0
0.02540,0
0.03312,0
0.03326,0
0.02962,0
0.02548,0
0.02429,0
0.02497,0
0.03469,0
0.00534,0
0.00655,0
0.00618,0
0.00674,0
0.01254,0
0.00996,0
0.01263,0
0.00534,0
0.00655,0
0.00841,0
0.00690,0
0.01427,0
0.02383,0
0.02447,0
0.02419,0
0.02626,0
0.02741,0
0.03728,0
0.02565,0
0.01491,0
0.02701,0
0.03166,0
0.02741,0
0.02900,0
0.02605,0
0.03013,0
0.03146,0
0.00534,0
0.00655,0
0.04378,0
0.02760,0
0.02975,0
0.03198,0
0.02892,0
0.03204,0
0.03112,0
0.03855,0
0.00534,0
0.01218,0
0.01271,0
0.05476,1
0.06030,1
0.09572,1
0.09377,1
0.09674,1
0.10785,1
0.11801,1
0.00534,0
0.01218,0
0.01185,0
0.02351,0
0.02372,0
0.02694,0
0.02647,0
0.03460,0
0.06385,0
0.00534,0
0.00655,0
0.00695,0
0.00705,0
0.01489,0
0.02458,0
0.02588,0
0.02491,0
0.02399,0
0.02644,0
0.08057,0
0.06012,0
0.03058,0
0.03318,0
0.02802,0
0.02796,0
0.02783,0
0.02726,0
0.02847,0
0.03381,0
0.03453,0
0.04392,0
0.04417,0
0.02884,0
0.02302,0
0.02385,0
0.02827,0
0.02108,0
0.02254,0
0.01907,0
0.04765,0
0.03917,0
0.03099,0
0.03426,0
0.03698,0
0.04019,0
0.05504,0
0.00534,0
0.00655,0
0.00695,0
0.00705,0
0.01275,0
0.01082,0
0.01820,0
0.00534,0
0.00655,0
0.00655,0
0.00686,0
0.02115,0
0.02556,0
0.03490,0
0.04113,0
0.03358,0
0.03723,0
0.08057,0
0.06012,0
0.03527,0
0.03536,0
0.02966,0
0.02906,0
0.02888,0
0.02879,0
0.03111,0
0.03666,0
0.03453,0
0.04358,0
0.05472,0
0.06554,0
0.05155,0
0.03770,0
0.03677,0
0.03458,0
0.03663,0
0.00534,0
0.00655,0
0.00655,0
0.00594,0
0.01196,0
0.00885,0
0.01626,0
0.00534,0
0.00655,0
0.03729,0
0.03143,0
0.03512,0
0.04054,0
0.04568,0
0.03959,0
0.03950,0
0.04119,0
0.01461,0
0.06821,0
0.05054,0
0.06017,0
0.06176,0
0.05356,0
0.05547,0
0.01461,0
0.01250,0
0.00985,0
0.00844,0
0.01403,0
0.01163,0
0.01480,0
0.02108,0
0.01501,0
0.01254,0
0.01013,0
0.01691,0
0.02398,0
0.02753,0
0.03523,0
0.03617,0
0.00534,0
0.01218,0
0.01185,0
0.00910,0
0.06026,1
0.06911,1
0.06827,1
0.07380,1
0.02108,0
0.01501,0
0.01256,0
0.00978,0
0.02035,0
0.01782,0
0.02009,0
0.00534,0
0.01218,0
0.04051,0
0.05020,0
0.06125,0
0.06908,0
0.08995,0
0.05763,0
0.02477,0
0.03294,0
0.04514,0
0.04697,0
0.04003,0
0.03476,0
0.03329,0
0.03369,0
0.00534,0
0.01218,0
0.01424,0
0.01121,0
0.01761,0
0.02826,0
0.03788,0
0.05739,0
0.06371,0
0.07206,0
0.00534,0
0.00655,0
0.00695,0
0.00705,0
0.01275,0
0.00963,0
0.01649,0
0.01461,0
0.01250,0
0.01065,0
0.00973,0
0.01493,0
0.01254,0
0.01636,0
0.00534,0
0.00655,0
0.00638,0
0.00549,0
0.01134,0
0.01300,0
0.01424,0
0.01646,0
0.01666,0
0.02221,0
0.00534,0
0.00819,0
0.00874,0
0.00750,0
0.01310,0
0.01083,0
0.01411,0
0.00534,0
0.00655,0
0.03919,0
0.03965,0
0.03161,0
0.03410,0
0.03226,0
0.03338,0
0.03646,0
0.05255,0
0.00534,0
0.00655,0
0.00655,0
0.00594,0
0.01196,0
0.00855,0
0.01461,0
0.00534,0
0.06278,0
0.04908,0
0.04251,0
0.03955,0
0.04625,0
0.05245,0
0.05893,0
0.06623,0
0.10696,0
0.07386,0
0.04925,0
0.03714,0
0.03575,0
0.02925,0
0.02873,0
0.02841,0
0.02893,0
0.03468,0
0.10169,0
0.05868,0
0.02942,0
0.02331,0
0.02475,0
0.02687,0
0.03434,0
0.00534,0
0.01218,0
0.01144,0
0.00996,0
0.01507,0
0.01164,0
0.01440,0
0.00534,0
0.01218,0
0.01271,0
0.01011,0
0.02187,0
0.03357,0
0.04458,0
0.05974,0
0.06296,0
0.00534,0
0.00819,0
0.00874,0
0.00842,0
0.01381,0
0.01010,0
0.01592,0
0.04983,0
0.03485,0
0.02014,0
0.02982,0
0.03930,0
0.03129,0
0.02987,0
0.02725,0
0.03012,0
0.03290,0
0.00534,0
0.00655,0
0.00695,0
0.00586,0
0.01187,0
0.01344,0
0.01392,0
0.00534,0
0.00655,0
0.00655,0
0.00594,0
0.01177,0
0.02603,0
0.04342,0
0.03376,0
0.03449,0
0.03890,0
0.00534,0
0.01218,0
0.01272,0
0.00965,0
0.02905,0
0.03816,0
0.03638,0
0.03293,0
0.03569,0
0.03909,0
0.00534,0
0.01218,0
0.01271,0
0.01139,0
0.01579,0
0.01311,0
0.02040,0
0.05595,0
0.02262,0
0.03412,0
0.03152,0
0.02779,0
0.02428,0
0.02630,0
0.00534,0
0.00655,0
0.00741,0
0.00734,0
0.02598,0
0.03651,0
0.03435,0
0.03251,0
0.03502,0
0.03789,0
0.00534,0
0.00655,0
0.00695,0
0.00586,0
0.01358,0
0.02137,1
0.03299,1
0.06630,1
0.06189,1
0.09721,1
0.10738,1
0.00534,0
0.00813,0
0.00854,0
0.00745,0
0.01309,0
0.01621,0
0.02027,0
0.00534,0
0.00655,0
0.04339,0
0.04562,0
0.02966,0
0.02683,0
0.02854,0
0.03245,0
0.03733,0
0.05445,0
0.00534,0
0.00655,0
0.00734,0
0.00638,0
0.01839,0
0.03394,0
0.03866,0
0.05429,0
0.06251,0
0.00534,0
0.00819,0
0.00905,0
0.00723,0
0.02310,0
0.02085,0
0.02817,0
0.02923,0
0.04249,0
0.04910,0
0.03728,0
0.02900,0
0.01669,0
0.02319,0
0.03111,0
0.02604,0
0.02413,0
0.02223,0
0.02691,0
0.03000,0
0.00534,0
0.04490,0
0.04066,0
0.05068,0
0.05286,0
0.04706,0
0.05510,0
0.00534,0
0.06315,0
0.04786,0
0.03968,0
0.03569,0
0.02913,0
0.03376,0
0.03834,0
0.04501,0
0.05477,0
0.03091,0
0.04705,0
0.04411,0
0.04266,0
0.04485,0
0.04034,0
0.03458,0
0.03162,0
0.03091,0
0.03401,0
0.00534,0
0.00655,0
0.00638,0
0.00549,0
0.01167,0
0.01315,0
0.01615,0
0.00534,0
0.08168,0
0.05595,0
0.04376,0
0.03349,0
0.04183,0
0.04880,0
0.05533,0
0.06315,0
0.00534,0
0.00655,0
0.00618,0
0.00583,0
0.01376,0
0.02097,0
0.03419,0
0.06993,0
0.09843,0
0.10448,0
0.03728,0
0.02666,0
0.01506,0
0.02285,0
0.04066,0
0.03493,0
0.03319,0
0.03151,0
0.03362,0
0.03596,0
0.00534,0
0.00655,0
0.00626,0
0.00590,0
0.01308,0
0.01976,0
0.03144,0
0.02724,0
0.02612,0
0.02886,0
0.00534,0
0.00655,0
0.00618,0
0.00583,0
0.01376,0
0.02093,0
0.02070,0
0.01955,0
0.02332,0
0.10079,0
0.07101,0
0.04668,0
0.04108,0
0.04726,0
0.03619,0
0.03589,0
0.03452,0
0.04323,0
0.04770,0
0.01461,0
0.01250,0
0.01065,0
0.00855,0
0.01549,0
0.02492,0
0.02542,0
0.02369,0
0.02263,0
0.02550,0
0.00534,0
0.00655,0
0.00626,0
0.00590,0
0.01181,0
0.01315,0
0.01422,0
0.01651,0
0.01692,0
0.02331,0
0.00534,0
0.00655,0
0.00626,0
0.00590,0
0.01181,0
0.01485,0
0.01633,0
0.02127,0
0.02075,0
0.02599,0
0.00534,0
0.01218,0
0.01160,0
0.00902,0
0.01651,0
0.02379,0
0.03469,0
0.03513,0
0.03428,0
0.04990,0
0.10079,0
0.10013,0
0.06827,0
0.05404,0
0.05321,0
0.04048,0
0.03807,0
0.03636,0
0.03674,0
0.04140,0
0.00534,0
0.00655,0
0.05549,0
0.04954,0
0.04178,0
0.04901,1
0.05205,1
0.06500,1
0.06880,1
0.07620,1
0.08310,1
0.10503,1
0.09852,0
0.08050,0
0.05316,0
0.04546,0
0.04551,0
0.03757,0
0.03614,0
0.03583,0
0.03604,0
0.04132,0
0.00534,0
0.00655,0
0.00741,0
0.00734,0
0.01531,0
0.02307,0
0.02327,0
0.02204,0
0.02265,0
0.02430,0
0.03453,0
0.04392,0
0.03384,0
0.02808,0
0.02473,0
0.02520,0
0.02882,0
0.00534,0
0.00655,0
0.04339,0
0.04619,0
0.02852,0
0.02850,0
0.03299,0
0.03619,0
0.03963,0
0.05687,0
0.03453,0
0.05017,0
0.06027,0
0.05356,0
0.04783,0
0.04464,0
0.03931,0
0.03642,0
0.03635,0
0.03819,0
0.11984,0
0.08557,0
0.04850,0
0.04328,0
0.03329,0
0.03048,0
0.02938,0
0.02914,0
0.03344,0
0.04311,0
0.00534,0
0.00819,0
0.00905,0
0.00723,0
0.01386,0
0.02097,0
0.02259,0
0.02383,0
0.02740,0
0.03035,0
0.06672,0
0.02786,0
0.03458,0
0.04529,0
0.06601,0
0.08926,0
0.08834,0
0.08324,0
0.07989,0
0.08681,0
0.10169,0
0.04252,0
0.02627,0
0.02407,0
0.02640,0
0.02880,0
0.03774,0
0.03091,0
0.04705,0
0.04411,0
0.04266,0
0.03788,0
0.03570,0
0.03194,0
0.02974,0
0.03011,0
0.03412,0
0.00534,0
0.00819,0
0.01135,0
0.03014,0
0.02672,0
0.03171,0
0.02992,0
0.03251,0
0.04483,0
0.06209,0
0.05793,0
0.02531,0
0.03417,0
0.04266,0
0.04318,0
0.03497,0
0.03451,0
0.03172,0
0.03114,0
0.03863,0
0.02108,0
0.01769,0
0.01588,0
0.04646,0
0.05610,0
0.06560,0
0.06124,0
0.08830,0
0.09487,0
0.03728,0
0.02666,0
0.01440,0
0.02659,0
0.03958,0
0.06774,0
0.06669,0
0.06001,0
0.06730,0
0.00534,0
0.01218,0
0.01424,0
0.01121,0
0.01761,0
0.02960,0
0.03642,0
0.02970,0
0.02953,0
0.03082,0
0.04983,0
0.04266,0
0.02498,0
0.03081,0
0.03628,0
0.02991,0
0.02653,0
0.02615,0
0.02862,0
0.03600,0
0.00534,0
0.01218,0
0.01185,0
0.01013,0
0.01515,0
0.01184,0
0.01749,0
0.02108,0
0.01501,0
0.01256,0
0.01074,0
0.01540,0
0.01320,0
0.01611,0
0.00534,0
0.00819,0
0.05551,0
0.03441,0
0.02988,0
0.04488,0
0.04257,0
0.04604,0
0.04294,0
0.05192,0
0.00534,0
0.00819,0
0.00905,0
0.00815,0
0.01360,0
0.01036,0
0.01319,0
0.03728,0
0.02666,0
0.01440,0
0.03029,0
0.03086,0
0.02388,0
0.01856,0
0.01740,0
0.02106,0
0.02591,0
0.00534,0
0.00655,0
0.04262,0
0.03473,0
0.03769,0
0.04318,0
0.05346,0
0.04424,0
0.04437,0
0.04560,0
0.00534,0
0.00655,0
0.00626,0
0.00590,0
0.01201,0
0.00834,0
0.01456,0
0.00534,0
0.00655,0
0.00618,0
0.00583,0
0.01190,0
0.00865,0
0.01487,0
0.03453,0
0.05017,0
0.05621,0
0.06425,0
0.06231,0
0.07385,0
0.06876,0
0.06394,0
0.06368,0
0.03453,0
0.04392,0
0.03065,0
0.02738,0
0.02273,0
0.02437,0
0.02656,0
0.00534,0
0.00819,0
0.01002,0
0.00814,0
0.01832,0
0.02045,0
0.01968,0
0.10696,0
0.06045,0
0.09343,0
0.10439,0
0.08948,0
0.07051,0
0.06422,0
0.06048,0
0.05845,0
0.06117,0
0.10696,0
0.06017,0
0.06887,0
0.06975,0
0.07751,0
0.07662,0
0.07333,0
0.07183,0
0.07644,0
0.00534,0
0.00655,0
0.00638,0
0.00640,0
0.01353,0
0.02124,0
0.02428,0
0.02597,0
0.02527,0
0.02775,0
0.03728,1
0.02927,1
0.01731,1
0.02773,1
0.03554,1
0.05193,1
0.04753,1
0.05774,1
0.03664,0
0.03263,0
0.02166,0
0.02697,0
0.03422,0
0.02888,0
0.02668,0
0.02569,0
0.02906,0
0.03160,0
0.17230,1
0.15452,1
0.15353,1
0.18216,1
0.11723,1
0.08806,1
0.10691,1
0.09902,1
0.09697,1
0.09832,1
0.04983,0
0.03485,0
0.01943,0
0.02450,0
0.03704,0
0.03666,0
0.03802,0
0.00534,0
0.00655,0
0.00695,0
0.00705,0
0.01275,0
0.01723,0
0.01776,0
0.00534,0
0.00655,0
0.00695,0
0.00586,0
0.01187,0
0.01462,0
0.01815,0
0.05883,0
0.02309,0
0.03365,0
0.03134,0
0.02903,0
0.02379,0
0.02048,0
0.01972,0
0.02167,0
0.03075,0
0.00534,0
0.00655,0
0.00638,0
0.00549,0
0.00835,0
0.01561,0
0.01887,0
0.01888,0
0.01889,0
0.02199,0
0.02108,0
0.01501,0
0.01218,0
0.01007,0
0.01711,0
0.02732,0
0.02685,0
0.02456,0
0.02359,0
0.02632,0
0.03728,0
0.02666,0
0.01506,0
0.02181,0
0.03736,0
0.03393,0
0.03339,0
0.00534,0
0.00655,0
0.00841,0
0.00690,0
0.01360,0
0.03075,0
0.03516,0
0.03372,0
0.03392,0
0.03366,0
0.03091,0
0.04047,0
0.02889,0
0.01975,0
0.02221,0
0.02385,0
0.02653,0
0.00534,0
0.00655,0
0.00618,0
0.00674,0
0.02615,0
0.03364,0
0.03268,0
0.03309,0
0.03979,0
0.04676,0
0.00534,0
0.00655,0
0.00626,0
0.02533,0
0.03567,0
0.03380,0
0.04945,0
0.04458,0
0.03592,0
0.04087,0
0.00534,0
0.01218,0
0.01172,0
0.00985,0
0.02857,0
0.03658,0
0.04242,0
0.04403,0
0.04717,0
0.05687,0
0.00534,0
0.00655,0
0.00638,0
0.00549,0
0.01167,0
0.00830,0
0.01142,0
0.00534,0
0.00655,0
0.00638,0
0.00640,0
0.02323,0
0.01980,0
0.02927,0
0.03665,0
0.05121,0
0.06911,0
0.10169,0
0.07149,0
0.03889,0
0.03118,0
0.02981,0
0.03141,0
0.03836,0
0.13940,0
0.09109,0
0.05358,0
0.04835,0
0.03560,0
0.03183,0
0.03007,0
0.03039,0
0.03343,0
0.04296,0
0.05664,0
0.02210,0
0.02959,0
0.03743,0
0.04180,0
0.03210,0
0.02882,0
0.02765,0
0.02802,0
0.03681,0
0.00534,0
0.06315,0
0.04887,0
0.04063,0
0.03615,0
0.03040,0
0.03494,0
0.03956,0
0.04661,0
0.05582,0
0.03728,0
0.02565,0
0.01418,0
0.02715,0
0.04282,0
0.03593,0
0.03563,0
0.05574,0
0.02456,0
0.03432,0
0.03278,0
0.02688,0
0.02381,0
0.02488,0
0.00534,0
0.00655,0
0.00841,0
0.00806,0
0.01469,0
0.02801,0
0.03734,0
0.03108,0
0.03247,0
0.03368,0
0.00534,0
0.01218,0
0.01172,0
0.00985,0
0.01541,0
0.01702,0
0.01945,0
0.02443,0
0.02328,0
0.02893,0
0.01461,0
0.06821,0
0.05054,0
0.05745,0
0.06103,0
0.05240,0
0.05456,0
0.03091,0
0.04047,0
0.02896,0
0.02938,0
0.02479,0
0.02593,0
0.03021,0
0.00534,0
0.00655,0
0.00638,0
0.00549,0
0.02546,0
0.03915,0
0.04587,0
0.02994,0
0.02904,0
0.03357,0
0.03453,0
0.04358,0
0.04285,0
0.08082,0
0.07380,0
0.05217,0
0.04351,0
0.04238,0
0.04012,0
0.04291,0
0.02108,0
0.01641,0
0.01377,0
0.01139,0
0.01816,0
0.02826,0
0.02793,0
0.02546,0
0.03250,0
0.03993,0
0.00534,0
0.00655,0
0.00655,0
0.00594,0
0.01307,0
0.02035,0
0.02352,0
0.02299,0
0.02217,0
0.02487,0
0.00534,0
0.00819,0
0.00905,0
0.02791,0
0.03052,0
0.03099,0
0.04641,0
0.04459,0
0.03199,0
0.03692,0
0.00534,0
0.00655,0
0.00638,0
0.00549,0
0.01363,0
0.02086,0
0.02049,0
0.02392,0
0.02505,0
0.00534,0
0.01218,0
0.01144,0
0.00886,0
0.01449,0
0.01217,0
0.01832,0
0.03728,0
0.02542,0
0.04413,1
0.05148,1
0.05578,1
0.05674,1
0.07172,1
0.07546,1
0.09124,1
0.11883,1
0.14987,1
0.17808,1
0.18119,1
0.03728,0
0.02666,0
0.01440,0
0.02562,0
0.02882,0
0.06058,0
0.06517,0
0.05924,0
0.05610,0
0.05577,0
0.01461,0
0.01250,0
0.00985,0
0.00936,0
0.01470,0
0.01084,0
0.01799,0
0.00534,0
0.01218,0
0.01160,0
0.01017,0
0.01535,0
0.02320,0
0.02258,0
0.02289,0
0.02361,0
0.02608,0
0.06672,0
0.02497,0
0.03719,0
0.03503,0
0.03455,0
0.02918,0
0.02427,0
0.02275,0
0.02331,0
0.03197,0
0.00534,0
0.05349,0
0.03925,0
0.04158,0
0.03149,0
0.03023,0
0.03449,0
0.03873,0
0.04479,0
0.06029,0
0.00534,0
0.01218,0
0.01144,0
0.00886,0
0.01660,0
0.02361,0
0.03455,0
0.03509,0
0.03421,0
0.04979,0
0.05364,0
0.02196,0
0.03346,0
0.03207,0
0.03415,0
0.02759,0
0.02419,0
0.02338,0
0.02413,0
0.03387,0
0.00534,0
0.00655,0
0.05483,0
0.04342,0
0.03652,0
0.03714,0
0.03496,0
0.03592,0
0.03772,0
0.06100,0
0.00534,0
0.00655,0
0.03957,0
0.04235,0
0.03836,0
0.02913,0
0.03517,0
0.03965,0
0.04372,0
0.05779,0
0.05883,0
0.02466,0
0.03474,0
0.02323,0
0.02586,0
0.02438,0
0.02733,0
0.03728,0
0.03222,0
0.01891,0
0.02902,0
0.03605,0
0.06582,0
0.06633,0
0.05941,0
0.06716,0
0.00534,0
0.00655,0
0.00618,0
0.00674,0
0.01254,0
0.00901,0
0.01507,0
0.01461,0
0.01250,0
0.01065,0
0.00973,0
0.01493,0
0.01138,0
0.01473,0
0.02108,0
0.08950,0
0.12996,0
0.14820,0
0.12245,0
0.10272,0
0.09545,0
0.09079,0
0.09037,0
0.09735,0
0.04983,0
0.03591,0
0.02008,0
0.03095,0
0.04123,0
0.06989,0
0.06736,0
0.06175,0
0.06747,0
0.00534,0
0.00655,0
0.00695,0
0.02846,0
0.02488,0
0.03042,0
0.02944,0
0.03184,0
0.04505,0
0.05166,0
0.01461,0
0.01250,0
0.00973,0
0.00837,0
0.01395,0
0.01379,0
0.01635,0
0.03510,0
0.02760,0
0.01600,0
0.02715,0
0.03888,0
0.05696,0
0.06114,0
0.05563,0
0.05242,0
0.05391,0
0.06672,0
0.02497,0
0.03603,0
0.02414,0
0.02051,0
0.02200,0
0.02575,0
0.00534,0
0.00813,0
0.00815,0
0.00732,0
0.01284,0
0.02119,0
0.02108,0
0.02206,0
0.02314,0
0.02555,0
0.01461,0
0.01250,0
0.01099,0
0.03439,0
0.03443,0
0.02735,0
0.03057,0
0.03327,0
0.04095,0
0.06121,0
0.01461,0
0.01806,0
0.01505,0
0.01154,0
0.03117,0
0.03850,0
0.03920,0
0.05386,0
0.06046,0
0.10169,0
0.05868,0
0.03533,0
0.02681,0
0.02568,0
0.02897,0
0.03683,0
0.06672,0
0.02786,0
0.02996,0
0.03825,0
0.03615,0
0.03071,0
0.02597,0
0.02454,0
0.02466,0
0.02965,0
0.05364,0
0.02196,0
0.03346,0
0.03596,0
0.03074,0
0.02514,0
0.02204,0
0.02401,0
0.02565,0
0.03517,0
0.00534,0
0.01218,0
0.01160,0
0.01017,1
0.01742,1
0.06425,1
0.06242,1
0.06858,1
0.07311,1
0.08086,1
0.10951,1
0.10649,1
0.01461,0
0.01806,0
0.01491,0
0.03959,0
0.03222,0
0.02940,0
0.03243,0
0.03951,0
0.03884,0
0.04567,0
0.03728,0
0.02818,0
0.01519,0
0.02401,0
0.03222,0
0.02453,0
0.02162,0
0.02046,0
0.02360,0
0.02840,0
0.03728,0
0.03222,0
0.04690,1
0.05980,1
0.07331,1
0.07021,1
0.06853,1
0.06259,1
0.05816,1
0.05879,1
0.00534,0
0.01218,0
0.03778,0
0.06608,0
0.07515,0
0.08504,0
0.13162,0
0.05883,0
0.02309,0
0.03172,0
0.03522,0
0.05680,0
0.04318,0
0.03473,0
0.03183,0
0.03250,0
0.04133,0
0.02108,0
0.09276,0
0.07046,0
0.05710,0
0.05212,0
0.04278,0
0.04524,0
0.04843,0
0.05320,0
0.06066,0
0.00534,0
0.00655,0
0.00695,0
0.04118,1
0.05889,1
0.06425,1
0.06918,1
0.07978,1
0.09576,1
0.00534,0
0.00655,0
0.00695,0
0.00705,0
0.01401,0
0.03074,0
0.03354,0
0.03363,0
0.03692,0
0.03950,0
0.00534,0
0.00655,0
0.00618,0
0.00583,0
0.00879,0
0.01578,0
0.01752,0
0.03863,1
0.05427,1
0.06841,1
0.10693,1
0.14195,1
0.16827,1
0.00534,0
0.00819,0
0.00905,0
0.00815,0
0.01465,0
0.02026,0
0.02386,0
0.02555,0
0.02804,0
0.02108,0
0.02254,0
0.06300,0
0.06865,0
0.04672,0
0.04345,0
0.04211,0
0.04382,0
0.04435,0
0.06365,0
0.02108,0
0.02254,0
0.01996,0
0.01524,0
0.02135,0
0.02884,0
0.02713,0
0.02960,0
0.03014,0
0.00534,0
0.00655,0
0.00841,0
0.00806,0
0.01812,0
0.01436,0
0.02106,0
0.10953,0
0.17471,0
0.15929,0
0.14884,0
0.13316,0
0.11905,0
0.10802,0
0.10411,0
0.10151,0
0.01461,0
0.01250,0
0.00973,0
0.00837,0
0.01359,0
0.02757,0
0.04485,0
0.03516,0
0.03375,0
0.03910,0
0.04983,0
0.03631,0
0.07653,1
0.09027,1
0.10450,1
0.09837,1
0.09243,1
0.10232,1
0.13263,1
0.12931,1
0.01461,0
0.01806,0
0.01531,0
0.01259,0
0.01718,0
0.01336,0
0.01559,0
0.08057,0
0.06012,0
0.03395,0
0.03318,0
0.02861,0
0.02848,0
0.02836,0
0.02903,0
0.03207,0
0.03767,0
0.03453,0
0.05648,0
0.04563,0
0.03653,0
0.03119,0
0.02533,0
0.02327,0
0.02247,0
0.02373,0
0.02614,0
0.03664,0
0.03263,0
0.02137,0
0.02712,0
0.03961,0
0.05016,0
0.07168,0
0.06892,0
0.06855,0
0.06795,0
0.02108,0
0.01501,0
0.01256,0
0.00978,0
0.01480,0
0.01257,0
0.01989,0
0.18343,0
0.08528,0
0.05659,0
0.04888,0
0.04747,0
0.03557,0
0.03803,0
0.09674,0
0.07304,0
0.05461,0
0.05054,0
0.04729,0
0.03668,0
0.03979,0
0.10169,0
0.04153,0
0.03146,0
0.03205,0
0.03139,0
0.03378,0
0.04083,0
0.00534,0
0.05884,0
0.03981,0
0.04248,0
0.03270,0
0.03130,0
0.03568,0
0.03907,0
0.04522,0
0.05377,0
0.00534,0
0.00655,0
0.00618,0
0.00674,0
0.01254,0
0.00923,0
0.01538,0
0.15364,0
0.11287,0
0.07400,0
0.05943,0
0.10934,1
0.09698,1
0.08853,1
0.08260,1
0.08206,1
0.08694,1
0.03453,0
0.05017,0
0.04639,0
0.08920,0
0.07945,0
0.05290,0
0.04321,0
0.03892,0
0.03753,0
0.04040,0
0.02108,0
0.01501,0
0.01204,0
0.00998,0
0.01702,0
0.02297,0
0.02454,0
0.02686,0
0.02861,0
0.02108,0
0.02254,0
0.05362,0
0.05495,0
0.06018,0
0.06746,0
0.06775,0
0.06966,0
0.07364,0
0.08389,0
0.03453,0
0.05648,0
0.04933,0
0.03867,0
0.03265,0
0.02624,0
0.02724,0
0.02546,0
0.02664,0
0.02955,0
0.03453,0
0.04004,0
0.04395,0
0.03697,0
0.04398,0
0.04042,0
0.03414,0
0.03146,0
0.03176,0
0.04076,0
0.00534,0
0.01218,0
0.01272,0
0.00965,0
0.01502,0
0.01206,0
0.01737,0
0.00534,0
0.01218,0
0.01160,0
0.00902,0
0.01459,0
0.01074,0
0.01349,0
0.00534,0
0.00655,0
0.04278,1
0.05454,1
0.05902,1
0.05020,1
0.04648,1
0.06141,1
0.03510,0
0.02760,0
0.01600,0
0.02424,0
0.03228,0
0.02646,0
0.02886,1
0.02817,1
0.03339,1
0.04322,1
0.01461,0
0.01250,0
0.01213,0
0.00958,0
0.01476,0
0.01231,0
0.01624,0
0.10079,1
0.07373,1
0.04269,1
0.03546,1
0.03343,1
0.03369,1
0.03498,1
0.03697,1
0.04601,1
0.05883,0
0.02309,0
0.03365,0
0.03588,0
0.03312,0
0.02745,0
0.02227,0
0.02392,0
0.02437,0
0.03364,0
0.05585,1
0.07102,1
0.06856,1
0.07583,1
0.08437,1
0.09168,1
0.09012,1
0.09075,1
0.11313,1
0.13352,1
0.12435,1
0.13570,1
0.00534,0
0.00813,0
0.08375,0
0.07464,0
0.06028,0
0.05954,0
0.05758,0
0.05718,0
0.06386,0
0.01461,0
0.01250,0
0.00999,0
0.00897,0
0.01458,0
0.01103,0
0.01677,0
0.03091,1
0.04656,1
0.07770,1
0.09765,1
0.10948,1
0.09500,1
0.08096,1
0.07273,1
0.06862,1
0.00534,0
0.00655,0
0.00638,0
0.00549,0
0.01134,0
0.01300,0
0.01424,0
0.01646,0
0.01516,0
0.01887,0
0.03728,0
0.02666,0
0.01440,0
0.02562,0
0.03322,0
0.02833,0
0.02631,0
0.02410,0
0.03058,0
0.03900,0
0.02108,0
0.01501,0
0.04273,0
0.03615,0
0.03916,0
0.03855,0
0.03776,0
0.03675,0
0.03448,0
0.03903,0
0.03453,0
0.05017,0
0.05621,0
0.06425,0
0.05104,0
0.03745,0
0.03380,0
0.03278,0
0.03428,0
0.00534,0
0.01218,0
0.01144,0
0.00886,0
0.01471,0
0.01569,0
0.02042,0
0.02057,0
0.02030,0
0.02332,0
0.15617,0
0.16441,0
0.08144,0
0.05339,0
0.04458,0
0.04066,0
0.04017,0
0.04199,0
0.04592,0
0.10079,0
0.05994,0
0.06904,0
0.04594,0
0.03759,0
0.02912,0
0.02860,0
0.02803,0
0.03068,0
0.03639,0
0.03453,0
0.04358,0
0.05472,0
0.06554,0
0.05042,0
0.03564,0
0.03181,0
0.02993,0
0.03016,0
0.00534,0
0.03686,1
0.05263,1
0.06301,1
0.06901,1
0.05610,1
0.05371,1
0.00534,0
0.00655,0
0.00695,0
0.00705,0
0.01275,0
0.01026,0
0.01698,0
0.03453,0
0.04004,0
0.04222,0
0.03865,0
0.03475,0
0.03072,0
0.02651,0
0.02487,0
0.02504,0
0.02757,0
0.00534,0
0.00813,0
0.01025,0
0.00848,0
0.01465,0
0.02318,0
0.03330,0
0.06838,0
0.09679,0
0.11620,0
0.00534,0
0.01218,0
0.01272,0
0.03028,0
0.04048,0
0.03870,0
0.05049,0
0.04944,0
0.03468,0
0.03850,0
0.00534,0
0.00655,0
0.00695,0
0.00586,0
0.00964,0
0.02990,0
0.04610,0
0.03335,0
0.03436,0
0.03900,0
0.03453,0
0.05017,0
0.04639,0
0.08920,0
0.07583,0
0.05117,0
0.04266,0
0.03865,0
0.03790,0
0.04084,0
0.00534,0
0.01218,0
0.01271,0
0.01011,0
0.01619,0
0.03042,0
0.04636,0
0.03529,0
0.03607,0
0.04078,0
0.03453,0
0.05017,0
0.06027,0
0.05432,0
0.04799,0
0.05040,0
0.04598,0
0.04408,0
0.04336,0
0.04648,0
0.00534,0
0.00819,0
0.00888,0
0.00757,0
0.01310,0
0.01629,0
0.01741,0
0.01779,0
0.01786,0
0.02343,0
0.03453,0
0.12909,1
0.09469,1
0.07123,1
0.05857,1
0.07398,1
0.07704,1
0.07991,1
0.08505,1
0.08559,1
0.08515,1
0.08615,1
0.03091,0
0.04047,0
0.02889,0
0.02516,0
0.02039,0
0.02187,0
0.02671,0
0.01461,0
0.01393,0
0.01326,0
0.01046,0
0.01627,0
0.02677,0
0.03965,0
0.03940,0
0.03905,0
0.01461,0
0.01806,0
0.01491,0
0.03205,0
0.03359,0
0.03331,0
0.04920,0
0.04748,0
0.03504,0
0.03796,0
0.11134,0
0.07329,0
0.05370,0
0.04826,0
0.04861,0
0.03753,0
0.03973,0
0.00534,0
0.07134,0
0.10779,0
0.12179,0
0.09895,0
0.08088,0
0.07659,0
0.07396,0
0.07729,0
0.08398,0
0.03728,0
0.02900,0
0.01583,0
0.02342,0
0.02882,0
0.02511,0
0.02154,0
0.02083,0
0.02479,0
0.03298,0
0.03510,0
0.02915,0
0.01642,0
0.02292,0
0.02422,0
0.02451,0
0.02653,0
0.01461,0
0.06355,0
0.04276,0
0.04665,0
0.03470,0
0.03064,0
0.03525,0
0.03900,0
0.04502,0
0.06174,0
0.00534,0
0.00655,0
0.00638,0
0.03204,0
0.03245,0
0.02461,0
0.02779,0
0.03335,0
0.03600,0
0.05863,0
0.01461,0
0.01806,0
0.01505,0
0.03293,0
0.02643,0
0.02931,0
0.03066,0
0.04228,0
0.06106,0
0.08057,0
0.06012,0
0.03395,0
0.03528,0
0.02971,0
0.02931,0
0.02903,0
0.02885,0
0.03013,0
0.03520,0
0.00534,0
0.00655,0
0.00741,0
0.00643,0
0.02567,0
0.03306,0
0.03715,0
0.05184,0
0.05666,0
0.00534,0
0.00655,0
0.00618,0
0.03338,0
0.02626,0
0.02765,0
0.03063,0
0.03692,0
0.03455,0
0.04294,0
0.01461,0
0.01806,0
0.01491,0
0.01242,0
0.01701,0
0.01316,0
0.01847,0
0.10169,0
0.04153,0
0.03146,0
0.02652,0
0.02683,0
0.02795,0
0.03676,0
0.00534,0
0.00655,0
0.00618,0
0.00583,0
0.01190,0
0.00936,0
0.01502,0
0.10696,0
0.07598,0
0.04418,0
0.03593,0
0.02687,0
0.02668,0
0.02821,0
0.02996,0
0.03739,0
0.00534,0
0.00655,0
0.00655,0
0.00686,0
0.01471,0
0.02132,0
0.02097,0
0.02448,0
0.02557,0
0.00534,0
0.01218,0
0.01424,0
0.01234,0
0.01659,0
0.01312,0
0.01607,0
0.00534,0
0.00655,0
0.00841,0
0.03456,0
0.02420,0
0.02608,0
0.02978,0
0.03416,0
0.03418,0
0.04439,0
0.03091,0
0.04771,0
0.03806,0
0.03489,0
0.03396,0
0.03332,0
0.03405,0
0.00534,0
0.00655,0
0.05830,0
0.07682,0
0.07805,0
0.07085,0
0.06642,0
0.07185,0
0.08923,0
0.03728,0
0.02565,0
0.01491,0
0.02701,0
0.02914,0
0.05394,0
0.05707,0
0.05213,0
0.05070,0
0.05117,0
0.01461,0
0.01250,0
0.00973,0
0.00837,0
0.01582,0
0.03447,0
0.04473,0
0.04768,0
0.05201,0
0.06452,0
0.01461,0
0.06537,0
0.04908,0
0.04020,0
0.03662,0
0.02968,0
0.03464,0
0.03842,0
0.04542,0
0.05490,0
0.00534,0
0.00655,0
0.04145,1
0.07994,1
0.08995,1
0.06489,1
0.05770,1
0.07439,1
0.03091,0
0.04705,0
0.05867,0
0.05329,0
0.04653,0
0.04801,0
0.04316,0
0.03996,0
0.03962,0
0.04298,0
0.00534,0
0.00655,0
0.00695,0
0.02715,0
0.02432,0
0.02945,0
0.02860,0
0.03139,0
0.04310,0
0.06003,0
0.05475,0
0.05410,0
0.03317,0
0.03339,0
0.02833,0
0.02529,0
0.02930,0
0.02987,0
0.03122,0
0.03736,0
0.03664,0
0.02798,0
0.01794,0
0.03332,0
0.03352,0
0.02435,0
0.01940,0
0.02211,0
0.02382,0
0.03165,0
0.00534,0
0.00655,0
0.00655,0
0.02481,0
0.02228,0
0.02682,0
0.02680,0
0.02878,0
0.04077,0
0.05838,0
0.00534,0
0.00655,0
0.00618,0
0.00583,0
0.02533,0
0.02160,0
0.02923,0
0.03074,0
0.04311,0
0.06039,0
0.01461,0
0.01250,0
0.00999,0
0.00897,0
0.01671,0
0.01966,0
0.02168,0
0.02416,0
0.02624,0
0.10079,0
0.07373,0
0.04269,0
0.03516,0
0.02631,0
0.02654,0
0.02799,0
0.03004,0
0.03732,0
0.03728,0
0.02900,0
0.01583,0
0.02334,0
0.02343,0
0.02079,0
0.02360,0
0.00534,0
0.00655,0
0.00626,0
0.05992,0
0.04851,0
0.03879,0
0.04144,0
0.04445,0
0.05211,0
0.08748,0
0.15364,0
0.12159,0
0.07378,0
0.06880,0
0.05409,0
0.04808,0
0.04512,0
0.04600,0
0.04816,0
0.05602,0
0.00534,0
0.01218,0
0.04380,0
0.05381,0
0.07006,0
0.06658,0
0.06186,0
0.06003,0
0.05806,0
0.07419,0
0.01461,0
0.01250,0
0.01333,0
0.01065,0
0.02655,0
0.02417,0
0.03188,0
0.04164,0
0.03510,0
0.03993,0
0.02108,0
0.01769,0
0.01527,0
0.03533,0
0.04464,0
0.04241,0
0.04986,0
0.05166,0
0.03915,0
0.04208,0
0.03728,0
0.02818,0
0.01519,0
0.02517,0
0.04463,0
0.04142,0
0.03713,0
0.03496,0
0.04095,0
0.04345,0
0.00534,0
0.00813,0
0.01025,0
0.00848,0
0.01827,0
0.01448,0
0.02137,0
0.10696,0
0.07386,0
0.05131,0
0.03976,0
0.05077,0
0.05880,0
0.05657,0
0.05490,0
0.05524,0
0.05932,0
0.01461,0
0.01250,0
0.01213,0
0.00958,0
0.01617,0
0.02282,0
0.03253,0
0.02679,0
0.02821,0
0.02983,0
0.01461,0
0.01250,0
0.01012,0
0.03988,0
0.05923,0
0.05657,0
0.05606,0
0.05871,0
0.06609,0
0.08273,0
0.00534,0
0.00655,0
0.00695,0
0.00705,0
0.01275,0
0.00963,0
0.01649,0
0.00534,0
0.00655,0
0.00638,0
0.00640,0
0.01353,0
0.02028,0
0.02226,0
0.02355,0
0.02287,0
0.02597,0
0.00534,0
0.00819,0
0.00916,0
0.00856,0
0.01117,0
0.01679,0
0.01971,0
0.02237,0
0.02161,0
0.02772,0
0.08057,0
0.06012,0
0.03058,0
0.03105,0
0.02690,0
0.02715,0
0.02717,0
0.02720,0
0.02828,0
0.03414,0
0.03453,0
0.04392,0
0.03065,0
0.02213,0
0.01891,0
0.02105,0
0.02422,0
0.41957,0
0.33654,0
0.23934,0
0.18334,0
0.15351,0
0.13655,0
0.12330,0
0.11719,0
0.11512,0
0.12833,0
0.03453,0
0.05648,0
0.04933,0
0.03730,0
0.03265,0
0.02597,0
0.02393,0
0.02448,0
0.02606,0
0.02926,0
0.00534,0
0.01218,0
0.01185,0
0.01013,0
0.01515,0
0.01848,0
0.02101,0
0.01461,0
0.01250,0
0.01012,0
0.00941,0
0.01475,0
0.01467,0
0.01816,0
0.00534,0
0.00655,0
0.00626,0
0.00590,0
0.01201,0
0.01512,0
0.01928,0
0.00534,0
0.01218,0
0.01185,0
0.01013,0
0.01539,0
0.02182,0
0.03853,0
0.04964,0
0.06858,0
0.08781,0
0.00534,0
0.01218,0
0.01272,0
0.00965,0
0.01945,0
0.02063,0
0.02949,0
0.03169,0
0.04434,0
0.06191,0
0.09852,0
0.08050,0
0.05506,0
0.04183,0
0.04930,0
0.05735,0
0.05548,0
0.05404,0
0.05456,0
0.05829,0
0.00534,0
0.01218,0
0.03778,0
0.05315,0
0.06656,0
0.07584,0
0.12520,0
0.06865,1
0.04921,1
0.07001,1
0.07000,1
0.07264,1
0.07813,1
0.06966,1
0.06530,1
0.06364,1
0.06131,1
0.00534,0
0.00655,0
0.00618,0
0.00583,0
0.00879,0
0.01624,1
0.02795,1
0.04986,1
0.05659,1
0.06336,1
0.00534,0
0.00813,0
0.00815,0
0.00732,0
0.02567,0
0.02231,0
0.03039,0
0.03101,0
0.06678,0
0.09695,0
0.00534,0
0.00819,0
0.00916,0
0.00763,0
0.01312,0
0.02155,0
0.03537,0
0.04664,0
0.05907,0
0.06965,0
0.05793,0
0.02531,0
0.02853,0
0.05878,1
0.07233,1
0.06682,1
0.08255,1
0.07744,1
0.07408,1
0.08143,1
0.00534,0
0.01218,0
0.01172,0
0.00884,0
0.01433,0
0.02533,0
0.04173,0
0.05114,0
0.05753,0
0.06008,0
0.00534,0
0.01218,0
0.01144,0
0.00886,0
0.01449,0
0.01070,0
0.01646,0
0.03091,0
0.04705,0
0.04659,0
0.05889,0
0.04762,0
0.03368,0
0.03043,0
0.02966,0
0.03020,0
0.00534,0
0.00655,0
0.00841,0
0.00806,0
0.01340,0
0.01796,0
0.01837,0
0.06554,1
0.07293,1
0.00534,0
0.01218,0
0.01424,0
0.01121,0
0.01761,0
0.02533,0
0.02460,0
0.03746,1
0.05584,1
0.07769,1
0.08501,1
0.02108,0
0.01501,0
0.01254,0
0.01013,0
0.01490,0
0.01331,0
0.02059,0
0.00534,0
0.00655,0
0.00695,0
0.00586,0
0.01358,0
0.02177,0
0.02205,0
0.02127,0
0.02418,0
0.00534,0
0.00813,0
0.00840,0
0.00703,0
0.01270,0
0.01408,0
0.01664,0
0.01952,0
0.01900,0
0.02446,0
0.13197,0
0.10972,0
0.10152,0
0.09859,0
0.10280,0
0.10802,0
0.16113,0
0.00534,0
0.01218,0
0.04494,0
0.04737,0
0.04918,0
0.04000,0
0.04173,0
0.04494,0
0.05060,0
0.06350,0
0.02108,0
0.01501,0
0.01343,0
0.01159,0
0.03184,0
0.04078,0
0.03933,0
0.05340,0
0.06031,0
0.02108,0
0.02254,0
0.01848,0
0.01512,0
0.02143,0
0.03105,0
0.04907,1
0.08003,1
0.08816,1
0.08293,1
0.08154,1
0.08424,1
0.03510,0
0.02915,0
0.01678,0
0.02612,0
0.03209,0
0.03011,0
0.02749,0
0.02636,0
0.02739,0
0.03032,0
0.01461,0
0.01250,0
0.00973,0
0.06314,0
0.05224,0
0.04066,0
0.04323,0
0.04752,0
0.04791,0
0.08633,0
0.15617,0
0.16441,0
0.07599,0
0.04668,0
0.03849,0
0.03614,0
0.03616,0
0.03887,0
0.04406,0
0.03510,0
0.03007,0
0.01860,0
0.02864,0
0.04090,0
0.06117,0
0.06089,0
0.05520,0
0.05227,0
0.05305,0
0.09852,0
0.06855,0
0.07585,0
0.06472,0
0.05088,0
0.04876,0
0.04764,0
0.04875,0
0.05372,0
0.05883,0
0.02466,0
0.03275,0
0.03805,0
0.06642,0
0.06106,0
0.05522,0
0.05108,0
0.04995,0
0.03728,0
0.02565,0
0.01491,0
0.02555,0
0.03694,0
0.06176,0
0.06369,0
0.05943,0
0.05719,0
0.05632,0
0.00534,0
0.00655,0
0.00841,0
0.00690,0
0.01229,0
0.02203,0
0.02307,0
0.02466,0
0.02685,0
0.00534,0
0.00819,0
0.01001,0
0.01357,1
0.01558,1
0.09542,1
0.07940,1
0.08691,1
0.09225,1
0.09979,1
0.12724,1
0.15556,1
0.03453,0
0.05648,0
0.04933,0
0.03566,0
0.03069,0
0.02490,0
0.02282,0
0.02198,0
0.02321,0
0.02660,0
0.01461,0
0.01806,0
0.01520,0
0.01235,0
0.01954,0
0.02676,0
0.02554,0
0.02552,0
0.02971,0
0.03071,0
0.05793,0
0.02221,0
0.03468,0
0.02323,0
0.01987,0
0.01959,0
0.02352,0
0.00534,0
0.00655,0
0.00638,0
0.00549,0
0.01167,0
0.01434,0
0.01430,0
0.00534,0
0.01218,0
0.01144,0
0.00996,0
0.01697,0
0.02192,0
0.02494,0
0.03688,1
0.04743,1
0.06654,1
0.07686,1
0.01461,0
0.01250,0
0.00999,0
0.02741,0
0.02675,0
0.02939,0
0.03336,0
0.04394,0
0.07686,0
0.10581,0
0.15001,0
0.13561,0
0.11045,0
0.09860,0
0.09921,0
0.10838,0
0.10666,0
0.07638,0
0.07419,0
0.07765,0
0.01461,0
0.01250,0
0.00985,0
0.04100,0
0.05407,0
0.06353,0
0.06344,0
0.07855,0
0.07934,0
0.05364,0
0.02196,0
0.03332,0
0.02254,0
0.02317,0
0.02629,0
0.02883,0
0.00534,0
0.01218,0
0.01185,0
0.00910,0
0.02945,0
0.04252,0
0.04794,0
0.03145,0
0.02946,0
0.03582,0
0.00534,0
0.08732,1
0.07877,1
0.05382,1
0.05828,1
0.06186,1
0.06608,1
0.06323,1
0.05663,1
0.05657,1
0.00534,0
0.00655,0
0.00638,0
0.00640,0
0.01217,0
0.01394,0
0.01624,0
0.01744,0
0.01780,0
0.02103,0
0.00534,0
0.00655,0
0.00655,0
0.02042,0
0.02612,0
0.02648,0
0.03873,0
0.03725,0
0.02901,0
0.03632,0
0.01461,0
0.01250,0
0.00973,0
0.00929,0
0.02329,0
0.02613,0
0.03183,0
0.03741,0
0.03453,0
0.03781,0
0.03453,0
0.04004,0
0.05187,0
0.06304,0
0.05063,0
0.03669,0
0.03285,0
0.03098,0
0.03323,0
0.00534,0
0.07556,0
0.04916,0
0.05896,0
0.06309,0
0.05332,0
0.05475,0
0.03453,0
0.05648,0
0.04933,0
0.03566,0
0.03069,0
0.02490,0
0.02618,0
0.02456,0
0.02524,0
0.02763,0
0.00534,0
0.00655,0
0.00734,0
0.00638,0
0.01213,0
0.01357,0
0.01604,0
0.01914,0
0.01865,0
0.02392,0
0.00534,0
0.08678,1
0.11948,1
0.10668,1
0.11304,1
0.15645,1
0.14434,1
0.13605,1
0.13552,1
0.14150,1
0.00534,0
0.00655,0
0.00741,0
0.00643,0
0.01441,0
0.03256,0
0.03107,0
0.03014,0
0.03083,0
0.03213,0
0.00534,0
0.00655,0
0.00841,0
0.00806,0
0.01340,0
0.01796,0
0.01837,0
0.08057,0
0.06012,0
0.03527,0
0.03536,0
0.02966,0
0.02599,0
0.02627,0
0.02603,0
0.02785,0
0.03391,0
0.00534,0
0.01218,0
0.04199,0
0.04692,0
0.04199,0
0.03270,0
0.03665,0
0.03970,0
0.04514,0
0.06600,0
0.05364,0
0.02356,0
0.03168,0
0.04018,0
0.04756,0
0.04229,0
0.03661,0
0.03388,0
0.03410,0
0.00534,0
0.07464,0
0.04743,0
0.05782,0
0.06110,0
0.04978,0
0.05207,0
0.03664,0
0.02798,0
0.01726,0
0.02348,0
0.02252,0
0.02052,0
0.02662,0
0.01461,0
0.01250,0
0.00973,0
0.00929,0
0.01178,0
0.01700,0
0.01874,0
0.02493,0
0.02383,0
0.02905,0
0.05883,0
0.02309,0
0.03085,0
0.03922,0
0.03918,0
0.03318,0
0.03525,0
0.03230,0
0.03171,0
0.03958,0
0.03453,0
0.04358,0
0.05472,0
0.06554,0
0.05280,0
0.03670,0
0.03259,0
0.03141,0
0.03195,0
0.00534,0
0.06315,0
0.04887,0
0.04063,0
0.03957,1
0.03867,1
0.04215,1
0.04471,1
0.05136,1
0.06126,1
0.00534,0
0.00655,0
0.00618,0
0.00583,0
0.01903,0
0.02339,0
0.05271,1
0.05144,1
0.06153,1
0.08377,1
0.12927,1
0.15757,1
0.05664,0
0.02210,0
0.03039,0
0.04182,0
0.06274,0
0.04545,0
0.03641,0
0.03403,0
0.03423,0
0.04222,0
0.11126,0
0.07536,0
0.05332,0
0.05685,0
0.05776,0
0.04969,0
0.04676,0
0.07853,0
0.08062,0
0.08109,0
0.11984,0
0.08642,0
0.05830,0
0.05304,0
0.04375,0
0.03966,0
0.03781,0
0.03956,0
0.04317,0
0.05137,0
0.03453,0
0.05017,0
0.04536,0
0.04100,0
0.03572,0
0.04280,0
0.04874,0
0.04629,0
0.04527,0
0.04674,0
0.00534,0
0.00655,0
0.00655,0
0.00686,0
0.01262,0
0.00943,0
0.01676,0
0.02108,0
0.01501,0
0.01501,0
0.01165,0
0.03688,0
0.05032,0
0.05671,0
0.05824,0
0.09213,0
0.12240,0
0.02108,0
0.01501,0
0.01346,0
0.01160,0
0.01850,0
0.02813,0
0.02790,0
0.02575,0
0.02638,0
0.02760,0
0.05475,0
0.05165,0
0.03484,0
0.03458,0
0.02743,0
0.02891,0
0.03266,0
0.03318,0
0.03638,0
0.04144,0
0.03453,0
0.03933,0
0.04128,0
0.03475,0
0.03359,0
0.02863,0
0.02996,0
0.02826,0
0.02874,0
0.03156,0
0.03728,0
0.02542,0
0.01504,0
0.03182,0
0.02991,0
0.02356,0
0.01960,0
0.01880,0
0.02196,0
0.02700,0
0.12375,0
0.11521,0
0.09758,0
0.09184,0
0.09413,0
0.10038,0
0.09676,0
0.06991,0
0.06672,0
0.07134,0
0.00534,0
0.00813,0
0.00840,0
0.00703,0
0.01385,0
0.02547,0
0.03412,0
0.03005,0
0.03173,0
0.03394,0
0.00534,0
0.01218,0
0.01144,0
0.00886,0
0.01660,0
0.02009,0
0.02208,0
0.02444,0
0.02650,0
0.00534,0
0.00819,0
0.00888,0
0.02765,0
0.03723,0
0.03496,0
0.05027,0
0.04760,0
0.03546,0
0.03954,0
0.00534,0
0.01218,0
0.01185,0
0.00910,0
0.01670,0
0.02592,0
0.02553,0
0.02591,0
0.02965,0
0.03060,0
0.03091,0
0.04705,0
0.05594,0
0.06442,0
0.04829,0
0.03465,0
0.03123,0
0.02960,0
0.03103,0
0.20592,0
0.17404,0
0.15749,0
0.14610,0
0.13250,0
0.12286,0
0.11641,0
0.11744,0
0.11955,0
0.13642,0
0.00534,0
0.01218,0
0.01160,0
0.01017,0
0.01514,1
0.03699,1
0.03579,1
0.08208,1
0.09429,1
0.00534,0
0.00655,0
0.04261,0
0.04524,0
0.04312,1
0.07280,1
0.08281,1
0.08424,1
0.08870,1
0.11328,1
0.14084,1
0.00534,0
0.01218,0
0.01172,0
0.00985,0
0.01669,0
0.02933,0
0.03685,0
0.03103,0
0.03925,0
0.04871,0
0.05883,0
0.02309,0
0.03365,0
0.03588,0
0.03312,0
0.02652,0
0.03407,1
0.03605,1
0.03826,1
0.08508,1
0.09448,1
0.00534,0
0.00655,0
0.00655,0
0.00686,0
0.01262,0
0.00919,0
0.01517,0
0.00534,0
0.00655,0
0.00841,0
0.00690,0
0.01229,0
0.02480,0
0.03360,0
0.02754,0
0.02782,0
0.02945,0
0.00534,0
0.00655,0
0.00638,0
0.00549,0
0.00835,0
0.01561,0
0.01887,0
0.01888,0
0.01889,0
0.02427,0
0.00534,0
0.00819,0
0.00874,0
0.00842,0
0.01381,0
0.01036,0
0.01329,0
0.05664,0
0.02351,0
0.03368,0
0.02272,0
0.01788,0
0.02014,0
0.02412,0
0.05364,0
0.02356,0
0.03168,0
0.04279,0
0.06532,0
0.04925,0
0.04581,0
0.04156,0
0.04007,0
0.04799,0
0.13770,0
0.05738,0
0.04957,0
0.03527,0
0.03384,0
0.03300,0
0.03233,0
0.03293,0
0.03719,0
0.05284,0
0.00534,0
0.00655,0
0.00741,0
0.03470,0
0.02714,0
0.02532,0
0.02879,0
0.03659,0
0.03651,0
0.04594,0
0.00534,0
0.00655,0
0.00618,0
0.00674,0
0.01254,0
0.00901,0
0.01507,0
0.03728,0
0.02666,0
0.01440,0
0.02142,0
0.03156,0
0.02605,0
0.02688,0
0.01461,0
0.01393,0
0.01224,0
0.01009,0
0.01536,0
0.01118,0
0.01684,0
0.09852,0
0.11161,0
0.07649,0
0.05963,0
0.05669,0
0.04568,0
0.04261,0
0.04034,0
0.04043,0
0.04433,0
0.03453,0
0.04392,0
0.04417,0
0.02884,0
0.02302,0
0.02385,0
0.02662,0
0.02108,0
0.02254,0
0.01996,0
0.01524,0
0.02135,0
0.03017,0
0.02898,0
0.02650,0
0.02665,0
0.02797,0
0.00534,0
0.00655,0
0.00638,0
0.03204,0
0.03351,0
0.02499,0
0.02815,0
0.03281,0
0.03600,0
0.05449,0
0.15001,0
0.12668,0
0.12848,0
0.13973,0
0.09922,0
0.07563,0
0.06725,0
0.06237,0
0.06484,0
0.06740,0
0.00534,0
0.00655,0
0.00626,0
0.00590,0
0.01201,0
0.01316,0
0.01622,0
0.06551,0
0.05903,0
0.03769,0
0.03839,0
0.03158,0
0.02735,0
0.02843,0
0.02860,0
0.03153,0
0.03775,0
0.00534,0
0.00655,0
0.03957,0
0.04235,0
0.03517,0
0.02961,0
0.03273,0
0.03698,0
0.04355,0
0.06537,0
0.00534,0
0.01218,0
0.01271,0
0.01011,0
0.01366,0
0.01844,0
0.02363,0
0.02656,0
0.02490,0
0.03020,0
0.00534,0
0.00655,0
0.00841,0
0.00690,0
0.01254,0
0.01727,0
0.02080,0
0.06672,1
0.07677,1
0.07930,1
0.09109,1
0.07696,1
0.06287,1
0.06035,1
0.00534,0
0.00655,0
0.00695,0
0.00705,0
0.01275,0
0.01061,0
0.01690,0
0.00534,0
0.01218,0
0.08026,0
0.07128,0
0.05809,0
0.05973,0
0.05795,0
0.05770,0
0.06335,0
0.02108,0
0.01501,0
0.01256,0
0.00978,0
0.01480,0
0.01402,0
0.01946,0
0.01461,0
0.01806,0
0.01531,0
0.01259,0
0.02256,0
0.01753,0
0.02288,0
0.00534,0
0.02253,1
0.04908,1
0.05578,1
0.05909,1
0.05662,1
0.05654,1
0.06530,1
0.08358,1
0.03453,0
0.04358,0
0.04323,0
0.04170,0
0.04313,0
0.04192,0
0.03669,0
0.03535,0
0.03529,0
0.03773,0
0.00534,0
0.00655,0
0.00695,0
0.02543,0
0.02614,0
0.02878,0
0.03769,0
0.03999,0
0.03067,0
0.03744,0
0.00534,0
0.00655,0
0.00638,0
0.00549,0
0.01167,0
0.01503,0
0.01916,0
0.09357,0
0.15911,0
0.13028,0
0.06974,0
0.05078,0
0.04928,0
0.04525,0
0.04401,0
0.04689,0
0.05622,0
0.00534,0
0.00655,0
0.00638,0
0.00549,0
0.01167,0
0.01434,0
0.01430,0
0.02108,0
0.01501,0
0.04273,0
0.03486,0
0.03790,0
0.04382,0
0.04856,0
0.04045,0
0.04011,0
0.04144,0
0.01461,0
0.01250,0
0.01095,0
0.03588,1
0.05110,1
0.04388,1
0.04222,1
0.05912,1
0.06905,1
0.07677,1
0.03728,0
0.02927,0
0.01731,0
0.08280,1
0.09118,1
0.09098,1
0.10893,1
0.10755,1
0.13072,1
0.13653,1
0.04983,0
0.03348,0
0.01983,0
0.02532,0
0.02575,0
0.02306,0
0.02556,0
0.00534,0
0.00655,0
0.00655,0
0.01173,1
0.03362,1
0.04875,1
0.04795,1
0.04884,1
0.05154,1
0.05757,1
0.06847,1
0.00534,0
0.01218,0
0.01271,0
0.01011,0
0.01494,0
0.01141,0
0.01482,0
0.03728,0
0.02542,0
0.01444,0
0.02662,0
0.03095,0
0.02795,0
0.02676,0
0.02460,0
0.02548,0
0.02915,0
0.10696,0
0.07598,0
0.04418,0
0.03790,0
0.02944,0
0.03043,0
0.03150,0
0.03277,0
0.03985,0
0.00534,0
0.00655,0
0.03974,0
0.04956,0
0.06115,0
0.07056,0
0.09552,0
0.05364,0
0.02196,0
0.03332,0
0.03136,0
0.02770,0
0.02628,0
0.02805,0
0.09852,0
0.08450,0
0.05288,0
0.04074,0
0.03001,0
0.03261,0
0.03315,0
0.03418,0
0.04016,0
0.03453,0
0.04392,0
0.04816,0
0.03191,0
0.02577,0
0.02662,0
0.03112,0
0.03453,0
0.04358,0
0.04323,0
0.03892,0
0.04002,0
0.03685,0
0.03248,0
0.03035,0
0.03065,0
0.03268,0
0.00534,0
0.00655,0
0.00626,0
0.00590,0
0.01201,0
0.00873,0
0.01621,0
0.01461,0
0.01806,0
0.01491,0
0.01142,0
0.01635,0
0.01276,0
0.01829,0
0.00534,0
0.00819,0
0.04664,0
0.05134,0
0.03226,0
0.03017,0
0.03143,0
0.03436,0
0.03979,0
0.05929,0
0.00534,0
0.01218,0
0.01144,0
0.00996,0
0.01697,0
0.02563,0
0.03777,0
0.03702,0
0.03828,0
0.01461,0
0.01393,0
0.01326,0
0.01046,0
0.01595,0
0.01160,0
0.01822,0
0.03728,0
0.03702,1
0.04954,1
0.04156,1
0.04618,1
0.04280,1
0.04750,1
0.05413,1
0.07363,1
0.09165,1
0.10130,1
0.15617,0
0.16441,0
0.07809,0
0.05496,0
0.04807,0
0.04359,0
0.04267,0
0.04499,0
0.04933,0
0.04983,0
0.03348,0
0.01912,0
0.03082,0
0.03405,0
0.02949,0
0.02863,0
0.02638,0
0.02956,0
0.03185,0
0.00534,0
0.00819,0
0.01001,0
0.00811,0
0.01566,0
0.02457,0
0.02467,0
0.02419,0
0.02470,0
0.02627,0
0.00534,0
0.00655,0
0.03729,0
0.03143,0
0.05920,0
0.06782,0
0.07320,0
0.08562,0
0.09019,0
0.06672,0
0.02497,0
0.03719,0
0.03983,0
0.03643,0
0.03328,0
0.02690,0
0.02661,0
0.02670,0
0.03491,0
0.00534,0
0.01218,0
0.01272,0
0.02820,0
0.02407,0
0.02692,0
0.02762,0
0.03515,0
0.06468,0
0.00534,0
0.00819,0
0.04104,1
0.05262,1
0.06240,1
0.11150,1
0.13647,1
0.12060,1
0.00534,0
0.00655,0
0.00695,0
0.00705,0
0.01401,0
0.02850,0
0.03785,0
0.03327,0
0.03408,0
0.03468,0
0.00534,0
0.00655,0
0.00734,0
0.03757,0
0.03358,0
0.02509,0
0.02873,0
0.03301,0
0.03991,0
0.05810,0
0.00534,0
0.01218,0
0.01160,0
0.00902,1
0.01624,1
0.02371,1
0.04141,1
0.04293,1
0.04162,1
0.05304,1
0.03728,0
0.02565,0
0.01418,0
0.02295,0
0.03101,0
0.02265,0
0.01900,0
0.01833,0
0.02204,0
0.03034,0
0.03091,0
0.05254,0
0.04744,0
0.03772,0
0.03057,0
0.02313,0
0.02151,0
0.02108,0
0.02248,0
0.02656,0
0.00534,0
0.00819,0
0.00874,0
0.00750,0
0.01310,0
0.01307,0
0.01287,0
0.03453,0
0.04004,0
0.05288,0
0.05091,0
0.04514,0
0.04437,0
0.04166,0
0.03939,0
0.03943,0
0.04098,0
0.11240,0
0.12745,0
0.09773,0
0.08853,0
0.08056,0
0.06976,0
0.06880,0
0.07274,0
0.07827,0
0.08355,0
0.05664,0
0.02210,0
0.03273,0
0.03670,0
0.02650,0
0.02358,0
0.02609,0
0.03728,0
0.02818,0
0.01479,0
0.02557,0
0.03355,0
0.03002,0
0.02775,0
0.02681,0
0.02707,0
0.03075,0
0.08057,1
0.09271,1
0.13906,1
0.12047,1
0.10401,1
0.07938,1
0.07597,1
0.07052,1
0.06731,1
0.06801,1
0.03728,0
0.02900,0
0.01583,0
0.03062,0
0.02948,0
0.02314,0
0.02105,0
0.01982,0
0.02296,0
0.03107,0
0.00534,0
0.00819,0
0.01135,0
0.00999,0
0.01531,0
0.01731,0
0.02020,0
0.00534,0
0.01218,0
0.08922,0
0.07542,0
0.05953,0
0.05894,0
0.05562,0
0.05276,0
0.05654,0
0.06596,0
0.00534,0
0.01218,0
0.01270,0
0.00976,0
0.02284,0
0.02527,0
0.03496,0
0.04058,0
0.03278,0
0.03683,0
0.20592,1
0.14650,1
0.12908,1
0.11948,1
0.10259,1
0.08575,1
0.09427,1
0.09572,1
0.13180,1
0.13543,1
0.03091,0
0.04705,0
0.05867,0
0.05413,0
0.04938,0
0.04455,0
0.03845,0
0.03486,0
0.03463,0
0.03615,0
0.03091,0
0.05254,0
0.04744,0
0.03478,0
0.02909,0
0.02492,0
0.02652,0
0.02630,0
0.02648,0
0.02854,0
0.10169,0
0.07149,0
0.03889,0
0.03118,0
0.02981,0
0.05346,0
0.05736,0
0.03091,0
0.03452,0
0.04499,0
0.03905,0
0.03352,0
0.02665,0
0.02496,0
0.02405,0
0.02477,0
0.02719,0
0.00534,0
0.06315,0
0.04887,0
0.04063,0
0.03888,0
0.03011,0
0.03465,0
0.03774,0
0.04447,0
0.05362,0
0.00534,0
0.00813,0
0.00827,0
0.00739,0
0.04709,1
0.05155,1
0.06522,1
0.08934,1
0.09969,1
0.10811,1
0.10696,0
0.06664,0
0.07180,0
0.04320,0
0.03880,0
0.02970,0
0.02947,0
0.02926,0
0.03126,0
0.03780,0
0.03453,0
0.04392,0
0.03064,0
0.02299,0
0.02237,0
0.02399,0
0.02887,0
0.10169,0
0.06179,0
0.07266,1
0.05750,1
0.05309,1
0.05164,1
0.05660,1
0.00534,0
0.01218,0
0.04494,0
0.04806,0
0.04280,0
0.03493,0
0.03828,0
0.04107,0
0.04573,0
0.05824,0
0.00534,0
0.00655,0
0.00695,0
0.00586,0
0.01187,0
0.01651,0
0.01719,0
0.10169,0
0.04153,0
0.02554,0
0.02282,0
0.02451,0
0.02640,0
0.03463,0
0.02108,0
0.01769,0
0.01582,0
0.01232,0
0.01683,0
0.01409,0
0.01970,0
0.00534,0
0.00813,0
0.01025,0
0.02862,0
0.02849,0
0.03077,0
0.03879,0
0.04347,0
0.03322,0
0.03686,0
0.04983,0
0.03538,0
0.01969,0
0.02462,0
0.02577,0
0.02584,0
0.02783,0
0.00534,0
0.00655,0
0.00638,0
0.00549,0
0.01155,0
0.01989,0
0.02013,0
0.02085,0
0.02220,0
0.02420,0
0.08057,0
0.06012,0
0.03527,0
0.03536,0
0.02787,0
0.02958,0
0.02929,0
0.02925,0
0.03231,0
0.03780,0
0.00534,0
0.00655,0
0.00638,0
0.00549,0
0.01363,0
0.02281,0
0.02328,0
0.02352,0
0.02437,0
0.02592,0
0.04983,0
0.03485,0
0.01943,0
0.02991,0
0.04071,0
0.05585,0
0.04987,0
0.04363,0
0.05207,0
0.11882,0
0.14811,0
0.07302,0
0.04654,0
0.03939,0
0.03736,0
0.03748,0
0.03991,0
0.04474,0
0.05595,0
0.02262,0
0.03214,0
0.05283,0
0.05611,0
0.04475,0
0.03890,0
0.03539,0
0.03395,0
0.04145,0
0.00534,0
0.01218,0
0.04702,0
0.05802,0
0.03749,0
0.03512,0
0.03656,0
0.03846,0
0.04325,0
0.06046,0
0.10169,0
0.06644,0
0.04113,0
0.03175,0
0.02912,0
0.02933,0
0.03642,0
0.05115,1
0.04422,1
0.03509,1
0.04788,1
0.04982,1
0.03476,1
0.02920,1
0.02852,1
0.03573,1
0.08491,1
0.09339,1
0.02108,0
0.02254,0
0.01901,0
0.01558,0
0.01897,0
0.02091,0
0.02211,0
0.00534,0
0.00655,0
0.07517,0
0.06029,0
0.04413,0
0.04479,0
0.04090,0
0.04210,0
0.04750,0
0.08513,0
0.01461,0
0.01393,0
0.04289,0
0.03422,0
0.05057,0
0.06225,0
0.06661,0
0.04406,0
0.04044,0
0.04511,0
0.00534,0
0.00655,0
0.00741,0
0.00734,0
0.01304,0
0.01319,0
0.01299,0
0.00534,0
0.00655,0
0.00626,0
0.00590,0
0.01201,0
0.00834,0
0.01155,0
0.00534,0
0.01218,0
0.03778,0
0.04767,0
0.05950,0
0.06988,0
0.12356,0
0.00534,0
0.01218,0
0.01160,0
0.00902,0
0.01478,0
0.01619,0
0.01884,0
0.02415,0
0.02306,0
0.02875,0
0.00534,0
0.00655,0
0.00695,0
0.00705,0
0.01275,0
0.01672,0
0.01691,0
0.11913,0
0.06888,0
0.12779,1
0.11153,1
0.10415,1
0.08833,1
0.08853,1
0.07942,1
0.07541,1
0.00534,0
0.00813,0
0.00854,0
0.00745,0
0.01422,0
0.02212,0
0.03316,0
0.03442,0
0.03692,0
0.04514,0
0.03091,0
0.03588,0
0.04346,0
0.03703,0
0.03134,0
0.02532,0
0.02718,0
0.02560,0
0.02588,0
0.02836,0
0.04983,0
0.03370,0
0.01950,0
0.02434,0
0.02274,0
0.02367,0
0.02637,0
0.00534,0
0.00655,0
0.00655,0
0.00594,0
0.01177,0
0.01498,0
0.01513,0
0.01800,0
0.01611,0
0.02201,0
0.09852,0
0.08450,0
0.05288,0
0.04074,0
0.03001,0
0.02940,0
0.02973,0
0.03212,0
0.03826,0
0.10169,0
0.04153,0
0.02554,0
0.02282,0
0.02451,0
0.02850,0
0.03725,0
0.00534,0
0.00655,0
0.05260,0
0.03186,0
0.03257,0
0.03428,0
0.03072,0
0.03133,0
0.03062,0
0.04366,0
0.03728,0
0.02818,0
0.01479,0
0.03002,0
0.02893,0
0.02153,0
0.01972,0
0.01860,0
0.02195,0
0.03008,0
0.01461,0
0.01806,0
0.01520,0
0.01145,0
0.01620,0
0.01244,0
0.01918,0
0.13770,0
0.05738,0
0.04957,0
0.03527,0
0.02978,0
0.02970,0
0.02964,0
0.03278,0
0.03719,0
0.05313,0
0.00534,0
0.00655,0
0.00618,0
0.00674,0
0.01254,0
0.01567,0
0.01579,0
0.03510,0
0.02627,0
0.01598,0
0.03209,0
0.03211,0
0.02331,0
0.01843,0
0.01749,0
0.02133,0
0.02956,0
0.00534,0
0.00655,0
0.00626,0
0.03983,1
0.08282,1
0.09150,1
0.09540,1
0.13759,1
0.13562,1
0.13747,1
0.10079,0
0.07373,0
0.04269,0
0.03476,0
0.02504,0
0.02517,0
0.02660,0
0.02914,0
0.03619,0
0.00534,0
0.00655,0
0.00655,0
0.00686,0
0.01262,0
0.01011,0
0.01569,0
0.03859,1
0.06341,1
0.05208,1
0.08522,1
0.08503,1
0.07644,1
0.07584,1
0.00534,0
0.00655,0
0.00638,0
0.00640,0
0.01232,0
0.01270,0
0.01542,0
0.02108,0
0.01641,0
0.01428,0
0.01154,0
0.02125,0
0.02534,0
0.02666,0
0.00534,0
0.00655,0
0.04378,0
0.02760,0
0.02473,0
0.02760,0
0.02577,0
0.02606,0
0.02915,0
0.04220,0
0.18201,0
0.08728,0
0.05896,0
0.05113,0
0.04478,0
0.03388,0
0.04018,0
0.02108,0
0.09928,0
0.06712,0
0.06697,0
0.08251,0
0.08117,0
0.08076,0
0.08403,0
0.08871,0
0.10169,0
0.04473,0
0.02639,0
0.02628,0
0.02795,0
0.03004,0
0.03775,0
0.03728,1
0.06337,1
0.08203,1
0.08519,1
0.08946,1
0.10069,1
0.14562,1
0.00534,0
0.00655,0
0.00841,0
0.00806,0
0.01469,0
0.02801,0
0.03734,0
0.03179,0
0.03217,0
0.03257,0
0.00534,0
0.04108,1
0.03441,1
0.04461,1
0.05183,1
0.04462,1
0.04496,1
0.06485,1
0.07294,1
0.00534,0
0.03649,0
0.03919,0
0.04907,0
0.05374,0
0.04832,0
0.05173,0
0.10696,0
0.07598,0
0.04418,0
0.03544,0
0.02831,0
0.02835,0
0.02978,0
0.03247,0
0.03897,0
0.00534,0
0.00655,0
0.00695,0
0.04377,1
0.04760,1
0.00534,0
0.00819,0
0.01002,0
0.00907,0
0.01451,0
0.01770,0
0.01953,0
0.02086,0
0.01978,0
0.02480,0
0.00534,0
0.01218,0
0.01160,0
0.00902,0
0.01459,0
0.01074,0
0.01349,0
0.00534,0
0.00655,0
0.00695,0
0.00705,0
0.01275,0
0.01026,0
0.01378,0
0.10169,0
0.04153,0
0.03146,0
0.02652,0
0.02683,0
0.02927,0
0.03678,0
0.05595,1
0.02262,1
0.05949,1
0.09285,1
0.08978,1
0.07409,1
0.07688,1
0.09407,1
0.04983,0
0.03348,0
0.01983,0
0.02532,0
0.02575,0
0.02306,0
0.02556,0
0.01461,0
0.08336,0
0.05671,0
0.06043,0
0.07212,0
0.10411,1
0.09843,1
0.09355,1
0.09350,1
0.09699,1
0.10432,1
0.00534,0
0.00655,0
0.00695,0
0.00705,0
0.01275,0
0.00963,0
0.01649,0
0.03728,0
0.03222,0
0.01834,0
0.02685,0
0.03003,0
0.02381,0
0.02117,0
0.02061,0
0.02468,0
0.03312,0
0.00534,0
0.00655,0
0.00638,0
0.00549,0
0.01167,0
0.00925,0
0.01491,0
0.02108,0
0.01501,0
0.01218,0
0.01101,0
0.01795,0
0.02626,0
0.02519,0
0.02365,0
0.02702,0
0.03728,0
0.02927,0
0.01782,0
0.02329,0
0.03847,0
0.03195,0
0.03217,0
0.03453,0
0.12860,0
0.14075,0
0.14865,0
0.13246,0
0.10814,0
0.09112,0
0.08262,0
0.08200,0
0.08283,0
0.03091,0
0.05254,0
0.04744,0
0.03621,0
0.03181,0
0.02521,0
0.02728,0
0.02572,0
0.02710,0
0.03055,0
0.00534,0
0.06315,0
0.04887,0
0.04534,0
0.04590,0
0.03859,0
0.04187,0
0.04693,0
0.05206,0
0.06093,0
0.00534,0
0.01218,0
0.01160,0
0.00902,0
0.01478,0
0.01619,0
0.01884,0
0.02415,0
0.02306,0
0.02796,0
0.00534,0
0.00655,0
0.00618,0
0.00674,0
0.01263,0
0.01403,0
0.01631,0
0.02210,0
0.02160,0
0.02687,0
0.00534,0
0.01218,0
0.01144,0
0.04263,0
0.03831,0
0.02936,0
0.03244,0
0.03640,0
0.04356,0
0.06247,0
0.10169,1
0.09220,1
0.08893,1
0.09015,1
0.09616,1
0.10228,1
0.09684,1
0.03091,0
0.04771,0
0.03806,0
0.03333,0
0.02926,0
0.02929,0
0.03308,0
0.00534,0
0.00813,0
0.00827,0
0.00739,0
0.01289,0
0.01838,0
0.02143,0
0.02557,0
0.02684,0
0.04983,0
0.03974,0
0.02402,0
0.02698,0
0.02667,0
0.02688,0
0.02860,0
0.03453,0
0.04358,0
0.04380,0
0.05972,0
0.06225,0
0.07274,0
0.06608,0
0.06234,0
0.06017,0
0.00534,0
0.01218,0
0.01272,0
0.01072,0
0.01618,0
0.01920,0
0.01979,0
0.01957,0
0.01944,0
0.02252,0
0.03091,0
0.04124,0
0.04291,0
0.05962,0
0.05009,0
0.03432,0
0.03079,0
0.02921,0
0.02996,0
0.10079,0
0.10013,0
0.06827,0
0.05404,0
0.05321,0
0.04048,0
0.03929,0
0.03748,0
0.03809,0
0.04214,0
0.00534,0
0.00655,0
0.00638,0
0.00640,0
0.01676,0
0.01951,0
0.01891,0
0.04983,0
0.03538,0
0.01920,0
0.03352,0
0.03354,0
0.02642,0
0.02236,0
0.02438,0
0.02568,0
0.02992,0
0.05664,0
0.02210,0
0.03039,0
0.04317,0
0.04552,0
0.03944,0
0.03480,0
0.03243,0
0.03295,0
0.10169,0
0.06179,0
0.03480,0
0.03053,0
0.02931,0
0.03113,0
0.03794,0
0.02108,0
0.01501,0
0.01256,0
0.01074,0
0.01553,0
0.02560,0
0.02506,0
0.02907,0
0.02957,0
0.03052,0
0.00534,0
0.01218,0
0.01160,0
0.00902,0
0.01651,0
0.02482,0
0.02350,0
0.02257,0
0.02389,0
0.02490,0
0.03453,0
0.05017,0
0.04839,0
0.04324,0
0.04085,0
0.03854,0
0.03302,0
0.03035,0
0.03064,0
0.03372,0
0.00534,0
0.00819,0
0.00905,0
0.00723,0
0.01386,0
0.02932,0
0.03397,0
0.03293,0
0.03522,0
0.03734,0
0.03453,0
0.04392,0
0.04919,0
0.03123,0
0.02455,0
0.02453,0
0.02904,0
0.10696,0
0.06851,0
0.04969,0
0.04463,0
0.06211,0
0.07519,0
0.07010,0
0.06601,0
0.06416,0
0.06656,0
0.01461,0
0.01250,0
0.01213,0
0.00958,0
0.01617,0
0.02282,0
0.03130,0
0.02680,0
0.02831,0
0.03041,0
0.01461,0
0.01806,0
0.01531,0
0.01168,0
0.01653,0
0.01956,0
0.01896,0
0.01461,0
0.01250,0
0.06193,0
0.04033,0
0.03885,0
0.02843,0
0.03488,0
0.04154,0
0.04874,0
0.07165,0
0.00534,0
0.00655,0
0.00734,0
0.00638,0
0.01962,0
0.02387,0
0.03187,0
0.03778,0
0.03349,0
0.03581,0
0.02108,0
0.02254,0
0.05362,0
0.05494,0
0.04760,0
0.03777,0
0.03974,0
0.04274,0
0.04735,0
0.05967,0
0.00534,0
0.00655,0
0.00734,0
0.00638,0
0.01244,0
0.00871,0
0.01190,0
0.10169,0
0.04252,0
0.02748,0
0.02482,0
0.02697,0
0.02879,0
0.03761,0
0.13940,0
0.09109,0
0.05358,0
0.04682,0
0.04098,0
0.04021,0
0.03862,0
0.03905,0
0.04298,0
0.05116,0
0.03091,0
0.04047,0
0.04058,0
0.02568,0
0.02218,0
0.02284,0
0.02905,0
0.09852,0
0.08050,0
0.05316,0
0.03939,0
0.04070,0
0.03212,0
0.03079,0
0.03000,0
0.03112,0
0.03649,0
0.03728,0
0.02818,0
0.01479,0
0.03002,0
0.03453,0
0.02274,0
0.01833,0
0.01692,0
0.02003,0
0.02493,0
0.00534,0
0.00655,0
0.00655,0
0.03066,0
0.02349,0
0.02224,0
0.02664,0
0.03498,0
0.03343,0
0.04248,0
0.00534,0
0.00813,0
0.00815,0
0.00732,0
0.01488,0
0.02497,0
0.03220,0
0.02981,0
0.02969,0
0.03055,0
0.12044,0
0.06368,0
0.07312,0
0.07257,0
0.07149,0
0.06505,0
0.05786,0
0.05288,0
0.05109,0
0.00534,0
0.00655,0
0.00741,0
0.00643,0
0.01350,0
0.02583,0
0.03451,0
0.03017,0
0.02910,0
0.03122,0
0.04983,0
0.03348,0
0.01983,0
0.03010,0
0.04040,0
0.05535,0
0.05474,0
0.04868,0
0.05752,0
0.00534,0
0.00655,0
0.00655,0
0.04290,1
0.06225,1
0.06132,1
0.08064,1
0.06433,1
0.07551,1
0.08119,1
0.01461,0
0.01250,0
0.01095,0
0.00897,0
0.01447,0
0.01092,0
0.01802,0
0.02108,0
0.01501,0
0.01256,0
0.04154,0
0.03240,0
0.02939,0
0.03251,0
0.03914,0
0.03637,0
0.04991,0
0.00534,0
0.01218,0
0.01172,0
0.00985,0
0.01669,0
0.02284,0
0.02576,0
0.02507,0
0.02558,0
0.02604,0
0.02108,0
0.01501,0
0.01256,0
0.00978,0
0.01225,0
0.01670,0
0.02208,0
0.02451,0
0.02348,0
0.02852,0
0.01461,0
0.01806,0
0.01784,0
0.01383,0
0.01763,0
0.01871,0
0.01815,0
0.11882,0
0.15370,1
0.14757,1
0.12907,1
0.11844,1
0.11562,1
0.11749,1
0.11760,1
0.03728,0
0.03222,0
0.01834,0
0.02390,0
0.03803,0
0.03698,0
0.03632,0
0.10079,0
0.07373,0
0.04269,0
0.03621,0
0.02707,0
0.02741,0
0.02894,0
0.03159,0
0.03910,0
0.01461,0
0.01250,0
0.01012,0
0.00849,0
0.01590,0
0.02403,0
0.02345,0
0.02257,0
0.02424,0
0.02556,0
0.03728,0
0.02900,0
0.01631,0
0.02353,0
0.03759,0
0.05297,0
0.04620,0
0.04078,0
0.04980,0
0.01461,0
0.01250,0
0.01012,0
0.00849,0
0.01400,0
0.01069,0
0.01350,0
0.03091,0
0.04124,0
0.04306,0
0.04228,0
0.03799,0
0.03422,0
0.02900,0
0.02677,0
0.02743,0
0.02967,0
0.00534,0
0.00655,0
0.00695,0
0.00586,0
0.01358,0
0.02137,0
0.03788,0
0.03495,0
0.03795,0
0.04233,0
0.00534,0
0.01218,0
0.04494,0
0.04737,0
0.04784,0
0.03932,0
0.04243,0
0.04457,0
0.04894,0
0.06224,0
0.00534,0
0.00655,0
0.00695,0
0.00705,0
0.01260,1
0.03585,1
0.09762,1
0.10894,1
0.00534,0
0.01218,0
0.01144,0
0.00996,0
0.01507,0
0.01523,0
0.01750,0
0.00534,0
0.00813,0
0.00827,0
0.00831,0
0.02738,0
0.03784,0
0.03896,0
0.05288,0
0.05718,0
0.01461,0
0.04667,0
0.04041,0
0.04491,0
0.03368,0
0.02904,0
0.03305,0
0.03789,0
0.04434,0
0.05978,0
0.10169,0
0.07149,0
0.04119,0
0.03252,0
0.03097,0
0.03125,0
0.03810,0
0.08057,0
0.05724,0
0.03394,0
0.03687,0
0.03099,0
0.02739,0
0.02778,0
0.02795,0
0.02918,0
0.03523,0
0.02108,0
0.01501,0
0.01343,0
0.01048,0
0.01490,0
0.02324,0
0.03901,0
0.03723,0
0.03902,0
0.10079,0
0.06614,0
0.05095,0
0.04062,0
0.05674,0
0.04762,0
0.04440,0
0.04202,0
0.04093,0
0.04549,0
0.00534,0
0.00655,0
0.00841,0
0.00806,0
0.01558,0
0.02444,0
0.02513,0
0.02337,0
0.02433,0
0.02543,0
0.03728,0
0.02818,0
0.01479,0
0.02186,0
0.03593,0
0.03504,0
0.03462,0
0.03728,0
0.02666,0
0.01506,0
0.02285,0
0.03686,0
0.05175,0
0.04388,0
0.03911,0
0.04850,0
0.05793,0
0.02531,0
0.03417,0
0.04218,0
0.04129,0
0.03757,0
0.03472,0
0.03102,0
0.03030,0
0.03768,0
0.06672,0
0.02497,0
0.03603,0
0.03864,0
0.02745,0
0.02403,0
0.02632,0
0.00534,0
0.00655,0
0.00618,0
0.00583,0
0.00957,0
0.01673,0
0.01996,0
0.02023,0
0.02028,0
0.02647,0
0.00534,0
0.00655,0
0.00626,0
0.00681,0
0.01390,0
0.02320,0
0.02347,0
0.03196,0
0.04603,0
0.00534,0
0.00655,0
0.00655,0
0.00594,0
0.01380,0
0.02111,0
0.03392,0
0.03593,0
0.03685,0
0.00534,0
0.01218,0
0.01185,0
0.00910,0
0.01181,0
0.01597,0
0.01991,0
0.02099,0
0.02111,0
0.02439,0
0.04983,0
0.04266,0
0.02531,0
0.03356,0
0.04402,0
0.05816,0
0.05156,0
0.04511,0
0.05329,0
0.05664,0
0.02210,0
0.03273,0
0.02224,0
0.02261,0
0.02189,0
0.02527,0
0.00534,0
0.03914,1
0.03446,1
0.04856,1
0.04754,1
0.04938,1
0.05915,1
0.03510,0
0.02915,0
0.01678,0
0.02612,0
0.04314,0
0.03861,0
0.03496,0
0.03151,0
0.03454,0
0.03514,0
0.05664,0
0.02210,0
0.03262,0
0.03546,0
0.03273,0
0.02610,0
0.02117,0
0.02012,0
0.02092,0
0.02601,0
0.11984,0
0.09236,0
0.05399,0
0.05290,0
0.04061,0
0.03691,0
0.03677,0
0.03707,0
0.04021,0
0.04874,0
0.05664,0
0.02210,0
0.03273,0
0.02224,0
0.02461,0
0.02337,0
0.02653,0
0.00534,0
0.00655,0
0.00626,0
0.00681,0
0.02613,0
0.03709,0
0.03436,0
0.03505,0
0.03707,0
0.04740,0
0.00534,0
0.00655,0
0.00638,0
0.00549,0
0.01167,0
0.00860,0
0.01476,0
0.05475,0
0.05165,0
0.03332,0
0.03613,0
0.03034,0
0.03030,0
0.03088,0
0.03198,0
0.03447,0
0.03967,0
0.00534,0
0.07514,0
0.05902,0
0.04816,0
0.04415,0
0.03512,0
0.03852,0
0.04346,0
0.04926,0
0.05799,0
0.01461,0
0.01250,0
0.00985,0
0.03788,0
0.03676,0
0.03057,0
0.03332,0
0.03810,0
0.04048,0
0.06324,0
0.05883,0
0.02309,0
0.03391,0
0.02364,0
0.01941,0
0.02203,0
0.02577,0
0.00534,0
0.00819,0
0.01002,0
0.00814,0
0.01360,0
0.01602,0
0.01867,0
0.10696,0
0.06017,0
0.03978,0
0.03188,0
0.02390,0
0.02451,0
0.02626,0
0.02815,0
0.03463,0
0.00534,0
0.01218,0
0.01160,0
0.00902,0
0.01968,0
0.01635,0
0.02399,0
0.11882,1
0.09340,1
0.08317,1
0.14162,1
0.11461,1
0.09495,1
0.08510,1
0.07919,1
0.07671,1
0.00534,0
0.00655,0
0.00618,0
0.00583,0
0.01190,0
0.00836,0
0.01150,0
0.00534,0
0.00813,0
0.01025,0
0.02435,0
0.02612,0
0.03282,0
0.03391,0
0.03835,0
0.07017,0
0.10037,0
0.00534,0
0.01218,0
0.01272,0
0.00965,0
0.01502,0
0.01147,0
0.01719,0
0.03728,0
0.02542,0
0.01504,0
0.02127,0
0.02094,0
0.01931,0
0.02389,0
0.00534,0
0.00819,0
0.00916,0
0.00763,0
0.01322,0
0.01063,0
0.01598,0
0.00534,0
0.05172,0
0.06876,0
0.04312,0
0.03577,0
0.02930,0
0.03349,0
0.03673,0
0.04344,0
0.05360,0
0.00534,0
0.00819,0
0.00905,0
0.00815,0
0.02643,0
0.03450,0
0.03532,0
0.05405,0
0.06997,0
0.08365,0
0.01461,0
0.01393,0
0.01326,0
0.04797,1
0.04565,1
0.08929,1
0.09081,1
0.13630,1
0.14140,1
0.13767,1
0.03453,0
0.05648,0
0.04933,0
0.03867,0
0.03134,0
0.02495,0
0.02276,0
0.02317,0
0.02422,0
0.02751,0
0.01461,0
0.01806,0
0.01630,0
0.01270,0
0.01886,0
0.02770,0
0.02968,0
0.02853,0
0.03080,0
0.03290,0
0.03091,0
0.03719,0
0.05113,0
0.05060,0
0.04487,0
0.04369,0
0.04134,0
0.04036,0
0.04041,0
0.04292,0
0.00534,0
0.01218,0
0.06135,0
0.05024,0
0.03976,0
0.04123,0
0.03775,0
0.03851,0
0.03926,0
0.05662,0
0.05793,0
0.02221,0
0.03468,0
0.02323,0
0.02484,0
0.02372,0
0.02681,0
0.05475,0
0.05165,0
0.03484,0
0.03653,0
0.03050,0
0.03021,0
0.03082,0
0.03127,0
0.03265,0
0.03853,0
0.04983,0
0.03538,0
0.01920,0
0.02738,0
0.03855,0
0.05372,0
0.04694,0
0.04155,0
0.05040,0
0.03728,0
0.02818,0
0.01519,0
0.02193,0
0.02324,0
0.02367,0
0.02723,0
0.05793,0
0.02221,0
0.03166,0
0.03936,0
0.04023,0
0.03511,0
0.03199,0
0.02866,0
0.02810,0
0.03574,0
0.03091,0
0.05254,0
0.03980,0
0.03443,0
0.03091,0
0.02760,0
0.02588,0
0.02503,0
0.02622,0
0.02846,0
0.04983,0
0.03538,0
0.01969,0
0.02462,0
0.02348,0
0.02762,0
0.02963,0
0.00534,0
0.00655,0
0.00655,0
0.00686,0
0.01471,0
0.02131,0
0.03048,0
0.02661,0
0.02786,0
0.02929,0
0.00534,0
0.00655,0
0.00841,0
0.00806,0
0.01558,0
0.02515,0
0.02640,0
0.02661,0
0.02754,0
0.03023,0
0.02108,0
0.01501,0
0.01218,0
0.01101,0
0.01795,0
0.02626,0
0.02519,0
0.02543,0
0.02806,0
0.10079,0
0.10013,0
0.06827,0
0.05404,0
0.04873,0
0.04072,0
0.03864,0
0.03710,0
0.03697,0
0.04134,0
0.01461,0
0.01806,0
0.01619,0
0.02932,0
0.02587,0
0.02889,0
0.02896,0
0.03874,0
0.06851,0
0.09544,0
0.00534,0
0.00655,0
0.00695,0
0.00586,0
0.02483,0
0.02249,0
0.03084,0
0.04225,0
0.07297,0
0.10146,0
0.05595,0
0.02403,0
0.03618,0
0.03778,0
0.03482,0
0.02798,0
0.02071,0
0.02005,0
0.02111,0
0.03030,0
0.02108,0
0.02254,0
0.01866,0
0.01573,0
0.01920,0
0.01601,0
0.02138,0
0.00534,0
0.00655,0
0.00741,0
0.00643,0
0.00917,0
0.01342,0
0.01964,0
0.02202,0
0.02133,0
0.02438,0
0.00534,0
0.00655,0
0.00626,0
0.00590,0
0.01201,0
0.01441,0
0.01441,0
0.02982,1
0.04415,1
0.08610,1
0.03091,0
0.04124,0
0.04306,0
0.04228,0
0.04487,0
0.03956,0
0.03301,0
0.03012,0
0.03042,0
0.03330,0
0.09852,0
0.08050,0
0.05957,0
0.04440,0
0.04401,0
0.03383,0
0.03237,0
0.03097,0
0.03132,0
0.03619,0
0.11984,0
0.08642,0
0.05830,0
0.05138,0
0.03650,0
0.03613,0
0.03390,0
0.03541,0
0.03782,0
0.04609,0
0.00534,0
0.00655,0
0.00618,0
0.07165,0
0.05606,0
0.04498,0
0.04599,0
0.05055,0
0.05024,0
0.08542,0
0.00534,0
0.01218,0
0.01160,0
0.02904,0
0.03824,0
0.03587,0
0.05132,0
0.04552,0
0.03774,0
0.04094,0
0.00534,0
0.00813,0
0.00827,0
0.00831,0
0.01381,0
0.01032,0
0.01635,0
0.05364,0
0.02356,0
0.03596,0
0.03331,0
0.03326,0
0.02781,0
0.02343,0
0.02374,0
0.02425,0
0.03295,0
0.00534,0
0.00655,0
0.00626,0
0.00681,0
0.01262,0
0.02221,0
0.06087,1
0.09075,1
0.10524,1
0.10433,1
0.03728,0
0.02818,0
0.01479,0
0.03002,0
0.03453,0
0.02513,0
0.01981,0
0.01807,0
0.02087,0
0.02858,0
0.10169,0
0.04153,0
0.02410,0
0.02720,0
0.02828,0
0.02954,0
0.03751,0
0.03091,0
0.03719,0
0.05113,0
0.05060,0
0.04644,0
0.04009,0
0.03667,0
0.03575,0
0.03600,0
0.03903,0
0.00534,0
0.00655,0
0.00626,0
0.00681,0
0.01748,0
0.01321,0
0.01633,0
0.03664,0
0.03568,0
0.02276,0
0.02675,0
0.03663,0
0.03104,0
0.03140,0
0.04983,0
0.03538,0
0.01920,0
0.03003,0
0.03942,0
0.03323,0
0.03144,0
0.03351,0
0.03834,0
0.04146,0
0.00534,0
0.00655,0
0.00695,0
0.00705,0
0.01275,0
0.00963,0
0.01649,0
0.00534,0
0.00655,0
0.00655,0
0.00686,0
0.01262,0
0.01416,0
0.01735,0
0.01987,0
0.01939,0
0.02221,0
0.02108,0
0.01501,0
0.04918,0
0.04921,0
0.04448,0
0.03363,0
0.03813,0
0.04224,0
0.04742,0
0.06296,0
0.02108,0
0.01501,0
0.01501,0
0.01165,0
0.02135,0
0.01803,0
0.02474,0
0.10169,0
0.04753,0
0.03746,0
0.03431,0
0.03440,0
0.04723,0
0.05295,0
0.00534,0
0.00655,0
0.00741,0
0.00734,0
0.01295,0
0.01452,0
0.01536,0
0.01903,0
0.01854,0
0.02466,0
0.14967,0
0.11729,0
0.10776,0
0.10418,0
0.10815,0
0.11090,0
0.10258,0
0.09780,0
0.09582,0
0.09603,0
0.03453,0
0.04392,0
0.03046,0
0.02067,0
0.01945,0
0.02044,0
0.02405,0
0.01461,0
0.01250,0
0.01012,0
0.00849,0
0.01400,0
0.01041,0
0.01611,0
0.10169,0
0.04153,0
0.02410,0
0.02453,0
0.02743,0
0.03027,0
0.03913,0
0.00534,0
0.00655,0
0.04261,0
0.04692,0
0.02870,0
0.02874,0
0.03106,0
0.03424,0
0.03858,0
0.05673,0
0.02108,0
0.02254,0
0.01907,0
0.01421,0
0.01826,0
0.02295,0
0.02173,0
0.00534,0
0.00655,0
0.03974,0
0.05470,0
0.06790,0
0.07732,0
0.09564,0
0.00534,0
0.00655,0
0.00695,0
0.00705,0
0.01430,0
0.01490,0
0.01766,0
0.02377,0
0.02302,0
0.02795,0
0.00534,0
0.00813,0
0.00880,0
0.02736,0
0.03485,0
0.03509,0
0.03996,0
0.04137,0
0.03358,0
0.03786,0
0.00534,0
0.00655,0
0.00741,0
0.00643,0
0.01205,0
0.01533,0
0.01693,0
0.01792,0
0.01911,0
0.02479,0
0.00534,0
0.01218,0
0.01160,0
0.00902,0
0.01459,0
0.01770,0
0.01740,0
0.00534,0
0.00655,0
0.00741,0
0.00734,0
0.01304,0
0.00967,0
0.01277,0
0.00534,0
0.00655,0
0.00734,0
0.00729,0
0.01307,0
0.00968,0
0.01575,0
0.03728,0
0.03222,0
0.01891,0
0.02956,0
0.03181,0
0.05714,0
0.06325,0
0.05753,0
0.05326,0
0.05411,0
0.00534,0
0.00819,0
0.01135,0
0.00884,0
0.01196,0
0.01858,0
0.02028,0
0.02147,0
0.02092,0
0.02683,0
0.00534,0
0.07134,0
0.10456,0
0.11157,0
0.08766,0
0.07392,0
0.07107,0
0.06826,0
0.07185,0
0.07870,0
0.01461,0
0.01393,0
0.04162,0
0.04325,0
0.04604,0
0.03740,0
0.03990,0
0.04384,0
0.04989,0
0.06262,0
0.08057,0
0.06012,0
0.03395,0
0.03318,0
0.02861,0
0.02848,0
0.02836,0
0.02903,0
0.03010,0
0.03585,0
0.00534,0
0.00655,0
0.00810,1
0.00810,1
0.01342,1
0.01543,1
0.01657,1
0.01856,1
0.01760,1
0.02356,1
0.03091,0
0.04047,0
0.05428,1
0.04185,1
0.07786,1
0.08979,1
0.09369,1
0.09462,1
0.10632,1
0.00534,0
0.00813,0
0.00936,0
0.00791,0
0.01344,0
0.01879,0
0.02160,0
0.02095,0
0.02488,0
0.13770,0
0.06163,0
0.05194,0
0.03712,0
0.03115,0
0.02898,0
0.03000,0
0.03201,0
0.03644,0
0.04764,0
0.05664,0
0.02210,0
0.03262,0
0.03068,0
0.03028,0
0.02665,0
0.02291,0
0.02170,0
0.02232,0
0.02741,0
0.08057,0
0.08340,0
0.13559,0
0.11015,0
0.09430,0
0.07447,0
0.07518,0
0.07675,0
0.07797,0
0.08245,0
0.00534,0
0.00655,0
0.03496,0
0.02905,0
0.03092,0
0.03171,0
0.03001,0
0.09852,0
0.11161,0
0.07462,0
0.05782,0
0.06592,0
0.07035,0
0.06642,0
0.06263,0
0.06315,0
0.06657,0
0.00534,0
0.01218,0
0.01424,0
0.01121,0
0.01566,0
0.01361,1
0.02104,1
0.05793,1
0.02531,1
0.03324,1
0.03920,1
0.04422,1
0.03531,1
0.03996,1
0.04870,1
0.08057,0
0.06012,0
0.03395,0
0.03318,0
0.02861,0
0.02912,0
0.02892,0
0.02826,0
0.02936,0
0.03461,0
0.00534,0
0.00819,0
0.00916,0
0.02275,0
0.03443,0
0.03333,0
0.04305,0
0.04538,0
0.03490,0
0.03660,0
0.02108,0
0.01769,0
0.01686,0
0.01280,0
0.01806,0
0.03451,0
0.05090,0
0.04021,0
0.03989,0
0.04393,0
0.00534,0
0.01218,0
0.01172,0
0.00985,0
0.01746,0
0.02020,0
0.03503,0
0.03646,0
0.03756,0
0.03091,0
0.04047,0
0.02930,0
0.02124,0
0.02023,0
0.02181,0
0.02674,0
0.00534,0
0.01218,0
0.04702,0
0.05275,0
0.03386,0
0.03192,0
0.03237,0
0.03486,0
0.03992,0
0.05728,0
0.03091,0
0.04124,0
0.04291,0
0.05962,0
0.05003,0
0.03550,0
0.03196,0
0.03028,0
0.03060,0
0.05664,0
0.02351,0
0.03368,0
0.03514,0
0.02895,0
0.02548,0
0.02735,0
0.06672,0
0.02497,0
0.03603,0
0.02543,0
0.02806,0
0.02730,0
0.03058,0
0.03664,0
0.03568,0
0.02241,0
0.03686,0
0.03468,0
0.02707,0
0.02124,0
0.01973,0
0.02319,0
0.03113,0
0.03091,0
0.04047,0
0.02889,0
0.01975,0
0.01654,0
0.01900,0
0.02248,0
0.06672,0
0.02497,0
0.03396,0
0.03774,0
0.05967,0
0.04200,0
0.03298,0
0.03174,0
0.03227,0
0.04103,0
0.00534,0
0.00655,0
0.00626,0
0.00681,0
0.01277,0
0.01577,0
0.01558,0
0.01815,0
0.01804,0
0.02118,0
0.03453,0
0.04392,0
0.04229,0
0.02685,0
0.02105,0
0.02182,0
0.02537,0
0.00534,0
0.01218,0
0.01172,0
0.00985,0
0.01489,0
0.01134,0
0.01691,0
0.03510,0
0.02915,0
0.01678,0
0.02612,0
0.03111,0
0.06106,0
0.06073,0
0.05534,0
0.05379,0
0.05445,0
0.00534,0
0.01218,0
0.01272,0
0.01072,0
0.01746,0
0.02222,0
0.02518,0
0.02732,0
0.03029,0
0.01461,0
0.01806,0
0.01618,0
0.01332,0
0.01945,0
0.02521,0
0.02762,0
0.02684,0
0.02807,0
0.02981,0
0.00534,0
0.00819,0
0.00874,0
0.00750,0
0.01428,0
0.02084,0
0.03102,0
0.02550,0
0.02682,0
0.02901,0
0.00534,0
0.00655,0
0.00841,0
0.00690,0
0.01027,0
0.01699,0
0.01943,0
0.02230,0
0.02134,0
0.02619,0
0.00534,0
0.01218,0
0.01424,0
0.01121,0
0.01568,0
0.02477,0
0.02494,0
0.02567,0
0.02723,0
0.00534,0
0.00655,0
0.00655,0
0.00686,0
0.02612,0
0.03663,0
0.03840,0
0.05214,0
0.05866,0
0.11984,0
0.08642,0
0.04824,0
0.04599,0
0.03377,0
0.03043,0
0.03095,0
0.03080,0
0.03486,0
0.04240,0
0.00534,0
0.00655,0
0.00638,0
0.00640,0
0.01232,0
0.00985,0
0.01546,0
0.05595,0
0.02262,0
0.03412,0
0.03710,0
0.03129,0
0.02778,0
0.02937,0
0.00534,0
0.00655,0
0.04145,0
0.05295,0
0.06582,0
0.07203,0
0.09800,0
0.03728,0
0.02666,0
0.01440,0
0.03029,0
0.03449,0
0.02378,0
0.01939,0
0.01795,0
0.01867,0
0.02391,0
0.00534,0
0.00655,0
0.00618,0
0.00674,0
0.01465,0
0.02169,0
0.03122,0
0.06554,0
0.10277,0
0.11123,0
0.21147,0
0.14528,0
0.13006,0
0.11827,0
0.11940,0
0.12237,0
0.10686,0
0.10711,0
0.11551,0
0.11485,0
0.00534,0
0.00655,0
0.00638,0
0.00549,0
0.02407,0
0.02404,0
0.03073,0
0.03307,0
0.04742,0
0.05387,0
0.00534,0
0.00819,0
0.00888,0
0.00757,0
0.01428,0
0.02599,0
0.03483,0
0.02921,0
0.03029,0
0.03065,0
0.02108,0
0.02254,0
0.02009,0
0.01560,0
0.01988,0
0.02417,0
0.02451,0
0.02600,0
0.02447,0
0.02670,0
0.00534,0
0.00655,0
0.00626,0
0.00681,0
0.01265,0
0.00931,0
0.01247,0
0.00534,0
0.00655,0
0.00618,0
0.00583,0
0.01302,0
0.02101,0
0.03934,0
0.04072,0
0.04348,0
0.05482,0
0.03510,0
0.02915,0
0.01642,0
0.03158,0
0.03184,0
0.02332,0
0.02321,0
0.02155,0
0.02485,0
0.03269,0
0.03728,0
0.02565,0
0.01418,0
0.02998,0
0.03437,0
0.02518,0
0.01864,0
0.01879,0
0.02171,0
0.02631,0
0.00534,0
0.06315,0
0.04887,0
0.04063,0
0.03888,0
0.03011,0
0.03465,0
0.03900,0
0.04550,0
0.05518,0
0.01461,0
0.01250,0
0.01012,0
0.00849,0
0.01372,0
0.01478,0
0.01745,0
0.02040,0
0.01977,0
0.02518,0
0.00534,0
0.01218,0
0.01272,0
0.00965,0
0.01730,1
0.02381,1
0.03355,1
0.04587,1
0.06103,1
0.08261,1
0.10378,1
0.01461,0
0.01250,0
0.04718,0
0.05530,0
0.03581,0
0.03088,0
0.03419,0
0.03708,0
0.04210,0
0.05184,0
0.03510,0
0.02760,0
0.01600,0
0.02651,0
0.04483,0
0.03949,0
0.03681,0
0.03463,0
0.03786,0
0.03965,0
0.00534,0
0.01218,0
0.01160,0
0.00902,0
0.02598,0
0.02343,0
0.03109,0
0.03697,0
0.04624,0
0.06265,0
0.00534,0
0.00813,0
0.00815,0
0.00732,0
0.02007,0
0.02294,0
0.02891,0
0.03243,0
0.03182,0
0.03550,0
0.01461,0
0.01393,0
0.01245,0
0.01069,0
0.01812,0
0.02086,0
0.02265,0
0.03196,0
0.05925,1
0.08290,1
0.09274,1
0.01461,0
0.04326,0
0.03539,0
0.04578,0
0.05311,0
0.04653,0
0.04991,0
0.03453,0
0.04392,0
0.04229,0
0.03257,0
0.02480,0
0.02489,0
0.03031,0
0.00534,0
0.00655,0
0.00626,0
0.02791,0
0.02193,0
0.02517,0
0.02527,0
0.03108,0
0.03907,0
0.05571,0
0.01461,0
0.01250,0
0.04476,0
0.05221,0
0.06605,0
0.07399,0
0.09349,0
0.11882,0
0.14811,0
0.07302,0
0.04654,0
0.04058,0
0.03750,0
0.03901,0
0.04160,0
0.04706,0
0.00534,0
0.00655,0
0.00618,0
0.00583,0
0.01302,0
0.02820,0
0.03061,0
0.03161,0
0.03588,0
0.04336,0
0.11134,0
0.07329,0
0.05370,0
0.04826,0
0.04462,0
0.03473,0
0.03748,0
0.00534,0
0.07514,0
0.05902,0
0.05367,0
0.05363,0
0.04367,0
0.04582,0
0.04887,0
0.05354,0
0.06254,0
0.13770,0
0.05738,0
0.04495,0
0.03304,0
0.02821,0
0.02669,0
0.02811,0
0.03160,0
0.03626,0
0.05242,0
0.01461,0
0.01806,0
0.01491,0
0.01142,0
0.01680,0
0.01948,0
0.01887,0
0.01966,0
0.01920,0
0.02462,0
0.03453,0
0.03933,0
0.04480,0
0.03688,0
0.03368,0
0.02703,0
0.02980,0
0.03125,0
0.03109,0
0.03388,0
0.21147,1
0.14528,1
0.13006,1
0.12219,1
0.12068,1
0.12895,1
0.13205,1
0.13206,1
0.12826,1
0.01461,0
0.01806,0
0.01491,0
0.01142,0
0.02449,0
0.02769,0
0.03274,0
0.04168,0
0.03710,0
0.04047,0
0.00534,0
0.00655,0
0.00695,0
0.00705,0
0.01430,0
0.01667,0
0.01848,0
0.01900,0
0.01913,0
0.02204,0
0.00534,0
0.00655,0
0.00695,0
0.00705,0
0.01275,0
0.01026,0
0.01378,0
0.00534,0
0.00813,0
0.00880,0
0.04498,1
0.05963,1
0.05286,1
0.04979,1
0.05939,1
0.00534,0
0.00819,0
0.04697,0
0.02992,0
0.03158,0
0.03384,0
0.03083,0
0.03352,0
0.03187,0
0.04093,0
0.04983,0
0.03538,0
0.01920,0
0.02977,0
0.03062,0
0.03026,0
0.03341,0
0.00534,0
0.00819,0
0.00905,0
0.00815,0
0.01360,0
0.01036,0
0.01614,0
0.01461,0
0.01806,0
0.06409,1
0.04933,1
0.04075,1
0.10350,1
0.09711,1
0.09728,1
0.10353,1
0.12655,1
0.01461,0
0.01250,0
0.00973,0
0.00837,0
0.02784,0
0.03485,0
0.03412,0
0.03420,0
0.03735,0
0.04821,0
0.00534,0
0.04490,0
0.03602,0
0.04756,0
0.05642,0
0.04922,0
0.05207,0
0.03091,0
0.04047,0
0.04058,0
0.03154,0
0.02388,0
0.02420,0
0.02979,0
0.04983,0
0.03591,0
0.02008,0
0.03412,0
0.03778,0
0.02590,0
0.02136,0
0.02130,0
0.02403,0
0.02865,0
0.04983,0
0.04266,0
0.02531,0
0.03943,0
0.03696,0
0.02777,0
0.02400,0
0.02386,0
0.02664,0
0.03117,0
0.01461,0
0.01806,0
0.01630,0
0.01270,0
0.01846,0
0.02615,0
0.02835,0
0.02735,0
0.02703,0
0.02838,0
0.00534,0
0.01218,0
0.04702,0
0.05069,0
0.03235,0
0.02830,0
0.02992,0
0.03325,0
0.03765,0
0.05676,0
0.00534,0
0.00655,0
0.05720,0
0.03600,0
0.03123,0
0.03288,0
0.03015,0
0.03425,0
0.03381,0
0.04177,0
0.00534,0
0.00655,0
0.00841,0
0.00690,0
0.01371,0
0.01645,0
0.01914,0
0.02125,0
0.01886,0
0.02177,0
0.01461,0
0.01393,0
0.01224,0
0.01009,0
0.01519,0
0.02584,0
0.04271,0
0.03356,0
0.03310,0
0.04032,0
0.00534,0
0.00655,0
0.00655,0
0.00686,0
0.01260,0
0.03018,0
0.03094,0
0.03016,0
0.03063,0
0.03178,0
0.10011,0
0.18001,0
0.14351,0
0.08301,0
0.06096,0
0.05358,0
0.05006,0
0.04817,0
0.05024,0
0.05913,0
0.05664,1
0.07245,1
0.11412,1
0.09308,1
0.07868,1
0.07903,1
0.08152,1
0.08544,1
0.08108,1
0.10204,1
0.03091,0
0.04047,0
0.02889,0
0.01975,0
0.01863,0
0.02067,0
0.02397,0
0.02108,0
0.01501,0
0.01256,0
0.01074,0
0.01540,0
0.01823,0
0.01993,0
0.13197,0
0.14233,0
0.10805,0
0.08706,0
0.07409,0
0.06025,0
0.06336,0
0.06777,0
0.07222,0
0.07742,0
0.03728,0
0.02927,0
0.01782,0
0.03479,0
0.03702,0
0.02739,0
0.02023,0
0.01860,0
0.01892,0
0.02720,0
0.15364,0
0.12159,0
0.07366,0
0.08234,0
0.08627,0
0.07685,0
0.07215,0
0.06941,0
0.06985,0
0.07542,0
0.03453,0
0.05648,0
0.04119,0
0.03316,0
0.03473,0
0.02845,0
0.02676,0
0.02700,0
0.02793,0
0.03161,0
0.00534,0
0.00819,0
0.00874,0
0.00750,0
0.01310,0
0.01415,0
0.01703,0
0.01461,0
0.06355,0
0.04276,0
0.04665,0
0.03595,0
0.03374,0
0.03759,0
0.04100,0
0.04632,0
0.05732,0
0.00534,0
0.00655,0
0.04525,0
0.04459,0
0.05258,0
0.05044,0
0.04885,0
0.05464,0
0.07290,0
0.03091,0
0.04705,0
0.05594,0
0.06442,0
0.05210,0
0.03862,0
0.03508,0
0.03318,0
0.03332,0
0.03091,0
0.05254,0
0.03980,0
0.03543,0
0.03590,0
0.02911,0
0.02720,0
0.02905,0
0.03033,0
0.03265,0
0.01461,0
0.01250,0
0.00999,0
0.00804,0
0.02691,0
0.03423,0
0.04020,0
0.03944,0
0.04286,0
0.05368,0
0.08057,0
0.06012,0
0.03527,0
0.03344,0
0.02864,0
0.02823,0
0.02962,0
0.02949,0
0.03050,0
0.03552,0
0.00534,0
0.00655,0
0.00695,0
0.00705,0
0.01430,0
0.01667,0
0.01848,0
0.01900,0
0.01913,0
0.02433,0
0.00534,0
0.00819,0
0.05718,1
0.05800,1
0.06502,1
0.06445,1
0.06002,1
0.06530,1
0.07304,1
0.08261,1
0.10795,1
0.11274,1
0.02108,0
0.01641,0
0.01428,0
0.01249,0
0.04600,1
0.06435,1
0.06534,1
0.07389,1
0.08391,1
0.09730,1
0.13683,1
0.13474,1
0.13791,1
0.00534,0
0.01218,0
0.01272,0
0.01072,0
0.02075,0
0.02135,0
0.02012,0
0.00534,0
0.00655,0
0.03974,0
0.04824,0
0.06006,0
0.07098,0
0.09515,0
0.01461,0
0.01250,0
0.00973,0
0.00837,0
0.01395,0
0.01021,0
0.01299,0
0.00534,0
0.00655,0
0.00618,0
0.00674,0
0.01465,0
0.02114,0
0.02081,0
0.02279,0
0.02475,0
0.05664,0
0.02210,0
0.03262,0
0.03546,0
0.03172,0
0.02762,0
0.02271,0
0.02427,0
0.02555,0
0.03021,0
0.02108,0
0.01501,0
0.01343,0
0.01159,0
0.01818,0
0.02223,0
0.02167,0
0.02212,0
0.02191,0
0.02676,0
0.00534,0
0.00819,0
0.00980,0
0.00784,0
0.01424,0
0.02290,0
0.02492,0
0.02545,0
0.02995,0
0.03795,0
0.03510,0
0.02915,0
0.01642,0
0.02817,0
0.02689,0
0.02743,0
0.02979,0
0.00534,0
0.01218,0
0.01271,0
0.01011,0
0.01494,0
0.01239,0
0.01849,0
0.00534,0
0.00655,0
0.00638,0
0.00549,0
0.01167,0
0.01434,0
0.01729,0
0.04983,0
0.03538,0
0.01969,0
0.02912,0
0.03094,0
0.05958,0
0.06266,0
0.05665,0
0.05446,0
0.08812,1
0.11286,1
0.11212,1
0.01461,0
0.01250,0
0.05990,0
0.07016,0
0.07092,0
0.06482,0
0.06170,0
0.07281,0
0.09075,0
0.05883,0
0.02309,0
0.03365,0
0.03588,0
0.03213,0
0.03117,0
0.02597,0
0.02434,0
0.02464,0
0.02935,0
0.00534,0
0.06278,0
0.04908,0
0.04317,0
0.03327,0
0.04169,0
0.05524,0
0.06016,0
0.06760,0
0.00534,0
0.00819,0
0.00905,0
0.00723,0
0.01386,0
0.02054,0
0.03242,0
0.02714,0
0.02796,0
0.02901,0
0.14504,0
0.14460,0
0.12047,0
0.06334,0
0.04490,0
0.03896,0
0.03566,0
0.03616,0
0.03935,0
0.04978,0
0.03091,0
0.04124,0
0.05465,0
0.08066,0
0.07044,0
0.06292,0
0.06876,0
0.06393,0
0.06099,0
0.06212,0
0.01461,0
0.01250,0
0.01213,0
0.00958,0
0.01476,0
0.01173,0
0.01517,0
0.00534,0
0.01218,0
0.01424,0
0.01121,0
0.01566,0
0.01700,0
0.01949,0
0.02538,1
0.01694,1
0.01923,1
0.01471,1
0.03022,1
0.03288,1
0.04083,1
0.03728,1
0.09375,1
0.08194,1
0.06783,1
0.05756,1
0.05029,1
0.05433,1
0.06212,1
0.07248,1
0.07513,1
0.01461,0
0.01806,0
0.01619,0
0.01318,0
0.01844,0
0.02024,1
0.02419,1
0.02562,1
0.03805,1
0.04408,1
0.05475,0
0.05410,0
0.03317,0
0.03339,0
0.02833,0
0.02846,0
0.02905,0
0.02947,0
0.03189,0
0.03771,0
0.00534,0
0.01218,0
0.01144,0
0.00996,0
0.01507,0
0.01757,0
0.02102,0
0.03664,0
0.02916,0
0.01765,0
0.02295,0
0.02457,0
0.02495,0
0.02985,0
0.02108,0
0.01501,0
0.01204,0
0.01090,0
0.02900,0
0.02618,0
0.03259,0
0.03380,0
0.04624,0
0.05225,0
0.06672,0
0.02786,0
0.04648,0
0.03241,0
0.03223,0
0.02992,0
0.03243,0
0.00534,0
0.00655,0
0.03521,0
0.04169,0
0.04809,0
0.04712,0
0.04499,0
0.05302,0
0.07114,0
0.01461,0
0.01250,0
0.00999,0
0.05953,0
0.04817,0
0.03829,0
0.04146,0
0.04597,0
0.05253,0
0.09011,0
0.03728,0
0.02565,0
0.01418,0
0.02332,0
0.03663,0
0.05178,0
0.04892,0
0.04356,0
0.05286,0
0.00534,0
0.00655,0
0.00618,0
0.00583,0
0.01376,0
0.02093,0
0.02070,0
0.02255,0
0.02450,0
0.41957,0
0.29594,0
0.22019,0
0.16943,0
0.14405,0
0.12707,0
0.11562,0
0.11032,0
0.10771,0
0.13047,0
0.09852,0
0.07671,0
0.05753,0
0.04427,0
0.04526,0
0.03567,0
0.03366,0
0.03262,0
0.03384,0
0.03843,0
0.01461,0
0.01250,0
0.04718,0
0.05011,0
0.03191,0
0.02756,0
0.03245,0
0.03549,0
0.03791,0
0.05596,0
0.00534,0
0.00813,0
0.05647,0
0.04732,0
0.03665,0
0.03877,0
0.03529,0
0.03501,0
0.04262,0
0.06166,0
0.01461,0
0.01250,0
0.00999,0
0.00897,0
0.02419,0
0.02152,0
0.02959,0
0.03117,0
0.04337,0
0.06073,0
0.00534,0
0.01218,0
0.05301,0
0.05422,0
0.03478,0
0.03375,0
0.03378,0
0.03645,0
0.04028,0
0.05891,0
0.00534,0
0.00655,0
0.07644,0
0.06500,0
0.04690,0
0.04846,0
0.04402,0
0.04466,0
0.05247,0
0.08924,0
0.00534,0
0.03649,0
0.03919,0
0.04915,0
0.06851,0
0.05904,0
0.06091,0
0.00534,0
0.01218,0
0.01424,0
0.01121,0
0.01761,0
0.02826,0
0.03579,0
0.02910,0
0.03674,0
0.04681,0
0.00534,0
0.04395,1
0.03795,1
0.04399,1
0.05237,1
0.08411,1
0.07167,1
0.07375,1
0.07375,1
0.13940,0
0.14062,1
0.10973,1
0.09451,1
0.09319,1
0.09528,1
0.12274,1
0.12387,1
0.11551,1
0.11596,1
0.11553,1
0.12016,1
0.05664,0
0.02351,0
0.03368,0
0.02454,0
0.02052,0
0.02101,0
0.02505,0
0.03664,0
0.03568,0
0.02276,0
0.03796,0
0.03980,0
0.02777,0
0.02112,0
0.02330,0
0.02420,0
0.02860,0
0.01461,0
0.01250,0
0.00973,0
0.00837,0
0.01582,0
0.02285,0
0.03235,0
0.06903,0
0.10034,0
0.11464,0
0.05595,0
0.02403,0
0.02811,0
0.04565,0
0.04900,0
0.04191,0
0.03952,0
0.03777,0
0.03861,0
0.00534,0
0.00813,0
0.04326,0
0.04604,0
0.02814,0
0.02853,0
0.03038,0
0.03394,0
0.03838,0
0.05493,0
0.00534,0
0.01218,0
0.01271,0
0.01011,0
0.01697,0
0.02604,0
0.02580,0
0.02379,0
0.03099,0
0.03294,0
0.01461,0
0.01403,0
0.01174,0
0.00991,0
0.02908,0
0.03583,0
0.03417,0
0.06336,0
0.07103,0
0.00534,0
0.00655,0
0.00695,0
0.00705,0
0.01275,0
0.01082,0
0.01489,0
0.03728,0
0.03222,0
0.08411,1
0.08694,1
0.09293,1
0.08128,1
0.09062,1
0.08403,1
0.09329,1
0.10056,1
0.00534,0
0.00819,0
0.00888,0
0.00850,0
0.01598,0
0.02305,0
0.03390,0
0.03467,0
0.03419,0
0.04631,0
0.00534,0
0.00655,0
0.03919,0
0.04099,0
0.03245,0
0.03670,0
0.03475,0
0.03546,0
0.03697,0
0.05407,0
0.00534,0
0.00655,0
0.00618,0
0.03033,0
0.02340,0
0.02228,0
0.02642,0
0.03508,0
0.03447,0
0.04164,0
0.00534,0
0.00655,0
0.05260,0
0.03186,0
0.03377,0
0.03554,0
0.03167,0
0.03210,0
0.03227,0
0.04251,0
0.00534,0
0.00655,0
0.00741,0
0.00643,0
0.01242,0
0.00881,0
0.01487,0
0.05793,0
0.02531,0
0.03606,0
0.03417,0
0.02815,0
0.02462,0
0.02655,0
0.03728,0
0.02666,0
0.01506,0
0.02285,0
0.03061,0
0.02707,0
0.02554,0
0.02393,0
0.02493,0
0.02901,0
0.00534,0
0.00655,0
0.00841,0
0.00806,0
0.01353,0
0.03235,0
0.03321,0
0.03203,0
0.03064,0
0.03293,0
0.10696,0
0.11018,1
0.10991,1
0.09905,1
0.09329,1
0.09125,1
0.09774,1
0.00534,0
0.00655,0
0.00695,0
0.00586,0
0.01167,0
0.02131,0
0.02240,0
0.02526,0
0.02617,0
0.31867,0
0.23367,0
0.18978,0
0.16032,0
0.15336,0
0.14959,0
0.14176,0
0.13167,0
0.12804,0
0.12419,0
0.10169,1
0.04473,1
0.08022,1
0.06546,1
0.05942,1
0.07632,1
0.07917,1
0.00534,0
0.01218,0
0.01185,0
0.00910,0
0.01625,0
0.02561,0
0.03756,0
0.03406,0
0.03635,0
0.00534,0
0.00655,0
0.00695,0
0.00586,0
0.01304,0
0.01568,0
0.01857,0
0.02087,0
0.01984,0
0.02452,0
0.09852,0
0.06855,0
0.04783,0
0.03905,0
0.03008,0
0.03023,0
0.03154,0
0.03297,0
0.04047,0
0.00534,0
0.00655,0
0.00841,0
0.00690,0
0.01371,0
0.01645,0
0.01699,0
0.01844,0
0.01843,0
0.02362,0
0.01461,0
0.01250,0
0.01213,0
0.01074,0
0.01676,0
0.02485,0
0.03782,0
0.03717,0
0.03948,0
0.05039,0
0.00534,0
0.05078,0
0.06793,0
0.04468,0
0.04532,0
0.06110,0
0.06045,0
0.06295,0
0.06637,0
0.07377,0
0.00534,0
0.00819,0
0.00874,0
0.03822,0
0.05762,0
0.05437,0
0.05430,0
0.06456,0
0.08096,0
0.09674,0
0.07715,0
0.05832,0
0.05318,0
0.05058,0
0.04007,0
0.04277,0
0.10169,0
0.04473,0
0.02639,0
0.02360,0
0.02728,0
0.03034,0
0.03801,0
0.09852,0
0.08050,0
0.05316,0
0.04546,0
0.04551,0
0.03757,0
0.03614,0
0.03484,0
0.03500,0
0.04027,0
0.10169,0
0.04252,0
0.02748,0
0.02482,0
0.02697,0
0.02926,0
0.03801,0
0.00534,0
0.00655,0
0.00741,0
0.00643,0
0.01350,0
0.02360,0
0.02353,0
0.02504,0
0.02814,0
0.01461,0
0.07906,0
0.05159,0
0.05881,0
0.06476,0
0.05500,0
0.05630,0
0.08057,0
0.05830,0
0.03596,0
0.03620,0
0.03074,0
0.03097,0
0.03055,0
0.03053,0
0.03151,0
0.03707,0
0.04983,0
0.04266,0
0.02531,0
0.03183,0
0.03340,0
0.02638,0
0.02332,0
0.02246,0
0.02607,0
0.03435,0
0.05364,0
0.02196,0
0.03051,0
0.04770,0
0.05343,0
0.04381,0
0.03753,0
0.03520,0
0.03462,0
0.04253,0
0.00534,0
0.00655,0
0.03496,0
0.02761,0
0.03452,0
0.02703,0
0.03385,0
0.13940,0
0.09109,0
0.05358,0
0.05137,0
0.03886,0
0.03662,0
0.03417,0
0.03532,0
0.03815,0
0.04739,0
0.00534,0
0.00813,0
0.00880,0
0.00861,0
0.02749,0
0.02529,0
0.03264,0
0.03355,0
0.06576,0
0.09625,0
0.05364,0
0.02196,0
0.03332,0
0.02352,0
0.01942,0
0.02010,0
0.02309,0
0.00534,0
0.00655,0
0.00695,0
0.00586,0
0.01304,0
0.01568,0
0.01857,0
0.01925,0
0.01893,0
0.02159,0
0.06672,1
0.02786,1
0.04004,1
0.05946,1
0.06213,1
0.05712,1
0.05035,1
0.04667,1
0.05769,1
0.06401,1
0.03091,0
0.05254,0
0.03980,0
0.03543,0
0.03184,0
0.02586,0
0.02755,0
0.02596,0
0.02624,0
0.02867,0
0.00534,0
0.00655,0
0.00618,0
0.00674,0
0.01254,0
0.01567,0
0.01978,0
0.10696,0
0.07598,0
0.07261,0
0.06080,0
0.04909,0
0.04565,0
0.04462,0
0.04515,0
0.05034,0
0.00534,0
0.00655,0
0.00618,0
0.00583,0
0.01190,0
0.01504,0
0.01823,0
0.10169,0
0.05868,0
0.02942,0
0.02904,0
0.02795,0
0.02824,0
0.03559,0
0.03728,0
0.03222,0
0.02639,1
0.03616,1
0.05715,1
0.05328,1
0.05985,1
0.05616,1
0.05675,1
0.06080,1
0.00534,0
0.00655,0
0.00841,0
0.00690,0
0.01427,0
0.02553,0
0.03312,0
0.02775,0
0.02800,0
0.02956,0
0.05883,1
0.06978,1
0.05448,1
0.06027,1
0.06312,1
0.06923,1
0.07330,1
0.04983,0
0.03348,0
0.01912,0
0.03082,0
0.03491,0
0.05021,0
0.04379,0
0.03935,0
0.04832,0
0.00534,0
0.01218,0
0.01185,0
0.02351,0
0.02372,0
0.02694,0
0.02647,0
0.03331,0
0.04114,0
0.04738,0
0.02108,0
0.01501,0
0.04627,0
0.05556,0
0.06722,0
0.07676,0
0.09591,0
0.01461,0
0.01393,0
0.01484,0
0.04677,1
0.04469,1
0.04779,1
0.05000,1
0.06217,1
0.07203,1
0.08174,1
0.13756,0
0.12706,0
0.13157,0
0.10513,0
0.08875,0
0.08022,0
0.07364,0
0.07195,0
0.07430,0
0.08119,0
0.05511,1
0.13669,1
0.14692,1
0.15397,1
0.12410,1
0.09804,1
0.08684,1
0.08177,1
0.08182,1
0.07658,1
0.07725,1
0.08172,1
0.05595,0
0.02403,0
0.03618,0
0.03778,0
0.03384,0
0.02853,0
0.02345,0
0.02214,0
0.02226,0
0.03103,0
0.01461,0
0.01250,0
0.01213,0
0.00958,0
0.01476,0
0.01173,0
0.01964,0
0.00534,0
0.00819,0
0.00888,0
0.00850,0
0.01405,0
0.01721,0
0.01799,0
0.01808,0
0.01837,0
0.02398,0
0.00534,0
0.00655,0
0.00638,0
0.00640,0
0.01463,1
0.02209,1
0.03825,1
0.04769,1
0.04935,1
0.04923,1
0.00534,0
0.00819,0
0.03878,0
0.04715,0
0.06165,0
0.07279,0
0.12896,0
0.00534,0
0.08168,0
0.05595,0
0.04756,0
0.03721,0
0.04414,0
0.05114,0
0.05655,0
0.06347,0
0.05763,0
0.02477,0
0.04323,0
0.04315,0
0.03157,0
0.02818,0
0.03020,0
0.01461,0
0.01393,0
0.01340,0
0.01067,0
0.01561,0
0.01777,0
0.02014,0
0.00534,0
0.00655,0
0.00655,0
0.00686,0
0.01262,0
0.01586,0
0.01989,0
0.12007,0
0.07899,0
0.05725,0
0.05214,0
0.05244,0
0.04110,0
0.04329,0
0.00534,0
0.00813,0
0.00880,0
0.00743,0
0.01758,0
0.01457,0
0.02203,0
0.05883,0
0.15078,0
0.15366,0
0.15669,0
0.14969,0
0.16970,0
0.14811,0
0.11621,0
0.11633,0
0.11337,0
0.00534,0
0.00819,0
0.00905,0
0.00723,0
0.01282,0
0.01454,0
0.01673,0
0.01810,0
0.01793,0
0.02346,0
0.03091,0
0.04047,0
0.02896,0
0.02185,0
0.01942,0
0.02174,0
0.02505,0
0.03728,0
0.03222,0
0.01891,0
0.03521,0
0.03768,0
0.02560,0
0.02080,0
0.02063,0
0.02308,0
0.02768,0
0.00534,0
0.01218,0
0.01172,0
0.00985,0
0.01237,0
0.01801,0
0.02068,0
0.02311,0
0.02227,0
0.02746,0
0.00534,0
0.00655,0
0.03974,0
0.05470,0
0.06790,0
0.07732,0
0.09539,0
0.03453,0
0.05648,0
0.04563,0
0.03653,0
0.03119,0
0.02533,0
0.02738,0
0.02563,0
0.02636,0
0.02994,0
0.00534,0
0.00655,0
0.00695,0
0.00586,0
0.01187,0
0.01599,0
0.01930,0
0.00534,0
0.00813,0
0.00854,0
0.00745,0
0.01309,0
0.01091,0
0.01867,0
0.03091,0
0.04771,0
0.05685,0
0.04333,0
0.03360,0
0.03260,0
0.03695,0
0.00534,0
0.00655,0
0.00638,0
0.00640,0
0.02088,0
0.02027,0
0.03016,0
0.03853,0
0.03334,0
0.03647,0
0.03728,0
0.02666,0
0.01440,0
0.02142,0
0.02031,0
0.02519,0
0.03027,0
0.00534,0
0.00655,0
0.00638,0
0.03705,0
0.05080,0
0.06116,0
0.06098,0
0.07616,0
0.07801,0
0.10169,0
0.05868,0
0.03533,0
0.02681,0
0.02568,0
0.02701,0
0.03517,0
0.03728,1
0.08560,1
0.09495,1
0.08454,1
0.07516,1
0.06471,1
0.05422,1
0.05961,1
0.06621,1
0.06870,1
0.00534,0
0.06315,0
0.04887,0
0.04534,0
0.04531,0
0.03828,0
0.04193,0
0.04479,0
0.05106,0
0.05892,0
0.00534,0
0.00655,0
0.03705,0
0.04068,0
0.03857,0
0.03776,0
0.04219,0
0.04764,0
0.05401,0
0.06596,0
0.00534,0
0.07984,0
0.08298,0
0.05599,0
0.04765,0
0.03937,0
0.04120,0
0.04435,0
0.04798,0
0.05764,0
0.09852,0
0.08050,0
0.05506,0
0.04183,0
0.04150,0
0.03264,0
0.03424,0
0.03415,0
0.03423,0
0.03952,0
0.05793,0
0.02531,0
0.03417,0
0.04218,0
0.04129,0
0.04255,0
0.03840,0
0.03528,0
0.03444,0
0.04135,0
0.00534,0
0.01218,0
0.01272,0
0.04851,0
0.04174,0
0.03102,0
0.03370,0
0.03640,0
0.03920,0
0.05631,0
0.10696,0
0.06017,0
0.06887,0
0.05964,0
0.04679,0
0.04379,0
0.04248,0
0.04390,0
0.04975,0
0.03664,0
0.03263,0
0.02137,0
0.03045,0
0.03786,0
0.03166,0
0.02872,0
0.02739,0
0.03202,0
0.03548,0
0.03453,0
0.05017,0
0.05548,0
0.09664,0
0.07968,0
0.05676,0
0.04769,0
0.04320,0
0.04157,0
0.04311,0
0.00534,0
0.00655,0
0.00638,0
0.00549,0
0.01134,0
0.01276,0
0.01820,0
0.02016,0
0.01943,0
0.02454,0
0.00534,0
0.00819,0
0.04664,0
0.05134,0
0.03226,0
0.02765,0
0.03137,0
0.03459,0
0.03959,0
0.05870,0
0.01461,0
0.01250,0
0.01213,0
0.01074,0
0.01738,0
0.02329,0
0.03250,0
0.05720,1
0.06245,1
0.06658,1
0.07135,1
0.07929,1
0.10536,1
0.00534,0
0.00655,0
0.05549,0
0.04822,0
0.03966,0
0.04389,0
0.04352,0
0.04474,0
0.04997,0
0.05364,0
0.02356,0
0.03406,0
0.02479,0
0.02105,0
0.02150,0
0.02562,0
0.05664,0
0.02210,0
0.03262,0
0.03068,0
0.03138,0
0.02503,0
0.02130,0
0.02038,0
0.02127,0
0.02651,0
0.13770,0
0.06163,0
0.04749,0
0.03492,0
0.03493,0
0.03184,0
0.03131,0
0.03300,0
0.03758,0
0.05293,0
0.05364,0
0.02196,0
0.02628,0
0.03694,0
0.03870,0
0.03108,0
0.03056,0
0.02969,0
0.02905,0
0.03720,0
0.06551,0
0.09412,0
0.13534,0
0.10876,0
0.09396,0
0.07316,0
0.07292,0
0.07503,0
0.07780,0
0.08379,0
0.00534,0
0.00655,0
0.00695,0
0.00586,0
0.01167,0
0.02286,0
0.02435,0
0.02435,0
0.02362,0
0.02618,0
0.00534,0
0.00655,0
0.00638,0
0.00549,0
0.01272,0
0.02080,0
0.02374,0
0.02540,0
0.02652,0
0.02774,0
0.15617,0
0.20465,0
0.11473,0
0.07801,0
0.06494,0
0.05832,0
0.05546,0
0.05615,0
0.05868,0
0.01461,0
0.01250,0
0.00999,0
0.03892,0
0.05219,0
0.05221,0
0.05373,0
0.05776,0
0.06315,0
0.07962,0
0.00534,0
0.00655,0
0.00695,0
0.00705,0
0.01430,0
0.01667,0
0.01848,0
0.01900,0
0.01761,0
0.02344,0
0.03453,0
0.03760,0
0.04608,0
0.04021,0
0.03418,0
0.02728,0
0.02910,0
0.02862,0
0.02904,0
0.03307,0
0.05883,0
0.02309,0
0.02660,0
0.04509,0
0.07219,0
0.06482,0
0.05795,0
0.05317,0
0.05100,0
0.05364,0
0.02356,0
0.03168,0
0.03799,0
0.06341,0
0.04815,0
0.03645,0
0.03716,0
0.03600,0
0.03892,0
0.01461,0
0.01250,0
0.04649,0
0.04932,0
0.03078,0
0.03029,0
0.03252,0
0.03523,0
0.03791,0
0.05854,0
0.05883,0
0.02309,0
0.03365,0
0.03588,0
0.03312,0
0.02745,0
0.02227,0
0.02104,0
0.02268,0
0.02771,0
0.01461,0
0.01250,0
0.00973,0
0.00837,0
0.01381,0
0.02263,0
0.02255,0
0.02386,0
0.02570,0
0.01461,0
0.01806,0
0.01531,0
0.01168,0
0.01689,0
0.02730,0
0.04574,0
0.03527,0
0.03401,0
0.04056,0
0.00534,0
0.00655,0
0.00638,0
0.00640,0
0.00921,0
0.01660,0
0.02034,0
0.01988,0
0.01972,0
0.02263,0
0.00534,0
0.00655,0
0.00741,0
0.00643,0
0.03618,0
0.04525,0
0.05047,0
0.03434,0
0.03058,0
0.03442,0
0.10696,0
0.07386,0
0.04925,0
0.03714,0
0.03926,0
0.03080,0
0.03106,0
0.03040,0
0.03262,0
0.03789,0
0.00534,0
0.00655,0
0.00655,0
0.00594,0
0.01380,0
0.02229,0
0.02248,0
0.02097,0
0.02229,0
0.02365,0
0.02108,0
0.02254,0
0.02009,0
0.01560,0
0.03503,0
0.03932,0
0.04120,0
0.03959,0
0.04204,0
0.04917,0
0.00534,0
0.00655,0
0.00638,0
0.00549,0
0.02484,0
0.03246,0
0.03195,0
0.03118,0
0.03145,0
0.03679,0
0.01461,0
0.01250,0
0.00985,0
0.00844,0
0.01375,0
0.01672,0
0.01889,0
0.01882,0
0.01859,0
0.02450,0
0.00534,0
0.01988,1
0.03598,1
0.05069,1
0.06331,1
0.07285,1
0.09947,1
0.11155,1
0.00534,0
0.01218,0
0.01271,0
0.01011,0
0.01506,0
0.02450,0
0.02412,0
0.02388,0
0.02514,0
0.02610,0
0.02108,0
0.02254,0
0.01907,0
0.01421,0
0.01826,0
0.01638,0
0.02248,0
0.00534,0
0.01218,0
0.01185,0
0.01013,0
0.01761,0
0.03534,0
0.03322,0
0.03183,0
0.03226,0
0.03343,0
0.00534,0
0.01218,0
0.01271,0
0.03388,0
0.02466,0
0.02705,0
0.03075,0
0.03857,0
0.03625,0
0.04441,0
0.02108,0
0.01769,0
0.01582,0
0.01232,0
0.01894,0
0.03552,0
0.03597,0
0.03627,0
0.03746,0
0.03869,0
0.03091,1
0.03719,1
0.04084,1
0.03981,1
0.03567,1
0.03861,1
0.03680,1
0.03459,1
0.00534,0
0.01218,0
0.01424,0
0.03331,0
0.02894,0
0.03267,0
0.03070,0
0.03714,0
0.04453,0
0.05036,0
0.03664,0
0.03263,0
0.02137,0
0.03635,0
0.03783,0
0.02609,0
0.02156,0
0.02353,0
0.02227,0
0.02703,0
0.04367,1
0.03818,1
0.03379,1
0.02585,1
0.02719,1
0.03298,1
0.03721,1
0.03981,1
0.04166,1
0.05883,0
0.02309,0
0.03365,0
0.03588,0
0.03312,0
0.02652,0
0.02152,0
0.02328,0
0.02383,0
0.03315,0
0.00534,0
0.00655,0
0.03496,0
0.02761,0
0.03194,0
0.04076,0
0.04133,0
0.03864,0
0.03697,0
0.03713,0
0.00534,0
0.00813,0
0.00880,0
0.00743,0
0.01482,0
0.02421,0
0.02481,0
0.02316,0
0.02403,0
0.02529,0
0.02108,0
0.01501,0
0.01343,0
0.01048,0
0.01440,0
0.01257,0
0.01990,0
0.15617,0
0.16441,0
0.09419,0
0.06320,0
0.05183,0
0.04658,0
0.04397,0
0.04608,0
0.05235,0
0.01461,0
0.01250,0
0.04069,0
0.04451,0
0.02716,0
0.02406,0
0.02619,0
0.03050,0
0.03251,0
0.05479,0
0.00534,0
0.00655,0
0.00695,0
0.00586,0
0.01304,0
0.01386,0
0.01779,0
0.02122,0
0.02023,0
0.02270,0
0.00534,0
0.00655,0
0.00841,0
0.04517,0
0.05669,0
0.06590,0
0.06599,0
0.09221,0
0.09701,0
0.00534,0
0.03779,0
0.03705,0
0.04679,0
0.04874,0
0.04397,0
0.04803,0
0.00534,0
0.06315,0
0.04786,0
0.03968,0
0.03696,0
0.03045,0
0.03494,0
0.04078,0
0.04661,0
0.05639,0
0.00534,0
0.00655,0
0.00638,0
0.00549,0
0.01134,0
0.01300,0
0.01424,0
0.01646,0
0.01666,0
0.01991,0
0.01461,0
0.01806,0
0.06539,0
0.04209,0
0.03883,0
0.02950,0
0.03566,0
0.04234,0
0.04812,0
0.05726,0
0.03728,0
0.02542,0
0.01504,0
0.03182,0
0.03585,0
0.02459,0
0.01980,0
0.01840,0
0.02114,0
0.02900,0
0.00534,0
0.06367,0
0.04230,0
0.05400,0
0.06071,0
0.05033,0
0.05257,0
0.03728,0
0.03222,0
0.01834,0
0.02940,0
0.04302,0
0.05587,0
0.05012,0
0.04390,0
0.05226,0
0.01461,0
0.01806,0
0.01784,0
0.01383,0
0.01920,0
0.02120,0
0.02213,0
0.02407,0
0.02267,0
0.02740,0
0.00534,0
0.00655,0
0.00734,0
0.00638,0
0.01244,0
0.01256,0
0.01528,0
0.00534,0
0.06707,0
0.04929,0
0.05902,0
0.06225,0
0.05312,0
0.05503,0
0.00534,0
0.00655,0
0.00618,0
0.00674,0
0.01254,0
0.01264,0
0.01255,0
0.01461,0
0.01250,0
0.00973,0
0.00929,0
0.01451,0
0.01804,1
0.04291,1
0.03754,1
0.04196,1
0.05120,1
0.06173,1
0.10079,0
0.06627,0
0.07343,0
0.04543,0
0.04141,0
0.03331,0
0.03285,0
0.03284,0
0.03378,0
0.04013,0
0.00534,0
0.00655,0
0.00695,0
0.00705,0
0.01430,0
0.01440,0
0.01919,0
0.02000,0
0.01872,0
0.02560,0
0.06672,0
0.02497,0
0.03304,0
0.03967,0
0.04343,0
0.03528,0
0.03182,0
0.02844,0
0.02781,0
0.03531,0
0.03728,0
0.02818,0
0.01479,0
0.03002,0
0.03453,0
0.02513,0
0.01981,0
0.01807,0
0.02087,0
0.02549,0
0.05883,0
0.02309,0
0.03085,0
0.03991,0
0.04703,0
0.04165,0
0.03552,0
0.03266,0
0.03279,0
0.03091,0
0.04047,0
0.04624,0
0.03062,0
0.02688,0
0.02741,0
0.03175,0
0.00534,0
0.00655,0
0.00626,0
0.00681,0
0.01456,0
0.02097,0
0.03416,0
0.03627,0
0.03724,0
0.00534,0
0.00813,0
0.00840,0
0.00703,0
0.01385,0
0.02193,0
0.02532,0
0.02589,0
0.02608,0
0.02732,0
0.00534,0
0.00655,0
0.00655,0
0.00686,0
0.01262,0
0.01589,0
0.01709,0
0.01727,0
0.01773,0
0.02095,0
0.01461,0
0.01250,0
0.01065,0
0.00855,0
0.01496,0
0.02402,0
0.02748,0
0.02847,0
0.02882,0
0.02902,0
0.10169,0
0.04252,0
0.02627,0
0.02407,0
0.02640,0
0.02940,0
0.03719,0
0.00534,0
0.00655,0
0.00695,0
0.00586,0
0.01292,0
0.02248,0
0.02600,0
0.03012,0
0.03068,0
0.03081,0
0.11361,0
0.05206,0
0.03430,0
0.03060,0
0.03179,0
0.03511,0
0.04332,0
0.00534,0
0.01218,0
0.01270,0
0.01086,0
0.02060,0
0.02573,0
0.03515,0
0.04060,0
0.03411,0
0.04158,0
0.03453,0
0.03760,0
0.04608,0
0.03882,0
0.04048,0
0.03307,0
0.03065,0
0.02903,0
0.02965,0
0.03255,0
0.02108,0
0.05075,0
0.04694,0
0.05678,0
0.06231,0
0.05465,0
0.05684,0
0.03091,0
0.03588,0
0.03502,0
0.03469,0
0.03079,0
0.02528,0
0.02867,0
0.03024,0
0.03076,0
0.03498,0
0.01461,0
0.01806,0
0.01531,0
0.01168,0
0.01653,0
0.01298,0
0.01971,0
0.00534,0
0.00813,0
0.00840,0
0.00795,0
0.01359,0
0.01710,0
0.01881,0
0.01840,0
0.01833,0
0.02134,0
0.00534,0
0.00655,0
0.05544,0
0.05065,0
0.05646,0
0.05272,0
0.05100,0
0.05648,0
0.07516,0
0.00534,0
0.00655,0
0.03521,0
0.03752,0
0.04456,0
0.04380,0
0.04465,0
0.05345,0
0.07205,0
0.00534,0
0.01218,0
0.04494,0
0.04806,0
0.04260,0
0.03272,0
0.03670,0
0.04063,0
0.04617,0
0.06327,0
0.03728,0
0.02666,0
0.01506,0
0.02672,0
0.03151,0
0.02789,0
0.02531,0
0.02404,0
0.03035,0
0.03254,0
0.01461,0
0.01250,0
0.01099,0
0.00990,0
0.01327,0
0.01999,0
0.02253,0
0.02398,0
0.02297,0
0.02808,0
0.03091,0
0.03719,0
0.04084,0
0.03835,0
0.03464,0
0.03149,0
0.02668,0
0.02467,0
0.02543,0
0.02784,0
0.13770,0
0.06371,0
0.04828,0
0.03316,0
0.02914,0
0.03179,0
0.03255,0
0.03326,0
0.03821,0
0.05391,0
0.00534,0
0.00655,0
0.00626,0
0.00681,0
0.01277,0
0.01577,0
0.01558,0
0.02093,0
0.01914,0
0.02596,0
0.00534,0
0.01218,0
0.05372,0
0.05680,0
0.03766,0
0.03230,0
0.03415,0
0.03680,0
0.03777,0
0.04822,0
0.03728,0
0.02927,0
0.01782,0
0.02804,0
0.04663,0
0.04030,0
0.03774,0
0.03545,0
0.03675,0
0.03869,0
0.00534,0
0.00655,0
0.03957,0
0.04235,0
0.03884,0
0.03142,0
0.03552,0
0.03981,0
0.04466,0
0.05719,0
0.00534,0
0.00655,0
0.00626,0
0.00590,0
0.01201,0
0.01512,0
0.01528,0
0.12007,0
0.07899,0
0.06501,0
0.05674,0
0.05490,0
0.04430,0
0.04512,0
0.00534,0
0.01218,0
0.01172,0
0.03843,1
0.05475,1
0.06792,1
0.08338,1
0.00534,0
0.00813,0
0.00936,0
0.00791,0
0.03299,0
0.03691,0
0.04516,0
0.02894,0
0.03065,0
0.03629,0
0.03664,0
0.03568,0
0.02276,0
0.03144,0
0.03764,0
0.06718,0
0.06454,0
0.05828,0
0.06596,0
0.00534,0
0.03649,0
0.03462,0
0.04702,0
0.04982,0
0.04413,0
0.04811,0
0.10696,0
0.07386,0
0.04925,0
0.03714,0
0.03575,0
0.02925,0
0.03136,0
0.03091,0
0.03130,0
0.03689,0
0.09435,0
0.15966,0
0.13748,0
0.07443,0
0.05466,0
0.04803,0
0.04525,0
0.04474,0
0.04740,0
0.05767,0
0.01461,0
0.01393,0
0.01253,0
0.01109,0
0.01601,0
0.01338,0
0.01624,0
0.02108,0
0.01501,0
0.01204,0
0.01090,0
0.01787,0
0.02634,0
0.02517,0
0.02423,0
0.02690,0
0.10169,0
0.04153,0
0.02554,0
0.02282,0
0.02451,0
0.02950,0
0.03712,0
0.00534,0
0.00819,0
0.03878,0
0.05198,0
0.06574,0
0.07509,0
0.09383,0
0.00534,0
0.00655,0
0.00695,0
0.02084,0
0.03116,0
0.03165,0
0.03831,0
0.04356,0
0.03313,0
0.03657,0
0.00534,0
0.00655,0
0.00638,0
0.00549,0
0.01272,0
0.02306,0
0.02313,0
0.02155,0
0.02505,0
0.00534,0
0.03831,0
0.03662,0
0.04824,0
0.05644,0
0.05049,0
0.05365,0
0.02108,0
0.01501,0
0.01254,0
0.01108,0
0.01701,0
0.02919,0
0.04632,0
0.03558,0
0.03660,0
0.04208,0
0.00534,0
0.00655,0
0.00638,0
0.00549,0
0.01272,0
0.01986,0
0.02170,0
0.02295,0
0.02235,0
0.02551,0
0.02108,0
0.08533,0
0.06128,0
0.06577,0
0.06794,0
0.06053,0
0.06208,0
0.00534,0
0.00655,0
0.00841,0
0.00690,0
0.01427,0
0.02462,0
0.02577,0
0.02476,0
0.03198,0
0.04238,0
0.00534,0
0.00655,0
0.04378,0
0.02760,0
0.02975,0
0.03277,0
0.03002,0
0.03341,0
0.03189,0
0.03798,0
0.01461,0
0.01806,0
0.01491,0
0.01142,0
0.02449,0
0.02264,0
0.03154,0
0.03991,0
0.03577,0
0.03825,0
0.00534,0
0.00819,0
0.00916,0
0.00763,0
0.02243,0
0.02160,0
0.03033,0
0.03113,0
0.04422,0
0.06146,0
0.03453,0
0.04392,0
0.04229,0
0.02685,0
0.02105,0
0.02182,0
0.02537,0
0.10169,0
0.04153,0
0.02554,0
0.02282,0
0.02451,0
0.02651,0
0.03566,0
0.03728,0
0.06640,0
0.04913,0
0.04919,0
0.05995,0
0.07124,0
0.06321,0
0.05556,0
0.06287,0
0.00534,0
0.00655,0
0.00618,0
0.00583,0
0.00879,0
0.01414,0
0.01809,0
0.02398,0
0.02298,0
0.02585,0
0.08057,0
0.05830,0
0.03457,0
0.03403,0
0.02959,0
0.03020,0
0.03136,0
0.03121,0
0.03199,0
0.03754,0
0.08057,0
0.05830,0
0.03457,0
0.03403,0
0.02959,0
0.02625,0
0.02683,0
0.02795,0
0.02934,0
0.03542,0
0.03091,0
0.05254,0
0.04744,0
0.03772,0
0.03057,0
0.02425,0
0.02553,0
0.02387,0
0.02419,0
0.02738,0
0.01461,0
0.01806,0
0.01784,0
0.01383,0
0.01756,0
0.02780,0
0.02796,0
0.02845,0
0.03212,0
0.03334,0
0.01461,0
0.01393,0
0.01253,0
0.01109,0
0.02991,0
0.03876,0
0.04747,0
0.03006,0
0.02759,0
0.03351,0
0.01461,0
0.06516,1
0.06460,1
0.12043,1
0.09298,1
0.07736,1
0.07823,1
0.12543,1
0.11875,1
0.11799,1
0.00534,0
0.00655,0
0.00626,0
0.00681,0
0.02445,0
0.02454,0
0.03277,0
0.03444,0
0.04894,0
0.05529,0
0.03091,1
0.04047,1
0.02930,1
0.02677,1
0.02571,1
0.03737,1
0.04597,1
0.05161,1
0.04817,1
0.00534,0
0.01218,0
0.01172,0
0.00884,0
0.01448,0
0.01602,0
0.01791,0
0.02073,0
0.01985,0
0.02504,0
0.03728,0
0.02666,0
0.01440,0
0.02142,0
0.03622,0
0.02955,0
0.02997,0
0.08057,0
0.05680,1
0.11202,1
0.10793,1
0.09067,1
0.06998,1
0.06537,1
0.06226,1
0.06160,1
0.06419,1
0.06937,1
0.01461,0
0.01250,0
0.04231,0
0.04175,0
0.03448,0
0.04814,0
0.04607,0
0.04531,0
0.04751,0
0.06630,0
0.00534,0
0.00813,0
0.00827,0
0.00831,0
0.02738,0
0.03784,0
0.03495,0
0.03308,0
0.03558,0
0.04625,0
0.00534,0
0.06315,0
0.04887,0
0.04063,0
0.03888,0
0.03011,0
0.03470,0
0.03855,0
0.04534,0
0.05450,0
0.01461,0
0.01806,0
0.05731,0
0.06446,0
0.04250,0
0.03666,0
0.03725,0
0.03988,0
0.04102,0
0.05898,0
0.00534,0
0.00655,0
0.00626,0
0.00590,0
0.02580,0
0.03650,0
0.03432,0
0.03214,0
0.03470,0
0.04540,0
0.05793,1
0.07251,1
0.07540,1
0.08483,1
0.08150,1
0.08193,1
0.08909,1
0.08373,1
0.07894,1
0.07664,1
0.05475,0
0.05410,0
0.02977,0
0.03347,0
0.02788,0
0.02804,0
0.02858,0
0.02904,0
0.03244,0
0.03766,0
0.15576,0
0.14567,0
0.11971,0
0.06457,0
0.04601,0
0.03988,0
0.03644,0
0.03527,0
0.03853,0
0.04922,0
0.03510,0
0.02760,0
0.01643,0
0.02365,0
0.03821,0
0.05302,0
0.04675,0
0.04137,0
0.05044,0
0.00534,0
0.00655,0
0.00741,0
0.00643,0
0.01230,0
0.02053,0
0.02063,0
0.02134,0
0.02359,0
0.02639,0
0.05664,0
0.02210,0
0.03039,0
0.04109,0
0.04008,0
0.03249,0
0.02867,0
0.02749,0
0.02785,0
0.03634,0
0.03091,0
0.03452,0
0.04499,0
0.03905,0
0.03504,0
0.02809,0
0.02965,0
0.03090,0
0.03157,0
0.03356,0
0.00534,0
0.01218,0
0.01172,0
0.00884,0
0.01428,0
0.01152,0
0.01819,0
0.08057,0
0.09882,0
0.13463,0
0.11551,0
0.09431,0
0.07326,0
0.07321,0
0.07503,0
0.07813,0
0.08358,0
0.15001,0
0.13561,0
0.13514,0
0.15525,0
0.10048,0
0.07407,0
0.06257,0
0.06020,0
0.06291,0
0.06731,0
0.00534,0
0.07556,0
0.04916,0
0.05538,0
0.06055,0
0.05238,0
0.05401,0
0.00534,0
0.07134,0
0.10121,0
0.12742,0
0.10314,0
0.08343,0
0.07854,0
0.07614,0
0.07760,0
0.08399,0
0.03453,0
0.04358,0
0.05472,0
0.06554,0
0.05042,0
0.03564,0
0.03181,0
0.02993,0
0.03137,0
0.03453,0
0.05648,0
0.04933,0
0.03566,0
0.02933,0
0.02359,0
0.02166,0
0.02095,0
0.02187,0
0.02546,0
0.00534,0
0.01218,0
0.01172,0
0.00985,0
0.01669,0
0.02239,0
0.03338,0
0.02821,0
0.02777,0
0.02823,0
0.01461,0
0.01250,0
0.03859,0
0.02987,0
0.03401,0
0.04060,0
0.03933,0
0.03812,0
0.03863,0
0.05364,0
0.02356,0
0.03406,0
0.03290,0
0.02971,0
0.02633,0
0.02813,0
0.00534,0
0.00655,0
0.00618,0
0.00674,0
0.01255,0
0.02219,0
0.02309,0
0.02402,0
0.02365,0
0.02548,0
0.02108,0
0.01501,0
0.08816,0
0.07254,0
0.05385,0
0.05440,0
0.04939,0
0.04922,0
0.05059,0
0.08846,0
0.12943,0
0.11031,0
0.10456,0
0.10149,0
0.10467,0
0.10738,0
0.10036,0
0.11053,0
0.12193,0
0.11875,0
0.00534,0
0.01218,0
0.01172,0
0.00884,0
0.01433,0
0.02240,1
0.02192,1
0.03727,1
0.05351,1
0.08810,1
0.11675,1
0.13011,1
0.13251,1
0.03091,0
0.05254,0
0.04428,0
0.03404,0
0.03176,0
0.02672,0
0.02753,0
0.02582,0
0.02654,0
0.02941,0
0.00534,0
0.00655,0
0.00655,0
0.00594,0
0.01196,0
0.00855,0
0.01160,0
0.01461,0
0.01250,0
0.00985,0
0.00936,0
0.01470,0
0.01084,0
0.01661,0
0.05364,0
0.02196,0
0.03346,0
0.03142,0
0.03188,0
0.02569,0
0.02163,0
0.02067,0
0.02154,0
0.03047,0
0.04983,1
0.07036,1
0.07184,1
0.05746,1
0.05489,1
0.04225,1
0.04391,1
0.00534,0
0.01218,0
0.01144,0
0.00996,0
0.01754,0
0.02382,0
0.03095,0
0.02800,0
0.02990,0
0.03196,0
0.00534,0
0.01825,1
0.08126,1
0.08476,1
0.08353,1
0.08650,1
0.09430,1
0.10444,1
0.09563,1
0.00534,0
0.01218,0
0.01271,0
0.01011,0
0.01494,0
0.01623,0
0.01996,0
0.00534,0
0.01218,0
0.01160,0
0.01017,0
0.01571,0
0.04995,1
0.05780,1
0.07128,1
0.07178,1
0.08522,1
0.10169,0
0.06644,0
0.03754,0
0.02956,0
0.02983,0
0.03165,0
0.03844,0
0.00534,0
0.00813,0
0.01025,0
0.00848,0
0.01406,0
0.01523,0
0.01538,0
0.01461,0
0.01806,0
0.01630,0
0.01270,0
0.01846,0
0.02615,0
0.02835,0
0.02735,0
0.02751,0
0.02783,0
0.00534,0
0.00655,0
0.03957,0
0.04235,0
0.03836,0
0.03601,0
0.04004,0
0.04485,0
0.05029,0
0.06309,0
0.04983,0
0.03538,0
0.01920,0
0.02449,0
0.03679,0
0.03106,0
0.03190,0
0.00534,0
0.01218,0
0.08026,0
0.06913,0
0.05898,0
0.05936,0
0.05813,0
0.05666,0
0.06212,0
0.00534,0
0.00655,0
0.00695,0
0.00586,0
0.01167,0
0.02073,0
0.03970,0
0.06860,0
0.09888,0
0.11534,0
0.03728,0
0.02666,0
0.01506,0
0.02672,0
0.03477,0
0.03212,0
0.02953,0
0.02687,0
0.03034,0
0.03207,0
0.00534,0
0.00655,0
0.00841,0
0.00690,0
0.03297,0
0.04728,0
0.04806,0
0.04550,0
0.04452,0
0.05925,0
0.03510,0
0.02996,0
0.01778,0
0.02445,0
0.02818,0
0.05876,0
0.06287,0
0.05732,0
0.05368,0
0.05158,0
0.00534,0
0.01218,0
0.01424,0
0.03519,0
0.02554,0
0.02631,0
0.02995,0
0.03714,0
0.03434,0
0.04659,0
0.00534,0
0.00655,0
0.00626,0
0.04970,0
0.04278,0
0.03287,0
0.03552,0
0.03880,0
0.04589,0
0.06808,0
0.01461,0
0.01250,0
0.01099,0
0.00990,0
0.01635,0
0.02271,0
0.02448,0
0.02547,0
0.02710,0
0.02806,0
0.00534,0
0.00655,0
0.00655,0
0.00594,0
0.01196,0
0.01453,0
0.01744,0
0.05574,0
0.02456,0
0.03632,0
0.03384,0
0.03095,0
0.02635,0
0.02054,0
0.02151,0
0.02255,0
0.02808,0
0.03728,0
0.02900,0
0.01669,0
0.02648,0
0.03979,0
0.06805,0
0.06420,0
0.05939,0
0.06614,0
0.00534,0
0.08168,0
0.05595,0
0.04376,0
0.03349,0
0.04183,0
0.05005,0
0.05496,0
0.06254,0
0.05574,0
0.02304,0
0.03385,0
0.03661,0
0.03375,0
0.02703,0
0.02177,0
0.02065,0
0.02101,0
0.02621,0
0.10079,0
0.06614,0
0.04693,0
0.03733,0
0.03800,0
0.03115,0
0.03002,0
0.02937,0
0.03053,0
0.03614,0
0.02108,0
0.01501,0
0.01344,0
0.01161,0
0.01746,0
0.02221,0
0.02287,0
0.02173,0
0.02145,0
0.02407,0
0.00534,0
0.01218,0
0.01270,0
0.03002,0
0.02368,0
0.02648,0
0.02651,0
0.03826,0
0.07061,0
0.09921,0
0.00534,0
0.00819,0
0.00905,0
0.00815,0
0.01465,0
0.02605,0
0.03643,0
0.03034,0
0.03240,0
0.03420,0
0.00534,0
0.00819,0
0.04079,0
0.04803,0
0.02996,0
0.02837,0
0.03115,0
0.03407,0
0.03944,0
0.05866,0
0.01461,0
0.01250,0
0.00999,0
0.00897,0
0.01458,0
0.01103,0
0.01380,0
0.00534,0
0.00655,0
0.00695,0
0.00705,0
0.01275,0
0.01533,0
0.01578,0
0.04983,0
0.03485,0
0.02014,0
0.02473,0
0.02556,0
0.02273,0
0.02535,0
0.00534,0
0.01218,0
0.04878,0
0.03900,0
0.06212,1
0.07268,1
0.07002,1
0.07964,1
0.08404,1
0.08669,1
0.00534,0
0.00655,0
0.00626,0
0.00681,0
0.01390,0
0.02085,0
0.02231,0
0.02346,0
0.02542,0
0.02783,0
0.00534,0
0.01218,0
0.01424,0
0.01121,0
0.01566,0
0.02020,0
0.01991,0
0.00534,0
0.01218,0
0.01144,0
0.00996,0
0.01376,0
0.02083,0
0.02260,0
0.02698,0
0.02591,0
0.03102,0
0.00534,0
0.00655,0
0.00638,0
0.00640,0
0.01454,0
0.03302,0
0.04156,0
0.07937,0
0.11001,0
0.12710,0
0.05664,0
0.02210,0
0.03273,0
0.02224,0
0.02261,0
0.02189,0
0.02527,0
0.01461,0
0.01806,0
0.05927,0
0.05135,0
0.04054,0
0.04262,0
0.04213,0
0.04320,0
0.05580,0
0.05595,0
0.02262,0
0.03214,0
0.04228,0
0.04125,0
0.03315,0
0.02645,0
0.02447,0
0.02485,0
0.03322,0
0.05664,0
0.11123,0
0.10646,0
0.08897,0
0.09335,0
0.10141,0
0.09234,0
0.08807,0
0.08961,0
0.08986,0
0.01461,0
0.01806,0
0.01630,0
0.01401,0
0.01776,0
0.01527,0
0.02306,0
0.03728,0
0.02900,0
0.01631,0
0.02615,0
0.03413,0
0.02867,0
0.02655,0
0.02430,0
0.02865,0
0.03199,0
0.01461,0
0.01250,0
0.01065,0
0.00973,0
0.01608,0
0.02161,0
0.02641,0
0.02482,0
0.02810,0
0.01461,0
0.01250,0
0.01012,0
0.00849,0
0.01400,0
0.01511,0
0.01488,0
0.01461,0
0.01403,0
0.01160,0
0.00983,0
0.01624,0
0.02177,0
0.02560,0
0.03022,0
0.03074,0
0.00534,0
0.00655,0
0.04339,1
0.05866,1
0.07240,1
0.10850,1
0.10517,1
0.09236,1
0.10166,1
0.11894,1
0.00534,0
0.01218,0
0.01271,0
0.01011,0
0.01494,0
0.01239,0
0.01974,0
0.00534,0
0.01218,0
0.01271,0
0.01139,0
0.01630,0
0.02625,0
0.02644,0
0.02700,0
0.02712,0
0.02876,0
0.10169,0
0.04753,0
0.03746,0
0.03140,0
0.03085,0
0.03427,0
0.04220,0
0.01461,0
0.01250,0
0.01065,0
0.00855,0
0.01357,0
0.02356,0
0.02441,0
0.02361,0
0.02932,0
0.04234,0
0.05793,0
0.02531,0
0.03417,0
0.04412,0
0.04765,0
0.03994,0
0.03701,0
0.03463,0
0.03508,0
0.01461,0
0.01806,0
0.01619,0
0.01318,0
0.02027,0
0.02737,0
0.02605,0
0.02514,0
0.02609,0
0.02692,0
0.00534,0
0.01218,0
0.01172,0
0.03452,0
0.02750,0
0.02892,0
0.03183,0
0.03811,0
0.03539,0
0.04337,0
0.00534,0
0.00655,0
0.00626,0
0.00590,0
0.01308,0
0.02302,0
0.03563,0
0.03786,0
0.03865,0
0.00534,0
0.01218,0
0.01172,0
0.00884,0
0.01653,0
0.02451,0
0.02396,0
0.02244,0
0.02406,0
0.02636,0
0.02108,0
0.01641,0
0.01520,0
0.01302,0
0.01715,0
0.01505,0
0.01794,0
0.00534,0
0.00655,0
0.00655,0
0.00686,0
0.01262,0
0.03802,1
0.04757,1
0.06157,1
0.07791,1
0.09923,1
0.13156,1
0.15923,1
0.18942,1
0.00534,0
0.01218,0
0.01160,0
0.00902,0
0.01478,0
0.02823,0
0.04308,0
0.03453,0
0.03350,0
0.03942,0
0.00534,0
0.05884,0
0.04159,0
0.04313,0
0.03289,0
0.02829,0
0.03283,0
0.03608,0
0.04221,0
0.05335,0
0.03728,0
0.02900,0
0.01669,0
0.02262,0
0.02403,0
0.02138,0
0.02399,0
0.00534,0
0.00655,0
0.00741,0
0.00734,0
0.01429,0
0.05623,1
0.07093,1
0.08912,1
0.09681,1
0.10079,1
0.00534,0
0.00655,0
0.00638,0
0.00640,0
0.01244,0
0.01757,0
0.02032,0
0.02269,0
0.02559,0
0.00534,0
0.00813,0
0.00815,0
0.00732,0
0.01488,0
0.02421,0
0.02488,0
0.02390,0
0.02477,0
0.02601,0
0.00534,0
0.06315,0
0.04786,0
0.03968,0
0.03581,0
0.02816,0
0.03292,0
0.03622,0
0.04300,0
0.05231,0
0.00534,0
0.00655,0
0.04378,0
0.02760,0
0.02975,0
0.03198,0
0.02887,0
0.03184,0
0.03064,0
0.04000,0
0.03453,0
0.04358,0
0.04323,0
0.03892,0
0.04002,0
0.03685,0
0.03248,0
0.03035,0
0.03024,0
0.03991,0
0.05574,0
0.02304,0
0.03062,0
0.04752,0
0.05123,0
0.04298,0
0.03814,0
0.03530,0
0.03535,0
0.03728,0
0.02927,0
0.01731,0
0.02274,0
0.03343,0
0.03148,0
0.03107,0
0.00534,0
0.00655,0
0.00618,0
0.00674,0
0.01380,0
0.02170,0
0.03583,0
0.03477,0
0.03622,0
0.04771,0
0.00534,0
0.01218,0
0.01144,0
0.00996,0
0.02037,0
0.01701,0
0.02451,0
0.00534,0
0.01218,0
0.01172,0
0.00985,0
0.01746,0
0.02754,0
0.03407,0
0.02905,0
0.02907,0
0.03008,0
0.02108,0
0.08533,0
0.06509,0
0.07129,0
0.07367,0
0.06420,0
0.06428,0
0.00534,0
0.00819,0
0.00905,0
0.00815,0
0.01465,0
0.02173,0
0.03254,0
0.03427,1
0.07798,1
0.09638,1
0.09703,1
0.00534,0
0.06315,0
0.04887,0
0.04063,0
0.03888,0
0.03011,0
0.03465,0
0.03791,0
0.04463,0
0.05377,0
0.04983,0
0.03538,0
0.01969,0
0.03472,0
0.03461,0
0.02576,0
0.02205,0
0.02069,0
0.02386,0
0.02865,0
0.03728,0
0.02565,0
0.01491,0
0.02701,0
0.03912,0
0.05268,0
0.04803,0
0.04226,0
0.05087,0
0.03664,0
0.06830,0
0.05167,0
0.05450,0
0.06016,0
0.05154,0
0.04681,0
0.04358,0
0.04702,0
0.04896,0
0.00534,0
0.00655,0
0.00655,0
0.00686,0
0.01262,0
0.02682,0
0.04403,0
0.03378,0
0.03445,0
0.03913,0
0.05364,0
0.02356,0
0.03596,0
0.03374,0
0.03452,0
0.03021,0
0.02527,0
0.02399,0
0.02538,0
0.03026,0
0.00534,0
0.00655,0
0.07695,0
0.06804,0
0.05269,0
0.05176,0
0.04934,0
0.04641,0
0.05089,0
0.06013,0
0.00534,0
0.06315,0
0.04786,0
0.04433,0
0.04471,0
0.03697,0
0.04035,0
0.04397,0
0.04995,0
0.05923,0
0.05475,0
0.05410,0
0.03467,0
0.03389,0
0.02855,0
0.02933,0
0.02964,0
0.03085,0
0.03335,0
0.03909,0
0.00534,0
0.00655,0
0.05549,0
0.04954,0
0.03865,0
0.04420,0
0.04429,0
0.04431,0
0.05293,0
0.10696,0
0.07598,0
0.04418,0
0.03593,0
0.03388,0
0.03712,0
0.03791,0
0.04099,0
0.04669,0
0.02108,0
0.01501,0
0.01256,0
0.01074,0
0.01784,0
0.02825,0
0.02838,0
0.02788,0
0.02812,0
0.02940,0
0.00534,0
0.01218,0
0.01172,0
0.00884,0
0.01945,0
0.02020,0
0.01903,0
0.02108,0
0.02254,0
0.02009,0
0.01560,0
0.02071,0
0.02927,0
0.03028,0
0.02984,0
0.03029,0
0.03123,0
0.08057,0
0.05830,0
0.03596,0
0.03435,0
0.02965,0
0.02617,0
0.02675,0
0.02722,0
0.02964,0
0.03491,0
0.00534,0
0.00655,0
0.00655,0
0.00686,0
0.01471,0
0.02280,0
0.02244,0
0.02264,0
0.02650,0
0.03010,0
0.01461,0
0.01250,0
0.00985,0
0.00936,0
0.03376,0
0.04529,0
0.04623,0
0.03454,0
0.03580,0
0.04102,0
0.05664,0
0.02210,0
0.03039,0
0.03740,0
0.06185,0
0.04361,0
0.03466,0
0.03183,0
0.03247,0
0.04124,0
0.00534,0
0.01218,0
0.01271,0
0.01011,0
0.01494,0
0.01141,0
0.01482,0
0.00534,0
0.00655,0
0.00638,0
0.00549,0
0.01134,0
0.01300,0
0.01656,0
0.01776,0
0.01762,0
0.02357,0
0.10079,0
0.05829,0
0.11037,0
0.13328,0
0.10980,0
0.08521,0
0.07615,0
0.06985,0
0.06624,0
0.06872,0
0.13770,0
0.06371,0
0.05275,0
0.03776,0
0.03568,0
0.03244,0
0.03165,0
0.03216,0
0.03638,0
0.04489,0
0.00534,0
0.00655,0
0.00618,0
0.00674,0
0.01254,0
0.01371,0
0.01774,0
0.00534,0
0.00655,0
0.00626,0
0.00681,0
0.01265,0
0.01270,0
0.01261,0
0.02108,0
0.01501,0
0.09125,0
0.07542,0
0.06595,0
0.06426,0
0.06084,0
0.06034,0
0.05954,0
0.09353,0
0.03728,0
0.02565,0
0.01418,0
0.02561,0
0.03855,0
0.05377,0
0.04863,0
0.04280,0
0.05192,0
0.01461,0
0.01403,0
0.01230,0
0.01007,0
0.01560,0
0.01144,0
0.01491,0
0.01461,0
0.01250,0
0.01065,0
0.03233,0
0.02698,0
0.03117,0
0.02913,0
0.03166,0
0.04386,0
0.06112,0
0.03728,1
0.02542,1
0.01504,1
0.02513,1
0.03346,1
0.03453,1
0.04658,1
0.04397,1
0.04549,1
0.04837,1
0.10169,0
0.04153,0
0.03146,0
0.02652,0
0.02683,0
0.02835,0
0.03607,0
0.00534,0
0.00655,0
0.00734,0
0.00638,0
0.02229,0
0.02022,0
0.02893,0
0.02987,0
0.04323,0
0.06099,0
0.10169,0
0.06644,0
0.03754,0
0.02956,0
0.02983,0
0.03165,0
0.03844,0
0.08057,0
0.06012,0
0.03395,0
0.03337,0
0.02991,0
0.02714,0
0.02752,0
0.02776,0
0.03038,0
0.03637,0
0.00534,0
0.00655,0
0.00695,0
0.00705,0
0.01489,0
0.03377,0
0.03350,0
0.03258,0
0.03536,0
0.03776,0
0.03510,0
0.03312,0
0.01977,0
0.02770,0
0.03018,0
0.02406,0
0.02109,0
0.02028,0
0.02437,0
0.02942,0
0.09435,0
0.15966,0
0.13199,0
0.07152,0
0.05246,0
0.04803,0
0.04417,0
0.04395,0
0.04680,0
0.05689,0
0.00534,0
0.01218,0
0.01424,0
0.01121,0
0.01568,0
0.02303,0
0.03158,0
0.02728,0
0.02864,0
0.02864,0
0.10169,0
0.04153,0
0.02554,0
0.02282,0
0.02451,0
0.02950,0
0.03810,0
0.00534,0
0.06278,0
0.04908,0
0.04312,0
0.03974,0
0.04657,0
0.05360,0
0.06020,0
0.06779,0
0.00534,0
0.00655,0
0.00638,0
0.00549,0
0.01272,0
0.02080,0
0.02424,0
0.02497,0
0.02983,0
0.04057,0
0.01461,0
0.01806,0
0.01520,0
0.01145,0
0.01649,0
0.02143,0
0.02362,0
0.02724,0
0.02828,0
0.00534,0
0.00819,0
0.01135,0
0.00884,0
0.01569,0
0.02051,0
0.02329,0
0.03224,0
0.04054,0
0.00534,0
0.00655,0
0.00695,0
0.02543,0
0.02614,0
0.02878,0
0.03769,0
0.04212,0
0.03324,0
0.03661,0
0.03091,0
0.04124,0
0.04306,0
0.04317,0
0.03858,0
0.03737,0
0.03706,0
0.03823,0
0.03822,0
0.04106,0
0.03091,0
0.03719,0
0.04084,0
0.03835,0
0.03464,0
0.03149,0
0.02668,0
0.02467,0
0.02565,0
0.02900,0
0.03728,0
0.02565,0
0.01491,0
0.02555,0
0.03226,0
0.04905,0
0.04594,0
0.04057,0
0.05000,0
0.00534,0
0.01218,0
0.01160,0
0.00902,0
0.01459,0
0.01701,0
0.01946,0
0.00534,0
0.00655,0
0.00734,0
0.00729,0
0.01432,0
0.02098,0
0.02434,0
0.02433,0
0.02716,0
0.02975,0
0.03453,0
0.04358,0
0.05277,0
0.05522,0
0.05120,0
0.04640,0
0.04264,0
0.04043,0
0.03977,0
0.04127,0
0.03091,0
0.03719,0
0.04164,0
0.05729,0
0.04572,0
0.03387,0
0.03118,0
0.02960,0
0.03161,0
0.05883,1
0.02466,1
0.04955,1
0.07657,1
0.08449,1
0.08009,1
0.07820,1
0.03453,1
0.04004,1
0.04361,1
0.09090,1
0.07575,1
0.08486,1
0.10560,1
0.10234,1
0.09435,1
0.09864,1
0.09889,1
0.10312,1
0.03091,0
0.04705,0
0.05867,0
0.05329,0
0.04768,0
0.04099,0
0.03722,0
0.03473,0
0.03502,0
0.03879,0
0.03091,0
0.04705,0
0.04411,0
0.04078,0
0.03563,0
0.05573,1
0.07016,1
0.06717,1
0.06461,1
0.06549,1
0.08519,1
0.09329,1
0.00534,0
0.01218,0
0.01160,0
0.00902,0
0.03243,0
0.04514,0
0.04969,0
0.05154,0
0.06424,0
0.06884,0
0.11984,0
0.08557,0
0.04993,0
0.04465,0
0.03795,0
0.03532,0
0.03444,0
0.03543,0
0.03905,0
0.04803,0
0.15364,0
0.12159,0
0.07378,0
0.06592,0
0.05654,0
0.05119,0
0.04829,0
0.04792,0
0.05042,0
0.05835,0
0.03728,0
0.02927,0
0.01782,0
0.02329,0
0.02295,0
0.02121,0
0.02404,0
0.00534,0
0.00655,0
0.00841,0
0.00690,0
0.01360,0
0.02225,0
0.03341,0
0.06994,0
0.09814,0
0.11558,0
0.01461,0
0.01806,0
0.01505,0
0.01154,0
0.03117,0
0.04030,0
0.03831,0
0.03729,0
0.03962,0
0.04680,0
0.00534,0
0.00655,0
0.00638,0
0.00549,0
0.01155,0
0.01989,0
0.02111,0
0.02078,0
0.02033,0
0.02351,0
0.11126,1
0.12004,1
0.09826,1
0.07427,1
0.09240,1
0.06637,1
0.06975,1
0.07151,1
0.07222,1
0.08212,1
0.02108,0
0.01501,0
0.01343,0
0.01048,0
0.03176,0
0.02889,0
0.03618,0
0.04581,0
0.05711,0
0.07342,0
0.01461,0
0.01250,0
0.01065,0
0.02842,0
0.03556,0
0.03604,0
0.04417,0
0.04711,0
0.03799,0
0.04070,0
0.00534,0
0.01218,0
0.01185,0
0.00910,0
0.01625,0
0.02286,0
0.02350,0
0.02451,0
0.02666,0
0.02706,0
0.00534,0
0.01218,0
0.01424,0
0.01234,0
0.01659,0
0.01772,0
0.01725,0
0.13770,0
0.06371,0
0.04828,0
0.03562,0
0.03010,0
0.02802,0
0.02912,0
0.03159,0
0.03614,0
0.04743,0
0.00534,0
0.01218,0
0.01271,0
0.01139,0
0.01517,1
0.07474,1
0.07705,1
0.08186,1
0.08827,1
0.10946,1
0.14888,1
0.13819,1
0.00534,0
0.01218,0
0.01160,0
0.01017,0
0.01520,0
0.01833,0
0.02094,0
0.00534,0
0.00819,0
0.00874,0
0.00842,0
0.02382,0
0.02197,0
0.03003,0
0.03159,0
0.04450,0
0.05086,0
0.10169,0
0.07149,0
0.04119,0
0.03252,0
0.03098,0
0.03406,0
0.04129,0
0.00534,0
0.00655,0
0.00626,0
0.00681,0
0.01277,0
0.01577,0
0.01693,0
0.01879,0
0.01868,0
0.02480,0
0.05364,0
0.02356,0
0.02659,0
0.03464,0
0.03274,0
0.02876,0
0.02505,0
0.02540,0
0.02672,0
0.03540,0
0.01461,0
0.01393,0
0.01245,0
0.01069,0
0.01588,0
0.02382,0
0.02339,0
0.02429,0
0.02675,0
0.00534,0
0.00655,0
0.00618,0
0.00583,0
0.01165,0
0.01740,0
0.02037,0
0.02309,0
0.02674,0
0.00534,0
0.01218,0
0.01160,0
0.04210,0
0.05743,0
0.06486,0
0.07099,0
0.08487,0
0.08506,0
0.10169,0
0.04252,0
0.02627,0
0.02407,0
0.02640,0
0.04088,0
0.04837,0
0.03453,0
0.05648,0
0.04933,0
0.03566,0
0.02989,0
0.02562,0
0.02719,0
0.02562,0
0.02633,0
0.02940,0
0.01461,0
0.01250,0
0.01213,0
0.01074,0
0.01680,0
0.03388,0
0.04935,0
0.03701,0
0.03759,0
0.04186,0
0.01461,0
0.06355,0
0.04276,0
0.04447,0
0.03442,0
0.03276,0
0.03675,0
0.04199,0
0.04725,0
0.05813,0
0.11984,0
0.08642,0
0.04913,0
0.04708,0
0.03690,0
0.03331,0
0.03207,0
0.03169,0
0.03520,0
0.04421,0
0.03091,0
0.04705,0
0.04757,0
0.03931,0
0.03778,0
0.03385,0
0.03036,0
0.02840,0
0.02913,0
0.03163,0
0.01461,0
0.01250,0
0.01012,0
0.00849,0
0.01372,0
0.01511,0
0.01832,0
0.01933,0
0.01900,0
0.02189,0
0.05475,0
0.05410,0
0.03317,0
0.03560,0
0.02767,0
0.02902,0
0.02962,0
0.03002,0
0.03241,0
0.03762,0
0.03091,0
0.11735,0
0.11404,0
0.11948,0
0.11622,0
0.13359,0
0.14629,0
0.13649,0
0.13417,0
0.13295,0
0.00534,0
0.05349,0
0.03741,0
0.04294,0
0.03317,0
0.03145,0
0.03590,0
0.03993,0
0.04528,0
0.06109,0
0.00534,0
0.00655,0
0.00638,0
0.00640,0
0.01232,0
0.01565,0
0.01573,0
0.00534,0
0.01218,0
0.01272,0
0.01072,0
0.02075,0
0.02135,0
0.02012,0
0.03728,0
0.02666,0
0.01440,0
0.02142,0
0.03156,0
0.02605,0
0.02688,0
0.03453,0
0.04392,0
0.04229,0
0.02685,0
0.02105,0
0.02182,0
0.02483,0
0.00534,0
0.00655,0
0.00638,0
0.00549,0
0.01167,0
0.00969,0
0.01321,0
0.01461,0
0.01393,0
0.01484,0
0.01262,0
0.01541,0
0.02147,0
0.02239,0
0.02314,0
0.02248,0
0.02527,0
0.00534,0
0.00813,0
0.00827,0
0.00739,0
0.01314,0
0.00939,0
0.01544,0
0.00534,0
0.00655,0
0.00638,0
0.00640,0
0.02088,0
0.02427,0
0.03432,0
0.04017,0
0.03264,0
0.03491,0
0.11240,1
0.10314,1
0.11673,1
0.10179,1
0.09880,1
0.08400,1
0.11685,1
0.11013,1
0.10300,1
0.10129,1
0.09795,1
0.09897,1
0.10484,1
0.06672,0
0.02786,0
0.03739,0
0.03582,0
0.03023,0
0.02669,0
0.02901,0
0.00534,0
0.00655,0
0.00618,0
0.00674,0
0.01254,0
0.01371,0
0.01378,0
0.00534,0
0.00655,0
0.00695,0
0.00705,0
0.01489,0
0.01881,0
0.02180,0
0.03113,0
0.04302,0
0.00534,0
0.00655,0
0.00841,0
0.02733,0
0.02510,0
0.03165,0
0.03105,0
0.03258,0
0.04390,0
0.05035,0
0.00534,0
0.01218,0
0.01172,0
0.00985,0
0.01489,0
0.01160,0
0.01725,0
0.05883,0
0.02466,0
0.03619,0
0.03782,0
0.03367,0
0.02814,0
0.02327,0
0.02197,0
0.02345,0
0.02837,0
0.00534,0
0.01218,0
0.05137,0
0.03351,0
0.02983,0
0.03253,0
0.03010,0
0.03114,0
0.03116,0
0.03962,0
0.03453,0
0.05648,0
0.04933,0
0.03730,0
0.03265,0
0.02714,0
0.02773,0
0.02590,0
0.02603,0
0.02893,0
0.00534,0
0.00655,0
0.00626,0
0.00590,0
0.01011,1
0.03502,1
0.04520,1
0.05193,1
0.04713,1
0.04805,1
0.08892,1
0.00534,0
0.00655,0
0.00841,0
0.03152,0
0.02178,0
0.02311,0
0.02734,0
0.03191,0
0.03299,0
0.04073,0
0.00534,0
0.01218,0
0.01172,0
0.00884,0
0.01591,0
0.02242,0
0.02329,0
0.02448,0
0.02543,0
0.02721,0
0.05883,0
0.02309,0
0.03172,0
0.04225,0
0.04084,0
0.03309,0
0.02969,0
0.02705,0
0.02703,0
0.03494,0
0.10696,0
0.07598,0
0.07261,0
0.06080,0
0.04909,0
0.04565,0
0.04413,0
0.04429,0
0.04937,0
0.00534,0
0.01218,0
0.01271,0
0.05452,0
0.06548,0
0.06982,0
0.07322,0
0.08471,0
0.09237,0
0.00534,0
0.00655,0
0.00741,0
0.00734,0
0.01755,0
0.01351,0
0.01661,0
0.03453,0
0.05017,0
0.04536,0
0.04100,0
0.03590,0
0.03896,0
0.03416,0
0.03165,0
0.03209,0
0.03427,0
0.06672,0
0.02497,0
0.03603,0
0.02456,0
0.02725,0
0.02827,0
0.03115,0
0.10696,0
0.07598,0
0.04418,0
0.03363,0
0.02480,0
0.02618,0
0.02753,0
0.03007,0
0.03708,0
0.00534,0
0.01218,0
0.01144,0
0.02296,0
0.02318,0
0.02559,0
0.02690,0
0.03958,0
0.05896,0
0.01461,0
0.01250,0
0.03723,1
0.04742,1
0.05255,1
0.04979,1
0.00534,0
0.01218,0
0.01144,0
0.00886,0
0.01618,0
0.02545,0
0.03737,0
0.03387,0
0.03623,0
0.00534,0
0.01218,0
0.01185,0
0.00910,0
0.02372,1
0.02846,1
0.03756,1
0.03947,1
0.05422,1
0.06119,1
0.00534,0
0.00655,0
0.00695,0
0.03323,0
0.02325,0
0.02550,0
0.02934,0
0.03697,0
0.03509,0
0.04115,0
0.00534,0
0.00655,0
0.00695,0
0.00705,0
0.01275,0
0.01533,0
0.01578,0
0.04983,0
0.03538,0
0.01969,0
0.03472,0
0.03292,0
0.02600,0
0.02181,0
0.02081,0
0.02392,0
0.02882,0
0.00534,0
0.01218,0
0.01172,0
0.00985,0
0.01489,0
0.01218,0
0.01453,0
0.00534,0
0.00655,0
0.00626,0
0.00590,0
0.01201,0
0.00936,0
0.01214,0
0.03728,0
0.02818,0
0.01519,0
0.02193,0
0.02398,0
0.02104,0
0.02372,0
0.03091,0
0.04047,0
0.04058,0
0.03154,0
0.02388,0
0.02399,0
0.02881,0
0.01461,0
0.01250,0
0.00999,0
0.00804,0
0.01382,0
0.01018,0
0.01589,0
0.00534,0
0.01218,0
0.01144,0
0.00886,0
0.01660,0
0.02587,0
0.02547,0
0.02448,0
0.02996,0
0.04071,0
0.00534,0
0.00655,0
0.00655,0
0.00594,0
0.00883,0
0.01586,0
0.01755,0
0.01839,0
0.01853,0
0.02171,0
0.04983,0
0.03538,0
0.01920,0
0.02449,0
0.02505,0
0.02855,0
0.03024,0
0.11984,0
0.08642,0
0.04913,0
0.04857,0
0.03662,0
0.03294,0
0.03155,0
0.03283,0
0.03676,0
0.04627,0
0.20592,0
0.16026,0
0.14953,0
0.15168,0
0.13715,0
0.12696,0
0.12006,0
0.12066,0
0.12714,0
0.14396,0
0.00534,0
0.00819,0
0.01135,0
0.00999,0
0.02833,0
0.03704,0
0.04105,0
0.05478,0
0.06300,0
0.00534,0
0.01218,0
0.01271,0
0.01011,0
0.02928,0
0.03729,0
0.04261,0
0.05596,0
0.06237,0
0.10169,0
0.04252,0
0.02748,0
0.02482,0
0.02580,0
0.02930,0
0.03806,0
0.03453,0
0.04392,0
0.03065,0
0.02213,0
0.01891,0
0.02105,0
0.02626,0
0.00534,0
0.00655,0
0.00695,0
0.06159,0
0.05398,0
0.04246,0
0.04473,0
0.04948,0
0.05328,0
0.09065,0
0.01461,0
0.01250,0
0.05928,0
0.05088,0
0.04184,0
0.04561,0
0.04551,0
0.04569,0
0.05239,0
0.09852,0
0.08050,0
0.05506,0
0.04183,0
0.04930,0
0.05735,0
0.05548,0
0.05336,0
0.05389,0
0.05771,0
0.10953,0
0.06332,0
0.06239,0
0.06234,0
0.06229,0
0.05239,0
0.04258,0
0.03888,0
0.03709,0
0.04454,0
0.15364,0
0.11287,0
0.07400,0
0.06390,0
0.05068,0
0.04536,0
0.04244,0
0.04095,0
0.04344,0
0.05230,0
0.05883,0
0.24680,0
0.17694,0
0.13085,0
0.12595,0
0.13517,0
0.12776,0
0.15003,0
0.14216,0
0.13487,0
0.11134,0
0.06419,0
0.04532,0
0.04168,0
0.03832,0
0.02892,0
0.03310,0
0.01461,0
0.01806,0
0.01505,0
0.01263,0
0.01705,0
0.01351,0
0.01593,0
0.31867,0
0.23958,0
0.18189,0
0.15251,0
0.13473,0
0.12969,0
0.12828,0
0.12591,0
0.13375,0
0.15117,0
0.05883,0
0.02466,0
0.03205,0
0.04032,0
0.04750,0
0.04144,0
0.03724,0
0.03462,0
0.03486,0
0.00534,0
0.00819,0
0.04104,0
0.05262,0
0.06240,0
0.06899,0
0.12776,0
0.00534,0
0.00819,0
0.01135,0
0.00999,0
0.01497,0
0.02645,0
0.03832,0
0.05255,0
0.05792,0
0.06013,0
0.01461,0
0.01250,0
0.01065,0
0.00973,0
0.01669,0
0.02551,0
0.02608,0
0.02564,0
0.02804,0
0.02894,0
0.14563,0
0.12684,0
0.12589,0
0.11515,0
0.11271,0
0.12556,0
0.11325,0
0.08621,0
0.08953,0
0.08931,0
0.12715,0
0.06149,0
0.05257,0
0.03639,0
0.03162,0
0.03153,0
0.03127,0
0.03208,0
0.03698,0
0.05268,0
0.00534,0
0.00655,0
0.03974,0
0.05158,0
0.06424,0
0.07256,0
0.12273,0
0.03453,0
0.05017,0
0.04690,0
0.05878,0
0.04808,0
0.03617,0
0.03312,0
0.03158,0
0.03237,0
0.03091,1
0.04047,1
0.02889,1
0.01975,1
0.01654,1
0.01744,1
0.02812,1
0.03738,1
0.03510,1
0.01461,0
0.08336,0
0.05671,0
0.04808,0
0.03710,0
0.04495,0
0.05073,0
0.05741,0
0.06582,0
0.00534,0
0.00819,0
0.01135,0
0.04404,0
0.03927,0
0.03133,0
0.03489,0
0.03838,0
0.03940,0
0.06043,0
0.20633,0
0.12227,0
0.08242,0
0.06681,0
0.05854,0
0.04541,0
0.04981,0
0.01461,0
0.01250,0
0.00985,0
0.00844,0
0.02451,0
0.02265,0
0.03108,0
0.03136,0
0.06452,0
0.10249,0
0.00534,0
0.05884,0
0.04159,0
0.04313,0
0.03161,0
0.02815,0
0.03292,0
0.03751,0
0.04429,0
0.06008,0
0.00534,0
0.00655,0
0.00695,0
0.02543,0
0.02614,0
0.02878,0
0.03769,0
0.04212,0
0.03095,0
0.03707,0
0.05763,0
0.02341,0
0.03416,0
0.02716,0
0.02658,0
0.02536,0
0.02715,0
0.03453,0
0.04392,0
0.04816,0
0.03191,0
0.02577,0
0.02598,0
0.02878,0
0.00534,0
0.00655,0
0.03729,0
0.03143,0
0.03512,0
0.03872,0
0.03670,0
0.03651,0
0.03724,0
0.00534,0
0.00655,0
0.00655,0
0.00594,0
0.01196,0
0.01524,0
0.01533,0
0.01461,0
0.01393,0
0.01326,0
0.01046,0
0.01595,0
0.01272,0
0.02116,0
0.03091,0
0.03719,0
0.05113,0
0.05060,0
0.04644,0
0.04009,0
0.03667,0
0.03438,0
0.03464,0
0.03646,0
0.00534,0
0.00655,0
0.06631,1
0.06992,1
0.07833,1
0.08966,1
0.14204,1
0.15059,1
0.13842,1
0.13176,1
0.10169,0
0.04473,0
0.02776,0
0.02455,0
0.02781,0
0.03165,0
0.03996,0
0.00534,0
0.01218,0
0.01424,0
0.03117,0
0.02835,0
0.03299,0
0.03264,0
0.04212,0
0.07072,0
0.10025,0
0.00534,0
0.00655,0
0.00655,0
0.00594,0
0.01196,0
0.00855,0
0.01461,0
0.02108,0
0.01641,0
0.01432,0
0.01120,0
0.01586,0
0.01960,0
0.01850,0
0.00534,0
0.00655,0
0.00695,0
0.00705,0
0.02530,0
0.02392,0
0.03035,0
0.04484,0
0.07800,0
0.11314,0
0.03510,0
0.02915,0
0.01642,0
0.03158,0
0.03184,0
0.02332,0
0.01822,0
0.01720,0
0.02109,0
0.02610,0
0.05883,0
0.02309,0
0.03365,0
0.03588,0
0.03312,0
0.02745,0
0.02227,0
0.02104,0
0.02170,0
0.03128,0
0.00534,0
0.00655,0
0.00695,0
0.00586,0
0.01292,0
0.02248,0
0.02600,0
0.02652,0
0.02684,0
0.02700,0
0.05730,1
0.06773,1
0.01461,0
0.01806,0
0.01520,0
0.01145,0
0.01649,0
0.02414,0
0.02441,0
0.02368,0
0.02310,0
0.02580,0
0.03091,0
0.05254,0
0.04744,0
0.03478,0
0.03456,1
0.07546,1
0.08525,1
0.08513,1
0.08268,1
0.08272,1
0.09169,1
0.02108,0
0.02254,0
0.01901,0
0.01430,0
0.02086,0
0.02987,0
0.02821,0
0.02639,0
0.03364,0
0.04406,0
0.00534,0
0.00655,0
0.00841,0
0.00690,0
0.01254,0
0.01063,0
0.01476,0
0.05664,0
0.02210,0
0.03262,0
0.03068,0
0.03138,0
0.02503,0
0.02130,0
0.02038,0
0.02089,0
0.03087,0
0.00534,0
0.00655,0
0.04945,0
0.05662,0
0.06858,0
0.07958,0
0.10271,0
0.05595,0
0.02262,0
0.03370,0
0.03141,0
0.03183,0
0.02592,0
0.02180,0
0.02084,0
0.02130,0
0.02660,0
0.05883,0
0.02466,0
0.03474,0
0.02716,0
0.02110,0
0.02501,0
0.02853,0
0.00534,0
0.01218,0
0.01185,0
0.00910,0
0.01670,0
0.02354,0
0.02276,0
0.02424,0
0.02746,0
0.00534,0
0.00655,0
0.00626,0
0.00681,0
0.02613,0
0.03396,0
0.03283,0
0.02997,0
0.03331,0
0.04106,0
0.00534,0
0.00819,0
0.00874,0
0.00842,0
0.01381,0
0.01479,0
0.01761,0
0.00534,0
0.00819,0
0.00905,0
0.00723,0
0.01386,0
0.02633,0
0.03548,0
0.02909,0
0.02918,0
0.03006,0
0.20633,0
0.11571,0
0.07804,0
0.06415,0
0.05821,0
0.04498,0
0.04543,0
0.00534,0
0.00655,0
0.00655,0
0.00594,0
0.01172,0
0.02974,0
0.03032,0
0.02954,0
0.02849,0
0.03109,0
0.02108,0
0.02254,0
0.02168,0
0.01664,0
0.01945,0
0.01646,0
0.01937,0
0.00534,0
0.00655,0
0.00638,0
0.03593,0
0.03207,0
0.02334,0
0.02783,0
0.03183,0
0.03318,0
0.05071,0
0.10079,0
0.12054,0
0.14460,0
0.15455,0
0.16761,0
0.15683,0
0.14945,0
0.14006,0
0.13765,0
0.13965,0
0.00534,0
0.00819,0
0.00916,0
0.06374,0
0.05156,0
0.04039,0
0.04366,0
0.04872,0
0.04990,0
0.08804,0
0.04983,0
0.03538,0
0.01920,0
0.02449,0
0.02277,0
0.02060,0
0.02397,0
0.00534,0
0.00813,0
0.00827,0
0.00831,0
0.01508,0
0.02194,0
0.02324,0
0.02435,0
0.03530,1
0.06334,1
0.10274,1
0.13332,1
0.15137,1
0.03091,0
0.03588,0
0.04346,0
0.03573,0
0.03287,0
0.02762,0
0.02880,0
0.02706,0
0.02755,0
0.02935,0
0.01461,0
0.01250,0
0.01012,0
0.00941,0
0.02818,0
0.03552,0
0.03873,0
0.05328,0
0.06197,0
0.00534,0
0.05349,0
0.03741,0
0.04842,0
0.03713,0
0.03509,0
0.03888,0
0.04382,0
0.04955,0
0.06518,0
0.00534,0
0.05349,0
0.03925,0
0.04158,0
0.03149,0
0.03023,0
0.03465,0
0.03867,0
0.04472,0
0.06016,0
0.10696,0
0.07386,0
0.05131,0
0.03976,0
0.03994,0
0.03190,0
0.03097,0
0.03016,0
0.03176,0
0.03656,0
0.00534,0
0.00819,0
0.03868,0
0.04143,0
0.03412,0
0.02887,0
0.03359,0
0.03838,0
0.04457,0
0.06624,0
0.03453,0
0.05017,0
0.04690,0
0.08105,0
0.06838,0
0.05590,0
0.05067,0
0.04726,0
0.04595,0
0.00534,0
0.00655,0
0.00638,0
0.00640,0
0.01454,0
0.02244,0
0.02280,0
0.02281,0
0.02597,0
0.02725,0
0.01461,0
0.01250,0
0.01099,0
0.03678,1
0.05322,1
0.06701,1
0.08286,1
0.00534,0
0.00655,0
0.00638,0
0.00640,0
0.01232,0
0.00894,0
0.01637,0
0.01461,0
0.01250,0
0.00973,0
0.00929,0
0.01178,0
0.01865,0
0.02115,0
0.02085,0
0.02070,0
0.02685,0
0.01461,0
0.01250,0
0.00985,0
0.00844,0
0.01520,0
0.02304,0
0.03928,0
0.06813,0
0.09564,0
0.10882,0
0.00534,0
0.01218,0
0.01144,0
0.00886,0
0.01449,0
0.01457,0
0.01690,0
0.05595,1
0.02262,1
0.03111,1
0.03907,1
0.03994,1
0.03422,1
0.03760,1
0.03781,1
0.04659,1
0.04956,1
0.06157,1
0.08057,0
0.11453,1
0.09409,1
0.08565,1
0.06769,1
0.06280,1
0.06190,1
0.05895,1
0.05881,1
0.06188,1
0.00534,0
0.01218,0
0.05301,0
0.05422,0
0.03478,0
0.03280,0
0.03385,0
0.03657,0
0.04038,0
0.05876,0
0.08057,0
0.05830,0
0.03596,0
0.04148,0
0.03495,0
0.03399,0
0.03344,0
0.03296,0
0.03395,0
0.03873,0
0.01461,0
0.01250,0
0.01065,0
0.00973,0
0.01669,0
0.02394,0
0.02383,0
0.02523,0
0.02839,0
0.02108,0
0.01501,0
0.01256,0
0.04057,0
0.03746,0
0.03117,0
0.03379,0
0.03858,0
0.04626,0
0.06622,0
0.13770,0
0.06163,0
0.05777,0
0.04237,0
0.03555,0
0.03456,0
0.03305,0
0.03411,0
0.03845,0
0.05448,0
0.00534,0
0.00819,0
0.00888,0
0.00757,0
0.01505,0
0.02113,0
0.02957,0
0.02719,0
0.02718,0
0.02908,0
0.01461,0
0.01806,0
0.01630,0
0.04000,0
0.02925,0
0.02913,0
0.03232,0
0.03866,0
0.03585,0
0.04550,0
0.00534,0
0.00655,0
0.03974,0
0.05158,0
0.06200,0
0.07056,0
0.09550,0
0.21196,0
0.09757,0
0.06437,0
0.05457,0
0.05184,0
0.03898,0
0.04112,0
0.00534,0
0.01218,0
0.05137,0
0.03351,0
0.03470,0
0.03658,0
0.03335,0
0.03599,0
0.03472,0
0.04376,0
0.05664,0
0.02210,0
0.03273,0
0.03439,0
0.02402,0
0.02548,0
0.02752,0
0.00534,0
0.00655,0
0.00638,0
0.00549,0
0.01272,0
0.02427,0
0.04837,0
0.05770,0
0.06771,0
0.07558,0
0.00534,0
0.00655,0
0.00841,0
0.00806,0
0.01490,0
0.01511,0
0.01976,0
0.02211,0
0.02177,0
0.02764,0
0.00534,0
0.00813,0
0.00854,0
0.00745,0
0.02706,0
0.03679,0
0.03512,0
0.06377,0
0.09041,0
0.10885,0
0.10696,0
0.07598,0
0.04418,0
0.04216,1
0.03755,1
0.03659,1
0.03653,1
0.03904,1
0.04513,1
0.02108,0
0.06732,0
0.08132,0
0.05149,0
0.04285,0
0.03438,0
0.03766,0
0.04167,0
0.04637,0
0.05540,0
0.00534,0
0.01218,0
0.01144,0
0.00886,0
0.01618,0
0.03063,0
0.03250,0
0.03313,0
0.03373,0
0.03481,0
0.03091,0
0.05254,0
0.04744,0
0.03772,0
0.03186,0
0.02553,0
0.02321,0
0.02353,0
0.02454,0
0.02773,0
0.00534,0
0.00655,0
0.00741,0
0.00734,0
0.01304,0
0.00945,0
0.01250,0
0.10696,0
0.07598,0
0.04418,0
0.03363,0
0.02480,0
0.02618,0
0.02626,0
0.02847,0
0.03577,0
0.03664,0
0.03013,0
0.01764,0
0.03202,0
0.03608,0
0.02642,0
0.03448,1
0.03595,1
0.06192,1
0.07715,1
0.08697,1
0.03728,0
0.02818,0
0.01479,0
0.03002,0
0.03085,0
0.02228,0
0.01905,0
0.01781,0
0.02146,0
0.02637,0
0.00534,1
0.00655,1
0.03713,1
0.05377,1
0.05341,1
0.04138,1
0.04413,1
0.05177,1
0.05810,1
0.05870,1
0.00534,0
0.00655,0
0.00841,0
0.00806,0
0.01340,0
0.01032,0
0.01704,0
0.01461,0
0.01403,0
0.01189,0
0.01047,0
0.01579,0
0.01185,0
0.01732,0
0.00534,0
0.00655,0
0.00841,0
0.00806,0
0.02787,0
0.02493,0
0.03275,0
0.04592,0
0.07824,0
0.11426,0
0.01461,0
0.01250,0
0.00999,0
0.00804,0
0.01331,0
0.02479,0
0.04398,0
0.03320,0
0.03221,0
0.03886,0
0.03728,0
0.02666,0
0.01440,0
0.02659,0
0.03958,0
0.05331,0
0.05348,0
0.04754,0
0.06081,0
0.00534,0
0.00655,0
0.05260,1
0.03186,1
0.03377,1
0.03726,1
0.06158,1
0.06223,1
0.06757,1
0.13368,1
0.02108,0
0.01501,0
0.01218,0
0.01007,0
0.01708,0
0.02566,0
0.02748,0
0.02665,0
0.02809,0
0.02960,0
0.10696,0
0.06851,0
0.05347,0
0.04234,0
0.04486,0
0.03394,0
0.03219,0
0.03084,0
0.03103,0
0.03590,0
0.11240,0
0.08936,0
0.06738,0
0.06653,0
0.06796,0
0.06170,0
0.05567,0
0.07504,0
0.07690,0
0.07753,0
0.01461,0
0.01250,0
0.04314,0
0.05206,0
0.06523,0
0.07474,0
0.09935,0
0.06672,0
0.02497,0
0.03304,0
0.03918,0
0.06420,0
0.04409,0
0.03487,0
0.03194,0
0.03221,0
0.04113,0
0.05595,1
0.02403,1
0.03481,1
0.03216,1
0.02661,1
0.10079,0
0.07101,0
0.04668,0
0.03560,0
0.03776,0
0.02824,0
0.02896,0
0.02860,0
0.03755,0
0.04254,0
0.00534,0
0.00813,0
0.00815,0
0.00732,0
0.02676,0
0.02277,0
0.02996,0
0.04041,0
0.05870,0
0.06810,0
0.00534,0
0.01218,0
0.01272,0
0.03960,0
0.03385,0
0.02685,0
0.03026,0
0.03499,0
0.03728,0
0.05973,0
0.18201,1
0.12375,1
0.12041,1
0.11966,1
0.12224,1
0.12318,1
0.12674,1
0.03728,0
0.03222,0
0.01891,0
0.02440,0
0.02360,0
0.02411,0
0.02651,0
0.10696,0
0.10354,0
0.07163,0
0.06015,0
0.05938,0
0.04896,0
0.04601,0
0.04436,0
0.04522,0
0.04884,0
0.02108,0
0.02254,0
0.01901,0
0.01430,0
0.01899,0
0.02053,0
0.02239,0
0.02467,0
0.02352,0
0.02859,0
0.00534,0
0.00655,0
0.00638,0
0.00640,0
0.01353,0
0.02153,0
0.03498,0
0.05145,0
0.06794,0
0.08234,0
0.03091,0
0.05254,0
0.04744,0
0.03478,0
0.02856,0
0.02291,0
0.02447,0
0.02295,0
0.02342,0
0.02673,0
0.02108,0
0.01769,0
0.01588,0
0.01199,0
0.03078,0
0.02619,0
0.03389,0
0.04268,0
0.05504,0
0.07115,0
0.05793,0
0.02531,0
0.03417,0
0.03604,0
0.05885,0
0.04110,0
0.03305,0
0.03180,0
0.03114,0
0.03999,0
0.04983,0
0.03485,0
0.01943,0
0.02696,0
0.03424,0
0.02815,0
0.02492,0
0.02332,0
0.02383,0
0.03201,0
0.01461,0
0.01250,0
0.01065,0
0.00973,0
0.01493,0
0.01254,0
0.01968,0
0.01461,0
0.01806,0
0.01520,0
0.03729,0
0.03519,0
0.02783,0
0.03095,0
0.03600,0
0.03815,0
0.06074,0
0.13940,0
0.08675,0
0.05125,0
0.07118,0
0.07514,0
0.06761,0
0.06183,0
0.05863,0
0.06003,0
0.06531,0
0.00534,0
0.01218,0
0.01185,0
0.03090,0
0.02458,0
0.02690,0
0.02596,0
0.03783,0
0.06792,0
0.08947,0
0.00534,0
0.01218,0
0.01172,0
0.04668,1
0.04922,1
0.08561,1
0.08870,1
0.11875,1
0.12120,1
0.00534,0
0.01218,0
0.01271,0
0.01139,0
0.01579,0
0.01241,0
0.01550,0
0.03728,0
0.02927,0
0.01782,0
0.02883,0
0.03368,0
0.03042,0
0.02863,0
0.02621,0
0.03027,0
0.03293,0
0.00534,0
0.00655,0
0.00695,0
0.00705,0
0.01401,0
0.02409,0
0.03907,1
0.04692,1
0.07652,1
0.09409,1
0.10026,1
0.00534,0
0.01218,0
0.01172,0
0.00985,0
0.01489,0
0.01134,0
0.01691,0
0.00534,0
0.01218,0
0.01271,0
0.01139,0
0.01437,0
0.02040,0
0.02309,0
0.02482,0
0.02365,0
0.02847,0
0.00534,0
0.01218,0
0.01144,0
0.00886,0
0.01446,0
0.02303,0
0.03532,0
0.03708,0
0.03736,0
0.00534,0
0.00655,0
0.00841,0
0.00690,0
0.01254,0
0.00937,0
0.01638,0
0.00534,0
0.06315,0
0.09055,1
0.07870,1
0.08211,1
0.08359,1
0.08618,1
0.08608,1
0.08057,0
0.05724,0
0.03907,0
0.03729,0
0.03170,0
0.03119,0
0.03392,0
0.03420,0
0.03493,0
0.03978,0
0.00534,0
0.00655,0
0.00638,0
0.00549,0
0.01134,0
0.01481,0
0.01642,0
0.01846,0
0.01787,0
0.02087,0
0.00534,0
0.06315,0
0.04786,0
0.03968,0
0.03664,0
0.03534,0
0.03920,0
0.04188,0
0.04871,0
0.05816,0
0.01461,0
0.01250,0
0.04850,0
0.04730,0
0.05391,0
0.05081,0
0.05011,0
0.06132,0
0.07897,0
0.00534,0
0.00813,0
0.00854,0
0.02774,0
0.03750,0
0.03545,0
0.04188,0
0.03970,0
0.03514,0
0.04206,0
0.01461,0
0.06355,0
0.04461,0
0.04722,0
0.03602,0
0.03070,0
0.03502,0
0.03868,0
0.04511,0
0.06080,0
0.03728,0
0.02542,0
0.01504,0
0.02286,0
0.02830,0
0.05943,0
0.06102,0
0.05575,0
0.05266,0
0.05282,0
0.04983,0
0.03485,0
0.01943,0
0.03022,0
0.04102,0
0.05488,0
0.05364,0
0.05164,0
0.06456,0
0.10696,0
0.06851,0
0.04969,0
0.04463,0
0.05178,0
0.03935,0
0.03960,0
0.03865,0
0.03934,0
0.04419,0
0.02108,0
0.02254,0
0.01866,0
0.01437,0
0.01852,0
0.01535,0
0.01769,0
0.02108,0
0.02254,0
0.02009,0
0.01560,0
0.02102,0
0.04090,0
0.03933,0
0.03612,0
0.03623,0
0.03683,0
0.01461,0
0.01250,0
0.00999,0
0.00897,0
0.01940,0
0.01477,0
0.01767,0
0.00534,0
0.00655,0
0.00695,0
0.00586,0
0.01187,0
0.00938,0
0.01636,0
0.02108,0
0.01501,0
0.01256,0
0.01074,0
0.01540,0
0.01320,0
0.01923,0
0.03728,0
0.02542,0
0.01444,0
0.03059,0
0.03459,0
0.02370,0
0.01779,0
0.01668,0
0.01997,0
0.02795,0
0.00534,0
0.00819,0
0.00916,0
0.00856,0
0.02362,0
0.02275,0
0.03155,0
0.04045,0
0.07258,0
0.10145,0
0.00534,0
0.00655,0
0.03974,0
0.05267,0
0.06394,0
0.07391,0
0.09214,0
0.01461,0
0.01250,0
0.01065,0
0.00855,0
0.01409,0
0.01839,0
0.01873,0
0.00534,0
0.00655,0
0.00638,0
0.00549,0
0.01167,0
0.00830,0
0.01142,0
0.00534,0
0.01218,0
0.01172,0
0.00884,0
0.01591,0
0.02528,0
0.02501,0
0.03303,0
0.04123,0
0.00534,0
0.01218,0
0.01272,0
0.03028,0
0.03230,0
0.03227,0
0.04764,0
0.04590,0
0.03292,0
0.03788,0
0.00534,0
0.00655,0
0.00638,0
0.00549,0
0.01167,0
0.00830,0
0.01142,0
0.00534,0
0.04221,1
0.03555,1
0.04639,1
0.05512,1
0.04887,1
0.07235,1
0.07343,1
0.11218,1
0.13333,1
0.00534,0
0.00655,0
0.00626,0
0.00681,0
0.01456,0
0.02002,0
0.02871,0
0.02414,0
0.02646,0
0.02898,0
0.11984,0
0.08642,0
0.04913,0
0.04857,0
0.03662,0
0.03294,0
0.03155,0
0.03216,0
0.03538,0
0.04304,0
0.02108,0
0.02254,0
0.07026,0
0.04323,0
0.04317,0
0.04375,0
0.03925,0
0.04165,0
0.03965,0
0.04895,0
0.00534,0
0.04791,1
0.08009,1
0.07965,1
0.08746,1
0.09421,1
0.11746,1
0.05664,0
0.02351,0
0.04298,1
0.04057,1
0.05027,1
0.04189,1
0.04194,1
0.05069,1
0.05590,1
0.00534,0
0.00655,0
0.00695,0
0.00586,0
0.01358,0
0.02326,0
0.02390,0
0.02227,0
0.02143,0
0.02436,0
0.00534,0
0.01218,0
0.01144,0
0.00996,0
0.01697,0
0.02450,0
0.02628,0
0.02761,0
0.03002,0
0.03060,0
0.00534,0
0.00655,0
0.00695,0
0.00586,0
0.01304,0
0.01568,0
0.01780,0
0.01869,0
0.01862,0
0.02379,0
0.00534,0
0.00655,0
0.00695,0
0.00586,0
0.01046,0
0.01510,0
0.01901,0
0.02132,0
0.01955,0
0.02643,0
0.00534,0
0.01218,0
0.01185,0
0.01013,0
0.01572,0
0.02911,0
0.04370,0
0.03496,0
0.03601,0
0.04085,0
0.03453,1
0.04004,1
0.06375,1
0.07537,1
0.08148,1
0.06719,1
0.06436,1
0.05902,1
0.08208,1
0.08140,1
0.03728,0
0.03222,0
0.01834,0
0.02940,0
0.03727,0
0.03192,0
0.02922,0
0.02740,0
0.03663,0
0.04935,0
0.00534,0
0.00655,0
0.00618,0
0.00583,0
0.01376,0
0.02222,0
0.02236,0
0.02093,0
0.02188,0
0.02284,0
0.03453,0
0.04392,0
0.03064,0
0.02299,0
0.02025,0
0.02256,0
0.02788,0
0.00534,0
0.00655,0
0.00655,0
0.00594,0
0.00883,0
0.01586,0
0.01899,0
0.01911,0
0.01919,0
0.02230,0
0.00534,0
0.00655,0
0.00638,0
0.00640,0
0.02556,0
0.03268,0
0.04192,0
0.02703,0
0.02775,0
0.03342,0
0.00534,0
0.01218,0
0.01272,0
0.01072,0
0.01746,0
0.02602,0
0.02557,0
0.02366,0
0.02685,0
0.01461,0
0.01250,0
0.00999,0
0.02850,0
0.03124,0
0.03182,0
0.04642,0
0.04293,0
0.03464,0
0.04006,0
0.03453,0
0.04392,0
0.03065,0
0.02914,0
0.02596,0
0.02648,0
0.03032,0
0.01461,0
0.01403,0
0.01174,0
0.01083,0
0.01795,0
0.02689,0
0.04334,0
0.05322,0
0.05727,0
0.05875,0
0.04983,0
0.03538,0
0.01920,0
0.02738,0
0.04001,0
0.06053,0
0.06753,0
0.06122,0
0.06021,0
0.05954,0
0.00534,0
0.01218,0
0.01172,0
0.00884,0
0.01147,0
0.02764,0
0.04202,0
0.03307,0
0.03228,0
0.03850,0
0.00534,0
0.00655,0
0.00638,0
0.00549,0
0.02484,0
0.03356,0
0.03988,0
0.04049,0
0.04349,0
0.05084,0
0.10079,0
0.07773,0
0.08060,0
0.04856,0
0.03946,0
0.03392,0
0.03351,0
0.03300,0
0.03409,0
0.03976,0
0.05664,0
0.02210,0
0.02339,0
0.02718,0
0.02999,0
0.02665,0
0.02398,0
0.02299,0
0.02384,0
0.02908,0
0.00534,0
0.01218,0
0.01144,0
0.00996,0
0.01754,0
0.02036,0
0.02225,0
0.02166,0
0.02541,0
0.11126,0
0.09936,0
0.09326,0
0.09139,0
0.09720,0
0.10230,0
0.12594,0
0.05595,0
0.02403,0
0.03481,0
0.02762,0
0.02133,0
0.02128,0
0.02534,0
0.10169,0
0.06179,0
0.03872,0
0.02999,0
0.02781,0
0.02912,0
0.03615,0
0.00534,0
0.00655,0
0.00638,0
0.00640,0
0.01454,0
0.02326,0
0.02403,0
0.02348,0
0.02407,0
0.02551,0
0.00534,0
0.00655,0
0.00638,0
0.03705,0
0.05080,0
0.06166,0
0.05664,0
0.07189,0
0.07472,0
0.03728,0
0.03222,0
0.01891,0
0.02580,0
0.04013,0
0.05436,0
0.05065,0
0.04501,0
0.05404,0
0.02108,0
0.01501,0
0.06577,0
0.05335,0
0.04310,0
0.04337,0
0.04002,0
0.04039,0
0.04456,0
0.06282,0
0.01461,0
0.01250,0
0.04096,0
0.03371,0
0.03531,0
0.02790,0
0.02920,0
0.01461,0
0.01250,0
0.00999,0
0.00897,0
0.01126,0
0.01849,0
0.02199,0
0.02301,0
0.02175,0
0.02660,0
0.02108,0
0.01641,0
0.01432,0
0.01120,0
0.01586,0
0.01854,0
0.01730,0
0.01461,0
0.01393,0
0.04289,0
0.03422,0
0.03540,0
0.03791,0
0.03901,0
0.03850,0
0.03936,0
0.03728,0
0.02666,0
0.01440,0
0.02142,0
0.02235,0
0.02646,0
0.02809,0
0.15001,0
0.12112,0
0.12413,0
0.15168,0
0.09583,0
0.07252,0
0.06134,0
0.05987,0
0.06261,0
0.06495,0
0.00534,0
0.00655,0
0.03591,1
0.03275,1
0.03823,1
0.03198,1
0.03593,1
0.03091,0
0.04705,0
0.04757,0
0.03931,0
0.03777,0
0.03881,0
0.03542,0
0.03470,0
0.03484,0
0.05023,0
0.10169,0
0.04153,0
0.03146,0
0.02652,0
0.02683,0
0.02993,0
0.03841,0
0.00534,0
0.00655,0
0.00695,0
0.02543,0
0.02614,0
0.02878,0
0.03769,0
0.04212,0
0.03324,0
0.03615,0
0.11984,0
0.08642,0
0.04913,0
0.07008,0
0.07422,0
0.06719,0
0.06227,0
0.06056,0
0.06219,0
0.06910,0
0.00534,0
0.01218,0
0.01272,0
0.01072,0
0.01562,0
0.01210,0
0.01476,0
0.00534,0
0.00655,0
0.00741,0
0.00643,0
0.01205,0
0.01332,0
0.01759,0
0.01833,0
0.01850,0
0.02408,0
0.01461,0
0.01806,0
0.01619,0
0.01318,0
0.01758,0
0.01364,0
0.01586,0
